#VRML V2.0 utf8
# 3D model generated by easyeda2kicad.py (https://github.com/uPesy/easyeda2kicad.py)

Shape{
    appearance Appearance {
        material  Material 	{
            diffuseColor 1.0 1.0 1.0
            specularColor 0.5019607843137255 0.5019607843137255 0.5019607843137255
            ambientIntensity 1.0
            transparency 0.0
            shininess 0.5
        }
    }
    geometry IndexedFaceSet {
        ccw TRUE
        solid FALSE
        coord DEF co Coordinate {
            point [
                -5.775 -4.38 6.0489, -3.4402 -4.38 6.0489, -3.4402 -4.38 9.432, 1.063 -4.38 9.8069, 1.1475 -4.38 9.8069, 1.1475 -4.38 9.8829, 0.7771 -4.38 9.5384, 0.7709 -4.38 9.5377, 0.8353 -4.38 9.5377, 1.357 -4.38 9.9634, 1.3297 -4.38 10.0364, 1.2318 -4.38 10.0364, -0.2697 -4.38 10.2601, -0.2286 -4.38 10.2325, 0.2146 -4.38 10.2325, -0.185 -4.38 10.2032, -0.1224 -4.38 10.1308, 0.0902 -4.38 9.8829, 0.2146 -4.38 9.8829, 0.0732 -4.38 9.9249, 0.0344 -4.38 9.9789, -0.0171 -4.38 10.0223, -0.0826 -4.38 10.0533, -0.0736 -4.38 10.0503, -0.4431 -4.38 10.3019, -0.3649 -4.38 10.2937, 0.2146 -4.38 10.6254, -0.5371 -4.38 10.2903, -3.4402 -4.38 10.6254, -0.6246 -4.38 10.2565, -0.6633 -4.38 10.2325, -3.4402 -4.38 10.2325, -0.6708 -4.38 10.2279, -1.062 -4.38 9.9984, -1.0162 -4.38 10.0571, -0.8729 -4.38 10.1389, -0.798 -4.38 10.1482, -0.7154 -4.38 10.1897, -0.7761 -4.38 10.147, -0.7543 -4.38 10.1444, -1.0035 -4.38 10.0691, -0.9432 -4.38 10.1116, -0.9666 -4.38 9.5835, -1.0257 -4.38 9.6339, -3.4402 -4.38 9.5377, -0.8981 -4.38 9.5501, -1.0689 -4.38 9.6955, -1.0961 -4.38 9.7661, -3.4402 -4.38 9.8829, -1.1054 -4.38 9.8408, -1.1049 -4.38 9.8587, -1.1006 -4.38 9.8829, -1.0922 -4.38 9.93, -0.7942 -4.38 9.4421, -0.8305 -4.38 9.4711, -0.8739 -4.38 9.5428, -0.8716 -4.38 9.5377, -0.8576 -4.38 9.5067, -0.7719 -4.38 9.432, -0.7511 -4.38 9.4225, -0.7065 -4.38 9.4142, 0.2146 -4.38 6.0489, -0.6936 -4.38 9.4138, 0.2146 -4.38 9.432, 0.2146 -4.38 9.5377, -0.5161 -4.38 9.5377, -0.5169 -4.38 9.5346, -0.5399 -4.38 9.4925, -0.5723 -4.38 9.4579, -0.6108 -4.38 9.4329, -0.6135 -4.38 9.432, -0.6536 -4.38 9.4181, -0.2735 -4.38 9.6497, -0.2605 -4.38 9.6548, -0.2382 -4.38 9.763, -0.5513 -4.38 9.7307, -0.297 -4.38 9.8635, -0.5804 -4.38 9.7579, -0.6198 -4.38 9.7805, -0.2852 -4.38 9.6414, 0.0351 -4.38 9.6244, -0.0164 -4.38 9.5808, -0.013 -4.38 9.8164, -0.0211 -4.38 9.8531, -0.0364 -4.38 9.8829, -0.9817 -4.38 9.8829, 0.0729 -4.38 9.6771, -0.2458 -4.38 9.6567, -0.2439 -4.38 9.6566, -0.2382 -4.38 9.6553, 0.0965 -4.38 9.867, 0.1053 -4.38 9.8047, 0.0967 -4.38 9.7372, -0.9829 -4.38 9.8114, -0.8475 -4.38 9.7157, -0.9858 -4.38 9.8446, -0.8152 -4.38 9.7505, -0.7756 -4.38 9.7763, -0.3046 -4.38 9.5979, -0.3041 -4.38 9.6054, -0.5038 -4.38 9.6225, -0.3003 -4.38 9.6198, -0.293 -4.38 9.6327, -0.9682 -4.38 9.7651, -0.9428 -4.38 9.7246, -0.8693 -4.38 9.6767, -0.9077 -4.38 9.6911, -0.872 -4.38 9.67, -0.2602 -4.38 9.5408, -0.2728 -4.38 9.5457, -0.2851 -4.38 9.5545, -0.2895 -4.38 9.5589, -0.2978 -4.38 9.5709, -0.3028 -4.38 9.5837, -0.5051 -4.38 9.5813, -0.5038 -4.38 9.6036, -0.7333 -4.38 9.791, -0.6936 -4.38 9.7952, -0.6651 -4.38 9.7931, -0.0499 -4.38 9.7035, -0.0293 -4.38 9.7333, -0.0166 -4.38 9.7672, -0.0123 -4.38 9.8028, -0.0743 -4.38 9.5524, -0.1376 -4.38 9.539, -0.2496 -4.38 9.539, -0.2344 -4.38 9.6548, -0.149 -4.38 9.6548, -0.1192 -4.38 9.66, -0.0852 -4.38 9.6746, -0.0564 -4.38 9.6966, -0.2169 -4.38 10.0656, -0.2599 -4.38 10.1166, -0.6955 -4.38 10.0059, -0.2638 -4.38 10.1201, -0.3171 -4.38 10.1572, -0.6664 -4.38 10.0661, -0.7149 -4.38 10.0161, -0.7576 -4.38 10.0302, -0.1253 -4.38 9.9466, -0.1604 -4.38 9.9508, -0.1755 -4.38 9.9508, -0.1875 -4.38 10.0045, -0.7961 -4.38 10.0343, -0.8184 -4.38 10.033, -0.9816 -4.38 9.8846, -0.9667 -4.38 9.9273, -0.0382 -4.38 9.8863, -0.0625 -4.38 9.9138, -0.0921 -4.38 9.9341, -0.6238 -4.38 10.1169, -0.3766 -4.38 10.18, -0.5732 -4.38 10.1538, -0.4412 -4.38 10.188, -0.5113 -4.38 10.179, -0.865 -4.38 10.0213, -0.9071 -4.38 9.9982, -0.9417 -4.38 9.9658, 1.395 -4.38 9.9634, 1.2318 -4.38 9.8829, 5.775 -4.38 9.8829, 5.775 -4.38 10.2325, 1.2934 -4.38 10.2303, 1.2318 -4.38 10.2325, 1.2565 -4.38 10.2303, 1.2318 -4.38 10.1653, 1.1929 -4.38 9.9634, 1.1549 -4.38 9.9634, 1.2186 -4.38 10.0364, 0.8724 -4.38 9.9938, 0.8724 -4.38 9.9634, 0.8976 -4.38 9.8829, 0.8663 -4.38 10.1996, 0.8976 -4.38 10.2325, 0.8663 -4.38 10.2303, 0.8353 -4.38 10.2325, 0.8353 -4.38 10.2303, 0.7633 -4.38 10.0836, 0.7633 -4.38 9.9938, 0.8353 -4.38 10.0836, 0.8353 -4.38 9.9938, 0.8587 -4.38 10.0836, 0.8587 -4.38 10.1141, 0.7633 -4.38 10.1996, 0.7633 -4.38 10.1141, 0.8353 -4.38 10.1996, 0.8353 -4.38 10.1141, 0.8353 -4.38 9.8829, 0.8353 -4.38 9.9634, 0.7134 -4.38 9.8829, 0.7288 -4.38 10.2303, 0.7134 -4.38 10.2325, 0.7288 -4.38 9.9634, 0.6754 -4.38 10.0074, 0.6754 -4.38 9.9744, 0.6395 -4.38 10.2325, 0.6491 -4.38 10.2317, 0.6754 -4.38 10.2239, 0.6754 -4.38 10.1878, 0.6065 -4.38 9.9896, 0.6177 -4.38 9.9899, 0.6481 -4.38 9.9953, 0.555 -4.38 9.9661, 0.53 -4.38 9.9783, 0.4875 -4.38 9.8829, 0.5098 -4.38 9.9953, 0.5058 -4.38 9.9998, 0.538 -4.38 10.1721, 0.5251 -4.38 10.1536, 0.5161 -4.38 10.1305, 0.6472 -4.38 10.1993, 0.6125 -4.38 10.2037, 0.6007 -4.38 10.2031, 0.5776 -4.38 10.1984, 0.5117 -4.38 10.0938, 0.5117 -4.38 10.0913, 0.5159 -4.38 10.0586, 0.5445 -4.38 10.0113, 0.5623 -4.38 9.9993, 0.5816 -4.38 9.9923, 0.6449 -4.38 9.9633, 0.6015 -4.38 9.9589, 0.5836 -4.38 9.9598, 0.5568 -4.38 10.1883, 0.5398 -4.38 10.1741, 0.5243 -4.38 10.0368, 0.5379 -4.38 10.0177, 0.6146 -4.38 10.2348, 0.7134 -4.38 10.6254, 0.6121 -4.38 10.2348, 0.4875 -4.38 10.6254, 0.593 -4.38 10.2325, 0.4875 -4.38 10.2325, 0.4939 -4.38 10.1687, 0.5141 -4.38 10.1955, 0.5206 -4.38 10.2017, 0.5466 -4.38 10.2197, 0.5747 -4.38 10.2304, 0.4904 -4.38 10.023, 0.4875 -4.38 10.0309, 0.4715 -4.38 9.8829, 0.4715 -4.38 10.2325, 0.4816 -4.38 10.1388, 0.4875 -4.38 10.1532, 0.48 -4.38 10.0516, 0.4756 -4.38 10.0918, 0.4759 -4.38 10.1036, 1.1475 -4.38 10.2325, 1.045 -4.38 10.2325, 1.045 -4.38 10.2237, 1.1391 -4.38 10.0813, 1.1322 -4.38 10.0503, 1.0712 -4.38 10.2144, 1.0998 -4.38 10.1949, 1.1093 -4.38 10.1856, 1.1258 -4.38 10.1623, 1.1357 -4.38 10.1368, 1.1401 -4.38 10.1002, 1.1187 -4.38 10.023, 1.0998 -4.38 10.0008, 1.0947 -4.38 9.9962, 1.0685 -4.38 9.979, 1.045 -4.38 9.9706, 1.045 -4.38 9.8829, 1.0372 -4.38 9.9678, 0.9962 -4.38 9.9634, 0.9228 -4.38 9.9634, 0.9228 -4.38 10.2303, 0.9989 -4.38 10.2303, 1.0389 -4.38 10.226, 0.5064 -4.38 9.6215, 0.5131 -4.38 9.6311, 0.5181 -4.38 9.6847, 0.5907 -4.38 9.5423, 0.5781 -4.38 9.5377, 0.6192 -4.38 9.54, 0.6025 -4.38 9.5501, 0.5271 -4.38 9.5426, 0.4875 -4.38 9.5377, 0.5399 -4.38 9.5378, 0.5405 -4.38 9.5377, 0.5051 -4.38 9.5645, 0.5011 -4.38 9.5758, 0.4994 -4.38 9.591, 0.618 -4.38 9.7288, 0.7034 -4.38 9.7019, 0.7096 -4.38 9.7109, 0.5235 -4.38 9.6399, 0.5379 -4.38 9.6472, 0.5394 -4.38 9.6984, 0.5627 -4.38 9.6532, 0.5919 -4.38 9.7066, 0.5806 -4.38 9.7078, 0.5603 -4.38 9.7057, 0.5158 -4.38 9.5505, 0.5121 -4.38 9.5543, 0.6192 -4.38 9.5694, 0.6183 -4.38 9.5694, 0.6131 -4.38 9.5615, 0.4995 -4.38 9.5955, 0.5017 -4.38 9.6098, 0.6291 -4.38 9.7224, 0.638 -4.38 9.7139, 0.6994 -4.38 9.6911, 0.6448 -4.38 9.7031, 0.6501 -4.38 9.6878, 0.604 -4.38 9.7331, 0.5837 -4.38 9.735, 0.5521 -4.38 9.7314, 0.5181 -4.38 9.7172, 0.5269 -4.38 9.7222, 0.7131 -4.38 9.6433, 0.6979 -4.38 9.5812, 0.7134 -4.38 9.6431, 0.711 -4.38 9.5731, 0.7134 -4.38 9.5722, 0.7076 -4.38 9.649, 0.7032 -4.38 9.656, 0.6526 -4.38 9.6626, 0.6995 -4.38 9.6662, 0.6981 -4.38 9.6791, 0.6192 -4.38 9.6611, 0.618 -4.38 9.6759, 0.6145 -4.38 9.6878, 0.6106 -4.38 9.6947, 0.6056 -4.38 9.7001, 0.5996 -4.38 9.7039, 0.5599 -4.38 9.5355, 0.4875 -4.38 9.432, 0.5771 -4.38 9.5374, 0.7134 -4.38 9.432, 0.6979 -4.38 9.5466, 0.6526 -4.38 9.54, 0.7134 -4.38 9.5413, 0.7134 -4.38 9.5377, 0.7218 -4.38 9.5383, 0.7276 -4.38 9.5377, 0.7496 -4.38 9.5355, 0.8353 -4.38 9.432, 0.8175 -4.38 9.7265, 0.8175 -4.38 9.694, 0.7195 -4.38 9.7198, 0.7294 -4.38 9.7257, 0.8251 -4.38 9.5784, 0.8209 -4.38 9.5678, 0.8147 -4.38 9.559, 0.7134 -4.38 9.7143, 0.7478 -4.38 9.7323, 0.7723 -4.38 9.735, 0.7908 -4.38 9.7337, 0.8155 -4.38 9.6233, 0.8217 -4.38 9.6141, 0.8253 -4.38 9.6043, 0.8266 -4.38 9.5918, 0.8052 -4.38 9.5506, 0.7953 -4.38 9.5448, 0.7691 -4.38 9.7078, 0.7592 -4.38 9.7071, 0.7326 -4.38 9.6821, 0.7502 -4.38 9.7047, 0.7427 -4.38 9.7007, 0.7329 -4.38 9.6777, 0.7342 -4.38 9.6725, 0.7366 -4.38 9.668, 0.7399 -4.38 9.6644, 0.7516 -4.38 9.657, 0.791 -4.38 9.7053, 0.7723 -4.38 9.648, 0.8099 -4.38 9.6984, 0.7853 -4.38 9.6428, 0.8075 -4.38 9.6304, 0.7377 -4.38 9.6962, 0.7348 -4.38 9.692, 0.7332 -4.38 9.6875, 0.7319 -4.38 9.5652, 0.7487 -4.38 9.6237, 0.7288 -4.38 9.6329, 0.7529 -4.38 9.5628, 0.7544 -4.38 9.5628, 0.7707 -4.38 9.6146, 0.7715 -4.38 9.5647, 0.7923 -4.38 9.5885, 0.792 -4.38 9.5927, 0.7801 -4.38 9.5678, 0.7832 -4.38 9.5697, 0.787 -4.38 9.5731, 0.7899 -4.38 9.5774, 0.7916 -4.38 9.5822, 0.7905 -4.38 9.5979, 0.7879 -4.38 9.6023, 0.7837 -4.38 9.6067, 0.9924 -4.38 9.7306, 1.027 -4.38 9.7306, 1.045 -4.38 9.5377, 0.9312 -4.38 9.5873, 0.9353 -4.38 9.5716, 0.9362 -4.38 9.5716, 0.8976 -4.38 9.6842, 0.9403 -4.38 9.587, 0.9377 -4.38 9.5782, 0.8976 -4.38 9.5944, 0.844 -4.38 9.7306, 0.8814 -4.38 9.7306, 0.9177 -4.38 9.5377, 0.9188 -4.38 9.5404, 0.8976 -4.38 9.4937, 0.8976 -4.38 9.4937, 0.8976 -4.38 9.5377, 0.9041 -4.38 9.5057, 0.8509 -4.38 9.4827, 0.8509 -4.38 9.4529, 0.8578 -4.38 9.4804, 0.8699 -4.38 9.4788, 0.8779 -4.38 9.4797, 0.8976 -4.38 9.4561, 0.886 -4.38 9.4517, 0.8976 -4.38 9.432, 0.8725 -4.38 9.4502, 0.8651 -4.38 9.4504, 0.8852 -4.38 9.4825, 0.8914 -4.38 9.4867, 0.9405 -4.38 9.5112, 0.9254 -4.38 9.4817, 1.045 -4.38 9.432, 0.951 -4.38 9.5377, 0.9131 -4.38 9.467, 0.9109 -4.38 9.4649, 0.8992 -4.38 9.4568, 1.2005 -4.38 9.8069, 1.2005 -4.38 9.7762, 1.2066 -4.38 9.5704, 1.2318 -4.38 9.5377, 1.2066 -4.38 9.54, 1.1475 -4.38 9.5377, 1.0975 -4.38 9.6602, 1.0975 -4.38 9.5704, 1.1475 -4.38 9.6602, 1.1475 -4.38 9.5704, 1.1929 -4.38 9.6602, 1.1929 -4.38 9.6907, 1.1475 -4.38 9.6907, 1.1475 -4.38 9.7762, 1.0975 -4.38 9.6907, 1.0975 -4.38 9.7762, 1.1475 -4.38 9.54, 1.063 -4.38 9.54, 1.4891 -4.38 9.54, 1.4733 -4.38 9.6579, 1.4665 -4.38 9.6269, 5.775 -4.38 9.5377, 1.6276 -4.38 9.8069, 1.6912 -4.38 9.54, 1.664 -4.38 9.613, 1.5528 -4.38 9.613, 1.5908 -4.38 9.8069, 1.3331 -4.38 9.8069, 1.3731 -4.38 9.8025, 1.453 -4.38 9.5995, 1.4341 -4.38 9.5774, 1.4289 -4.38 9.5728, 1.4743 -4.38 9.6768, 1.4699 -4.38 9.7134, 1.4341 -4.38 9.7715, 1.4436 -4.38 9.7622, 1.4601 -4.38 9.7389, 1.4054 -4.38 9.7909, 1.4027 -4.38 9.5556, 1.3715 -4.38 9.5444, 1.3304 -4.38 9.54, 1.5272 -4.38 9.54, 1.7293 -4.38 9.54, 1.257 -4.38 9.54, 1.257 -4.38 9.8069, 5.775 -4.38 9.432, 1.2318 -4.38 9.432, 1.1475 -4.38 9.432, 5.775 -4.38 10.6254, 1.2318 -4.38 10.6254, 1.1475 -4.38 10.6254, 1.045 -4.38 10.6254, 0.8976 -4.38 10.6254, 0.8353 -4.38 10.6254, 5.775 -4.38 6.0489, 1.2318 -4.38 6.0489, 1.1475 -4.38 6.0489, 1.045 -4.38 6.0489, 0.8976 -4.38 6.0489, 0.8353 -4.38 6.0489, 0.7134 -4.38 6.0489, 0.4875 -4.38 6.0489, 0.4715 -4.38 6.0489, 0.4715 -4.38 9.432, 0.4715 -4.38 9.5377, 0.4674 -4.38 9.5704, 0.4674 -4.38 9.54, 0.3239 -4.38 9.54, 0.4614 -4.38 9.7762, 0.3239 -4.38 9.8069, 0.4614 -4.38 9.8069, 0.3583 -4.38 9.6602, 0.3583 -4.38 9.5704, 0.4538 -4.38 9.6602, 0.4538 -4.38 9.6907, 0.3583 -4.38 9.6907, 0.3583 -4.38 9.7762, 0.3583 -4.38 10.2303, 0.3583 -4.38 9.9938, 0.4646 -4.38 9.9938, 0.3239 -4.38 9.9634, 0.3239 -4.38 10.2303, 0.4646 -4.38 9.9634, 0.4715 -4.38 10.6254, -5.775 -4.38 9.432, -5.775 -4.38 9.5377, -5.775 -4.38 9.8829, -5.775 -4.38 10.2325, -5.775 -4.38 10.6254, 5.775 -4.38 10.9489, 1.2318 -4.38 10.9489, 1.1475 -4.38 10.9489, 1.045 -4.38 10.9489, 0.8976 -4.38 10.9489, 0.8353 -4.38 10.9489, 0.7134 -4.38 10.9489, 0.4875 -4.38 10.9489, 0.4715 -4.38 10.9489, 0.2146 -4.38 10.9489, -3.4402 -4.38 10.9489, -5.775 -4.38 10.9489
            ]
        }
        coordIndex [
            0,1,2,-1,3,4,5,-1,6,7,8,-1,9,10,11,-1,12,13,14,-1,14,13,15,-1,14,15,16,-1,17,18,19,-1,19,18,14,-1,19,14,20,-1,20,14,21,-1,16,22,14,-1,14,22,23,-1,14,23,21,-1,24,25,26,-1,24,26,27,-1,27,26,28,-1,27,28,29,-1,29,28,30,-1,30,28,31,-1,30,31,32,-1,31,33,34,-1,31,35,32,-1,32,35,36,-1,32,36,37,-1,37,36,38,-1,37,38,39,-1,34,40,31,-1,31,40,41,-1,31,41,35,-1,42,43,44,-1,42,44,45,-1,43,46,44,-1,44,46,47,-1,44,47,48,-1,48,47,49,-1,49,50,48,-1,48,50,51,-1,48,51,31,-1,31,51,52,-1,31,52,33,-1,44,53,54,-1,55,45,56,-1,56,45,44,-1,56,44,57,-1,57,44,54,-1,53,44,58,-1,58,44,2,-1,58,2,59,-1,59,2,1,-1,59,1,60,-1,60,1,61,-1,60,61,62,-1,63,64,65,-1,65,66,63,-1,63,66,67,-1,63,67,68,-1,68,69,63,-1,63,69,70,-1,63,70,61,-1,61,70,71,-1,61,71,62,-1,72,73,74,-1,75,76,77,-1,77,76,78,-1,72,74,79,-1,80,81,64,-1,82,83,76,-1,76,83,84,-1,76,84,85,-1,80,64,86,-1,73,87,74,-1,74,87,88,-1,74,88,89,-1,17,90,18,-1,18,90,91,-1,18,91,64,-1,64,91,92,-1,64,92,86,-1,93,94,95,-1,95,94,96,-1,95,96,85,-1,85,96,97,-1,98,99,100,-1,100,99,101,-1,100,101,74,-1,74,101,102,-1,74,102,79,-1,93,103,94,-1,94,103,104,-1,94,104,105,-1,105,104,106,-1,105,106,107,-1,108,109,65,-1,65,109,110,-1,65,110,111,-1,111,112,65,-1,65,112,113,-1,65,113,114,-1,114,113,98,-1,114,98,115,-1,115,98,100,-1,97,116,85,-1,85,116,117,-1,85,117,76,-1,76,117,118,-1,76,118,78,-1,119,120,74,-1,74,120,121,-1,74,121,76,-1,76,121,122,-1,76,122,82,-1,81,123,64,-1,64,123,124,-1,64,124,65,-1,65,124,125,-1,65,125,108,-1,89,126,74,-1,74,126,127,-1,74,127,128,-1,128,129,74,-1,74,129,130,-1,74,130,119,-1,131,132,133,-1,132,134,133,-1,133,134,135,-1,133,135,136,-1,84,133,85,-1,85,133,137,-1,85,137,138,-1,139,140,84,-1,84,140,141,-1,84,141,133,-1,133,141,142,-1,133,142,131,-1,138,143,85,-1,85,143,144,-1,85,144,145,-1,145,144,146,-1,147,148,84,-1,84,148,149,-1,84,149,139,-1,136,135,150,-1,150,135,151,-1,150,151,152,-1,152,151,153,-1,152,153,154,-1,155,156,144,-1,144,156,157,-1,144,157,146,-1,158,9,159,-1,160,161,162,-1,162,161,163,-1,162,163,164,-1,164,163,165,-1,166,167,5,-1,9,11,159,-1,159,11,168,-1,159,168,166,-1,169,170,171,-1,172,173,174,-1,174,173,175,-1,174,175,176,-1,177,178,179,-1,179,178,180,-1,179,180,181,-1,181,180,169,-1,181,169,182,-1,183,184,185,-1,185,184,186,-1,185,186,172,-1,171,170,187,-1,187,170,188,-1,187,188,189,-1,176,175,190,-1,190,175,191,-1,190,191,192,-1,193,194,189,-1,195,196,191,-1,191,196,197,-1,191,197,198,-1,199,200,198,-1,188,192,189,-1,189,192,191,-1,189,191,193,-1,193,191,198,-1,193,198,201,-1,201,198,200,-1,202,203,204,-1,204,203,205,-1,204,205,206,-1,207,208,198,-1,198,208,209,-1,210,211,198,-1,198,211,212,-1,198,212,213,-1,209,214,198,-1,198,214,215,-1,198,215,216,-1,217,218,198,-1,198,218,219,-1,198,219,199,-1,194,220,189,-1,189,220,221,-1,189,221,204,-1,204,221,222,-1,204,222,202,-1,213,223,198,-1,198,223,224,-1,198,224,207,-1,216,225,198,-1,198,225,226,-1,198,226,217,-1,227,228,229,-1,229,228,230,-1,229,230,231,-1,232,233,234,-1,234,235,232,-1,232,235,236,-1,232,236,237,-1,206,238,204,-1,204,238,239,-1,204,239,240,-1,241,242,232,-1,232,242,243,-1,232,243,233,-1,239,244,240,-1,240,244,245,-1,240,245,241,-1,241,245,246,-1,241,246,242,-1,247,248,249,-1,250,251,5,-1,249,252,247,-1,247,252,253,-1,247,253,254,-1,254,255,247,-1,247,255,256,-1,247,256,257,-1,251,258,5,-1,5,258,259,-1,5,259,260,-1,165,163,167,-1,167,163,247,-1,167,247,5,-1,5,247,257,-1,5,257,250,-1,261,262,263,-1,263,262,264,-1,265,266,171,-1,171,266,173,-1,171,173,169,-1,169,173,172,-1,169,172,182,-1,182,172,186,-1,266,267,173,-1,173,267,268,-1,173,268,248,-1,248,268,269,-1,248,269,249,-1,270,271,272,-1,273,274,275,-1,273,275,276,-1,277,278,279,-1,279,278,280,-1,281,282,278,-1,278,282,283,-1,284,285,286,-1,271,287,272,-1,272,287,288,-1,272,288,289,-1,289,288,290,-1,291,292,290,-1,290,292,293,-1,290,293,289,-1,277,294,278,-1,278,294,295,-1,278,295,281,-1,296,297,275,-1,275,297,298,-1,275,298,276,-1,204,299,300,-1,284,301,285,-1,285,301,302,-1,285,302,303,-1,303,302,304,-1,303,304,305,-1,306,204,307,-1,307,204,308,-1,270,272,300,-1,300,272,309,-1,300,309,204,-1,204,309,310,-1,204,310,308,-1,311,312,313,-1,313,312,314,-1,313,314,315,-1,316,317,318,-1,318,317,319,-1,318,319,305,-1,305,319,320,-1,305,320,303,-1,321,322,290,-1,290,322,323,-1,290,323,324,-1,324,325,290,-1,290,325,326,-1,290,326,291,-1,327,328,329,-1,329,328,330,-1,329,330,274,-1,311,316,312,-1,312,316,318,-1,312,318,331,-1,331,318,332,-1,331,332,333,-1,333,332,334,-1,333,334,335,-1,335,334,336,-1,337,336,330,-1,330,336,334,-1,330,334,274,-1,274,334,332,-1,274,332,275,-1,337,330,7,-1,7,330,338,-1,7,338,8,-1,339,340,8,-1,341,342,189,-1,343,344,8,-1,8,344,345,-1,306,284,204,-1,204,284,286,-1,204,286,189,-1,189,286,346,-1,189,346,341,-1,342,347,189,-1,189,347,348,-1,189,348,187,-1,187,348,349,-1,187,349,339,-1,350,351,340,-1,340,351,352,-1,340,352,8,-1,8,352,353,-1,8,353,343,-1,345,354,8,-1,8,354,355,-1,8,355,6,-1,356,357,358,-1,358,357,359,-1,358,359,360,-1,358,361,356,-1,356,361,362,-1,356,362,363,-1,363,364,356,-1,356,364,365,-1,356,365,366,-1,366,365,367,-1,366,367,368,-1,368,367,369,-1,368,369,340,-1,340,369,370,-1,340,370,350,-1,371,372,360,-1,360,372,373,-1,360,373,358,-1,374,375,315,-1,315,375,376,-1,315,376,313,-1,374,377,375,-1,375,377,378,-1,375,378,379,-1,379,378,380,-1,379,381,382,-1,380,383,379,-1,379,383,384,-1,379,384,385,-1,385,386,379,-1,379,386,387,-1,379,387,381,-1,382,388,379,-1,379,388,389,-1,379,389,390,-1,391,392,263,-1,263,392,393,-1,394,395,396,-1,264,265,263,-1,263,265,171,-1,263,171,391,-1,391,171,397,-1,391,397,398,-1,398,397,394,-1,398,394,399,-1,399,394,396,-1,400,401,8,-1,339,8,187,-1,187,8,401,-1,187,401,171,-1,171,401,402,-1,171,402,397,-1,403,404,400,-1,405,406,407,-1,407,406,408,-1,407,408,403,-1,403,400,407,-1,407,400,8,-1,407,8,409,-1,409,8,338,-1,409,338,410,-1,409,411,407,-1,407,411,412,-1,407,412,413,-1,414,415,416,-1,416,415,417,-1,416,417,338,-1,338,417,418,-1,338,418,410,-1,413,419,407,-1,407,419,420,-1,407,420,405,-1,421,422,423,-1,421,423,424,-1,422,425,423,-1,423,425,426,-1,423,426,416,-1,416,426,427,-1,416,427,414,-1,166,5,159,-1,159,5,4,-1,159,4,428,-1,428,429,159,-1,159,429,430,-1,159,430,431,-1,431,430,432,-1,431,432,433,-1,434,435,436,-1,436,435,437,-1,436,437,438,-1,438,437,430,-1,438,430,439,-1,439,430,429,-1,439,429,440,-1,440,429,441,-1,440,441,442,-1,442,441,443,-1,432,444,433,-1,433,444,445,-1,433,445,393,-1,393,445,3,-1,393,3,263,-1,263,3,5,-1,263,5,261,-1,261,5,260,-1,446,447,448,-1,449,160,450,-1,451,452,453,-1,162,158,160,-1,160,158,159,-1,160,159,450,-1,450,159,454,-1,455,456,159,-1,448,457,446,-1,446,457,458,-1,446,458,459,-1,447,446,460,-1,460,446,454,-1,460,454,461,-1,462,463,454,-1,454,463,464,-1,454,464,461,-1,159,456,454,-1,454,456,465,-1,454,465,462,-1,459,466,446,-1,446,466,467,-1,446,467,468,-1,453,469,451,-1,451,469,449,-1,451,449,470,-1,470,449,450,-1,469,446,449,-1,449,446,468,-1,449,468,431,-1,431,468,471,-1,431,471,159,-1,159,471,472,-1,159,472,455,-1,473,449,474,-1,474,449,431,-1,474,431,475,-1,475,431,433,-1,475,433,423,-1,423,433,393,-1,423,393,424,-1,424,393,392,-1,161,476,163,-1,163,476,477,-1,163,477,247,-1,247,477,478,-1,247,478,248,-1,248,478,479,-1,248,479,173,-1,173,479,480,-1,173,480,175,-1,175,480,481,-1,175,481,191,-1,191,481,228,-1,191,228,195,-1,195,228,227,-1,482,473,483,-1,483,473,474,-1,483,474,484,-1,484,474,475,-1,484,475,485,-1,485,475,423,-1,485,423,486,-1,486,423,416,-1,486,416,487,-1,487,416,338,-1,487,338,488,-1,488,338,330,-1,488,330,489,-1,489,330,328,-1,489,328,490,-1,490,328,491,-1,490,491,61,-1,327,280,328,-1,328,280,278,-1,328,278,491,-1,491,278,492,-1,493,494,492,-1,492,494,495,-1,283,299,278,-1,278,299,204,-1,278,204,492,-1,492,204,240,-1,492,240,493,-1,493,240,496,-1,61,491,63,-1,63,491,492,-1,63,492,64,-1,64,492,495,-1,64,495,18,-1,18,495,497,-1,18,497,240,-1,240,497,498,-1,240,498,496,-1,499,500,501,-1,501,500,493,-1,501,493,502,-1,502,493,496,-1,502,496,503,-1,503,496,504,-1,505,506,507,-1,508,509,14,-1,14,509,505,-1,14,505,241,-1,241,505,507,-1,241,507,240,-1,240,507,510,-1,240,510,18,-1,18,510,508,-1,18,508,14,-1,237,231,232,-1,232,231,230,-1,232,230,241,-1,241,230,511,-1,241,511,14,-1,14,511,26,-1,14,26,12,-1,12,26,25,-1,0,2,512,-1,512,2,44,-1,512,44,513,-1,513,44,48,-1,513,48,514,-1,514,48,31,-1,514,31,515,-1,515,31,28,-1,515,28,516,-1,476,517,477,-1,477,517,518,-1,477,518,478,-1,478,518,519,-1,478,519,479,-1,479,519,520,-1,479,520,480,-1,480,520,521,-1,480,521,481,-1,481,521,522,-1,481,522,228,-1,228,522,523,-1,228,523,230,-1,230,523,524,-1,230,524,511,-1,511,524,525,-1,511,525,26,-1,26,525,526,-1,26,526,28,-1,28,526,527,-1,28,527,516,-1,516,527,528,-1,
        ]
    }
}
Shape{
    appearance Appearance {
        material  Material 	{
            diffuseColor 0.7529411764705882 0.7529411764705882 0.7529411764705882
            specularColor 0.3764705882352941 0.3764705882352941 0.3764705882352941
            ambientIntensity 0.7529
            transparency 0.0
            shininess 0.5
        }
    }
    geometry IndexedFaceSet {
        ccw TRUE
        solid FALSE
        coord DEF co Coordinate {
            point [
                -4.6662 1.6931 -1.1811, -4.6823 1.7673 -1.1811, -4.1175 1.625 -1.1811, -4.0677 1.8227 -1.1811, -4.6835 1.795 -1.1811, -4.6823 1.8227 -1.1811, -4.0665 1.795 -1.1811, -4.0677 1.7673 -1.1811, -4.0838 1.6931 -1.1811, -4.1669 2.0227 -1.1811, -4.1175 1.965 -1.1811, -4.0838 1.8969 -1.1811, -4.5212 1.5233 -1.1811, -4.5831 1.5673 -1.1811, -4.6325 1.625 -1.1811, -4.5212 2.0667 -1.1811, -4.4504 2.0941 -1.1811, -4.375 2.1035 -1.1811, -4.2288 1.5233 -1.1811, -4.2996 1.4959 -1.1811, -4.375 1.4865 -1.1811, -4.2288 2.0667 -1.1811, -4.6662 1.8969 -1.1811, -4.6325 1.965 -1.1811, -4.5831 2.0227 -1.1811, -4.2996 2.0941 -1.1811, -4.1669 1.5673 -1.1811, -4.4504 1.4959 -1.1811, -4.0665 1.795 1.4974, -4.0677 1.8227 1.4974, -4.078 1.8699 1.4974, -4.0838 1.8969 1.4974, -4.1053 1.9402 1.4974, -4.1175 1.965 1.4974, -4.1489 2.0017 1.4974, -4.1669 2.0227 1.4974, -4.2063 2.0507 1.4974, -4.2288 2.0667 1.4974, -4.2739 2.0842 1.4974, -4.2996 2.0941 1.4974, -4.3476 2.1001 1.4974, -4.375 2.1035 1.4974, -4.4024 2.1001 1.4974, -4.4504 2.0941 1.4974, -4.4761 2.0842 1.4974, -4.5212 2.0667 1.4974, -4.5437 2.0507 1.4974, -4.5831 2.0227 1.4974, -4.6011 2.0017 1.4974, -4.6325 1.965 1.4974, -4.6447 1.9402 1.4974, -4.6662 1.8969 1.4974, -4.672 1.8699 1.4974, -4.6823 1.8227 1.4974, -4.6835 1.795 1.4974, -2.5496 2.0941 -1.1811, -2.4788 2.0667 -1.1811, -2.8825 1.965 -1.1811, -2.9162 1.8969 -1.1811, -2.9323 1.7673 -1.1811, -2.3338 1.6931 -1.1811, -2.3675 1.625 -1.1811, -2.7712 2.0667 -1.1811, -2.7004 2.0941 -1.1811, -2.625 2.1035 -1.1811, -2.9323 1.8227 -1.1811, -2.4169 2.0227 -1.1811, -2.3675 1.965 -1.1811, -2.3338 1.8969 -1.1811, -2.3177 1.8227 -1.1811, -2.9335 1.795 -1.1811, -2.3165 1.795 -1.1811, -2.3177 1.7673 -1.1811, -2.4169 1.5673 -1.1811, -2.4788 1.5233 -1.1811, -2.5496 1.4959 -1.1811, -2.625 1.4865 -1.1811, -2.7004 1.4959 -1.1811, -2.7712 1.5233 -1.1811, -2.8331 2.0227 -1.1811, -2.8331 1.5673 -1.1811, -2.8825 1.625 -1.1811, -2.9162 1.6931 -1.1811, -2.3165 1.795 1.4974, -2.3177 1.8227 1.4974, -2.328 1.8699 1.4974, -2.3338 1.8969 1.4974, -2.3553 1.9402 1.4974, -2.3675 1.965 1.4974, -2.3989 2.0017 1.4974, -2.4169 2.0227 1.4974, -2.4563 2.0507 1.4974, -2.4788 2.0667 1.4974, -2.5239 2.0842 1.4974, -2.5496 2.0941 1.4974, -2.5976 2.1001 1.4974, -2.625 2.1035 1.4974, -2.6524 2.1001 1.4974, -2.7004 2.0941 1.4974, -2.7261 2.0842 1.4974, -2.7712 2.0667 1.4974, -2.7937 2.0507 1.4974, -2.8331 2.0227 1.4974, -2.8511 2.0017 1.4974, -2.8825 1.965 1.4974, -2.8947 1.9402 1.4974, -2.9162 1.8969 1.4974, -2.922 1.8699 1.4974, -2.9323 1.8227 1.4974, -2.9335 1.795 1.4974, -0.5677 1.8227 -1.1811, -1.1835 1.795 -1.1811, -1.1823 1.8227 -1.1811, -0.5665 1.795 -1.1811, -0.5677 1.7673 -1.1811, -1.1823 1.7673 -1.1811, -0.5838 1.6931 -1.1811, -0.7288 2.0667 -1.1811, -0.6669 2.0227 -1.1811, -0.6175 1.625 -1.1811, -0.6669 1.5673 -1.1811, -0.7288 1.5233 -1.1811, -1.1325 1.625 -1.1811, -0.875 1.4865 -1.1811, -1.0831 1.5673 -1.1811, -0.9504 1.4959 -1.1811, -1.0212 1.5233 -1.1811, -0.6175 1.965 -1.1811, -0.5838 1.8969 -1.1811, -0.7996 1.4959 -1.1811, -1.1662 1.6931 -1.1811, -1.0831 2.0227 -1.1811, -1.0212 2.0667 -1.1811, -1.1325 1.965 -1.1811, -1.1662 1.8969 -1.1811, -0.9504 2.0941 -1.1811, -0.875 2.1035 -1.1811, -0.7996 2.0941 -1.1811, -0.5665 1.795 1.4974, -0.5677 1.8227 1.4974, -0.578 1.8699 1.4974, -0.5838 1.8969 1.4974, -0.6053 1.9402 1.4974, -0.6175 1.965 1.4974, -0.6489 2.0017 1.4974, -0.6669 2.0227 1.4974, -0.7063 2.0507 1.4974, -0.7288 2.0667 1.4974, -0.7739 2.0842 1.4974, -0.7996 2.0941 1.4974, -0.8476 2.1001 1.4974, -0.875 2.1035 1.4974, -0.9024 2.1001 1.4974, -0.9504 2.0941 1.4974, -0.9761 2.0842 1.4974, -1.0212 2.0667 1.4974, -1.0437 2.0507 1.4974, -1.0831 2.0227 1.4974, -1.1011 2.0017 1.4974, -1.1325 1.965 1.4974, -1.1447 1.9402 1.4974, -1.1662 1.8969 1.4974, -1.172 1.8699 1.4974, -1.1823 1.8227 1.4974, -1.1835 1.795 1.4974, 1.1823 1.8227 -1.1811, 0.5677 1.8227 -1.1811, 0.5838 1.8969 -1.1811, 0.5665 1.795 -1.1811, 1.1835 1.795 -1.1811, 0.5677 1.7673 -1.1811, 1.1823 1.7673 -1.1811, 1.1662 1.6931 -1.1811, 0.6175 1.965 -1.1811, 0.6669 2.0227 -1.1811, 0.7288 2.0667 -1.1811, 0.7996 2.0941 -1.1811, 0.875 2.1035 -1.1811, 0.9504 2.0941 -1.1811, 1.1325 1.625 -1.1811, 1.0831 1.5673 -1.1811, 1.0212 1.5233 -1.1811, 0.6175 1.625 -1.1811, 0.875 1.4865 -1.1811, 0.6669 1.5673 -1.1811, 0.7996 1.4959 -1.1811, 0.7288 1.5233 -1.1811, 1.1325 1.965 -1.1811, 1.1662 1.8969 -1.1811, 1.0831 2.0227 -1.1811, 1.0212 2.0667 -1.1811, 0.9504 1.4959 -1.1811, 0.5838 1.6931 -1.1811, 1.1835 1.795 1.4974, 1.1823 1.8227 1.4974, 1.172 1.8699 1.4974, 1.1662 1.8969 1.4974, 1.1447 1.9402 1.4974, 1.1325 1.965 1.4974, 1.1011 2.0017 1.4974, 1.0831 2.0227 1.4974, 1.0437 2.0507 1.4974, 1.0212 2.0667 1.4974, 0.9761 2.0842 1.4974, 0.9504 2.0941 1.4974, 0.9024 2.1001 1.4974, 0.875 2.1035 1.4974, 0.8476 2.1001 1.4974, 0.7996 2.0941 1.4974, 0.7739 2.0842 1.4974, 0.7288 2.0667 1.4974, 0.7063 2.0507 1.4974, 0.6669 2.0227 1.4974, 0.6489 2.0017 1.4974, 0.6175 1.965 1.4974, 0.6053 1.9402 1.4974, 0.5838 1.8969 1.4974, 0.578 1.8699 1.4974, 0.5677 1.8227 1.4974, 0.5665 1.795 1.4974, 2.7004 2.0941 -1.1811, 2.7712 2.0667 -1.1811, 2.3675 1.965 -1.1811, 2.3338 1.8969 -1.1811, 2.3177 1.7673 -1.1811, 2.9162 1.6931 -1.1811, 2.8825 1.625 -1.1811, 2.4788 2.0667 -1.1811, 2.5496 2.0941 -1.1811, 2.625 2.1035 -1.1811, 2.3177 1.8227 -1.1811, 2.8331 2.0227 -1.1811, 2.8825 1.965 -1.1811, 2.9162 1.8969 -1.1811, 2.9323 1.8227 -1.1811, 2.3165 1.795 -1.1811, 2.9335 1.795 -1.1811, 2.9323 1.7673 -1.1811, 2.8331 1.5673 -1.1811, 2.7712 1.5233 -1.1811, 2.7004 1.4959 -1.1811, 2.625 1.4865 -1.1811, 2.5496 1.4959 -1.1811, 2.4788 1.5233 -1.1811, 2.4169 2.0227 -1.1811, 2.4169 1.5673 -1.1811, 2.3675 1.625 -1.1811, 2.3338 1.6931 -1.1811, 2.9335 1.795 1.4974, 2.9323 1.8227 1.4974, 2.922 1.8699 1.4974, 2.9162 1.8969 1.4974, 2.8947 1.9402 1.4974, 2.8825 1.965 1.4974, 2.8511 2.0017 1.4974, 2.8331 2.0227 1.4974, 2.7937 2.0507 1.4974, 2.7712 2.0667 1.4974, 2.7261 2.0842 1.4974, 2.7004 2.0941 1.4974, 2.6524 2.1001 1.4974, 2.625 2.1035 1.4974, 2.5976 2.1001 1.4974, 2.5496 2.0941 1.4974, 2.5239 2.0842 1.4974, 2.4788 2.0667 1.4974, 2.4563 2.0507 1.4974, 2.4169 2.0227 1.4974, 2.3989 2.0017 1.4974, 2.3675 1.965 1.4974, 2.3553 1.9402 1.4974, 2.3338 1.8969 1.4974, 2.328 1.8699 1.4974, 2.3177 1.8227 1.4974, 2.3165 1.795 1.4974, 4.6823 1.8227 -1.1811, 4.6835 1.795 -1.1811, 4.0677 1.8227 -1.1811, 4.0665 1.795 -1.1811, 4.0838 1.6931 -1.1811, 4.0677 1.7673 -1.1811, 4.6325 1.625 -1.1811, 4.6662 1.6931 -1.1811, 4.6823 1.7673 -1.1811, 4.5831 2.0227 -1.1811, 4.6325 1.965 -1.1811, 4.6662 1.8969 -1.1811, 4.2288 2.0667 -1.1811, 4.2996 2.0941 -1.1811, 4.375 2.1035 -1.1811, 4.2288 1.5233 -1.1811, 4.1669 1.5673 -1.1811, 4.1175 1.625 -1.1811, 4.5212 2.0667 -1.1811, 4.0838 1.8969 -1.1811, 4.1175 1.965 -1.1811, 4.1669 2.0227 -1.1811, 4.4504 2.0941 -1.1811, 4.5212 1.5233 -1.1811, 4.4504 1.4959 -1.1811, 4.375 1.4865 -1.1811, 4.5831 1.5673 -1.1811, 4.2996 1.4959 -1.1811, 4.6835 1.795 1.4974, 4.6823 1.8227 1.4974, 4.672 1.8699 1.4974, 4.6662 1.8969 1.4974, 4.6447 1.9402 1.4974, 4.6325 1.965 1.4974, 4.6011 2.0017 1.4974, 4.5831 2.0227 1.4974, 4.5437 2.0507 1.4974, 4.5212 2.0667 1.4974, 4.4761 2.0842 1.4974, 4.4504 2.0941 1.4974, 4.4024 2.1001 1.4974, 4.375 2.1035 1.4974, 4.3476 2.1001 1.4974, 4.2996 2.0941 1.4974, 4.2739 2.0842 1.4974, 4.2288 2.0667 1.4974, 4.2063 2.0507 1.4974, 4.1669 2.0227 1.4974, 4.1489 2.0017 1.4974, 4.1175 1.965 1.4974, 4.1053 1.9402 1.4974, 4.0838 1.8969 1.4974, 4.078 1.8699 1.4974, 4.0677 1.8227 1.4974, 4.0665 1.795 1.4974, -4.6823 -1.8227 -1.1811, -4.6835 -1.795 -1.1811, -4.0677 -1.8227 -1.1811, -4.0665 -1.795 -1.1811, -4.0677 -1.7673 -1.1811, -4.6823 -1.7673 -1.1811, -4.0838 -1.6931 -1.1811, -4.5831 -2.0227 -1.1811, -4.6325 -1.965 -1.1811, -4.1175 -1.965 -1.1811, -4.0838 -1.8969 -1.1811, -4.6662 -1.8969 -1.1811, -4.6662 -1.6931 -1.1811, -4.6325 -1.625 -1.1811, -4.5831 -1.5673 -1.1811, -4.5212 -1.5233 -1.1811, -4.4504 -1.4959 -1.1811, -4.375 -1.4865 -1.1811, -4.1669 -2.0227 -1.1811, -4.2288 -2.0667 -1.1811, -4.2996 -2.0941 -1.1811, -4.375 -2.1035 -1.1811, -4.2996 -1.4959 -1.1811, -4.2288 -1.5233 -1.1811, -4.1175 -1.625 -1.1811, -4.1669 -1.5673 -1.1811, -4.4504 -2.0941 -1.1811, -4.5212 -2.0667 -1.1811, -4.0665 -1.795 1.4974, -4.0677 -1.7673 1.4974, -4.078 -1.7201 1.4974, -4.0838 -1.6931 1.4974, -4.1053 -1.6498 1.4974, -4.1175 -1.625 1.4974, -4.1489 -1.5883 1.4974, -4.1669 -1.5673 1.4974, -4.2063 -1.5393 1.4974, -4.2288 -1.5233 1.4974, -4.2739 -1.5058 1.4974, -4.2996 -1.4959 1.4974, -4.3476 -1.4899 1.4974, -4.375 -1.4865 1.4974, -4.4024 -1.4899 1.4974, -4.4504 -1.4959 1.4974, -4.4761 -1.5058 1.4974, -4.5212 -1.5233 1.4974, -4.5437 -1.5393 1.4974, -4.5831 -1.5673 1.4974, -4.6011 -1.5883 1.4974, -4.6325 -1.625 1.4974, -4.6447 -1.6498 1.4974, -4.6662 -1.6931 1.4974, -4.672 -1.7201 1.4974, -4.6823 -1.7673 1.4974, -4.6835 -1.795 1.4974, -2.3675 -1.625 -1.1811, -2.3338 -1.6931 -1.1811, -2.9323 -1.7673 -1.1811, -2.3177 -1.7673 -1.1811, -2.9335 -1.795 -1.1811, -2.3165 -1.795 -1.1811, -2.9323 -1.8227 -1.1811, -2.7712 -1.5233 -1.1811, -2.7004 -1.4959 -1.1811, -2.625 -1.4865 -1.1811, -2.3177 -1.8227 -1.1811, -2.3338 -1.8969 -1.1811, -2.3675 -1.965 -1.1811, -2.5496 -2.0941 -1.1811, -2.625 -2.1035 -1.1811, -2.7004 -2.0941 -1.1811, -2.7712 -2.0667 -1.1811, -2.8331 -1.5673 -1.1811, -2.4169 -2.0227 -1.1811, -2.4788 -2.0667 -1.1811, -2.8331 -2.0227 -1.1811, -2.8825 -1.965 -1.1811, -2.9162 -1.8969 -1.1811, -2.8825 -1.625 -1.1811, -2.5496 -1.4959 -1.1811, -2.4788 -1.5233 -1.1811, -2.9162 -1.6931 -1.1811, -2.4169 -1.5673 -1.1811, -2.3165 -1.795 1.4974, -2.3177 -1.7673 1.4974, -2.328 -1.7201 1.4974, -2.3338 -1.6931 1.4974, -2.3553 -1.6498 1.4974, -2.3675 -1.625 1.4974, -2.3989 -1.5883 1.4974, -2.4169 -1.5673 1.4974, -2.4563 -1.5393 1.4974, -2.4788 -1.5233 1.4974, -2.5239 -1.5058 1.4974, -2.5496 -1.4959 1.4974, -2.5976 -1.4899 1.4974, -2.625 -1.4865 1.4974, -2.6524 -1.4899 1.4974, -2.7004 -1.4959 1.4974, -2.7261 -1.5058 1.4974, -2.7712 -1.5233 1.4974, -2.7937 -1.5393 1.4974, -2.8331 -1.5673 1.4974, -2.8511 -1.5883 1.4974, -2.8825 -1.625 1.4974, -2.8947 -1.6498 1.4974, -2.9162 -1.6931 1.4974, -2.922 -1.7201 1.4974, -2.9323 -1.7673 1.4974, -2.9335 -1.795 1.4974, -0.5677 -1.7673 -1.1811, -0.5665 -1.795 -1.1811, -1.1835 -1.795 -1.1811, -0.5677 -1.8227 -1.1811, -1.1823 -1.8227 -1.1811, -0.5838 -1.8969 -1.1811, -0.6175 -1.965 -1.1811, -0.6669 -2.0227 -1.1811, -0.7288 -2.0667 -1.1811, -0.9504 -1.4959 -1.1811, -0.875 -1.4865 -1.1811, -0.7996 -1.4959 -1.1811, -1.1325 -1.965 -1.1811, -0.875 -2.1035 -1.1811, -1.0831 -2.0227 -1.1811, -0.9504 -2.0941 -1.1811, -1.0212 -2.0667 -1.1811, -1.1823 -1.7673 -1.1811, -1.1662 -1.6931 -1.1811, -1.1325 -1.625 -1.1811, -0.7288 -1.5233 -1.1811, -0.6669 -1.5673 -1.1811, -0.5838 -1.6931 -1.1811, -0.6175 -1.625 -1.1811, -0.7996 -2.0941 -1.1811, -1.1662 -1.8969 -1.1811, -1.0831 -1.5673 -1.1811, -1.0212 -1.5233 -1.1811, -0.5665 -1.795 1.4974, -0.5677 -1.7673 1.4974, -0.578 -1.7201 1.4974, -0.5838 -1.6931 1.4974, -0.6053 -1.6498 1.4974, -0.6175 -1.625 1.4974, -0.6489 -1.5883 1.4974, -0.6669 -1.5673 1.4974, -0.7063 -1.5393 1.4974, -0.7288 -1.5233 1.4974, -0.7739 -1.5058 1.4974, -0.7996 -1.4959 1.4974, -0.8476 -1.4899 1.4974, -0.875 -1.4865 1.4974, -0.9024 -1.4899 1.4974, -0.9504 -1.4959 1.4974, -0.9761 -1.5058 1.4974, -1.0212 -1.5233 1.4974, -1.0437 -1.5393 1.4974, -1.0831 -1.5673 1.4974, -1.1011 -1.5883 1.4974, -1.1325 -1.625 1.4974, -1.1447 -1.6498 1.4974, -1.1662 -1.6931 1.4974, -1.172 -1.7201 1.4974, -1.1823 -1.7673 1.4974, -1.1835 -1.795 1.4974, 1.1823 -1.7673 -1.1811, 0.5677 -1.7673 -1.1811, 0.5838 -1.6931 -1.1811, 0.5665 -1.795 -1.1811, 1.1835 -1.795 -1.1811, 0.5677 -1.8227 -1.1811, 1.1823 -1.8227 -1.1811, 1.1662 -1.8969 -1.1811, 1.1325 -1.965 -1.1811, 1.0831 -2.0227 -1.1811, 1.0212 -2.0667 -1.1811, 0.6175 -1.625 -1.1811, 0.6669 -1.5673 -1.1811, 0.7288 -1.5233 -1.1811, 0.7996 -1.4959 -1.1811, 0.875 -1.4865 -1.1811, 0.9504 -1.4959 -1.1811, 0.6175 -1.965 -1.1811, 0.875 -2.1035 -1.1811, 0.6669 -2.0227 -1.1811, 0.7996 -2.0941 -1.1811, 0.7288 -2.0667 -1.1811, 1.0212 -1.5233 -1.1811, 1.0831 -1.5673 -1.1811, 1.1662 -1.6931 -1.1811, 1.1325 -1.625 -1.1811, 0.9504 -2.0941 -1.1811, 0.5838 -1.8969 -1.1811, 1.1835 -1.795 1.4974, 1.1823 -1.7673 1.4974, 1.172 -1.7201 1.4974, 1.1662 -1.6931 1.4974, 1.1447 -1.6498 1.4974, 1.1325 -1.625 1.4974, 1.1011 -1.5883 1.4974, 1.0831 -1.5673 1.4974, 1.0437 -1.5393 1.4974, 1.0212 -1.5233 1.4974, 0.9761 -1.5058 1.4974, 0.9504 -1.4959 1.4974, 0.9024 -1.4899 1.4974, 0.875 -1.4865 1.4974, 0.8476 -1.4899 1.4974, 0.7996 -1.4959 1.4974, 0.7739 -1.5058 1.4974, 0.7288 -1.5233 1.4974, 0.7063 -1.5393 1.4974, 0.6669 -1.5673 1.4974, 0.6489 -1.5883 1.4974, 0.6175 -1.625 1.4974, 0.6053 -1.6498 1.4974, 0.5838 -1.6931 1.4974, 0.578 -1.7201 1.4974, 0.5677 -1.7673 1.4974, 0.5665 -1.795 1.4974, 2.8825 -1.625 -1.1811, 2.9162 -1.6931 -1.1811, 2.3177 -1.7673 -1.1811, 2.9323 -1.7673 -1.1811, 2.3165 -1.795 -1.1811, 2.9335 -1.795 -1.1811, 2.3177 -1.8227 -1.1811, 2.4788 -1.5233 -1.1811, 2.5496 -1.4959 -1.1811, 2.625 -1.4865 -1.1811, 2.9323 -1.8227 -1.1811, 2.9162 -1.8969 -1.1811, 2.8825 -1.965 -1.1811, 2.7004 -2.0941 -1.1811, 2.625 -2.1035 -1.1811, 2.5496 -2.0941 -1.1811, 2.4788 -2.0667 -1.1811, 2.4169 -1.5673 -1.1811, 2.8331 -2.0227 -1.1811, 2.7712 -2.0667 -1.1811, 2.4169 -2.0227 -1.1811, 2.3675 -1.965 -1.1811, 2.3338 -1.8969 -1.1811, 2.3675 -1.625 -1.1811, 2.7004 -1.4959 -1.1811, 2.7712 -1.5233 -1.1811, 2.3338 -1.6931 -1.1811, 2.8331 -1.5673 -1.1811, 2.9335 -1.795 1.4974, 2.9323 -1.7673 1.4974, 2.922 -1.7201 1.4974, 2.9162 -1.6931 1.4974, 2.8947 -1.6498 1.4974, 2.8825 -1.625 1.4974, 2.8511 -1.5883 1.4974, 2.8331 -1.5673 1.4974, 2.7937 -1.5393 1.4974, 2.7712 -1.5233 1.4974, 2.7261 -1.5058 1.4974, 2.7004 -1.4959 1.4974, 2.6524 -1.4899 1.4974, 2.625 -1.4865 1.4974, 2.5976 -1.4899 1.4974, 2.5496 -1.4959 1.4974, 2.5239 -1.5058 1.4974, 2.4788 -1.5233 1.4974, 2.4563 -1.5393 1.4974, 2.4169 -1.5673 1.4974, 2.3989 -1.5883 1.4974, 2.3675 -1.625 1.4974, 2.3553 -1.6498 1.4974, 2.3338 -1.6931 1.4974, 2.328 -1.7201 1.4974, 2.3177 -1.7673 1.4974, 2.3165 -1.795 1.4974, 4.6823 -1.7673 -1.1811, 4.6835 -1.795 -1.1811, 4.0677 -1.7673 -1.1811, 4.6662 -1.6931 -1.1811, 4.6823 -1.8227 -1.1811, 4.0677 -1.8227 -1.1811, 4.0665 -1.795 -1.1811, 4.1669 -2.0227 -1.1811, 4.1175 -1.965 -1.1811, 4.6325 -1.965 -1.1811, 4.6662 -1.8969 -1.1811, 4.0838 -1.8969 -1.1811, 4.0838 -1.6931 -1.1811, 4.1175 -1.625 -1.1811, 4.1669 -1.5673 -1.1811, 4.2288 -1.5233 -1.1811, 4.2996 -1.4959 -1.1811, 4.375 -1.4865 -1.1811, 4.4504 -1.4959 -1.1811, 4.5212 -1.5233 -1.1811, 4.6325 -1.625 -1.1811, 4.5831 -1.5673 -1.1811, 4.5831 -2.0227 -1.1811, 4.5212 -2.0667 -1.1811, 4.4504 -2.0941 -1.1811, 4.375 -2.1035 -1.1811, 4.2996 -2.0941 -1.1811, 4.2288 -2.0667 -1.1811, 4.6835 -1.795 1.4974, 4.6823 -1.7673 1.4974, 4.672 -1.7201 1.4974, 4.6662 -1.6931 1.4974, 4.6447 -1.6498 1.4974, 4.6325 -1.625 1.4974, 4.6011 -1.5883 1.4974, 4.5831 -1.5673 1.4974, 4.5437 -1.5393 1.4974, 4.5212 -1.5233 1.4974, 4.4761 -1.5058 1.4974, 4.4504 -1.4959 1.4974, 4.4024 -1.4899 1.4974, 4.375 -1.4865 1.4974, 4.3476 -1.4899 1.4974, 4.2996 -1.4959 1.4974, 4.2739 -1.5058 1.4974, 4.2288 -1.5233 1.4974, 4.2063 -1.5393 1.4974, 4.1669 -1.5673 1.4974, 4.1489 -1.5883 1.4974, 4.1175 -1.625 1.4974, 4.1053 -1.6498 1.4974, 4.0838 -1.6931 1.4974, 4.078 -1.7201 1.4974, 4.0677 -1.7673 1.4974, 4.0665 -1.795 1.4974, -4.6801 1.7676 1.4974, -4.6741 1.7196 1.4974, -4.6642 1.6939 1.4974, -4.6467 1.6488 1.4974, -4.6307 1.6263 1.4974, -4.6027 1.5869 1.4974, -4.5817 1.5689 1.4974, -4.545 1.5375 1.4974, -4.5202 1.5253 1.4974, -4.4769 1.5038 1.4974, -4.4499 1.498 1.4974, -4.4027 1.4877 1.4974, -4.375 1.4865 1.4974, -4.3473 1.4877 1.4974, -4.3001 1.498 1.4974, -4.2731 1.5038 1.4974, -4.2298 1.5253 1.4974, -4.205 1.5375 1.4974, -4.1683 1.5689 1.4974, -4.1473 1.5869 1.4974, -4.1193 1.6263 1.4974, -4.1033 1.6488 1.4974, -4.0858 1.6939 1.4974, -4.0759 1.7196 1.4974, -4.0699 1.7676 1.4974, -2.9301 1.7676 1.4974, -2.9241 1.7196 1.4974, -2.9142 1.6939 1.4974, -2.8967 1.6488 1.4974, -2.8807 1.6263 1.4974, -2.8527 1.5869 1.4974, -2.8317 1.5689 1.4974, -2.795 1.5375 1.4974, -2.7702 1.5253 1.4974, -2.7269 1.5038 1.4974, -2.6999 1.498 1.4974, -2.6527 1.4877 1.4974, -2.625 1.4865 1.4974, -2.5973 1.4877 1.4974, -2.5501 1.498 1.4974, -2.5231 1.5038 1.4974, -2.4798 1.5253 1.4974, -2.455 1.5375 1.4974, -2.4183 1.5689 1.4974, -2.3973 1.5869 1.4974, -2.3693 1.6263 1.4974, -2.3533 1.6488 1.4974, -2.3358 1.6939 1.4974, -2.3259 1.7196 1.4974, -2.3199 1.7676 1.4974, -1.1801 1.7676 1.4974, -1.1741 1.7196 1.4974, -1.1642 1.6939 1.4974, -1.1467 1.6488 1.4974, -1.1307 1.6263 1.4974, -1.1027 1.5869 1.4974, -1.0817 1.5689 1.4974, -1.045 1.5375 1.4974, -1.0202 1.5253 1.4974, -0.9769 1.5038 1.4974, -0.9499 1.498 1.4974, -0.9027 1.4877 1.4974, -0.875 1.4865 1.4974, -0.8473 1.4877 1.4974, -0.8001 1.498 1.4974, -0.7731 1.5038 1.4974, -0.7298 1.5253 1.4974, -0.705 1.5375 1.4974, -0.6683 1.5689 1.4974, -0.6473 1.5869 1.4974, -0.6193 1.6263 1.4974, -0.6033 1.6488 1.4974, -0.5858 1.6939 1.4974, -0.5759 1.7196 1.4974, -0.5699 1.7676 1.4974, 0.5699 1.7676 1.4974, 0.5759 1.7196 1.4974, 0.5858 1.6939 1.4974, 0.6033 1.6488 1.4974, 0.6193 1.6263 1.4974, 0.6473 1.5869 1.4974, 0.6683 1.5689 1.4974, 0.705 1.5375 1.4974, 0.7298 1.5253 1.4974, 0.7731 1.5038 1.4974, 0.8001 1.498 1.4974, 0.8473 1.4877 1.4974, 0.875 1.4865 1.4974, 0.9027 1.4877 1.4974, 0.9499 1.498 1.4974, 0.9769 1.5038 1.4974, 1.0202 1.5253 1.4974, 1.045 1.5375 1.4974, 1.0817 1.5689 1.4974, 1.1027 1.5869 1.4974, 1.1307 1.6263 1.4974, 1.1467 1.6488 1.4974, 1.1642 1.6939 1.4974, 1.1741 1.7196 1.4974, 1.1801 1.7676 1.4974, 2.3199 1.7676 1.4974, 2.3259 1.7196 1.4974, 2.3358 1.6939 1.4974, 2.3533 1.6488 1.4974, 2.3693 1.6263 1.4974, 2.3973 1.5869 1.4974, 2.4183 1.5689 1.4974, 2.455 1.5375 1.4974, 2.4798 1.5253 1.4974, 2.5231 1.5038 1.4974, 2.5501 1.498 1.4974, 2.5973 1.4877 1.4974, 2.625 1.4865 1.4974, 2.6527 1.4877 1.4974, 2.6999 1.498 1.4974, 2.7269 1.5038 1.4974, 2.7702 1.5253 1.4974, 2.795 1.5375 1.4974, 2.8317 1.5689 1.4974, 2.8527 1.5869 1.4974, 2.8807 1.6263 1.4974, 2.8967 1.6488 1.4974, 2.9142 1.6939 1.4974, 2.9241 1.7196 1.4974, 2.9301 1.7676 1.4974, 4.0699 1.7676 1.4974, 4.0759 1.7196 1.4974, 4.0858 1.6939 1.4974, 4.1033 1.6488 1.4974, 4.1193 1.6263 1.4974, 4.1473 1.5869 1.4974, 4.1683 1.5689 1.4974, 4.205 1.5375 1.4974, 4.2298 1.5253 1.4974, 4.2731 1.5038 1.4974, 4.3001 1.498 1.4974, 4.3473 1.4877 1.4974, 4.375 1.4865 1.4974, 4.4027 1.4877 1.4974, 4.4499 1.498 1.4974, 4.4769 1.5038 1.4974, 4.5202 1.5253 1.4974, 4.545 1.5375 1.4974, 4.5817 1.5689 1.4974, 4.6027 1.5869 1.4974, 4.6307 1.6263 1.4974, 4.6467 1.6488 1.4974, 4.6642 1.6939 1.4974, 4.6741 1.7196 1.4974, 4.6801 1.7676 1.4974, -4.6801 -1.8224 1.4974, -4.6741 -1.8704 1.4974, -4.6642 -1.8961 1.4974, -4.6467 -1.9412 1.4974, -4.6307 -1.9637 1.4974, -4.6027 -2.0031 1.4974, -4.5817 -2.0211 1.4974, -4.545 -2.0525 1.4974, -4.5202 -2.0647 1.4974, -4.4769 -2.0862 1.4974, -4.4499 -2.092 1.4974, -4.4027 -2.1023 1.4974, -4.375 -2.1035 1.4974, -4.3473 -2.1023 1.4974, -4.3001 -2.092 1.4974, -4.2731 -2.0862 1.4974, -4.2298 -2.0647 1.4974, -4.205 -2.0525 1.4974, -4.1683 -2.0211 1.4974, -4.1473 -2.0031 1.4974, -4.1193 -1.9637 1.4974, -4.1033 -1.9412 1.4974, -4.0858 -1.8961 1.4974, -4.0759 -1.8704 1.4974, -4.0699 -1.8224 1.4974, -2.9301 -1.8224 1.4974, -2.9241 -1.8704 1.4974, -2.9142 -1.8961 1.4974, -2.8967 -1.9412 1.4974, -2.8807 -1.9637 1.4974, -2.8527 -2.0031 1.4974, -2.8317 -2.0211 1.4974, -2.795 -2.0525 1.4974, -2.7702 -2.0647 1.4974, -2.7269 -2.0862 1.4974, -2.6999 -2.092 1.4974, -2.6527 -2.1023 1.4974, -2.625 -2.1035 1.4974, -2.5973 -2.1023 1.4974, -2.5501 -2.092 1.4974, -2.5231 -2.0862 1.4974, -2.4798 -2.0647 1.4974, -2.455 -2.0525 1.4974, -2.4183 -2.0211 1.4974, -2.3973 -2.0031 1.4974, -2.3693 -1.9637 1.4974, -2.3533 -1.9412 1.4974, -2.3358 -1.8961 1.4974, -2.3259 -1.8704 1.4974, -2.3199 -1.8224 1.4974, -1.1801 -1.8224 1.4974, -1.1741 -1.8704 1.4974, -1.1642 -1.8961 1.4974, -1.1467 -1.9412 1.4974, -1.1307 -1.9637 1.4974, -1.1027 -2.0031 1.4974, -1.0817 -2.0211 1.4974, -1.045 -2.0525 1.4974, -1.0202 -2.0647 1.4974, -0.9769 -2.0862 1.4974, -0.9499 -2.092 1.4974, -0.9027 -2.1023 1.4974, -0.875 -2.1035 1.4974, -0.8473 -2.1023 1.4974, -0.8001 -2.092 1.4974, -0.7731 -2.0862 1.4974, -0.7298 -2.0647 1.4974, -0.705 -2.0525 1.4974, -0.6683 -2.0211 1.4974, -0.6473 -2.0031 1.4974, -0.6193 -1.9637 1.4974, -0.6033 -1.9412 1.4974, -0.5858 -1.8961 1.4974, -0.5759 -1.8704 1.4974, -0.5699 -1.8224 1.4974, 0.5699 -1.8224 1.4974, 0.5759 -1.8704 1.4974, 0.5858 -1.8961 1.4974, 0.6033 -1.9412 1.4974, 0.6193 -1.9637 1.4974, 0.6473 -2.0031 1.4974, 0.6683 -2.0211 1.4974, 0.705 -2.0525 1.4974, 0.7298 -2.0647 1.4974, 0.7731 -2.0862 1.4974, 0.8001 -2.092 1.4974, 0.8473 -2.1023 1.4974, 0.875 -2.1035 1.4974, 0.9027 -2.1023 1.4974, 0.9499 -2.092 1.4974, 0.9769 -2.0862 1.4974, 1.0202 -2.0647 1.4974, 1.045 -2.0525 1.4974, 1.0817 -2.0211 1.4974, 1.1027 -2.0031 1.4974, 1.1307 -1.9637 1.4974, 1.1467 -1.9412 1.4974, 1.1642 -1.8961 1.4974, 1.1741 -1.8704 1.4974, 1.1801 -1.8224 1.4974, 2.3199 -1.8224 1.4974, 2.3259 -1.8704 1.4974, 2.3358 -1.8961 1.4974, 2.3533 -1.9412 1.4974, 2.3693 -1.9637 1.4974, 2.3973 -2.0031 1.4974, 2.4183 -2.0211 1.4974, 2.455 -2.0525 1.4974, 2.4798 -2.0647 1.4974, 2.5231 -2.0862 1.4974, 2.5501 -2.092 1.4974, 2.5973 -2.1023 1.4974, 2.625 -2.1035 1.4974, 2.6527 -2.1023 1.4974, 2.6999 -2.092 1.4974, 2.7269 -2.0862 1.4974, 2.7702 -2.0647 1.4974, 2.795 -2.0525 1.4974, 2.8317 -2.0211 1.4974, 2.8527 -2.0031 1.4974, 2.8807 -1.9637 1.4974, 2.8967 -1.9412 1.4974, 2.9142 -1.8961 1.4974, 2.9241 -1.8704 1.4974, 2.9301 -1.8224 1.4974, 4.0699 -1.8224 1.4974, 4.0759 -1.8704 1.4974, 4.0858 -1.8961 1.4974, 4.1033 -1.9412 1.4974, 4.1193 -1.9637 1.4974, 4.1473 -2.0031 1.4974, 4.1683 -2.0211 1.4974, 4.205 -2.0525 1.4974, 4.2298 -2.0647 1.4974, 4.2731 -2.0862 1.4974, 4.3001 -2.092 1.4974, 4.3473 -2.1023 1.4974, 4.375 -2.1035 1.4974, 4.4027 -2.1023 1.4974, 4.4499 -2.092 1.4974, 4.4769 -2.0862 1.4974, 4.5202 -2.0647 1.4974, 4.545 -2.0525 1.4974, 4.5817 -2.0211 1.4974, 4.6027 -2.0031 1.4974, 4.6307 -1.9637 1.4974, 4.6467 -1.9412 1.4974, 4.6642 -1.8961 1.4974, 4.6741 -1.8704 1.4974, 4.6801 -1.8224 1.4974
            ]
        }
        coordIndex [
            0,1,2,-1,3,4,5,-1,3,6,4,-1,4,6,7,-1,4,7,1,-1,1,7,8,-1,1,8,2,-1,9,10,5,-1,5,10,11,-1,5,11,3,-1,12,13,2,-1,2,13,14,-1,2,14,0,-1,15,16,17,-1,18,19,20,-1,9,5,21,-1,21,5,22,-1,21,22,23,-1,23,24,21,-1,21,24,15,-1,21,15,25,-1,25,15,17,-1,2,26,12,-1,12,26,18,-1,12,18,27,-1,27,18,20,-1,6,3,28,-1,28,3,29,-1,29,3,30,-1,30,3,11,-1,30,11,31,-1,31,11,32,-1,32,11,10,-1,32,10,33,-1,33,10,34,-1,34,10,9,-1,34,9,35,-1,35,9,36,-1,36,9,21,-1,36,21,37,-1,37,21,38,-1,38,21,25,-1,38,25,39,-1,39,25,40,-1,40,25,17,-1,40,17,41,-1,41,17,42,-1,42,17,16,-1,42,16,43,-1,43,16,44,-1,44,16,15,-1,44,15,45,-1,45,15,46,-1,46,15,24,-1,46,24,47,-1,47,24,48,-1,48,24,23,-1,48,23,49,-1,49,23,50,-1,50,23,22,-1,50,22,51,-1,51,22,52,-1,52,22,5,-1,52,5,53,-1,53,5,4,-1,53,4,54,-1,55,56,57,-1,57,56,58,-1,59,60,61,-1,62,63,64,-1,58,56,65,-1,65,56,66,-1,65,66,67,-1,67,68,65,-1,65,68,69,-1,65,69,70,-1,70,69,71,-1,70,71,59,-1,59,71,72,-1,59,72,60,-1,61,73,59,-1,59,73,74,-1,59,74,75,-1,75,76,59,-1,59,76,77,-1,59,77,78,-1,55,57,64,-1,64,57,79,-1,64,79,62,-1,78,80,59,-1,59,80,81,-1,59,81,82,-1,71,69,83,-1,83,69,84,-1,84,69,85,-1,85,69,68,-1,85,68,86,-1,86,68,87,-1,87,68,67,-1,87,67,88,-1,88,67,89,-1,89,67,66,-1,89,66,90,-1,90,66,91,-1,91,66,56,-1,91,56,92,-1,92,56,93,-1,93,56,55,-1,93,55,94,-1,94,55,95,-1,95,55,64,-1,95,64,96,-1,96,64,97,-1,97,64,63,-1,97,63,98,-1,98,63,99,-1,99,63,62,-1,99,62,100,-1,100,62,101,-1,101,62,79,-1,101,79,102,-1,102,79,103,-1,103,79,57,-1,103,57,104,-1,104,57,105,-1,105,57,58,-1,105,58,106,-1,106,58,107,-1,107,58,65,-1,107,65,108,-1,108,65,70,-1,108,70,109,-1,110,111,112,-1,110,113,111,-1,111,113,114,-1,111,114,115,-1,115,114,116,-1,112,117,118,-1,116,119,115,-1,115,119,120,-1,115,120,121,-1,122,123,124,-1,124,123,125,-1,124,125,126,-1,118,127,112,-1,112,127,128,-1,112,128,110,-1,121,129,115,-1,115,129,123,-1,115,123,130,-1,130,123,122,-1,131,132,133,-1,133,132,134,-1,132,135,134,-1,134,135,136,-1,134,136,112,-1,112,136,137,-1,112,137,117,-1,113,110,138,-1,138,110,139,-1,139,110,140,-1,140,110,128,-1,140,128,141,-1,141,128,142,-1,142,128,127,-1,142,127,143,-1,143,127,144,-1,144,127,118,-1,144,118,145,-1,145,118,146,-1,146,118,117,-1,146,117,147,-1,147,117,148,-1,148,117,137,-1,148,137,149,-1,149,137,150,-1,150,137,136,-1,150,136,151,-1,151,136,152,-1,152,136,135,-1,152,135,153,-1,153,135,154,-1,154,135,132,-1,154,132,155,-1,155,132,156,-1,156,132,131,-1,156,131,157,-1,157,131,158,-1,158,131,133,-1,158,133,159,-1,159,133,160,-1,160,133,134,-1,160,134,161,-1,161,134,162,-1,162,134,112,-1,162,112,163,-1,163,112,111,-1,163,111,164,-1,165,166,167,-1,166,165,168,-1,168,165,169,-1,168,169,170,-1,170,169,171,-1,170,171,172,-1,167,173,165,-1,165,173,174,-1,165,174,175,-1,175,176,165,-1,165,176,177,-1,165,177,178,-1,172,179,170,-1,170,179,180,-1,170,180,181,-1,182,183,184,-1,184,183,185,-1,184,185,186,-1,187,188,189,-1,189,188,165,-1,189,165,190,-1,190,165,178,-1,181,191,170,-1,170,191,183,-1,170,183,192,-1,192,183,182,-1,169,165,193,-1,193,165,194,-1,194,165,195,-1,195,165,188,-1,195,188,196,-1,196,188,197,-1,197,188,187,-1,197,187,198,-1,198,187,199,-1,199,187,189,-1,199,189,200,-1,200,189,201,-1,201,189,190,-1,201,190,202,-1,202,190,203,-1,203,190,178,-1,203,178,204,-1,204,178,205,-1,205,178,177,-1,205,177,206,-1,206,177,207,-1,207,177,176,-1,207,176,208,-1,208,176,209,-1,209,176,175,-1,209,175,210,-1,210,175,211,-1,211,175,174,-1,211,174,212,-1,212,174,213,-1,213,174,173,-1,213,173,214,-1,214,173,215,-1,215,173,167,-1,215,167,216,-1,216,167,217,-1,217,167,166,-1,217,166,218,-1,218,166,168,-1,218,168,219,-1,220,221,222,-1,222,221,223,-1,224,225,226,-1,227,228,229,-1,223,221,230,-1,230,221,231,-1,230,231,232,-1,232,233,230,-1,230,233,234,-1,230,234,235,-1,235,234,236,-1,235,236,224,-1,224,236,237,-1,224,237,225,-1,226,238,224,-1,224,238,239,-1,224,239,240,-1,240,241,224,-1,224,241,242,-1,224,242,243,-1,220,222,229,-1,229,222,244,-1,229,244,227,-1,243,245,224,-1,224,245,246,-1,224,246,247,-1,236,234,248,-1,248,234,249,-1,249,234,250,-1,250,234,233,-1,250,233,251,-1,251,233,252,-1,252,233,232,-1,252,232,253,-1,253,232,254,-1,254,232,231,-1,254,231,255,-1,255,231,256,-1,256,231,221,-1,256,221,257,-1,257,221,258,-1,258,221,220,-1,258,220,259,-1,259,220,260,-1,260,220,229,-1,260,229,261,-1,261,229,262,-1,262,229,228,-1,262,228,263,-1,263,228,264,-1,264,228,227,-1,264,227,265,-1,265,227,266,-1,266,227,244,-1,266,244,267,-1,267,244,268,-1,268,244,222,-1,268,222,269,-1,269,222,270,-1,270,222,223,-1,270,223,271,-1,271,223,272,-1,272,223,230,-1,272,230,273,-1,273,230,235,-1,273,235,274,-1,275,276,277,-1,277,276,278,-1,279,280,281,-1,281,280,282,-1,278,276,280,-1,280,276,283,-1,280,283,282,-1,284,285,277,-1,277,285,286,-1,277,286,275,-1,287,288,289,-1,290,291,281,-1,281,291,292,-1,281,292,279,-1,284,277,293,-1,293,277,294,-1,293,294,295,-1,295,296,293,-1,293,296,287,-1,293,287,297,-1,297,287,289,-1,298,299,300,-1,281,301,290,-1,290,301,298,-1,290,298,302,-1,302,298,300,-1,276,275,303,-1,303,275,304,-1,304,275,305,-1,305,275,286,-1,305,286,306,-1,306,286,307,-1,307,286,285,-1,307,285,308,-1,308,285,309,-1,309,285,284,-1,309,284,310,-1,310,284,311,-1,311,284,293,-1,311,293,312,-1,312,293,313,-1,313,293,297,-1,313,297,314,-1,314,297,315,-1,315,297,289,-1,315,289,316,-1,316,289,317,-1,317,289,288,-1,317,288,318,-1,318,288,319,-1,319,288,287,-1,319,287,320,-1,320,287,321,-1,321,287,296,-1,321,296,322,-1,322,296,323,-1,323,296,295,-1,323,295,324,-1,324,295,325,-1,325,295,294,-1,325,294,326,-1,326,294,327,-1,327,294,277,-1,327,277,328,-1,328,277,278,-1,328,278,329,-1,330,331,332,-1,332,331,333,-1,333,331,334,-1,334,331,335,-1,334,335,336,-1,337,338,339,-1,332,340,330,-1,330,340,339,-1,330,339,341,-1,341,339,338,-1,335,342,336,-1,336,342,343,-1,336,343,344,-1,344,345,336,-1,336,345,346,-1,336,346,347,-1,348,349,339,-1,339,349,350,-1,339,350,351,-1,347,352,336,-1,336,352,353,-1,336,353,354,-1,354,353,355,-1,351,356,339,-1,339,356,357,-1,339,357,337,-1,333,334,358,-1,358,334,359,-1,359,334,360,-1,360,334,336,-1,360,336,361,-1,361,336,362,-1,362,336,354,-1,362,354,363,-1,363,354,364,-1,364,354,355,-1,364,355,365,-1,365,355,366,-1,366,355,353,-1,366,353,367,-1,367,353,368,-1,368,353,352,-1,368,352,369,-1,369,352,370,-1,370,352,347,-1,370,347,371,-1,371,347,372,-1,372,347,346,-1,372,346,373,-1,373,346,374,-1,374,346,345,-1,374,345,375,-1,375,345,376,-1,376,345,344,-1,376,344,377,-1,377,344,378,-1,378,344,343,-1,378,343,379,-1,379,343,380,-1,380,343,342,-1,380,342,381,-1,381,342,382,-1,382,342,335,-1,382,335,383,-1,383,335,331,-1,383,331,384,-1,385,386,387,-1,387,386,388,-1,387,388,389,-1,389,388,390,-1,389,390,391,-1,392,393,394,-1,390,395,391,-1,391,395,396,-1,391,396,397,-1,398,399,391,-1,391,399,400,-1,391,400,401,-1,392,394,402,-1,397,403,391,-1,391,403,404,-1,391,404,398,-1,401,405,391,-1,391,405,406,-1,391,406,407,-1,402,394,408,-1,408,394,409,-1,408,409,410,-1,387,411,385,-1,385,411,408,-1,385,408,412,-1,412,408,410,-1,390,388,413,-1,413,388,414,-1,414,388,415,-1,415,388,386,-1,415,386,416,-1,416,386,417,-1,417,386,385,-1,417,385,418,-1,418,385,419,-1,419,385,412,-1,419,412,420,-1,420,412,421,-1,421,412,410,-1,421,410,422,-1,422,410,423,-1,423,410,409,-1,423,409,424,-1,424,409,425,-1,425,409,394,-1,425,394,426,-1,426,394,427,-1,427,394,393,-1,427,393,428,-1,428,393,429,-1,429,393,392,-1,429,392,430,-1,430,392,431,-1,431,392,402,-1,431,402,432,-1,432,402,433,-1,433,402,408,-1,433,408,434,-1,434,408,435,-1,435,408,411,-1,435,411,436,-1,436,411,437,-1,437,411,387,-1,437,387,438,-1,438,387,389,-1,438,389,439,-1,440,441,442,-1,442,441,443,-1,442,443,444,-1,444,443,445,-1,445,446,444,-1,444,446,447,-1,444,447,448,-1,449,450,440,-1,440,450,451,-1,452,453,454,-1,454,453,455,-1,454,455,456,-1,442,457,440,-1,440,457,458,-1,440,458,459,-1,451,460,440,-1,440,460,461,-1,440,461,462,-1,462,461,463,-1,448,464,444,-1,444,464,453,-1,444,453,465,-1,465,453,452,-1,459,466,440,-1,440,466,467,-1,440,467,449,-1,441,440,468,-1,468,440,469,-1,469,440,470,-1,470,440,462,-1,470,462,471,-1,471,462,472,-1,472,462,463,-1,472,463,473,-1,473,463,474,-1,474,463,461,-1,474,461,475,-1,475,461,476,-1,476,461,460,-1,476,460,477,-1,477,460,478,-1,478,460,451,-1,478,451,479,-1,479,451,480,-1,480,451,450,-1,480,450,481,-1,481,450,482,-1,482,450,449,-1,482,449,483,-1,483,449,484,-1,484,449,467,-1,484,467,485,-1,485,467,486,-1,486,467,466,-1,486,466,487,-1,487,466,488,-1,488,466,459,-1,488,459,489,-1,489,459,490,-1,490,459,458,-1,490,458,491,-1,491,458,492,-1,492,458,457,-1,492,457,493,-1,493,457,442,-1,493,442,494,-1,495,496,497,-1,496,495,498,-1,498,495,499,-1,498,499,500,-1,500,499,501,-1,500,501,502,-1,502,503,500,-1,500,503,504,-1,500,504,505,-1,497,506,495,-1,495,506,507,-1,495,507,508,-1,508,509,495,-1,495,509,510,-1,495,510,511,-1,512,513,514,-1,514,513,515,-1,514,515,516,-1,511,517,495,-1,495,517,518,-1,495,518,519,-1,519,518,520,-1,505,521,500,-1,500,521,513,-1,500,513,522,-1,522,513,512,-1,499,495,523,-1,523,495,524,-1,524,495,525,-1,525,495,519,-1,525,519,526,-1,526,519,527,-1,527,519,520,-1,527,520,528,-1,528,520,529,-1,529,520,518,-1,529,518,530,-1,530,518,531,-1,531,518,517,-1,531,517,532,-1,532,517,533,-1,533,517,511,-1,533,511,534,-1,534,511,535,-1,535,511,510,-1,535,510,536,-1,536,510,537,-1,537,510,509,-1,537,509,538,-1,538,509,539,-1,539,509,508,-1,539,508,540,-1,540,508,541,-1,541,508,507,-1,541,507,542,-1,542,507,543,-1,543,507,506,-1,543,506,544,-1,544,506,545,-1,545,506,497,-1,545,497,546,-1,546,497,547,-1,547,497,496,-1,547,496,548,-1,548,496,498,-1,548,498,549,-1,550,551,552,-1,552,551,553,-1,552,553,554,-1,554,553,555,-1,554,555,556,-1,557,558,559,-1,555,560,556,-1,556,560,561,-1,556,561,562,-1,563,564,556,-1,556,564,565,-1,556,565,566,-1,557,559,567,-1,562,568,556,-1,556,568,569,-1,556,569,563,-1,566,570,556,-1,556,570,571,-1,556,571,572,-1,567,559,573,-1,573,559,574,-1,573,574,575,-1,552,576,550,-1,550,576,573,-1,550,573,577,-1,577,573,575,-1,555,553,578,-1,578,553,579,-1,579,553,580,-1,580,553,551,-1,580,551,581,-1,581,551,582,-1,582,551,550,-1,582,550,583,-1,583,550,584,-1,584,550,577,-1,584,577,585,-1,585,577,586,-1,586,577,575,-1,586,575,587,-1,587,575,588,-1,588,575,574,-1,588,574,589,-1,589,574,590,-1,590,574,559,-1,590,559,591,-1,591,559,592,-1,592,559,558,-1,592,558,593,-1,593,558,594,-1,594,558,557,-1,594,557,595,-1,595,557,596,-1,596,557,567,-1,596,567,597,-1,597,567,598,-1,598,567,573,-1,598,573,599,-1,599,573,600,-1,600,573,576,-1,600,576,601,-1,601,576,602,-1,602,576,552,-1,602,552,603,-1,603,552,554,-1,603,554,604,-1,605,606,607,-1,605,607,608,-1,609,610,606,-1,606,610,611,-1,606,611,607,-1,612,613,614,-1,609,615,610,-1,610,615,614,-1,610,614,616,-1,616,614,613,-1,607,617,608,-1,608,617,618,-1,608,618,619,-1,619,620,608,-1,608,620,621,-1,608,621,622,-1,622,623,608,-1,608,623,624,-1,608,624,625,-1,625,624,626,-1,627,628,614,-1,614,628,629,-1,614,629,630,-1,630,631,614,-1,614,631,632,-1,614,632,612,-1,606,605,633,-1,633,605,634,-1,634,605,635,-1,635,605,608,-1,635,608,636,-1,636,608,637,-1,637,608,625,-1,637,625,638,-1,638,625,639,-1,639,625,626,-1,639,626,640,-1,640,626,641,-1,641,626,624,-1,641,624,642,-1,642,624,643,-1,643,624,623,-1,643,623,644,-1,644,623,645,-1,645,623,622,-1,645,622,646,-1,646,622,647,-1,647,622,621,-1,647,621,648,-1,648,621,649,-1,649,621,620,-1,649,620,650,-1,650,620,651,-1,651,620,619,-1,651,619,652,-1,652,619,653,-1,653,619,618,-1,653,618,654,-1,654,618,655,-1,655,618,617,-1,655,617,656,-1,656,617,657,-1,657,617,607,-1,657,607,658,-1,658,607,611,-1,658,611,659,-1,4,1,54,-1,54,1,660,-1,660,1,661,-1,661,1,0,-1,661,0,662,-1,662,0,663,-1,663,0,14,-1,663,14,664,-1,664,14,665,-1,665,14,13,-1,665,13,666,-1,666,13,667,-1,667,13,12,-1,667,12,668,-1,668,12,669,-1,669,12,27,-1,669,27,670,-1,670,27,671,-1,671,27,20,-1,671,20,672,-1,672,20,673,-1,673,20,19,-1,673,19,674,-1,674,19,675,-1,675,19,18,-1,675,18,676,-1,676,18,677,-1,677,18,26,-1,677,26,678,-1,678,26,679,-1,679,26,2,-1,679,2,680,-1,680,2,681,-1,681,2,8,-1,681,8,682,-1,682,8,683,-1,683,8,7,-1,683,7,684,-1,684,7,6,-1,684,6,28,-1,70,59,109,-1,109,59,685,-1,685,59,686,-1,686,59,82,-1,686,82,687,-1,687,82,688,-1,688,82,81,-1,688,81,689,-1,689,81,690,-1,690,81,80,-1,690,80,691,-1,691,80,692,-1,692,80,78,-1,692,78,693,-1,693,78,694,-1,694,78,77,-1,694,77,695,-1,695,77,696,-1,696,77,76,-1,696,76,697,-1,697,76,698,-1,698,76,75,-1,698,75,699,-1,699,75,700,-1,700,75,74,-1,700,74,701,-1,701,74,702,-1,702,74,73,-1,702,73,703,-1,703,73,704,-1,704,73,61,-1,704,61,705,-1,705,61,706,-1,706,61,60,-1,706,60,707,-1,707,60,708,-1,708,60,72,-1,708,72,709,-1,709,72,71,-1,709,71,83,-1,111,115,164,-1,164,115,710,-1,710,115,711,-1,711,115,130,-1,711,130,712,-1,712,130,713,-1,713,130,122,-1,713,122,714,-1,714,122,715,-1,715,122,124,-1,715,124,716,-1,716,124,717,-1,717,124,126,-1,717,126,718,-1,718,126,719,-1,719,126,125,-1,719,125,720,-1,720,125,721,-1,721,125,123,-1,721,123,722,-1,722,123,723,-1,723,123,129,-1,723,129,724,-1,724,129,725,-1,725,129,121,-1,725,121,726,-1,726,121,727,-1,727,121,120,-1,727,120,728,-1,728,120,729,-1,729,120,119,-1,729,119,730,-1,730,119,731,-1,731,119,116,-1,731,116,732,-1,732,116,733,-1,733,116,114,-1,733,114,734,-1,734,114,113,-1,734,113,138,-1,168,170,219,-1,219,170,735,-1,735,170,736,-1,736,170,192,-1,736,192,737,-1,737,192,738,-1,738,192,182,-1,738,182,739,-1,739,182,740,-1,740,182,184,-1,740,184,741,-1,741,184,742,-1,742,184,186,-1,742,186,743,-1,743,186,744,-1,744,186,185,-1,744,185,745,-1,745,185,746,-1,746,185,183,-1,746,183,747,-1,747,183,748,-1,748,183,191,-1,748,191,749,-1,749,191,750,-1,750,191,181,-1,750,181,751,-1,751,181,752,-1,752,181,180,-1,752,180,753,-1,753,180,754,-1,754,180,179,-1,754,179,755,-1,755,179,756,-1,756,179,172,-1,756,172,757,-1,757,172,758,-1,758,172,171,-1,758,171,759,-1,759,171,169,-1,759,169,193,-1,235,224,274,-1,274,224,760,-1,760,224,761,-1,761,224,247,-1,761,247,762,-1,762,247,763,-1,763,247,246,-1,763,246,764,-1,764,246,765,-1,765,246,245,-1,765,245,766,-1,766,245,767,-1,767,245,243,-1,767,243,768,-1,768,243,769,-1,769,243,242,-1,769,242,770,-1,770,242,771,-1,771,242,241,-1,771,241,772,-1,772,241,773,-1,773,241,240,-1,773,240,774,-1,774,240,775,-1,775,240,239,-1,775,239,776,-1,776,239,777,-1,777,239,238,-1,777,238,778,-1,778,238,779,-1,779,238,226,-1,779,226,780,-1,780,226,781,-1,781,226,225,-1,781,225,782,-1,782,225,783,-1,783,225,237,-1,783,237,784,-1,784,237,236,-1,784,236,248,-1,278,280,329,-1,329,280,785,-1,785,280,786,-1,786,280,279,-1,786,279,787,-1,787,279,788,-1,788,279,292,-1,788,292,789,-1,789,292,790,-1,790,292,291,-1,790,291,791,-1,791,291,792,-1,792,291,290,-1,792,290,793,-1,793,290,794,-1,794,290,302,-1,794,302,795,-1,795,302,796,-1,796,302,300,-1,796,300,797,-1,797,300,798,-1,798,300,299,-1,798,299,799,-1,799,299,800,-1,800,299,298,-1,800,298,801,-1,801,298,802,-1,802,298,301,-1,802,301,803,-1,803,301,804,-1,804,301,281,-1,804,281,805,-1,805,281,806,-1,806,281,282,-1,806,282,807,-1,807,282,808,-1,808,282,283,-1,808,283,809,-1,809,283,276,-1,809,276,303,-1,331,330,384,-1,384,330,810,-1,810,330,811,-1,811,330,341,-1,811,341,812,-1,812,341,813,-1,813,341,338,-1,813,338,814,-1,814,338,815,-1,815,338,337,-1,815,337,816,-1,816,337,817,-1,817,337,357,-1,817,357,818,-1,818,357,819,-1,819,357,356,-1,819,356,820,-1,820,356,821,-1,821,356,351,-1,821,351,822,-1,822,351,823,-1,823,351,350,-1,823,350,824,-1,824,350,825,-1,825,350,349,-1,825,349,826,-1,826,349,827,-1,827,349,348,-1,827,348,828,-1,828,348,829,-1,829,348,339,-1,829,339,830,-1,830,339,831,-1,831,339,340,-1,831,340,832,-1,832,340,833,-1,833,340,332,-1,833,332,834,-1,834,332,333,-1,834,333,358,-1,389,391,439,-1,439,391,835,-1,835,391,836,-1,836,391,407,-1,836,407,837,-1,837,407,838,-1,838,407,406,-1,838,406,839,-1,839,406,840,-1,840,406,405,-1,840,405,841,-1,841,405,842,-1,842,405,401,-1,842,401,843,-1,843,401,844,-1,844,401,400,-1,844,400,845,-1,845,400,846,-1,846,400,399,-1,846,399,847,-1,847,399,848,-1,848,399,398,-1,848,398,849,-1,849,398,850,-1,850,398,404,-1,850,404,851,-1,851,404,852,-1,852,404,403,-1,852,403,853,-1,853,403,854,-1,854,403,397,-1,854,397,855,-1,855,397,856,-1,856,397,396,-1,856,396,857,-1,857,396,858,-1,858,396,395,-1,858,395,859,-1,859,395,390,-1,859,390,413,-1,442,444,494,-1,494,444,860,-1,860,444,861,-1,861,444,465,-1,861,465,862,-1,862,465,863,-1,863,465,452,-1,863,452,864,-1,864,452,865,-1,865,452,454,-1,865,454,866,-1,866,454,867,-1,867,454,456,-1,867,456,868,-1,868,456,869,-1,869,456,455,-1,869,455,870,-1,870,455,871,-1,871,455,453,-1,871,453,872,-1,872,453,873,-1,873,453,464,-1,873,464,874,-1,874,464,875,-1,875,464,448,-1,875,448,876,-1,876,448,877,-1,877,448,447,-1,877,447,878,-1,878,447,879,-1,879,447,446,-1,879,446,880,-1,880,446,881,-1,881,446,445,-1,881,445,882,-1,882,445,883,-1,883,445,443,-1,883,443,884,-1,884,443,441,-1,884,441,468,-1,498,500,549,-1,549,500,885,-1,885,500,886,-1,886,500,522,-1,886,522,887,-1,887,522,888,-1,888,522,512,-1,888,512,889,-1,889,512,890,-1,890,512,514,-1,890,514,891,-1,891,514,892,-1,892,514,516,-1,892,516,893,-1,893,516,894,-1,894,516,515,-1,894,515,895,-1,895,515,896,-1,896,515,513,-1,896,513,897,-1,897,513,898,-1,898,513,521,-1,898,521,899,-1,899,521,900,-1,900,521,505,-1,900,505,901,-1,901,505,902,-1,902,505,504,-1,902,504,903,-1,903,504,904,-1,904,504,503,-1,904,503,905,-1,905,503,906,-1,906,503,502,-1,906,502,907,-1,907,502,908,-1,908,502,501,-1,908,501,909,-1,909,501,499,-1,909,499,523,-1,554,556,604,-1,604,556,910,-1,910,556,911,-1,911,556,572,-1,911,572,912,-1,912,572,913,-1,913,572,571,-1,913,571,914,-1,914,571,915,-1,915,571,570,-1,915,570,916,-1,916,570,917,-1,917,570,566,-1,917,566,918,-1,918,566,919,-1,919,566,565,-1,919,565,920,-1,920,565,921,-1,921,565,564,-1,921,564,922,-1,922,564,923,-1,923,564,563,-1,923,563,924,-1,924,563,925,-1,925,563,569,-1,925,569,926,-1,926,569,927,-1,927,569,568,-1,927,568,928,-1,928,568,929,-1,929,568,562,-1,929,562,930,-1,930,562,931,-1,931,562,561,-1,931,561,932,-1,932,561,933,-1,933,561,560,-1,933,560,934,-1,934,560,555,-1,934,555,578,-1,611,610,659,-1,659,610,935,-1,935,610,936,-1,936,610,616,-1,936,616,937,-1,937,616,938,-1,938,616,613,-1,938,613,939,-1,939,613,940,-1,940,613,612,-1,940,612,941,-1,941,612,942,-1,942,612,632,-1,942,632,943,-1,943,632,944,-1,944,632,631,-1,944,631,945,-1,945,631,946,-1,946,631,630,-1,946,630,947,-1,947,630,948,-1,948,630,629,-1,948,629,949,-1,949,629,950,-1,950,629,628,-1,950,628,951,-1,951,628,952,-1,952,628,627,-1,952,627,953,-1,953,627,954,-1,954,627,614,-1,954,614,955,-1,955,614,956,-1,956,614,615,-1,956,615,957,-1,957,615,958,-1,958,615,609,-1,958,609,959,-1,959,609,606,-1,959,606,633,-1,
        ]
    }
}
Shape{
    appearance Appearance {
        material  Material 	{
            diffuseColor 1.0 1.0 1.0
            specularColor 0.5019607843137255 0.5019607843137255 0.5019607843137255
            ambientIntensity 1.0
            transparency 0.0
            shininess 0.5
        }
    }
    geometry IndexedFaceSet {
        ccw TRUE
        solid FALSE
        coord DEF co Coordinate {
            point [
                -0.7 -5.1 2.7489, -0.7 -4.6 2.7489, -0.7 -5.1 4.1489, -0.7 -4.6 4.3489, -0.7 -5.1086 4.25, -0.7 -5.1343 4.3489, 0.7 -5.1086 4.25, 0.7 -5.1343 4.3489, 0.7 -4.6 4.3489, 0.7 -4.6 2.7489, 0.7 -5.1 2.7489, 0.7 -5.1 4.1489, -4.375 2.205 1.5989, -4.375 2.1035 1.4974, -4.4024 2.1001 1.4974, -4.375 1.385 1.5989, -4.4116 1.3886 1.5989, -4.375 1.4865 1.4974, -4.4027 1.4877 1.4974, -4.4499 1.498 1.4974, -4.4551 1.3928 1.5989, -4.4769 1.5038 1.4974, -4.5096 1.4106 1.5989, -4.5202 1.5253 1.4974, -4.547 1.4228 1.5989, -4.545 1.5375 1.4974, -4.5993 1.4554 1.5989, -4.5817 1.5689 1.4974, -4.6336 1.4767 1.5989, -4.6027 1.5869 1.4974, -4.6755 1.5204 1.5989, -4.6307 1.6263 1.4974, -4.7038 1.55 1.5989, -4.6467 1.6488 1.4974, -4.7334 1.6022 1.5989, -4.6642 1.6939 1.4974, -4.7538 1.6381 1.5989, -4.6741 1.7196 1.4974, -4.77 1.6955 1.5989, -4.6801 1.7676 1.4974, -4.7801 1.7314 1.5989, -4.6835 1.795 1.4974, -4.7821 1.7951 1.5989, -4.6823 1.8227 1.4974, -4.7833 1.8325 1.5989, -4.672 1.8699 1.4974, -4.7697 1.8945 1.5989, -4.6662 1.8969 1.4974, -4.7615 1.9318 1.5989, -4.6447 1.9402 1.4974, -4.7334 1.988 1.5989, -4.6325 1.965 1.4974, -4.7159 2.0229 1.5989, -4.6011 2.0017 1.4974, -4.6756 2.0699 1.5989, -4.5831 2.0227 1.4974, -4.653 2.0964 1.5989, -4.5437 2.0507 1.4974, -4.5992 2.1348 1.5989, -4.5212 2.0667 1.4974, -4.5701 2.1557 1.5989, -4.4761 2.0842 1.4974, -4.5094 2.1793 1.5989, -4.4504 2.0941 1.4974, -4.4753 2.1926 1.5989, -4.4114 2.2005 1.5989, -4.3384 2.2014 1.5989, -4.3476 2.1001 1.4974, -4.3473 1.4877 1.4974, -4.2996 2.0941 1.4974, -4.2949 2.1972 1.5989, -4.2739 2.0842 1.4974, -4.2404 2.1794 1.5989, -4.2288 2.0667 1.4974, -4.203 2.1672 1.5989, -4.2063 2.0507 1.4974, -4.1507 2.1346 1.5989, -4.1669 2.0227 1.4974, -4.1164 2.1133 1.5989, -4.1489 2.0017 1.4974, -4.0745 2.0696 1.5989, -4.1175 1.965 1.4974, -4.0462 2.04 1.5989, -4.1053 1.9402 1.4974, -4.0166 1.9878 1.5989, -4.0838 1.8969 1.4974, -3.9962 1.9519 1.5989, -4.078 1.8699 1.4974, -3.98 1.8945 1.5989, -4.0677 1.8227 1.4974, -3.9699 1.8586 1.5989, -4.0665 1.795 1.4974, -3.9679 1.7949 1.5989, -4.0699 1.7676 1.4974, -3.9667 1.7575 1.5989, -4.0759 1.7196 1.4974, -3.9803 1.6955 1.5989, -4.0858 1.6939 1.4974, -3.9885 1.6582 1.5989, -4.1033 1.6488 1.4974, -4.0166 1.602 1.5989, -4.1193 1.6263 1.4974, -4.0341 1.5671 1.5989, -4.1473 1.5869 1.4974, -4.0744 1.5201 1.5989, -4.1683 1.5689 1.4974, -4.097 1.4936 1.5989, -4.205 1.5375 1.4974, -4.1508 1.4552 1.5989, -4.2298 1.5253 1.4974, -4.1799 1.4343 1.5989, -4.2731 1.5038 1.4974, -4.2406 1.4107 1.5989, -4.3001 1.498 1.4974, -4.2747 1.3974 1.5989, -4.3386 1.3895 1.5989, -2.625 2.205 1.5989, -2.625 2.1035 1.4974, -2.6524 2.1001 1.4974, -2.625 1.385 1.5989, -2.6616 1.3886 1.5989, -2.625 1.4865 1.4974, -2.6527 1.4877 1.4974, -2.6999 1.498 1.4974, -2.7051 1.3928 1.5989, -2.7269 1.5038 1.4974, -2.7596 1.4106 1.5989, -2.7702 1.5253 1.4974, -2.797 1.4228 1.5989, -2.795 1.5375 1.4974, -2.8493 1.4554 1.5989, -2.8317 1.5689 1.4974, -2.8836 1.4767 1.5989, -2.8527 1.5869 1.4974, -2.9255 1.5204 1.5989, -2.8807 1.6263 1.4974, -2.9538 1.55 1.5989, -2.8967 1.6488 1.4974, -2.9834 1.6022 1.5989, -2.9142 1.6939 1.4974, -3.0038 1.6381 1.5989, -2.9241 1.7196 1.4974, -3.02 1.6955 1.5989, -2.9301 1.7676 1.4974, -3.0301 1.7314 1.5989, -2.9335 1.795 1.4974, -3.0321 1.7951 1.5989, -2.9323 1.8227 1.4974, -3.0333 1.8325 1.5989, -2.922 1.8699 1.4974, -3.0197 1.8945 1.5989, -2.9162 1.8969 1.4974, -3.0115 1.9318 1.5989, -2.8947 1.9402 1.4974, -2.9834 1.988 1.5989, -2.8825 1.965 1.4974, -2.9659 2.0229 1.5989, -2.8511 2.0017 1.4974, -2.9256 2.0699 1.5989, -2.8331 2.0227 1.4974, -2.903 2.0964 1.5989, -2.7937 2.0507 1.4974, -2.8492 2.1348 1.5989, -2.7712 2.0667 1.4974, -2.8201 2.1557 1.5989, -2.7261 2.0842 1.4974, -2.7594 2.1793 1.5989, -2.7004 2.0941 1.4974, -2.7253 2.1926 1.5989, -2.6614 2.2005 1.5989, -2.5884 2.2014 1.5989, -2.5976 2.1001 1.4974, -2.5973 1.4877 1.4974, -2.5496 2.0941 1.4974, -2.5449 2.1972 1.5989, -2.5239 2.0842 1.4974, -2.4904 2.1794 1.5989, -2.4788 2.0667 1.4974, -2.453 2.1672 1.5989, -2.4563 2.0507 1.4974, -2.4007 2.1346 1.5989, -2.4169 2.0227 1.4974, -2.3664 2.1133 1.5989, -2.3989 2.0017 1.4974, -2.3245 2.0696 1.5989, -2.3675 1.965 1.4974, -2.2962 2.04 1.5989, -2.3553 1.9402 1.4974, -2.2666 1.9878 1.5989, -2.3338 1.8969 1.4974, -2.2462 1.9519 1.5989, -2.328 1.8699 1.4974, -2.23 1.8945 1.5989, -2.3177 1.8227 1.4974, -2.2199 1.8586 1.5989, -2.3165 1.795 1.4974, -2.2179 1.7949 1.5989, -2.3199 1.7676 1.4974, -2.2167 1.7575 1.5989, -2.3259 1.7196 1.4974, -2.2303 1.6955 1.5989, -2.3358 1.6939 1.4974, -2.2385 1.6582 1.5989, -2.3533 1.6488 1.4974, -2.2666 1.602 1.5989, -2.3693 1.6263 1.4974, -2.2841 1.5671 1.5989, -2.3973 1.5869 1.4974, -2.3244 1.5201 1.5989, -2.4183 1.5689 1.4974, -2.347 1.4936 1.5989, -2.455 1.5375 1.4974, -2.4008 1.4552 1.5989, -2.4798 1.5253 1.4974, -2.4299 1.4343 1.5989, -2.5231 1.5038 1.4974, -2.4906 1.4107 1.5989, -2.5501 1.498 1.4974, -2.5247 1.3974 1.5989, -2.5886 1.3895 1.5989, -0.875 2.205 1.5989, -0.875 2.1035 1.4974, -0.9024 2.1001 1.4974, -0.875 1.385 1.5989, -0.9116 1.3886 1.5989, -0.875 1.4865 1.4974, -0.9027 1.4877 1.4974, -0.9499 1.498 1.4974, -0.9551 1.3928 1.5989, -0.9769 1.5038 1.4974, -1.0096 1.4106 1.5989, -1.0202 1.5253 1.4974, -1.047 1.4228 1.5989, -1.045 1.5375 1.4974, -1.0993 1.4554 1.5989, -1.0817 1.5689 1.4974, -1.1336 1.4767 1.5989, -1.1027 1.5869 1.4974, -1.1755 1.5204 1.5989, -1.1307 1.6263 1.4974, -1.2038 1.55 1.5989, -1.1467 1.6488 1.4974, -1.2334 1.6022 1.5989, -1.1642 1.6939 1.4974, -1.2538 1.6381 1.5989, -1.1741 1.7196 1.4974, -1.27 1.6955 1.5989, -1.1801 1.7676 1.4974, -1.2801 1.7314 1.5989, -1.1835 1.795 1.4974, -1.2821 1.7951 1.5989, -1.1823 1.8227 1.4974, -1.2833 1.8325 1.5989, -1.172 1.8699 1.4974, -1.2697 1.8945 1.5989, -1.1662 1.8969 1.4974, -1.2615 1.9318 1.5989, -1.1447 1.9402 1.4974, -1.2334 1.988 1.5989, -1.1325 1.965 1.4974, -1.2159 2.0229 1.5989, -1.1011 2.0017 1.4974, -1.1756 2.0699 1.5989, -1.0831 2.0227 1.4974, -1.153 2.0964 1.5989, -1.0437 2.0507 1.4974, -1.0992 2.1348 1.5989, -1.0212 2.0667 1.4974, -1.0701 2.1557 1.5989, -0.9761 2.0842 1.4974, -1.0094 2.1793 1.5989, -0.9504 2.0941 1.4974, -0.9753 2.1926 1.5989, -0.9114 2.2005 1.5989, -0.8384 2.2014 1.5989, -0.8476 2.1001 1.4974, -0.8473 1.4877 1.4974, -0.7996 2.0941 1.4974, -0.7949 2.1972 1.5989, -0.7739 2.0842 1.4974, -0.7404 2.1794 1.5989, -0.7288 2.0667 1.4974, -0.703 2.1672 1.5989, -0.7063 2.0507 1.4974, -0.6507 2.1346 1.5989, -0.6669 2.0227 1.4974, -0.6164 2.1133 1.5989, -0.6489 2.0017 1.4974, -0.5745 2.0696 1.5989, -0.6175 1.965 1.4974, -0.5462 2.04 1.5989, -0.6053 1.9402 1.4974, -0.5166 1.9878 1.5989, -0.5838 1.8969 1.4974, -0.4962 1.9519 1.5989, -0.578 1.8699 1.4974, -0.48 1.8945 1.5989, -0.5677 1.8227 1.4974, -0.4699 1.8586 1.5989, -0.5665 1.795 1.4974, -0.4679 1.7949 1.5989, -0.5699 1.7676 1.4974, -0.4667 1.7575 1.5989, -0.5759 1.7196 1.4974, -0.4803 1.6955 1.5989, -0.5858 1.6939 1.4974, -0.4885 1.6582 1.5989, -0.6033 1.6488 1.4974, -0.5166 1.602 1.5989, -0.6193 1.6263 1.4974, -0.5341 1.5671 1.5989, -0.6473 1.5869 1.4974, -0.5744 1.5201 1.5989, -0.6683 1.5689 1.4974, -0.597 1.4936 1.5989, -0.705 1.5375 1.4974, -0.6508 1.4552 1.5989, -0.7298 1.5253 1.4974, -0.6799 1.4343 1.5989, -0.7731 1.5038 1.4974, -0.7406 1.4107 1.5989, -0.8001 1.498 1.4974, -0.7747 1.3974 1.5989, -0.8386 1.3895 1.5989, 0.875 2.205 1.5989, 0.875 2.1035 1.4974, 0.8476 2.1001 1.4974, 0.875 1.385 1.5989, 0.8384 1.3886 1.5989, 0.875 1.4865 1.4974, 0.8473 1.4877 1.4974, 0.8001 1.498 1.4974, 0.7949 1.3928 1.5989, 0.7731 1.5038 1.4974, 0.7404 1.4106 1.5989, 0.7298 1.5253 1.4974, 0.703 1.4228 1.5989, 0.705 1.5375 1.4974, 0.6507 1.4554 1.5989, 0.6683 1.5689 1.4974, 0.6164 1.4767 1.5989, 0.6473 1.5869 1.4974, 0.5745 1.5204 1.5989, 0.6193 1.6263 1.4974, 0.5462 1.55 1.5989, 0.6033 1.6488 1.4974, 0.5166 1.6022 1.5989, 0.5858 1.6939 1.4974, 0.4962 1.6381 1.5989, 0.5759 1.7196 1.4974, 0.48 1.6955 1.5989, 0.5699 1.7676 1.4974, 0.4699 1.7314 1.5989, 0.5665 1.795 1.4974, 0.4679 1.7951 1.5989, 0.5677 1.8227 1.4974, 0.4667 1.8325 1.5989, 0.578 1.8699 1.4974, 0.4803 1.8945 1.5989, 0.5838 1.8969 1.4974, 0.4885 1.9318 1.5989, 0.6053 1.9402 1.4974, 0.5166 1.988 1.5989, 0.6175 1.965 1.4974, 0.5341 2.0229 1.5989, 0.6489 2.0017 1.4974, 0.5744 2.0699 1.5989, 0.6669 2.0227 1.4974, 0.597 2.0964 1.5989, 0.7063 2.0507 1.4974, 0.6508 2.1348 1.5989, 0.7288 2.0667 1.4974, 0.6799 2.1557 1.5989, 0.7739 2.0842 1.4974, 0.7406 2.1793 1.5989, 0.7996 2.0941 1.4974, 0.7747 2.1926 1.5989, 0.8386 2.2005 1.5989, 0.9116 2.2014 1.5989, 0.9024 2.1001 1.4974, 0.9027 1.4877 1.4974, 0.9504 2.0941 1.4974, 0.9551 2.1972 1.5989, 0.9761 2.0842 1.4974, 1.0096 2.1794 1.5989, 1.0212 2.0667 1.4974, 1.047 2.1672 1.5989, 1.0437 2.0507 1.4974, 1.0993 2.1346 1.5989, 1.0831 2.0227 1.4974, 1.1336 2.1133 1.5989, 1.1011 2.0017 1.4974, 1.1755 2.0696 1.5989, 1.1325 1.965 1.4974, 1.2038 2.04 1.5989, 1.1447 1.9402 1.4974, 1.2334 1.9878 1.5989, 1.1662 1.8969 1.4974, 1.2538 1.9519 1.5989, 1.172 1.8699 1.4974, 1.27 1.8945 1.5989, 1.1823 1.8227 1.4974, 1.2801 1.8586 1.5989, 1.1835 1.795 1.4974, 1.2821 1.7949 1.5989, 1.1801 1.7676 1.4974, 1.2833 1.7575 1.5989, 1.1741 1.7196 1.4974, 1.2697 1.6955 1.5989, 1.1642 1.6939 1.4974, 1.2615 1.6582 1.5989, 1.1467 1.6488 1.4974, 1.2334 1.602 1.5989, 1.1307 1.6263 1.4974, 1.2159 1.5671 1.5989, 1.1027 1.5869 1.4974, 1.1756 1.5201 1.5989, 1.0817 1.5689 1.4974, 1.153 1.4936 1.5989, 1.045 1.5375 1.4974, 1.0992 1.4552 1.5989, 1.0202 1.5253 1.4974, 1.0701 1.4343 1.5989, 0.9769 1.5038 1.4974, 1.0094 1.4107 1.5989, 0.9499 1.498 1.4974, 0.9753 1.3974 1.5989, 0.9114 1.3895 1.5989, 2.625 2.205 1.5989, 2.625 2.1035 1.4974, 2.5976 2.1001 1.4974, 2.625 1.385 1.5989, 2.5884 1.3886 1.5989, 2.625 1.4865 1.4974, 2.5973 1.4877 1.4974, 2.5501 1.498 1.4974, 2.5449 1.3928 1.5989, 2.5231 1.5038 1.4974, 2.4904 1.4106 1.5989, 2.4798 1.5253 1.4974, 2.453 1.4228 1.5989, 2.455 1.5375 1.4974, 2.4007 1.4554 1.5989, 2.4183 1.5689 1.4974, 2.3664 1.4767 1.5989, 2.3973 1.5869 1.4974, 2.3245 1.5204 1.5989, 2.3693 1.6263 1.4974, 2.2962 1.55 1.5989, 2.3533 1.6488 1.4974, 2.2666 1.6022 1.5989, 2.3358 1.6939 1.4974, 2.2462 1.6381 1.5989, 2.3259 1.7196 1.4974, 2.23 1.6955 1.5989, 2.3199 1.7676 1.4974, 2.2199 1.7314 1.5989, 2.3165 1.795 1.4974, 2.2179 1.7951 1.5989, 2.3177 1.8227 1.4974, 2.2167 1.8325 1.5989, 2.328 1.8699 1.4974, 2.2303 1.8945 1.5989, 2.3338 1.8969 1.4974, 2.2385 1.9318 1.5989, 2.3553 1.9402 1.4974, 2.2666 1.988 1.5989, 2.3675 1.965 1.4974, 2.2841 2.0229 1.5989, 2.3989 2.0017 1.4974, 2.3244 2.0699 1.5989, 2.4169 2.0227 1.4974, 2.347 2.0964 1.5989, 2.4563 2.0507 1.4974, 2.4008 2.1348 1.5989, 2.4788 2.0667 1.4974, 2.4299 2.1557 1.5989, 2.5239 2.0842 1.4974, 2.4906 2.1793 1.5989, 2.5496 2.0941 1.4974, 2.5247 2.1926 1.5989, 2.5886 2.2005 1.5989, 2.6616 2.2014 1.5989, 2.6524 2.1001 1.4974, 2.6527 1.4877 1.4974, 2.7004 2.0941 1.4974, 2.7051 2.1972 1.5989, 2.7261 2.0842 1.4974, 2.7596 2.1794 1.5989, 2.7712 2.0667 1.4974, 2.797 2.1672 1.5989, 2.7937 2.0507 1.4974, 2.8493 2.1346 1.5989, 2.8331 2.0227 1.4974, 2.8836 2.1133 1.5989, 2.8511 2.0017 1.4974, 2.9255 2.0696 1.5989, 2.8825 1.965 1.4974, 2.9538 2.04 1.5989, 2.8947 1.9402 1.4974, 2.9834 1.9878 1.5989, 2.9162 1.8969 1.4974, 3.0038 1.9519 1.5989, 2.922 1.8699 1.4974, 3.02 1.8945 1.5989, 2.9323 1.8227 1.4974, 3.0301 1.8586 1.5989, 2.9335 1.795 1.4974, 3.0321 1.7949 1.5989, 2.9301 1.7676 1.4974, 3.0333 1.7575 1.5989, 2.9241 1.7196 1.4974, 3.0197 1.6955 1.5989, 2.9142 1.6939 1.4974, 3.0115 1.6582 1.5989, 2.8967 1.6488 1.4974, 2.9834 1.602 1.5989, 2.8807 1.6263 1.4974, 2.9659 1.5671 1.5989, 2.8527 1.5869 1.4974, 2.9256 1.5201 1.5989, 2.8317 1.5689 1.4974, 2.903 1.4936 1.5989, 2.795 1.5375 1.4974, 2.8492 1.4552 1.5989, 2.7702 1.5253 1.4974, 2.8201 1.4343 1.5989, 2.7269 1.5038 1.4974, 2.7594 1.4107 1.5989, 2.6999 1.498 1.4974, 2.7253 1.3974 1.5989, 2.6614 1.3895 1.5989, 4.375 2.205 1.5989, 4.375 2.1035 1.4974, 4.3476 2.1001 1.4974, 4.375 1.385 1.5989, 4.3384 1.3886 1.5989, 4.375 1.4865 1.4974, 4.3473 1.4877 1.4974, 4.3001 1.498 1.4974, 4.2949 1.3928 1.5989, 4.2731 1.5038 1.4974, 4.2404 1.4106 1.5989, 4.2298 1.5253 1.4974, 4.203 1.4228 1.5989, 4.205 1.5375 1.4974, 4.1507 1.4554 1.5989, 4.1683 1.5689 1.4974, 4.1164 1.4767 1.5989, 4.1473 1.5869 1.4974, 4.0745 1.5204 1.5989, 4.1193 1.6263 1.4974, 4.0462 1.55 1.5989, 4.1033 1.6488 1.4974, 4.0166 1.6022 1.5989, 4.0858 1.6939 1.4974, 3.9962 1.6381 1.5989, 4.0759 1.7196 1.4974, 3.98 1.6955 1.5989, 4.0699 1.7676 1.4974, 3.9699 1.7314 1.5989, 4.0665 1.795 1.4974, 3.9679 1.7951 1.5989, 4.0677 1.8227 1.4974, 3.9667 1.8325 1.5989, 4.078 1.8699 1.4974, 3.9803 1.8945 1.5989, 4.0838 1.8969 1.4974, 3.9885 1.9318 1.5989, 4.1053 1.9402 1.4974, 4.0166 1.988 1.5989, 4.1175 1.965 1.4974, 4.0341 2.0229 1.5989, 4.1489 2.0017 1.4974, 4.0744 2.0699 1.5989, 4.1669 2.0227 1.4974, 4.097 2.0964 1.5989, 4.2063 2.0507 1.4974, 4.1508 2.1348 1.5989, 4.2288 2.0667 1.4974, 4.1799 2.1557 1.5989, 4.2739 2.0842 1.4974, 4.2406 2.1793 1.5989, 4.2996 2.0941 1.4974, 4.2747 2.1926 1.5989, 4.3386 2.2005 1.5989, 4.4116 2.2014 1.5989, 4.4024 2.1001 1.4974, 4.4027 1.4877 1.4974, 4.4504 2.0941 1.4974, 4.4551 2.1972 1.5989, 4.4761 2.0842 1.4974, 4.5096 2.1794 1.5989, 4.5212 2.0667 1.4974, 4.547 2.1672 1.5989, 4.5437 2.0507 1.4974, 4.5993 2.1346 1.5989, 4.5831 2.0227 1.4974, 4.6336 2.1133 1.5989, 4.6011 2.0017 1.4974, 4.6755 2.0696 1.5989, 4.6325 1.965 1.4974, 4.7038 2.04 1.5989, 4.6447 1.9402 1.4974, 4.7334 1.9878 1.5989, 4.6662 1.8969 1.4974, 4.7538 1.9519 1.5989, 4.672 1.8699 1.4974, 4.77 1.8945 1.5989, 4.6823 1.8227 1.4974, 4.7801 1.8586 1.5989, 4.6835 1.795 1.4974, 4.7821 1.7949 1.5989, 4.6801 1.7676 1.4974, 4.7833 1.7575 1.5989, 4.6741 1.7196 1.4974, 4.7697 1.6955 1.5989, 4.6642 1.6939 1.4974, 4.7615 1.6582 1.5989, 4.6467 1.6488 1.4974, 4.7334 1.602 1.5989, 4.6307 1.6263 1.4974, 4.7159 1.5671 1.5989, 4.6027 1.5869 1.4974, 4.6756 1.5201 1.5989, 4.5817 1.5689 1.4974, 4.653 1.4936 1.5989, 4.545 1.5375 1.4974, 4.5992 1.4552 1.5989, 4.5202 1.5253 1.4974, 4.5701 1.4343 1.5989, 4.4769 1.5038 1.4974, 4.5094 1.4107 1.5989, 4.4499 1.498 1.4974, 4.4753 1.3974 1.5989, 4.4114 1.3895 1.5989, -4.375 -1.385 1.5989, -4.375 -1.4865 1.4974, -4.4024 -1.4899 1.4974, -4.375 -2.205 1.5989, -4.4116 -2.2014 1.5989, -4.375 -2.1035 1.4974, -4.4027 -2.1023 1.4974, -4.4499 -2.092 1.4974, -4.4551 -2.1972 1.5989, -4.4769 -2.0862 1.4974, -4.5096 -2.1794 1.5989, -4.5202 -2.0647 1.4974, -4.547 -2.1672 1.5989, -4.545 -2.0525 1.4974, -4.5993 -2.1346 1.5989, -4.5817 -2.0211 1.4974, -4.6336 -2.1133 1.5989, -4.6027 -2.0031 1.4974, -4.6755 -2.0696 1.5989, -4.6307 -1.9637 1.4974, -4.7038 -2.04 1.5989, -4.6467 -1.9412 1.4974, -4.7334 -1.9878 1.5989, -4.6642 -1.8961 1.4974, -4.7538 -1.9519 1.5989, -4.6741 -1.8704 1.4974, -4.77 -1.8945 1.5989, -4.6801 -1.8224 1.4974, -4.7801 -1.8586 1.5989, -4.6835 -1.795 1.4974, -4.7821 -1.7949 1.5989, -4.6823 -1.7673 1.4974, -4.7833 -1.7575 1.5989, -4.672 -1.7201 1.4974, -4.7697 -1.6955 1.5989, -4.6662 -1.6931 1.4974, -4.7615 -1.6582 1.5989, -4.6447 -1.6498 1.4974, -4.7334 -1.602 1.5989, -4.6325 -1.625 1.4974, -4.7159 -1.5671 1.5989, -4.6011 -1.5883 1.4974, -4.6756 -1.5201 1.5989, -4.5831 -1.5673 1.4974, -4.653 -1.4936 1.5989, -4.5437 -1.5393 1.4974, -4.5992 -1.4552 1.5989, -4.5212 -1.5233 1.4974, -4.5701 -1.4343 1.5989, -4.4761 -1.5058 1.4974, -4.5094 -1.4107 1.5989, -4.4504 -1.4959 1.4974, -4.4753 -1.3974 1.5989, -4.4114 -1.3895 1.5989, -4.3384 -1.3886 1.5989, -4.3476 -1.4899 1.4974, -4.3473 -2.1023 1.4974, -4.2996 -1.4959 1.4974, -4.2949 -1.3928 1.5989, -4.2739 -1.5058 1.4974, -4.2404 -1.4106 1.5989, -4.2288 -1.5233 1.4974, -4.203 -1.4228 1.5989, -4.2063 -1.5393 1.4974, -4.1507 -1.4554 1.5989, -4.1669 -1.5673 1.4974, -4.1164 -1.4767 1.5989, -4.1489 -1.5883 1.4974, -4.0745 -1.5204 1.5989, -4.1175 -1.625 1.4974, -4.0462 -1.55 1.5989, -4.1053 -1.6498 1.4974, -4.0166 -1.6022 1.5989, -4.0838 -1.6931 1.4974, -3.9962 -1.6381 1.5989, -4.078 -1.7201 1.4974, -3.98 -1.6955 1.5989, -4.0677 -1.7673 1.4974, -3.9699 -1.7314 1.5989, -4.0665 -1.795 1.4974, -3.9679 -1.7951 1.5989, -4.0699 -1.8224 1.4974, -3.9667 -1.8325 1.5989, -4.0759 -1.8704 1.4974, -3.9803 -1.8945 1.5989, -4.0858 -1.8961 1.4974, -3.9885 -1.9318 1.5989, -4.1033 -1.9412 1.4974, -4.0166 -1.988 1.5989, -4.1193 -1.9637 1.4974, -4.0341 -2.0229 1.5989, -4.1473 -2.0031 1.4974, -4.0744 -2.0699 1.5989, -4.1683 -2.0211 1.4974, -4.097 -2.0964 1.5989, -4.205 -2.0525 1.4974, -4.1508 -2.1348 1.5989, -4.2298 -2.0647 1.4974, -4.1799 -2.1557 1.5989, -4.2731 -2.0862 1.4974, -4.2406 -2.1793 1.5989, -4.3001 -2.092 1.4974, -4.2747 -2.1926 1.5989, -4.3386 -2.2005 1.5989, -2.625 -1.385 1.5989, -2.625 -1.4865 1.4974, -2.6524 -1.4899 1.4974, -2.625 -2.205 1.5989, -2.6616 -2.2014 1.5989, -2.625 -2.1035 1.4974, -2.6527 -2.1023 1.4974, -2.6999 -2.092 1.4974, -2.7051 -2.1972 1.5989, -2.7269 -2.0862 1.4974, -2.7596 -2.1794 1.5989, -2.7702 -2.0647 1.4974, -2.797 -2.1672 1.5989, -2.795 -2.0525 1.4974, -2.8493 -2.1346 1.5989, -2.8317 -2.0211 1.4974, -2.8836 -2.1133 1.5989, -2.8527 -2.0031 1.4974, -2.9255 -2.0696 1.5989, -2.8807 -1.9637 1.4974, -2.9538 -2.04 1.5989, -2.8967 -1.9412 1.4974, -2.9834 -1.9878 1.5989, -2.9142 -1.8961 1.4974, -3.0038 -1.9519 1.5989, -2.9241 -1.8704 1.4974, -3.02 -1.8945 1.5989, -2.9301 -1.8224 1.4974, -3.0301 -1.8586 1.5989, -2.9335 -1.795 1.4974, -3.0321 -1.7949 1.5989, -2.9323 -1.7673 1.4974, -3.0333 -1.7575 1.5989, -2.922 -1.7201 1.4974, -3.0197 -1.6955 1.5989, -2.9162 -1.6931 1.4974, -3.0115 -1.6582 1.5989, -2.8947 -1.6498 1.4974, -2.9834 -1.602 1.5989, -2.8825 -1.625 1.4974, -2.9659 -1.5671 1.5989, -2.8511 -1.5883 1.4974, -2.9256 -1.5201 1.5989, -2.8331 -1.5673 1.4974, -2.903 -1.4936 1.5989, -2.7937 -1.5393 1.4974, -2.8492 -1.4552 1.5989, -2.7712 -1.5233 1.4974, -2.8201 -1.4343 1.5989, -2.7261 -1.5058 1.4974, -2.7594 -1.4107 1.5989, -2.7004 -1.4959 1.4974, -2.7253 -1.3974 1.5989, -2.6614 -1.3895 1.5989, -2.5884 -1.3886 1.5989, -2.5976 -1.4899 1.4974, -2.5973 -2.1023 1.4974, -2.5496 -1.4959 1.4974, -2.5449 -1.3928 1.5989, -2.5239 -1.5058 1.4974, -2.4904 -1.4106 1.5989, -2.4788 -1.5233 1.4974, -2.453 -1.4228 1.5989, -2.4563 -1.5393 1.4974, -2.4007 -1.4554 1.5989, -2.4169 -1.5673 1.4974, -2.3664 -1.4767 1.5989, -2.3989 -1.5883 1.4974, -2.3245 -1.5204 1.5989, -2.3675 -1.625 1.4974, -2.2962 -1.55 1.5989, -2.3553 -1.6498 1.4974, -2.2666 -1.6022 1.5989, -2.3338 -1.6931 1.4974, -2.2462 -1.6381 1.5989, -2.328 -1.7201 1.4974, -2.23 -1.6955 1.5989, -2.3177 -1.7673 1.4974, -2.2199 -1.7314 1.5989, -2.3165 -1.795 1.4974, -2.2179 -1.7951 1.5989, -2.3199 -1.8224 1.4974, -2.2167 -1.8325 1.5989, -2.3259 -1.8704 1.4974, -2.2303 -1.8945 1.5989, -2.3358 -1.8961 1.4974, -2.2385 -1.9318 1.5989, -2.3533 -1.9412 1.4974, -2.2666 -1.988 1.5989, -2.3693 -1.9637 1.4974, -2.2841 -2.0229 1.5989, -2.3973 -2.0031 1.4974, -2.3244 -2.0699 1.5989, -2.4183 -2.0211 1.4974, -2.347 -2.0964 1.5989, -2.455 -2.0525 1.4974, -2.4008 -2.1348 1.5989, -2.4798 -2.0647 1.4974, -2.4299 -2.1557 1.5989, -2.5231 -2.0862 1.4974, -2.4906 -2.1793 1.5989, -2.5501 -2.092 1.4974, -2.5247 -2.1926 1.5989, -2.5886 -2.2005 1.5989, -0.875 -1.385 1.5989, -0.875 -1.4865 1.4974, -0.9024 -1.4899 1.4974, -0.875 -2.205 1.5989, -0.9116 -2.2014 1.5989, -0.875 -2.1035 1.4974, -0.9027 -2.1023 1.4974, -0.9499 -2.092 1.4974, -0.9551 -2.1972 1.5989, -0.9769 -2.0862 1.4974, -1.0096 -2.1794 1.5989, -1.0202 -2.0647 1.4974, -1.047 -2.1672 1.5989, -1.045 -2.0525 1.4974, -1.0993 -2.1346 1.5989, -1.0817 -2.0211 1.4974, -1.1336 -2.1133 1.5989, -1.1027 -2.0031 1.4974, -1.1755 -2.0696 1.5989, -1.1307 -1.9637 1.4974, -1.2038 -2.04 1.5989, -1.1467 -1.9412 1.4974, -1.2334 -1.9878 1.5989, -1.1642 -1.8961 1.4974, -1.2538 -1.9519 1.5989, -1.1741 -1.8704 1.4974, -1.27 -1.8945 1.5989, -1.1801 -1.8224 1.4974, -1.2801 -1.8586 1.5989, -1.1835 -1.795 1.4974, -1.2821 -1.7949 1.5989, -1.1823 -1.7673 1.4974, -1.2833 -1.7575 1.5989, -1.172 -1.7201 1.4974, -1.2697 -1.6955 1.5989, -1.1662 -1.6931 1.4974, -1.2615 -1.6582 1.5989, -1.1447 -1.6498 1.4974, -1.2334 -1.602 1.5989, -1.1325 -1.625 1.4974, -1.2159 -1.5671 1.5989, -1.1011 -1.5883 1.4974, -1.1756 -1.5201 1.5989, -1.0831 -1.5673 1.4974, -1.153 -1.4936 1.5989, -1.0437 -1.5393 1.4974, -1.0992 -1.4552 1.5989, -1.0212 -1.5233 1.4974, -1.0701 -1.4343 1.5989, -0.9761 -1.5058 1.4974, -1.0094 -1.4107 1.5989, -0.9504 -1.4959 1.4974, -0.9753 -1.3974 1.5989, -0.9114 -1.3895 1.5989, -0.8384 -1.3886 1.5989, -0.8476 -1.4899 1.4974, -0.8473 -2.1023 1.4974, -0.7996 -1.4959 1.4974, -0.7949 -1.3928 1.5989, -0.7739 -1.5058 1.4974, -0.7404 -1.4106 1.5989, -0.7288 -1.5233 1.4974, -0.703 -1.4228 1.5989, -0.7063 -1.5393 1.4974, -0.6507 -1.4554 1.5989, -0.6669 -1.5673 1.4974, -0.6164 -1.4767 1.5989, -0.6489 -1.5883 1.4974, -0.5745 -1.5204 1.5989, -0.6175 -1.625 1.4974, -0.5462 -1.55 1.5989, -0.6053 -1.6498 1.4974, -0.5166 -1.6022 1.5989, -0.5838 -1.6931 1.4974, -0.4962 -1.6381 1.5989, -0.578 -1.7201 1.4974, -0.48 -1.6955 1.5989, -0.5677 -1.7673 1.4974, -0.4699 -1.7314 1.5989, -0.5665 -1.795 1.4974, -0.4679 -1.7951 1.5989, -0.5699 -1.8224 1.4974, -0.4667 -1.8325 1.5989, -0.5759 -1.8704 1.4974, -0.4803 -1.8945 1.5989, -0.5858 -1.8961 1.4974, -0.4885 -1.9318 1.5989, -0.6033 -1.9412 1.4974, -0.5166 -1.988 1.5989, -0.6193 -1.9637 1.4974, -0.5341 -2.0229 1.5989, -0.6473 -2.0031 1.4974, -0.5744 -2.0699 1.5989, -0.6683 -2.0211 1.4974, -0.597 -2.0964 1.5989, -0.705 -2.0525 1.4974, -0.6508 -2.1348 1.5989, -0.7298 -2.0647 1.4974, -0.6799 -2.1557 1.5989, -0.7731 -2.0862 1.4974, -0.7406 -2.1793 1.5989, -0.8001 -2.092 1.4974, -0.7747 -2.1926 1.5989, -0.8386 -2.2005 1.5989, 0.875 -1.385 1.5989, 0.875 -1.4865 1.4974, 0.8476 -1.4899 1.4974, 0.875 -2.205 1.5989, 0.8384 -2.2014 1.5989, 0.875 -2.1035 1.4974, 0.8473 -2.1023 1.4974, 0.8001 -2.092 1.4974, 0.7949 -2.1972 1.5989, 0.7731 -2.0862 1.4974, 0.7404 -2.1794 1.5989, 0.7298 -2.0647 1.4974, 0.703 -2.1672 1.5989, 0.705 -2.0525 1.4974, 0.6507 -2.1346 1.5989, 0.6683 -2.0211 1.4974, 0.6164 -2.1133 1.5989, 0.6473 -2.0031 1.4974, 0.5745 -2.0696 1.5989, 0.6193 -1.9637 1.4974, 0.5462 -2.04 1.5989, 0.6033 -1.9412 1.4974, 0.5166 -1.9878 1.5989, 0.5858 -1.8961 1.4974, 0.4962 -1.9519 1.5989, 0.5759 -1.8704 1.4974, 0.48 -1.8945 1.5989, 0.5699 -1.8224 1.4974, 0.4699 -1.8586 1.5989, 0.5665 -1.795 1.4974, 0.4679 -1.7949 1.5989, 0.5677 -1.7673 1.4974, 0.4667 -1.7575 1.5989, 0.578 -1.7201 1.4974, 0.4803 -1.6955 1.5989, 0.5838 -1.6931 1.4974, 0.4885 -1.6582 1.5989, 0.6053 -1.6498 1.4974, 0.5166 -1.602 1.5989, 0.6175 -1.625 1.4974, 0.5341 -1.5671 1.5989, 0.6489 -1.5883 1.4974, 0.5744 -1.5201 1.5989, 0.6669 -1.5673 1.4974, 0.597 -1.4936 1.5989, 0.7063 -1.5393 1.4974, 0.6508 -1.4552 1.5989, 0.7288 -1.5233 1.4974, 0.6799 -1.4343 1.5989, 0.7739 -1.5058 1.4974, 0.7406 -1.4107 1.5989, 0.7996 -1.4959 1.4974, 0.7747 -1.3974 1.5989, 0.8386 -1.3895 1.5989, 0.9116 -1.3886 1.5989, 0.9024 -1.4899 1.4974, 0.9027 -2.1023 1.4974, 0.9504 -1.4959 1.4974, 0.9551 -1.3928 1.5989, 0.9761 -1.5058 1.4974, 1.0096 -1.4106 1.5989, 1.0212 -1.5233 1.4974, 1.047 -1.4228 1.5989, 1.0437 -1.5393 1.4974, 1.0993 -1.4554 1.5989, 1.0831 -1.5673 1.4974, 1.1336 -1.4767 1.5989, 1.1011 -1.5883 1.4974, 1.1755 -1.5204 1.5989, 1.1325 -1.625 1.4974, 1.2038 -1.55 1.5989, 1.1447 -1.6498 1.4974, 1.2334 -1.6022 1.5989, 1.1662 -1.6931 1.4974, 1.2538 -1.6381 1.5989, 1.172 -1.7201 1.4974, 1.27 -1.6955 1.5989, 1.1823 -1.7673 1.4974, 1.2801 -1.7314 1.5989, 1.1835 -1.795 1.4974, 1.2821 -1.7951 1.5989, 1.1801 -1.8224 1.4974, 1.2833 -1.8325 1.5989, 1.1741 -1.8704 1.4974, 1.2697 -1.8945 1.5989, 1.1642 -1.8961 1.4974, 1.2615 -1.9318 1.5989, 1.1467 -1.9412 1.4974, 1.2334 -1.988 1.5989, 1.1307 -1.9637 1.4974, 1.2159 -2.0229 1.5989, 1.1027 -2.0031 1.4974, 1.1756 -2.0699 1.5989, 1.0817 -2.0211 1.4974, 1.153 -2.0964 1.5989, 1.045 -2.0525 1.4974, 1.0992 -2.1348 1.5989, 1.0202 -2.0647 1.4974, 1.0701 -2.1557 1.5989, 0.9769 -2.0862 1.4974, 1.0094 -2.1793 1.5989, 0.9499 -2.092 1.4974, 0.9753 -2.1926 1.5989, 0.9114 -2.2005 1.5989, 2.625 -1.385 1.5989, 2.625 -1.4865 1.4974, 2.5976 -1.4899 1.4974, 2.625 -2.205 1.5989, 2.5884 -2.2014 1.5989, 2.625 -2.1035 1.4974, 2.5973 -2.1023 1.4974, 2.5501 -2.092 1.4974, 2.5449 -2.1972 1.5989, 2.5231 -2.0862 1.4974, 2.4904 -2.1794 1.5989, 2.4798 -2.0647 1.4974, 2.453 -2.1672 1.5989, 2.455 -2.0525 1.4974, 2.4007 -2.1346 1.5989, 2.4183 -2.0211 1.4974, 2.3664 -2.1133 1.5989, 2.3973 -2.0031 1.4974, 2.3245 -2.0696 1.5989, 2.3693 -1.9637 1.4974, 2.2962 -2.04 1.5989, 2.3533 -1.9412 1.4974, 2.2666 -1.9878 1.5989, 2.3358 -1.8961 1.4974, 2.2462 -1.9519 1.5989, 2.3259 -1.8704 1.4974, 2.23 -1.8945 1.5989, 2.3199 -1.8224 1.4974, 2.2199 -1.8586 1.5989, 2.3165 -1.795 1.4974, 2.2179 -1.7949 1.5989, 2.3177 -1.7673 1.4974, 2.2167 -1.7575 1.5989, 2.328 -1.7201 1.4974, 2.2303 -1.6955 1.5989, 2.3338 -1.6931 1.4974, 2.2385 -1.6582 1.5989, 2.3553 -1.6498 1.4974, 2.2666 -1.602 1.5989, 2.3675 -1.625 1.4974, 2.2841 -1.5671 1.5989, 2.3989 -1.5883 1.4974, 2.3244 -1.5201 1.5989, 2.4169 -1.5673 1.4974, 2.347 -1.4936 1.5989, 2.4563 -1.5393 1.4974, 2.4008 -1.4552 1.5989, 2.4788 -1.5233 1.4974, 2.4299 -1.4343 1.5989, 2.5239 -1.5058 1.4974, 2.4906 -1.4107 1.5989, 2.5496 -1.4959 1.4974, 2.5247 -1.3974 1.5989, 2.5886 -1.3895 1.5989, 2.6616 -1.3886 1.5989, 2.6524 -1.4899 1.4974, 2.6527 -2.1023 1.4974, 2.7004 -1.4959 1.4974, 2.7051 -1.3928 1.5989, 2.7261 -1.5058 1.4974, 2.7596 -1.4106 1.5989, 2.7712 -1.5233 1.4974, 2.797 -1.4228 1.5989, 2.7937 -1.5393 1.4974, 2.8493 -1.4554 1.5989, 2.8331 -1.5673 1.4974, 2.8836 -1.4767 1.5989, 2.8511 -1.5883 1.4974, 2.9255 -1.5204 1.5989, 2.8825 -1.625 1.4974, 2.9538 -1.55 1.5989, 2.8947 -1.6498 1.4974, 2.9834 -1.6022 1.5989, 2.9162 -1.6931 1.4974, 3.0038 -1.6381 1.5989, 2.922 -1.7201 1.4974, 3.02 -1.6955 1.5989, 2.9323 -1.7673 1.4974, 3.0301 -1.7314 1.5989, 2.9335 -1.795 1.4974, 3.0321 -1.7951 1.5989, 2.9301 -1.8224 1.4974, 3.0333 -1.8325 1.5989, 2.9241 -1.8704 1.4974, 3.0197 -1.8945 1.5989, 2.9142 -1.8961 1.4974, 3.0115 -1.9318 1.5989, 2.8967 -1.9412 1.4974, 2.9834 -1.988 1.5989, 2.8807 -1.9637 1.4974, 2.9659 -2.0229 1.5989, 2.8527 -2.0031 1.4974, 2.9256 -2.0699 1.5989, 2.8317 -2.0211 1.4974, 2.903 -2.0964 1.5989, 2.795 -2.0525 1.4974, 2.8492 -2.1348 1.5989, 2.7702 -2.0647 1.4974, 2.8201 -2.1557 1.5989, 2.7269 -2.0862 1.4974, 2.7594 -2.1793 1.5989, 2.6999 -2.092 1.4974, 2.7253 -2.1926 1.5989, 2.6614 -2.2005 1.5989, 4.375 -1.385 1.5989, 4.375 -1.4865 1.4974, 4.3476 -1.4899 1.4974, 4.375 -2.205 1.5989, 4.3384 -2.2014 1.5989, 4.375 -2.1035 1.4974, 4.3473 -2.1023 1.4974, 4.3001 -2.092 1.4974, 4.2949 -2.1972 1.5989, 4.2731 -2.0862 1.4974, 4.2404 -2.1794 1.5989, 4.2298 -2.0647 1.4974, 4.203 -2.1672 1.5989, 4.205 -2.0525 1.4974, 4.1507 -2.1346 1.5989, 4.1683 -2.0211 1.4974, 4.1164 -2.1133 1.5989, 4.1473 -2.0031 1.4974, 4.0745 -2.0696 1.5989, 4.1193 -1.9637 1.4974, 4.0462 -2.04 1.5989, 4.1033 -1.9412 1.4974, 4.0166 -1.9878 1.5989, 4.0858 -1.8961 1.4974, 3.9962 -1.9519 1.5989, 4.0759 -1.8704 1.4974, 3.98 -1.8945 1.5989, 4.0699 -1.8224 1.4974, 3.9699 -1.8586 1.5989, 4.0665 -1.795 1.4974, 3.9679 -1.7949 1.5989, 4.0677 -1.7673 1.4974, 3.9667 -1.7575 1.5989, 4.078 -1.7201 1.4974, 3.9803 -1.6955 1.5989, 4.0838 -1.6931 1.4974, 3.9885 -1.6582 1.5989, 4.1053 -1.6498 1.4974, 4.0166 -1.602 1.5989, 4.1175 -1.625 1.4974, 4.0341 -1.5671 1.5989, 4.1489 -1.5883 1.4974, 4.0744 -1.5201 1.5989, 4.1669 -1.5673 1.4974, 4.097 -1.4936 1.5989, 4.2063 -1.5393 1.4974, 4.1508 -1.4552 1.5989, 4.2288 -1.5233 1.4974, 4.1799 -1.4343 1.5989, 4.2739 -1.5058 1.4974, 4.2406 -1.4107 1.5989, 4.2996 -1.4959 1.4974, 4.2747 -1.3974 1.5989, 4.3386 -1.3895 1.5989, 4.4116 -1.3886 1.5989, 4.4024 -1.4899 1.4974, 4.4027 -2.1023 1.4974, 4.4504 -1.4959 1.4974, 4.4551 -1.3928 1.5989, 4.4761 -1.5058 1.4974, 4.5096 -1.4106 1.5989, 4.5212 -1.5233 1.4974, 4.547 -1.4228 1.5989, 4.5437 -1.5393 1.4974, 4.5993 -1.4554 1.5989, 4.5831 -1.5673 1.4974, 4.6336 -1.4767 1.5989, 4.6011 -1.5883 1.4974, 4.6755 -1.5204 1.5989, 4.6325 -1.625 1.4974, 4.7038 -1.55 1.5989, 4.6447 -1.6498 1.4974, 4.7334 -1.6022 1.5989, 4.6662 -1.6931 1.4974, 4.7538 -1.6381 1.5989, 4.672 -1.7201 1.4974, 4.77 -1.6955 1.5989, 4.6823 -1.7673 1.4974, 4.7801 -1.7314 1.5989, 4.6835 -1.795 1.4974, 4.7821 -1.7951 1.5989, 4.6801 -1.8224 1.4974, 4.7833 -1.8325 1.5989, 4.6741 -1.8704 1.4974, 4.7697 -1.8945 1.5989, 4.6642 -1.8961 1.4974, 4.7615 -1.9318 1.5989, 4.6467 -1.9412 1.4974, 4.7334 -1.988 1.5989, 4.6307 -1.9637 1.4974, 4.7159 -2.0229 1.5989, 4.6027 -2.0031 1.4974, 4.6756 -2.0699 1.5989, 4.5817 -2.0211 1.4974, 4.653 -2.0964 1.5989, 4.545 -2.0525 1.4974, 4.5992 -2.1348 1.5989, 4.5202 -2.0647 1.4974, 4.5701 -2.1557 1.5989, 4.4769 -2.0862 1.4974, 4.5094 -2.1793 1.5989, 4.4499 -2.092 1.4974, 4.4753 -2.1926 1.5989, 4.4114 -2.2005 1.5989, -7.5221 -4.3001 0.4326, -7.5256 -4.2559 0.4326, -6.609 -3.65 0.4326, -7.0704 -4.8028 0.4326, -7.201 -4.75 0.4326, -7.2049 -4.7484 0.4326, -7.3229 -4.6648 0.4326, -7.1992 -3.653 0.4326, -7.1538 -3.6267 0.4326, -7.057 -3.5963 0.4326, -6.4871 -3.7352 0.4326, -6.4837 -3.739 0.4326, -7.0575 -4.8048 0.4326, -6.3913 -3.8439 0.4326, -6.6108 -4.747 0.4326, -6.6562 -4.7733 0.4326, -6.753 -4.8037 0.4326, -7.3263 -4.661 0.4326, -7.4187 -4.5561 0.4326, -7.4255 -4.5437 0.4326, -7.4824 -4.4392 0.4326, -7.492 -4.4056 0.4326, -6.6051 -3.6516 0.4326, -6.28 -4.2 0.4326, -6.2864 -4.2556 0.4326, -6.2966 -4.3437 0.4326, -6.3189 -4.405 0.4326, -6.9052 -4.8228 0.4326, -6.3868 -4.542 0.4326, -6.7829 -4.8131 0.4326, -6.3463 -4.4802 0.4326, -6.9276 -4.8246 0.4326, -7.0271 -3.5869 0.4326, -7.5236 -4.1444 0.4326, -7.5134 -4.0563 0.4326, -7.4911 -3.995 0.4326, -7.4637 -3.9198 0.4326, -7.4231 -3.858 0.4326, -6.9048 -3.5772 0.4326, -6.8824 -3.5754 0.4326, -6.7525 -3.5952 0.4326, -7.53 -4.2 0.4326, -6.7396 -3.5972 0.4326, -6.3845 -3.8563 0.4326, -6.3276 -3.9608 0.4326, -6.318 -3.9944 0.4326, -6.2879 -4.0999 0.4326, -6.2844 -4.1441 0.4326, -6.4255 -4.601 0.4326, -6.4861 -4.6584 0.4326, -6.5308 -4.7008 0.4326, -7.3845 -3.799 0.4326, -7.3239 -3.7416 0.4326, -7.2792 -3.6992 0.4326, 6.6562 -3.6267 0.4326, 6.753 -3.5963 0.4326, 6.2864 -4.1444 0.4326, 7.4187 -3.8439 0.4326, 6.3913 -4.5561 0.4326, 7.3263 -3.739 0.4326, 6.3845 -4.5437 0.4326, 7.3229 -3.7352 0.4326, 7.2049 -3.6516 0.4326, 6.28 -4.2 0.4326, 7.53 -4.2 0.4326, 7.5236 -4.2556 0.4326, 7.5134 -4.3437 0.4326, 7.4911 -4.405 0.4326, 7.4637 -4.4802 0.4326, 7.4231 -4.542 0.4326, 7.3845 -4.601 0.4326, 6.3868 -3.858 0.4326, 6.4255 -3.799 0.4326, 6.4861 -3.7416 0.4326, 6.7829 -3.5869 0.4326, 6.9052 -3.5772 0.4326, 6.9276 -3.5754 0.4326, 7.0575 -3.5952 0.4326, 7.0704 -3.5972 0.4326, 7.201 -3.65 0.4326, 7.4255 -3.8563 0.4326, 7.4824 -3.9608 0.4326, 7.492 -3.9944 0.4326, 7.5221 -4.0999 0.4326, 7.5256 -4.1441 0.4326, 7.3239 -4.6584 0.4326, 7.2792 -4.7008 0.4326, 7.1992 -4.747 0.4326, 7.1538 -4.7733 0.4326, 7.057 -4.8037 0.4326, 7.0271 -4.8131 0.4326, 6.609 -4.75 0.4326, 6.6051 -4.7484 0.4326, 6.4871 -4.6648 0.4326, 6.3276 -4.4392 0.4326, 6.318 -4.4056 0.4326, 6.2879 -4.3001 0.4326, 6.2844 -4.2559 0.4326, 6.5308 -3.6992 0.4326, 6.6108 -3.653 0.4326, 6.9048 -4.8228 0.4326, 6.8824 -4.8246 0.4326, 6.7525 -4.8048 0.4326, 6.4837 -4.661 0.4326, 6.7396 -4.8028 0.4326, 6.2966 -4.0563 0.4326, 6.3189 -3.995 0.4326, 6.3463 -3.9198 0.4326, -5.225 -2.35 0.5589, -5.675 -2.35 0.5589, -5.225 -2.35 0.7821, -5.675 -2.35 1.5989, -3.5 -2.35 1.5989, -1.75 -2.35 1.5989, 0.0 -2.35 1.5989, 5.225 -2.35 0.7821, 1.75 -2.35 1.5989, 3.5 -2.35 1.5989, 5.675 -2.35 0.5589, 5.225 -2.35 0.5589, 5.675 -2.35 1.5989, 5.43 -2.35 1.5989, -6.075 -1.95 1.5989, -6.0269 2.4903 1.5989, -5.9883 2.5443 1.5989, -6.0386 2.4604 1.5989, -3.5 2.4525 1.5989, -6.0416 2.4525 1.5989, -5.969 2.5712 1.5989, -5.9194 2.6137 1.5989, -5.8974 2.6326 1.5989, -5.8352 2.6637 1.5989, -5.8084 2.6771 1.5989, -5.7414 2.6918 1.5989, -5.7115 2.6984 1.5989, -5.675 2.7 1.5989, -6.075 0.0 1.5989, -3.5 0.0 1.5989, -6.075 2.3 1.5989, -6.0668 2.3667 1.5989, -6.0629 2.3979 1.5989, -6.0521 -2.0834 1.5989, -6.0668 -2.0164 1.5989, -6.0734 -1.9865 1.5989, -5.7417 -2.3418 1.5989, -5.7729 -2.3379 1.5989, -5.8354 -2.3136 1.5989, -5.8653 -2.3019 1.5989, -5.9193 -2.2633 1.5989, -5.9462 -2.244 1.5989, -5.9887 -2.1944 1.5989, -6.0076 -2.1724 1.5989, -6.0387 -2.1102 1.5989, 6.0668 -2.0167 1.5989, 6.0629 -2.0479 1.5989, 5.8352 -2.3137 1.5989, 5.8084 -2.3271 1.5989, 5.7414 -2.3418 1.5989, 6.0386 -2.1104 1.5989, 6.0269 -2.1403 1.5989, 5.9883 -2.1943 1.5989, 5.969 -2.2212 1.5989, 5.9194 -2.2637 1.5989, 5.8974 -2.2826 1.5989, 5.7115 -2.3484 1.5989, 6.0668 2.3664 1.5989, 5.43 2.4525 1.5989, 6.0521 2.4334 1.5989, 6.0426 2.4525 1.5989, 6.0734 2.3365 1.5989, 6.075 2.3 1.5989, 5.43 0.0 1.5989, 6.075 0.0 1.5989, 6.075 -1.95 1.5989, 5.675 2.7 1.5989, 5.7417 2.6918 1.5989, 5.7729 2.6879 1.5989, 5.8354 2.6636 1.5989, 5.8653 2.6519 1.5989, 5.9193 2.6133 1.5989, 5.9462 2.594 1.5989, 5.9887 2.5444 1.5989, 6.0076 2.5224 1.5989, 6.0387 2.4602 1.5989, -1.75 0.0 1.5989, -1.75 2.4525 1.5989, 0.0 0.0 1.5989, 0.0 2.4525 1.5989, 1.75 0.0 1.5989, 1.75 2.4525 1.5989, 3.5 0.0 1.5989, 3.5 2.4525 1.5989, -3.5 2.7 1.5989, -1.75 2.7 1.5989, 0.0 2.7 1.5989, 1.75 2.7 1.5989, 3.5 2.7 1.5989, 5.43 2.7 1.5989, -7.5236 -4.2556 0.0389, -7.53 -4.2 0.0389, -6.28 -4.2 0.0389, -6.2844 -4.2559 0.0389, -6.2879 -4.3001 0.0389, -6.318 -4.4056 0.0389, -6.3276 -4.4392 0.0389, -6.3845 -4.5437 0.0389, -6.3913 -4.5561 0.0389, -6.4837 -4.661 0.0389, -7.5134 -4.3437 0.0389, -7.4911 -4.405 0.0389, -7.4637 -4.4802 0.0389, -7.4231 -4.542 0.0389, -7.3845 -4.601 0.0389, -7.3239 -4.6584 0.0389, -7.2792 -4.7008 0.0389, -7.1992 -4.747 0.0389, -7.1538 -4.7733 0.0389, -7.057 -4.8037 0.0389, -7.0271 -4.8131 0.0389, -6.9048 -4.8228 0.0389, -6.8824 -4.8246 0.0389, -6.7525 -4.8048 0.0389, -6.7396 -4.8028 0.0389, -6.609 -4.75 0.0389, -6.6051 -4.7484 0.0389, -6.4871 -4.6648 0.0389, -6.2864 -4.1444 0.0389, -7.5256 -4.1441 0.0389, -7.5221 -4.0999 0.0389, -7.492 -3.9944 0.0389, -7.4824 -3.9608 0.0389, -7.4255 -3.8563 0.0389, -7.4187 -3.8439 0.0389, -7.3263 -3.739 0.0389, -6.2966 -4.0563 0.0389, -6.3189 -3.995 0.0389, -6.3463 -3.9198 0.0389, -6.3868 -3.858 0.0389, -6.4255 -3.799 0.0389, -6.4861 -3.7416 0.0389, -6.5308 -3.6992 0.0389, -6.6108 -3.653 0.0389, -6.6562 -3.6267 0.0389, -6.753 -3.5963 0.0389, -6.7829 -3.5869 0.0389, -6.9052 -3.5772 0.0389, -6.9276 -3.5754 0.0389, -7.0575 -3.5952 0.0389, -7.0704 -3.5972 0.0389, -7.201 -3.65 0.0389, -7.2049 -3.6516 0.0389, -7.3229 -3.7352 0.0389, 0.7124 -4.5875 2.6795, 0.7031 -4.5969 2.714, -0.7176 -4.5824 2.6685, -0.9 -4.4 2.5489, 0.9 -4.4 2.5489, -0.8669 -4.4331 2.554, 0.8667 -4.4333 2.5532, -0.8396 -4.4604 2.5582, 0.8495 -4.4504 2.5554, -0.8203 -4.4796 2.5679, 0.8201 -4.4799 2.5677, -0.7829 -4.5171 2.5868, 0.7979 -4.5021 2.5769, -0.7776 -4.5224 2.5917, 0.7782 -4.5218 2.5926, -0.7463 -4.5537 2.6209, 0.7557 -4.5443 2.6104, -0.7428 -4.5572 2.6263, 0.7433 -4.5567 2.6268, -0.7206 -4.5794 2.6604, 0.7276 -4.5724 2.6476, 0.7176 -4.5824 2.6685, 0.7029 -4.597 2.7154, -0.7014 -4.5986 2.7255, -0.7033 -4.5966 2.7155, -0.7073 -4.5927 2.6953, -0.7042 -5.1 2.7156, -0.7771 -5.1 2.5912, -0.7527 -5.1 2.6136, -0.7428 -4.5572 2.6263, -0.7434 -5.1 2.6268, -0.7231 -5.1 2.6555, -0.7176 -4.5824 2.6685, -0.7181 -5.1 2.6687, -0.7063 -5.1 2.6993, -0.7775 -5.1 2.5908, -0.7776 -4.5224 2.5917, -0.8192 -5.1 2.5659, -0.8193 -5.1 2.5659, -0.8203 -4.4796 2.5679, -0.8645 -5.1 2.5521, -0.8665 -5.1 2.5519, -0.9 -5.1 2.5489, -5.3783 -3.6443 2.5489, -5.3918 -3.658 2.5489, -5.4274 -3.6216 2.5426, -5.3401 -3.6201 2.5489, -5.351 -3.627 2.5489, -5.376 -3.5829 2.5426, -5.2976 -3.605 2.5489, -5.3036 -3.6072 2.5489, -5.3165 -3.5586 2.5426, -5.6438 -3.7331 2.3489, -5.6372 -3.6898 2.3489, -5.6342 -3.6907 2.3844, -5.4098 -3.4357 2.3489, -5.3549 -3.4133 2.3489, -5.3541 -3.4163 2.3844, -5.3153 -3.4081 2.3489, -5.2527 -3.4 2.3489, -5.2527 -3.403 2.3824, -5.4946 -3.4856 2.3489, -5.4503 -3.4522 2.3489, -5.4488 -3.455 2.3844, -5.5645 -3.5547 2.3489, -5.5326 -3.5142 2.3489, -5.5304 -3.5165 2.3844, -5.6152 -3.6389 2.3489, -5.5936 -3.5968 2.3844, -5.5963 -3.5952 2.3489, -5.6386 -3.8934 2.3824, -5.6415 -3.8941 2.3489, -5.6495 -3.7917 2.3844, -5.6483 -3.8313 2.3489, -5.6526 -3.7917 2.3489, -5.2527 -3.4032 2.3844, -5.2527 -3.417 2.4296, -5.3506 -3.4297 2.4297, -5.6249 -3.8901 2.4297, -5.625 -3.8901 2.4296, -5.6384 -3.8934 2.3844, -5.2527 -3.417 2.4297, -5.2527 -3.4419 2.4714, -5.3442 -3.4538 2.4714, -5.2527 -3.4423 2.4718, -5.3384 -3.4758 2.4962, -5.6356 -3.792 2.4297, -5.6108 -3.7925 2.4714, -5.6008 -3.8843 2.4714, -5.588 -3.793 2.4962, -5.2527 -3.4647 2.4962, -5.2527 -3.4779 2.5055, -5.3277 -3.5163 2.5258, -5.5461 -3.7939 2.5258, -5.5658 -3.8758 2.5055, -5.5786 -3.8789 2.4962, -5.2527 -3.5066 2.5258, -5.2527 -3.5198 2.5308, -5.5817 -3.6039 2.4297, -5.6209 -3.6945 2.4297, -5.5604 -3.6167 2.4714, -5.597 -3.7013 2.4714, -5.5408 -3.6283 2.4962, -5.5751 -3.7076 2.4962, -5.5048 -3.6498 2.5258, -5.5348 -3.7192 2.5258, -5.4672 -3.6722 2.5426, -5.4927 -3.7312 2.5426, -5.4795 -3.8549 2.5447, -5.4954 -3.8587 2.5426, -5.5023 -3.7948 2.5426, -5.5251 -3.8659 2.5308, -5.5379 -3.869 2.5258, -5.2527 -3.6 2.5489, -5.2527 -3.5667 2.5447, -5.2527 -3.5504 2.5426, -5.4419 -3.467 2.4297, -5.4296 -3.4886 2.4714, -5.4184 -3.5084 2.4962, -5.3977 -3.5449 2.5258, -5.5207 -3.5264 2.4297, -5.5033 -3.5442 2.4714, -5.4874 -3.5604 2.4962, -5.458 -3.5904 2.5258, -5.4099 -3.6763 2.5489, -5.4235 -3.6982 2.5489, -5.4337 -3.7148 2.5489, -5.4441 -3.7452 2.5489, -5.4479 -3.7565 2.5489, -5.4471 -3.8471 2.5489, -5.4527 -3.805 2.5489, -5.4518 -3.7959 2.5489, 0.8193 -5.1 2.5659, 0.8645 -5.1 2.5521, 0.8665 -5.1 2.5519, 0.8667 -4.4333 2.5532, 0.9 -5.1 2.5489, 0.8192 -5.1 2.5659, 0.7782 -4.5218 2.5926, 0.7181 -5.1 2.6687, 0.7063 -5.1 2.6993, 0.7029 -4.597 2.7154, 0.7775 -5.1 2.5908, 0.7771 -5.1 2.5912, 0.7527 -5.1 2.6136, 0.7434 -5.1 2.6268, 0.7231 -5.1 2.6555, 0.7042 -5.1 2.7156, 6.2864 -4.2556 0.0389, 6.28 -4.2 0.0389, 7.53 -4.2 0.0389, 7.5256 -4.2559 0.0389, 7.5221 -4.3001 0.0389, 7.492 -4.4056 0.0389, 7.4824 -4.4392 0.0389, 7.4255 -4.5437 0.0389, 7.4187 -4.5561 0.0389, 7.3263 -4.661 0.0389, 6.2966 -4.3437 0.0389, 6.3189 -4.405 0.0389, 6.3463 -4.4802 0.0389, 6.3868 -4.542 0.0389, 6.4255 -4.601 0.0389, 6.4861 -4.6584 0.0389, 6.5308 -4.7008 0.0389, 6.6108 -4.747 0.0389, 6.6562 -4.7733 0.0389, 6.753 -4.8037 0.0389, 6.7829 -4.8131 0.0389, 6.9052 -4.8228 0.0389, 6.9276 -4.8246 0.0389, 7.0575 -4.8048 0.0389, 7.0704 -4.8028 0.0389, 7.201 -4.75 0.0389, 7.2049 -4.7484 0.0389, 7.3229 -4.6648 0.0389, 7.5236 -4.1444 0.0389, 6.2844 -4.1441 0.0389, 6.2879 -4.0999 0.0389, 6.318 -3.9944 0.0389, 6.3276 -3.9608 0.0389, 6.3845 -3.8563 0.0389, 6.3913 -3.8439 0.0389, 6.4837 -3.739 0.0389, 7.5134 -4.0563 0.0389, 7.4911 -3.995 0.0389, 7.4637 -3.9198 0.0389, 7.4231 -3.858 0.0389, 7.3845 -3.799 0.0389, 7.3239 -3.7416 0.0389, 7.2792 -3.6992 0.0389, 7.1992 -3.653 0.0389, 7.1538 -3.6267 0.0389, 7.057 -3.5963 0.0389, 7.0271 -3.5869 0.0389, 6.9048 -3.5772 0.0389, 6.8824 -3.5754 0.0389, 6.7525 -3.5952 0.0389, 6.7396 -3.5972 0.0389, 6.609 -3.65 0.0389, 6.6051 -3.6516 0.0389, 6.4871 -3.7352 0.0389, -5.6415 -3.8941 1.5989, -5.2527 -3.4 0.5589, -5.3158 -3.405 0.5589, -5.3161 -3.4051 0.5589, -5.411 -3.4328 0.5589, -5.4119 -3.433 0.5589, -5.4965 -3.4831 0.5589, -5.4978 -3.4839 0.5589, -5.5669 -3.5528 0.5589, -5.5684 -3.5544 0.5589, -5.618 -3.6378 0.5589, -5.6194 -3.6402 0.5589, -5.6466 -3.7327 0.5589, -5.6476 -3.7359 0.5589, -5.651 -3.8317 0.5589, -5.6511 -3.8356 0.5589, -5.6415 -3.8941 0.5589, 5.2527 -3.4 2.3489, 5.2527 -3.4028 2.3824, 5.2527 -3.6 2.5489, 5.2527 -3.5665 2.5461, 5.2527 -3.5646 2.5455, 5.2527 -3.5193 2.5319, 5.2527 -3.5192 2.5318, 5.2527 -3.4771 2.5067, 5.2527 -3.4537 2.4833, 5.2527 -3.4422 2.4718, 5.2527 -3.417 2.4296, 5.2527 -3.4242 2.4417, 5.2527 -3.4076 2.3982, 7.0575 4.8048 0.4326, 7.0704 4.8028 0.4326, 7.201 4.75 0.4326, 7.5221 4.3001 0.4326, 7.5256 4.2559 0.4326, 6.3913 3.8439 0.4326, 7.2049 4.7484 0.4326, 7.3229 4.6648 0.4326, 6.28 4.2 0.4326, 6.2864 4.2556 0.4326, 7.3263 4.661 0.4326, 7.4187 4.5561 0.4326, 7.4255 4.5437 0.4326, 7.4824 4.4392 0.4326, 7.492 4.4056 0.4326, 7.53 4.2 0.4326, 7.5236 4.1444 0.4326, 7.5134 4.0563 0.4326, 6.3276 3.9608 0.4326, 6.318 3.9944 0.4326, 7.4911 3.995 0.4326, 7.4637 3.9198 0.4326, 7.4231 3.858 0.4326, 6.3845 3.8563 0.4326, 6.2879 4.0999 0.4326, 6.2844 4.1441 0.4326, 6.6562 4.7733 0.4326, 6.753 4.8037 0.4326, 7.3845 3.799 0.4326, 7.3239 3.7416 0.4326, 6.4837 3.739 0.4326, 7.2792 3.6992 0.4326, 7.1992 3.653 0.4326, 6.2966 4.3437 0.4326, 6.3189 4.405 0.4326, 6.3463 4.4802 0.4326, 6.7829 4.8131 0.4326, 6.9052 4.8228 0.4326, 6.9276 4.8246 0.4326, 6.3868 4.542 0.4326, 6.4255 4.601 0.4326, 6.4861 4.6584 0.4326, 6.5308 4.7008 0.4326, 6.6108 4.747 0.4326, 7.1538 3.6267 0.4326, 7.057 3.5963 0.4326, 7.0271 3.5869 0.4326, 6.9048 3.5772 0.4326, 6.8824 3.5754 0.4326, 6.7525 3.5952 0.4326, 6.7396 3.5972 0.4326, 6.609 3.65 0.4326, 6.4871 3.7352 0.4326, 6.6051 3.6516 0.4326, -7.3229 3.7352 0.4326, -7.3263 3.739 0.4326, -6.3913 4.5561 0.4326, -7.0704 3.5972 0.4326, -7.201 3.65 0.4326, -6.318 4.4056 0.4326, -6.3276 4.4392 0.4326, -7.2049 3.6516 0.4326, -6.9048 4.8228 0.4326, -6.8824 4.8246 0.4326, -6.7525 4.8048 0.4326, -6.3845 4.5437 0.4326, -7.4187 3.8439 0.4326, -7.4255 3.8563 0.4326, -7.4824 3.9608 0.4326, -7.492 3.9944 0.4326, -7.5221 4.0999 0.4326, -7.5256 4.1441 0.4326, -7.53 4.2 0.4326, -7.5236 4.2556 0.4326, -6.4837 4.661 0.4326, -7.5134 4.3437 0.4326, -7.4911 4.405 0.4326, -7.0575 3.5952 0.4326, -6.2879 4.3001 0.4326, -6.2844 4.2559 0.4326, -6.4255 3.799 0.4326, -6.4861 3.7416 0.4326, -6.2864 4.1444 0.4326, -6.7396 4.8028 0.4326, -6.609 4.75 0.4326, -6.5308 3.6992 0.4326, -6.6108 3.653 0.4326, -6.6562 3.6267 0.4326, -7.4637 4.4802 0.4326, -7.4231 4.542 0.4326, -7.3845 4.601 0.4326, -7.3239 4.6584 0.4326, -7.2792 4.7008 0.4326, -7.1992 4.747 0.4326, -6.6051 4.7484 0.4326, -6.4871 4.6648 0.4326, -6.2966 4.0563 0.4326, -6.3189 3.995 0.4326, -6.753 3.5963 0.4326, -6.7829 3.5869 0.4326, -6.9052 3.5772 0.4326, -6.28 4.2 0.4326, -6.9276 3.5754 0.4326, -7.1538 4.7733 0.4326, -7.057 4.8037 0.4326, -7.0271 4.8131 0.4326, -6.3868 3.858 0.4326, -6.3463 3.9198 0.4326, -5.675 2.7 0.5589, -5.742 2.6943 0.5589, -6.075 2.3 0.5589, -6.0693 2.367 0.5589, -6.041 2.4613 0.5589, -5.9905 2.5459 0.5589, -5.9209 2.6155 0.5589, -5.8363 2.666 0.5589, -6.075 -1.95 0.5589, -6.0693 -2.017 0.5589, -5.742 -2.3443 0.5589, -5.8363 -2.316 0.5589, -5.9209 -2.2655 0.5589, -5.9905 -2.1959 0.5589, -6.041 -2.1113 0.5589, 5.225 -2.3533 0.746, -5.225 -2.3533 0.746, 5.225 -2.366 0.7037, -5.225 -2.366 0.7037, 5.225 -2.3877 0.6652, -5.225 -2.3877 0.6652, 5.225 -2.4114 0.6379, -5.225 -2.4114 0.6379, 5.742 -2.3443 0.5589, 6.075 -1.95 0.5589, 6.0693 -2.017 0.5589, 6.041 -2.1113 0.5589, 5.9905 -2.1959 0.5589, 5.9209 -2.2655 0.5589, 5.8363 -2.316 0.5589, 6.075 2.3 0.5589, 5.675 2.7 0.5589, 5.742 2.6943 0.5589, 5.8363 2.666 0.5589, 5.9209 2.6155 0.5589, 5.9905 2.5459 0.5589, 6.041 2.4613 0.5589, 6.0693 2.367 0.5589, 10.8841 -0.4125 0.5589, 10.8064 -0.5913 0.5589, 8.5259 0.4125 0.5589, 10.5571 -0.9146 0.5589, 10.5478 -0.922 0.5589, 8.5265 -0.4125 0.5589, 8.4769 -0.234 0.5589, 8.4634 -0.1117 0.5589, 10.9466 0.1117 0.5589, 10.9331 0.234 0.5589, 10.8835 0.4125 0.5589, 10.6954 -0.7629 0.5589, 10.7449 -0.6865 0.5589, 8.4557 -0.0413 0.5589, 8.455 -0.0 0.5589, 8.4641 0.1117 0.5589, 8.4717 0.2048 0.5589, 8.5216 0.4028 0.5589, 8.6036 0.5913 0.5589, 8.6651 0.6865 0.5589, 8.7146 0.7629 0.5589, 10.1896 1.1523 0.5589, 10.2955 1.0972 0.5589, 8.8622 0.922 0.5589, 8.8529 0.9146 0.5589, 10.8783 0.4313 0.5589, 10.7919 0.6176 0.5589, 10.9543 0.0413 0.5589, 10.955 0.0 0.5589, 10.9459 -0.1117 0.5589, 10.3965 -1.0416 0.5589, 10.2954 -1.0972 0.5589, 10.2175 -1.1401 0.5589, 8.6181 -0.6176 0.5589, 8.5317 -0.4313 0.5589, 9.705 -1.246 0.5589, 9.8228 -1.2446 0.5589, 9.0135 1.0416 0.5589, 9.1146 1.0972 0.5589, 9.3997 1.2113 0.5589, 9.1925 1.1401 0.5589, 9.3862 1.2089 0.5589, 9.5872 1.2446 0.5589, 9.705 1.246 0.5589, 9.7927 1.247 0.5589, 10.9383 -0.2048 0.5589, 10.8884 -0.4028 0.5589, 10.0238 -1.2089 0.5589, 10.0103 -1.2113 0.5589, 9.4151 -1.2161 0.5589, 9.3999 -1.2111 0.5589, 8.665 -0.6864 0.5589, 9.9949 1.2161 0.5589, 10.0101 1.2111 0.5589, 10.5474 0.9217 0.5589, 10.6768 0.7864 0.5589, 10.745 0.6864 0.5589, 8.8626 -0.9217 0.5589, 9.1145 -1.0972 0.5589, 8.8753 -0.935 0.5589, 9.0384 -1.0577 0.5589, 9.2204 -1.1523 0.5589, 8.7332 -0.7864 0.5589, 10.3716 1.0577 0.5589, 10.5347 0.935 0.5589, 9.6173 -1.247 0.5589, -10.5571 0.9146 0.5589, -10.5478 0.922 0.5589, -8.5265 0.4125 0.5589, -10.6954 0.7629 0.5589, -9.8228 1.2446 0.5589, -9.705 1.246 0.5589, -9.1145 1.0972 0.5589, -10.9466 -0.1117 0.5589, -10.9331 -0.234 0.5589, -8.4769 0.234 0.5589, -8.4634 0.1117 0.5589, -10.7919 -0.6176 0.5589, -10.8783 -0.4313 0.5589, -8.8622 -0.922 0.5589, -10.8835 -0.4125 0.5589, -9.6173 1.247 0.5589, -9.4151 1.2161 0.5589, -9.3999 1.2111 0.5589, -8.8753 0.935 0.5589, -8.8626 0.9217 0.5589, -8.7332 0.7864 0.5589, -8.665 0.6864 0.5589, -8.6181 0.6176 0.5589, -8.5317 0.4313 0.5589, -8.4557 0.0413 0.5589, -8.455 0.0 0.5589, -8.4641 -0.1117 0.5589, -8.6651 -0.6865 0.5589, -8.6036 -0.5913 0.5589, -8.5259 -0.4125 0.5589, -8.7146 -0.7629 0.5589, -8.8529 -0.9146 0.5589, -10.9543 -0.0413 0.5589, -10.955 -0.0 0.5589, -10.9459 0.1117 0.5589, -10.8841 0.4125 0.5589, -10.8064 0.5913 0.5589, -10.7449 0.6865 0.5589, -10.3965 1.0416 0.5589, -10.2954 1.0972 0.5589, -10.2175 1.1401 0.5589, -9.2204 1.1523 0.5589, -9.0384 1.0577 0.5589, -8.4717 -0.2048 0.5589, -8.5216 -0.4028 0.5589, -10.2955 -1.0972 0.5589, -10.1896 -1.1523 0.5589, -10.0101 -1.2111 0.5589, -10.9383 0.2048 0.5589, -10.8884 0.4028 0.5589, -10.0238 1.2089 0.5589, -10.0103 1.2113 0.5589, -9.3862 -1.2089 0.5589, -9.3997 -1.2113 0.5589, -9.1925 -1.1401 0.5589, -9.1146 -1.0972 0.5589, -10.5474 -0.9217 0.5589, -10.6768 -0.7864 0.5589, -10.745 -0.6864 0.5589, -9.5872 -1.2446 0.5589, -9.705 -1.246 0.5589, -9.7927 -1.247 0.5589, -10.3716 -1.0577 0.5589, -10.5347 -0.935 0.5589, -9.0135 -1.0416 0.5589, -9.9949 -1.2161 0.5589, -7.8518 -4.7599 0.0389, -7.9547 -4.5289 0.0389, -7.6989 -4.9614 0.0389, -7.5041 -5.1225 0.0389, -5.9582 -3.6401 0.0389, -5.8553 -3.8711 0.0389, -7.2776 -3.165 0.0389, -7.5041 -3.2775 0.0389, -7.6989 -3.4386 0.0389, -6.5324 -5.235 0.0389, -6.3059 -5.1225 0.0389, -6.1111 -4.9614 0.0389, -6.1111 -3.4386 0.0389, -6.3059 -3.2775 0.0389, -7.0314 -3.1073 0.0389, -7.8518 -3.6401 0.0389, -6.7786 -5.2927 0.0389, -5.9582 -4.7599 0.0389, -6.7786 -3.1073 0.0389, -7.9547 -3.8711 0.0389, -7.0314 -5.2927 0.0389, -5.8553 -4.5289 0.0389, -6.5324 -3.165 0.0389, -8.002 -4.1194 0.0389, -8.005 -4.2 0.0389, -8.002 -4.2806 0.0389, -7.2776 -5.235 0.0389, -5.808 -4.2806 0.0389, -5.805 -4.2 0.0389, -5.808 -4.1194 0.0389, -7.9963 -4.9064 0.2389, -8.0191 -4.8594 0.2389, -8.0215 -4.8603 0.2054, -8.2022 -4.2 0.2054, -8.1987 -4.295 0.2054, -8.205 -4.2 0.2389, -8.2012 -4.2952 0.2389, -8.201 -4.3024 0.2389, -8.1428 -4.5879 0.2054, -8.1422 -4.5881 0.2389, -8.1363 -4.6171 0.2389, -7.8378 -5.0952 0.2389, -7.8412 -5.0978 0.2054, -7.7897 -5.1525 0.2389, -7.6115 -5.2879 0.2054, -7.6081 -5.2834 0.2389, -7.5291 -5.3404 0.2389, -7.3444 -5.4205 0.2054, -7.3419 -5.4145 0.2389, -7.2303 -5.4586 0.2389, -7.0541 -5.4886 0.2054, -7.0532 -5.4816 0.2389, -6.9117 -5.5 0.2389, -6.7559 -5.4886 0.2054, -6.7568 -5.4815 0.2389, -6.5926 -5.4619 0.2389, -6.4656 -5.4205 0.2054, -6.4681 -5.4141 0.2389, -6.2927 -5.3467 0.2389, -6.1985 -5.2879 0.2054, -6.2022 -5.2829 0.2389, -6.0301 -5.1615 0.2389, -5.9688 -5.0978 0.2054, -5.9727 -5.0946 0.2389, -5.821 -4.9176 0.2389, -5.7885 -4.8603 0.2054, -5.7918 -4.8589 0.2389, -5.6781 -4.6298 0.2389, -5.6672 -4.5879 0.2054, -5.669 -4.5878 0.2389, -5.6102 -4.3157 0.2389, -5.6113 -4.295 0.2054, -5.6092 -4.2952 0.2389, -5.605 -4.2 0.2389, -5.6078 -4.2 0.2054, -5.622 -4.2 0.1582, -5.6472 -4.2 0.116, -5.6254 -4.294 0.1582, -5.6821 -4.2 0.0811, -5.6506 -4.2921 0.116, -5.7243 -4.2 0.0559, -5.6853 -4.2896 0.0811, -5.7715 -4.2 0.0417, -5.7275 -4.2865 0.0559, -5.7745 -4.283 0.0417, -5.8234 -4.539 0.0417, -5.9293 -4.777 0.0417, -6.0869 -4.9845 0.0417, -6.2877 -5.1506 0.0417, -6.521 -5.2665 0.0417, -6.7747 -5.326 0.0417, -7.0353 -5.326 0.0417, -7.289 -5.2665 0.0417, -7.5223 -5.1506 0.0417, -7.7231 -4.9845 0.0417, -7.8807 -4.777 0.0417, -7.9866 -4.539 0.0417, -8.0355 -4.283 0.0417, -8.0385 -4.2 0.0417, -5.7784 -4.5531 0.0559, -5.8888 -4.801 0.0559, -6.0528 -5.0172 0.0559, -6.262 -5.1902 0.0559, -6.5051 -5.3109 0.0559, -6.7693 -5.3728 0.0559, -7.0407 -5.3728 0.0559, -7.3049 -5.3109 0.0559, -7.548 -5.1902 0.0559, -7.7572 -5.0172 0.0559, -7.9212 -4.801 0.0559, -8.0316 -4.5531 0.0559, -8.0825 -4.2865 0.0559, -8.0857 -4.2 0.0559, -5.738 -4.5657 0.0811, -5.8524 -4.8225 0.0811, -6.0223 -5.0464 0.0811, -6.2389 -5.2256 0.0811, -6.4907 -5.3506 0.0811, -6.7644 -5.4148 0.0811, -7.0456 -5.4148 0.0811, -7.3193 -5.3506 0.0811, -7.5711 -5.2256 0.0811, -7.7877 -5.0464 0.0811, -7.9576 -4.8225 0.0811, -8.072 -4.5657 0.0811, -8.1247 -4.2896 0.0811, -8.1279 -4.2 0.0811, -5.7048 -4.5761 0.116, -5.8224 -4.8402 0.116, -5.9972 -5.0705 0.116, -6.22 -5.2548 0.116, -6.479 -5.3834 0.116, -6.7604 -5.4494 0.116, -7.0496 -5.4494 0.116, -7.331 -5.3834 0.116, -7.59 -5.2548 0.116, -7.8128 -5.0705 0.116, -7.9876 -4.8402 0.116, -8.1052 -4.5761 0.116, -8.1594 -4.2921 0.116, -8.1628 -4.2 0.116, -5.6807 -4.5837 0.1582, -5.8007 -4.8531 0.1582, -5.979 -5.088 0.1582, -6.2062 -5.276 0.1582, -6.4704 -5.4072 0.1582, -6.7575 -5.4745 0.1582, -7.0525 -5.4745 0.1582, -7.3396 -5.4072 0.1582, -7.6038 -5.276 0.1582, -7.831 -5.088 0.1582, -8.0093 -4.8531 0.1582, -8.1293 -4.5837 0.1582, -8.1846 -4.294 0.1582, -8.188 -4.2 0.1582, -6.8055 -5.494 2.3741, -6.905 -5.5 2.3489, -6.7785 -5.4846 2.3489, -6.5926 -5.4619 2.3489, -6.5253 -5.4361 2.3489, -6.522 -5.4452 2.3824, -6.2927 -5.3467 2.3489, -6.2842 -5.3408 2.3489, -6.2821 -5.3443 2.3824, -5.6102 -4.3157 2.3489, -5.6109 -4.2933 2.3489, -5.6055 -4.2934 2.3824, -5.5393 -4.0237 2.5067, -5.4092 -4.0873 2.5489, -5.4092 -4.3118 2.5489, -5.4423 -4.3051 2.5461, -5.4425 -4.5335 2.5489, -5.4635 -4.6017 2.5489, -5.4924 -4.5938 2.5461, -6.4553 -5.4537 2.4596, -6.2753 -5.3567 2.4296, -6.4145 -5.4444 2.4683, -6.2632 -5.3789 2.4718, -6.5053 -5.4652 2.4489, -6.5178 -5.4588 2.4296, -6.2466 -5.406 2.5043, -6.2496 -5.4066 2.5037, -6.2956 -5.4172 2.4938, -6.3483 -5.4292 2.4825, -6.4016 -5.4414 2.4711, -6.1133 -5.37 2.5252, -6.0193 -5.2545 2.5067, -6.1064 -5.3679 2.5259, -5.9921 -5.2868 2.5319, -6.173 -5.3884 2.519, -6.1828 -5.3913 2.518, -6.2338 -5.403 2.507, -5.976 -5.3279 2.5395, -5.9666 -5.325 2.5404, -5.9587 -5.3226 2.5413, -6.0102 -5.3384 2.5359, -6.0544 -5.352 2.5313, -5.8852 -5.3 2.5489, -5.9238 -5.3119 2.5449, -5.7325 -5.1357 2.5489, -5.7574 -5.113 2.5461, -5.7313 -5.1338 2.5489, -5.606 -4.95 2.5489, -5.5087 -4.7481 2.5489, -5.5988 -4.8667 2.5461, -5.5724 -4.8803 2.5489, -5.4506 -4.0123 2.5461, -5.4208 -4.0085 2.5489, -5.4401 -3.8772 2.5489, -5.4973 -4.0183 2.5319, -5.5738 -4.0282 2.4718, -5.6129 -4.0332 2.3824, -5.62 -4.0337 2.3489, -5.6213 -3.9946 2.3489, -5.5988 -4.0314 2.4296, -5.7446 -4.7923 2.3824, -5.756 -4.7866 2.3489, -5.6781 -4.6298 2.3489, -5.8855 -5.0111 2.3824, -5.8946 -5.0035 2.3489, -5.821 -4.9176 2.3489, -6.0671 -5.1976 2.3824, -6.072 -5.1911 2.3489, -6.0301 -5.1615 2.3489, -6.6308 -5.4835 2.4183, -6.7037 -5.4879 2.3999, -6.7751 -5.4922 2.3818, -6.7772 -5.4923 2.3812, -6.5153 -5.4666 2.4465, -6.5859 -5.4769 2.4293, -6.6027 -5.4794 2.4252, -6.0417 -5.2278 2.4718, -6.058 -5.2085 2.4296, -5.7943 -5.0837 2.5319, -5.8274 -5.0574 2.5067, -5.8546 -5.0357 2.4718, -5.8744 -5.02 2.4296, -5.6408 -4.8453 2.5319, -5.6785 -4.8261 2.5067, -5.7095 -4.8102 2.4718, -5.732 -4.7987 2.4296, -5.5378 -4.5811 2.5319, -5.5785 -4.5698 2.5067, -5.612 -4.5604 2.4718, -5.6364 -4.5536 2.4296, -5.65 -4.5498 2.3824, -5.6603 -4.5474 2.3489, -5.4893 -4.3017 2.5319, -5.5315 -4.2987 2.5067, -5.5662 -4.2962 2.4718, -5.5914 -4.2944 2.4296, -0.7845 -5.3459 2.7489, -0.8193 -5.3807 2.7489, -0.8216 -5.3784 2.6993, -0.8541 -5.4155 2.7489, -0.9015 -5.4438 2.7489, -0.9031 -5.441 2.6993, -0.9482 -5.2302 2.5489, -0.9278 -5.1994 2.5489, -0.8961 -5.2177 2.5521, -0.9846 -5.2634 2.5489, -0.9594 -5.2405 2.5489, -0.9335 -5.2665 2.5521, -1.0235 -5.2848 2.5489, -1.0006 -5.2722 2.5489, -0.9823 -5.3039 2.5521, -1.0712 -5.298 2.5489, -1.0486 -5.2917 2.5489, -1.0391 -5.3275 2.5521, -0.9044 -5.142 2.5489, -0.8725 -5.1609 2.5521, -0.9077 -5.1514 2.5489, -0.9208 -5.1888 2.5489, -0.8288 -5.1727 2.5659, -1.1 -5.3 2.5489, -1.1 -5.3335 2.5517, -1.1 -5.3354 2.5523, -1.0273 -5.3712 2.5659, -1.1 -5.3807 2.5659, -1.0165 -5.4115 2.5908, -1.1 -5.4224 2.5908, -1.1 -5.4229 2.5911, -1.0101 -5.4354 2.6136, -1.1 -5.4463 2.6145, -0.8568 -5.2404 2.5659, -0.8207 -5.2612 2.5908, -0.7885 -5.1835 2.5908, -0.7993 -5.2736 2.6136, -0.7646 -5.1899 2.6136, -0.7736 -5.2884 2.6555, -1.1 -5.4578 2.626, -1.0025 -5.464 2.6555, -1.1 -5.4758 2.6561, -0.9015 -5.2985 2.5659, -0.872 -5.328 2.5908, -0.8545 -5.3455 2.6136, -0.8335 -5.3665 2.6555, -1.1 -5.483 2.6682, -0.9981 -5.4803 2.6993, -1.1 -5.4924 2.6996, -0.736 -5.1975 2.6555, -0.7197 -5.2019 2.6993, -0.759 -5.2969 2.6993, -0.9387 -5.466 2.7489, -0.9973 -5.4836 2.7489, -1.033 -5.4943 2.7489, -1.1 -5.5 2.7489, -1.1 -5.4972 2.7154, -0.9116 -5.4264 2.6555, -0.9264 -5.4007 2.6136, -0.9388 -5.3793 2.5908, -0.9596 -5.3432 2.5659, -0.7562 -5.2985 2.7489, -0.7057 -5.167 2.7489, -0.7164 -5.2027 2.7489, -0.734 -5.2613 2.7489, 5.4639 -4.6016 2.5489, 5.5019 -4.7305 2.5489, 1.1 -5.3 2.5489, 5.4471 -3.8471 2.5489, 5.4206 -4.0085 2.5489, 5.4528 -3.8022 2.5489, 5.5719 -4.8806 2.5489, 5.5967 -4.9337 2.5489, 5.7208 -5.1208 2.5489, 5.351 -3.6269 2.5489, 5.3409 -3.6205 2.5489, 5.3035 -3.6075 2.5489, 5.3781 -3.6441 2.5489, 5.3918 -3.658 2.5489, 5.4099 -3.6763 2.5489, 5.732 -5.1332 2.5489, 5.8627 -5.2787 2.5489, 5.8852 -5.3 2.5489, 5.4235 -3.6982 2.5489, 5.4336 -3.7146 2.5489, 5.444 -3.7452 2.5489, 5.4481 -3.7574 2.5489, 5.4521 -3.7959 2.5489, 1.0482 -5.2932 2.5489, 1.0 -5.2732 2.5489, 5.4098 -4.3074 2.5489, 0.9586 -5.2414 2.5489, 0.9268 -5.2 2.5489, 5.4107 -4.0684 2.5489, 5.4079 -4.293 2.5489, 0.9068 -5.1518 2.5489, 5.4384 -4.5151 2.5489, 5.2949 -3.6044 2.5489, 0.9387 -5.466 2.7489, 0.9015 -5.4438 2.7489, 0.9031 -5.441 2.6993, 0.8541 -5.4155 2.7489, 0.8193 -5.3807 2.7489, 0.8216 -5.3784 2.6993, 0.7845 -5.3459 2.7489, 0.7562 -5.2985 2.7489, 0.759 -5.2969 2.6993, 0.8288 -5.1727 2.5659, 0.7885 -5.1835 2.5908, 0.8725 -5.1609 2.5521, 1.1 -5.3335 2.5517, 1.0391 -5.3275 2.5521, 1.1 -5.3354 2.5523, 1.1 -5.3807 2.5659, 1.0273 -5.3712 2.5659, 0.7646 -5.1899 2.6136, 0.9823 -5.3039 2.5521, 0.9596 -5.3432 2.5659, 0.9388 -5.3793 2.5908, 1.0165 -5.4115 2.5908, 0.9264 -5.4007 2.6136, 1.0101 -5.4354 2.6136, 0.9116 -5.4264 2.6555, 1.1 -5.3808 2.566, 1.1 -5.4229 2.5911, 1.1 -5.4463 2.6145, 0.736 -5.1975 2.6555, 0.9335 -5.2665 2.5521, 0.9015 -5.2985 2.5659, 0.872 -5.328 2.5908, 0.8545 -5.3455 2.6136, 0.8335 -5.3665 2.6555, 0.7197 -5.2019 2.6993, 1.0025 -5.464 2.6555, 0.9981 -5.4803 2.6993, 0.7057 -5.167 2.7489, 0.7164 -5.2027 2.7489, 0.734 -5.2613 2.7489, 0.7736 -5.2884 2.6555, 0.7993 -5.2736 2.6136, 0.8207 -5.2612 2.5908, 0.8568 -5.2404 2.5659, 0.8961 -5.2177 2.5521, 1.1 -5.4578 2.626, 1.1 -5.4758 2.6561, 1.1 -5.483 2.6682, 1.1 -5.4924 2.6996, 1.1 -5.4972 2.7154, 0.9973 -5.4836 2.7489, 1.033 -5.4943 2.7489, 1.1 -5.5 2.7489, 5.9582 -4.7599 0.0389, 5.8553 -4.5289 0.0389, 6.1111 -4.9614 0.0389, 6.3059 -5.1225 0.0389, 7.8518 -3.6401 0.0389, 7.9547 -3.8711 0.0389, 6.5324 -3.165 0.0389, 6.3059 -3.2775 0.0389, 6.1111 -3.4386 0.0389, 7.2776 -5.235 0.0389, 7.5041 -5.1225 0.0389, 7.6989 -4.9614 0.0389, 7.6989 -3.4386 0.0389, 7.5041 -3.2775 0.0389, 6.7786 -3.1073 0.0389, 5.9582 -3.6401 0.0389, 7.0314 -5.2927 0.0389, 7.8518 -4.7599 0.0389, 7.0314 -3.1073 0.0389, 5.8553 -3.8711 0.0389, 6.7786 -5.2927 0.0389, 7.9547 -4.5289 0.0389, 7.2776 -3.165 0.0389, 5.808 -4.1194 0.0389, 5.805 -4.2 0.0389, 5.808 -4.2806 0.0389, 6.5324 -5.235 0.0389, 8.002 -4.2806 0.0389, 8.005 -4.2 0.0389, 8.002 -4.1194 0.0389, 5.8201 -4.9162 0.2389, 5.7917 -4.8589 0.2389, 5.7885 -4.8603 0.2054, 5.6078 -4.2 0.2054, 5.6113 -4.295 0.2054, 5.605 -4.2 0.2389, 5.6093 -4.2952 0.2389, 5.6672 -4.5879 0.2054, 5.678 -4.6294 0.2389, 5.669 -4.5878 0.2389, 5.6102 -4.3165 0.2389, 5.9726 -5.0948 0.2389, 5.9688 -5.0978 0.2054, 6.0279 -5.1596 0.2389, 6.1985 -5.2879 0.2054, 6.2021 -5.2831 0.2389, 6.289 -5.3448 0.2389, 6.4656 -5.4205 0.2054, 6.4681 -5.4143 0.2389, 6.5874 -5.4606 0.2389, 6.7559 -5.4886 0.2054, 6.7568 -5.4816 0.2389, 6.905 -5.5 0.2389, 7.0541 -5.4886 0.2054, 7.0532 -5.4816 0.2389, 7.2226 -5.4606 0.2389, 7.3444 -5.4205 0.2054, 7.3419 -5.4143 0.2389, 7.521 -5.3448 0.2389, 7.6115 -5.2879 0.2054, 7.6079 -5.2831 0.2389, 7.7821 -5.1596 0.2389, 7.8412 -5.0978 0.2054, 7.8374 -5.0948 0.2389, 7.9899 -4.9162 0.2389, 8.0215 -4.8603 0.2054, 8.0183 -4.8589 0.2389, 8.132 -4.6294 0.2389, 8.1428 -4.5879 0.2054, 8.141 -4.5878 0.2389, 8.1998 -4.3165 0.2389, 8.1987 -4.295 0.2054, 8.2007 -4.2952 0.2389, 8.205 -4.2 0.2389, 8.2022 -4.2 0.2054, 8.188 -4.2 0.1582, 8.1628 -4.2 0.116, 8.1846 -4.294 0.1582, 8.1279 -4.2 0.0811, 8.1594 -4.2921 0.116, 8.0857 -4.2 0.0559, 8.1247 -4.2896 0.0811, 8.0385 -4.2 0.0417, 8.0825 -4.2865 0.0559, 8.0355 -4.283 0.0417, 7.9866 -4.539 0.0417, 7.8807 -4.777 0.0417, 7.7231 -4.9845 0.0417, 7.5223 -5.1506 0.0417, 7.289 -5.2665 0.0417, 7.0353 -5.326 0.0417, 6.7747 -5.326 0.0417, 6.521 -5.2665 0.0417, 6.2877 -5.1506 0.0417, 6.0869 -4.9845 0.0417, 5.9293 -4.777 0.0417, 5.8234 -4.539 0.0417, 5.7745 -4.283 0.0417, 5.7715 -4.2 0.0417, 8.0316 -4.5531 0.0559, 7.9212 -4.801 0.0559, 7.7572 -5.0172 0.0559, 7.548 -5.1902 0.0559, 7.3049 -5.3109 0.0559, 7.0407 -5.3728 0.0559, 6.7693 -5.3728 0.0559, 6.5051 -5.3109 0.0559, 6.262 -5.1902 0.0559, 6.0528 -5.0172 0.0559, 5.8888 -4.801 0.0559, 5.7784 -4.5531 0.0559, 5.7275 -4.2865 0.0559, 5.7243 -4.2 0.0559, 8.072 -4.5657 0.0811, 7.9576 -4.8225 0.0811, 7.7877 -5.0464 0.0811, 7.5711 -5.2256 0.0811, 7.3193 -5.3506 0.0811, 7.0456 -5.4148 0.0811, 6.7644 -5.4148 0.0811, 6.4907 -5.3506 0.0811, 6.2389 -5.2256 0.0811, 6.0223 -5.0464 0.0811, 5.8524 -4.8225 0.0811, 5.738 -4.5657 0.0811, 5.6853 -4.2896 0.0811, 5.6821 -4.2 0.0811, 8.1052 -4.5761 0.116, 7.9876 -4.8402 0.116, 7.8128 -5.0705 0.116, 7.59 -5.2548 0.116, 7.331 -5.3834 0.116, 7.0496 -5.4494 0.116, 6.7604 -5.4494 0.116, 6.479 -5.3834 0.116, 6.22 -5.2548 0.116, 5.9972 -5.0705 0.116, 5.8224 -4.8402 0.116, 5.7048 -4.5761 0.116, 5.6506 -4.2921 0.116, 5.6472 -4.2 0.116, 8.1293 -4.5837 0.1582, 8.0093 -4.8531 0.1582, 7.831 -5.088 0.1582, 7.6038 -5.276 0.1582, 7.3396 -5.4072 0.1582, 7.0525 -5.4745 0.1582, 6.7575 -5.4745 0.1582, 6.4704 -5.4072 0.1582, 6.2062 -5.276 0.1582, 5.979 -5.088 0.1582, 5.8007 -4.8531 0.1582, 5.6807 -4.5837 0.1582, 5.6254 -4.294 0.1582, 5.622 -4.2 0.1582, 5.5988 -4.8667 2.5461, 6.7039 -5.4872 2.3998, 6.6029 -5.476 2.4248, 6.522 -5.4452 2.3824, 6.588 -5.4743 2.4284, 6.5178 -5.4588 2.4296, 6.5153 -5.4663 2.4464, 6.5053 -5.4652 2.4489, 6.7746 -5.4951 2.3823, 6.5874 -5.4606 2.3489, 6.7786 -5.4843 2.3489, 6.905 -5.5 2.3489, 6.8054 -5.4976 2.3746, 6.795 -5.4974 2.3772, 6.7772 -5.4954 2.3816, 6.0279 -5.1596 2.3489, 6.0721 -5.1909 2.3489, 6.0671 -5.1976 2.3824, 6.289 -5.3448 2.3489, 5.7446 -4.7923 2.3824, 5.7559 -4.7867 2.3489, 5.8201 -4.9162 2.3489, 5.65 -4.5498 2.3824, 5.6602 -4.5474 2.3489, 5.678 -4.6294 2.3489, 5.605 -4.2 2.3489, 5.6092 -4.2931 2.3489, 5.6055 -4.2934 2.3824, 5.6102 -4.3165 2.3489, 5.6388 -3.8935 2.3824, 5.6415 -3.8941 2.3489, 5.6129 -4.0332 2.3824, 5.6231 -4.0345 2.3489, 5.6054 -4.1694 2.3489, 5.6342 -3.8923 2.3982, 5.5988 -4.0314 2.4296, 5.625 -3.8901 2.4296, 5.618 -3.8884 2.4417, 5.5738 -4.0282 2.4718, 5.6004 -3.8842 2.4718, 5.5893 -3.8815 2.4833, 5.5393 -4.0237 2.5067, 5.5666 -3.876 2.5067, 5.5661 -3.8759 2.507, 5.4973 -4.0183 2.5319, 5.5255 -3.866 2.5319, 5.4815 -3.8554 2.5455, 5.4506 -4.0123 2.5461, 5.4797 -3.8549 2.5461, 5.4423 -4.3051 2.5461, 5.4924 -4.5938 2.5461, 5.7574 -5.113 2.5461, 6.0576 -5.3529 2.531, 6.0097 -5.3382 2.536, 5.9921 -5.2868 2.5319, 5.976 -5.3279 2.5395, 5.9587 -5.3226 2.5413, 6.0193 -5.2545 2.5067, 6.2053 -5.3965 2.5132, 6.1828 -5.3913 2.518, 6.1554 -5.383 2.5208, 6.1064 -5.3679 2.5259, 6.1062 -5.3678 2.5259, 6.4319 -5.4484 2.4646, 6.2753 -5.3567 2.4296, 6.4145 -5.4444 2.4683, 6.2632 -5.3789 2.4718, 6.3553 -5.4308 2.481, 6.2797 -5.4135 2.4972, 6.2496 -5.4066 2.5037, 6.2466 -5.406 2.5043, 6.2821 -5.3443 2.3824, 6.5252 -5.4365 2.3489, 6.0417 -5.2278 2.4718, 6.058 -5.2085 2.4296, 5.4893 -4.3017 2.5319, 5.5315 -4.2987 2.5067, 5.5662 -4.2962 2.4718, 5.5914 -4.2944 2.4296, 5.5378 -4.5811 2.5319, 5.5785 -4.5698 2.5067, 5.612 -4.5604 2.4718, 5.6364 -4.5536 2.4296, 5.6408 -4.8453 2.5319, 5.6785 -4.8261 2.5067, 5.7095 -4.8102 2.4718, 5.732 -4.7987 2.4296, 5.7943 -5.0837 2.5319, 5.8274 -5.0574 2.5067, 5.8546 -5.0357 2.4718, 5.8744 -5.02 2.4296, 5.8855 -5.0111 2.3824, 5.8946 -5.0035 2.3489, 5.9449 -5.3183 2.5427, 5.4098 -3.4357 2.3489, 5.4503 -3.4522 2.3489, 5.4472 -3.4577 2.3985, 5.3153 -3.4081 2.3489, 5.3549 -3.4133 2.3489, 5.3533 -3.4193 2.3985, 5.4882 -3.7951 2.5457, 5.4791 -3.7351 2.5457, 5.455 -3.6794 2.5457, 5.3129 -3.5723 2.5457, 5.3691 -3.5952 2.5457, 5.4175 -3.6318 2.5457, 5.3245 -3.5285 2.5319, 5.5335 -3.7942 2.5319, 5.5751 -3.7933 2.507, 5.5999 -3.7928 2.4842, 5.3351 -3.4882 2.507, 5.3414 -3.4643 2.4842, 5.349 -3.4357 2.4423, 5.5226 -3.7226 2.5319, 5.5627 -3.7111 2.507, 5.5865 -3.7043 2.4842, 5.615 -3.6962 2.4423, 5.6295 -3.7922 2.4423, 5.4492 -3.5994 2.5319, 5.4939 -3.6562 2.5319, 5.4784 -3.5696 2.507, 5.5297 -3.6349 2.507, 5.4957 -3.5519 2.4842, 5.551 -3.6222 2.4842, 5.5164 -3.5308 2.4423, 5.5764 -3.6071 2.4423, 5.5282 -3.5187 2.3985, 5.591 -3.5984 2.3985, 5.6464 -3.7918 2.3985, 5.6312 -3.6915 2.3985, 5.3914 -3.5559 2.5319, 5.412 -3.5196 2.507, 5.4243 -3.4981 2.4842, 5.4389 -3.4723 2.4423, 5.4946 -3.4856 2.3489, 5.5326 -3.5142 2.3489, 5.5645 -3.5547 2.3489, 5.5963 -3.5952 2.3489, 5.6152 -3.6389 2.3489, 5.6372 -3.6898 2.3489, 5.6438 -3.7331 2.3489, 5.6526 -3.7917 2.3489, 5.6483 -3.8313 2.3489, 5.2527 -3.4 0.5589, 6.2864 4.1444 0.0389, 6.28 4.2 0.0389, 7.53 4.2 0.0389, 7.5256 4.1441 0.0389, 7.5221 4.0999 0.0389, 7.492 3.9944 0.0389, 7.4824 3.9608 0.0389, 7.4255 3.8563 0.0389, 7.4187 3.8439 0.0389, 7.3263 3.739 0.0389, 6.2966 4.0563 0.0389, 6.3189 3.995 0.0389, 6.3463 3.9198 0.0389, 6.3868 3.858 0.0389, 6.4255 3.799 0.0389, 6.4861 3.7416 0.0389, 6.5308 3.6992 0.0389, 6.6108 3.653 0.0389, 6.6562 3.6267 0.0389, 6.753 3.5963 0.0389, 6.7829 3.5869 0.0389, 6.9052 3.5772 0.0389, 6.9276 3.5754 0.0389, 7.0575 3.5952 0.0389, 7.0704 3.5972 0.0389, 7.201 3.65 0.0389, 7.2049 3.6516 0.0389, 7.3229 3.7352 0.0389, 7.5236 4.2556 0.0389, 6.2844 4.2559 0.0389, 6.2879 4.3001 0.0389, 6.318 4.4056 0.0389, 6.3276 4.4392 0.0389, 6.3845 4.5437 0.0389, 6.3913 4.5561 0.0389, 6.4837 4.661 0.0389, 7.5134 4.3437 0.0389, 7.4911 4.405 0.0389, 7.4637 4.4802 0.0389, 7.4231 4.542 0.0389, 7.3845 4.601 0.0389, 7.3239 4.6584 0.0389, 7.2792 4.7008 0.0389, 7.1992 4.747 0.0389, 7.1538 4.7733 0.0389, 7.057 4.8037 0.0389, 7.0271 4.8131 0.0389, 6.9048 4.8228 0.0389, 6.8824 4.8246 0.0389, 6.7525 4.8048 0.0389, 6.7396 4.8028 0.0389, 6.609 4.75 0.0389, 6.6051 4.7484 0.0389, 6.4871 4.6648 0.0389, -7.5236 4.1444 0.0389, -7.53 4.2 0.0389, -6.28 4.2 0.0389, -6.2844 4.1441 0.0389, -6.2879 4.0999 0.0389, -6.318 3.9944 0.0389, -6.3276 3.9608 0.0389, -6.3845 3.8563 0.0389, -6.3913 3.8439 0.0389, -6.4837 3.739 0.0389, -7.5134 4.0563 0.0389, -7.4911 3.995 0.0389, -7.4637 3.9198 0.0389, -7.4231 3.858 0.0389, -7.3845 3.799 0.0389, -7.3239 3.7416 0.0389, -7.2792 3.6992 0.0389, -7.1992 3.653 0.0389, -7.1538 3.6267 0.0389, -7.057 3.5963 0.0389, -7.0271 3.5869 0.0389, -6.9048 3.5772 0.0389, -6.8824 3.5754 0.0389, -6.7525 3.5952 0.0389, -6.7396 3.5972 0.0389, -6.609 3.65 0.0389, -6.6051 3.6516 0.0389, -6.4871 3.7352 0.0389, -6.2864 4.2556 0.0389, -7.5256 4.2559 0.0389, -7.5221 4.3001 0.0389, -7.492 4.4056 0.0389, -7.4824 4.4392 0.0389, -7.4255 4.5437 0.0389, -7.4187 4.5561 0.0389, -7.3263 4.661 0.0389, -6.2966 4.3437 0.0389, -6.3189 4.405 0.0389, -6.3463 4.4802 0.0389, -6.3868 4.542 0.0389, -6.4255 4.601 0.0389, -6.4861 4.6584 0.0389, -6.5308 4.7008 0.0389, -6.6108 4.747 0.0389, -6.6562 4.7733 0.0389, -6.753 4.8037 0.0389, -6.7829 4.8131 0.0389, -6.9052 4.8228 0.0389, -6.9276 4.8246 0.0389, -7.0575 4.8048 0.0389, -7.0704 4.8028 0.0389, -7.201 4.75 0.0389, -7.2049 4.7484 0.0389, -7.3229 4.6648 0.0389, -5.2527 -3.3972 0.5254, 5.2527 -3.3972 0.5254, -5.2527 -3.383 0.4782, 5.2527 -3.383 0.4782, -5.2527 -3.3578 0.436, 5.2527 -3.3578 0.436, -5.2527 -3.3229 0.4011, 5.2527 -3.3229 0.4011, -5.2527 -3.2807 0.3759, 5.2527 -3.2807 0.3759, -5.2527 -3.2335 0.3617, 5.2527 -3.2335 0.3617, -5.2527 -3.2 0.3589, 5.2527 -3.2 0.3589, -6.2678 2.3933 0.3589, -6.2658 2.4003 0.3589, -6.2335 2.3949 0.3617, -6.2293 2.5296 0.3589, -6.2228 2.5413 0.3589, -6.1934 2.5285 0.3617, -5.675 2.7028 0.5254, -5.7425 2.6971 0.5254, -5.675 2.717 0.4782, -5.7448 2.7111 0.4782, -5.675 2.7422 0.436, -5.7491 2.736 0.436, -5.675 2.7771 0.4011, -5.7549 2.7703 0.4011, -5.675 2.8193 0.3759, -5.762 2.812 0.3759, -5.675 2.8665 0.3617, -5.7699 2.8585 0.3617, -5.675 2.9 0.3589, -5.9159 2.8461 0.3589, -5.8157 2.8834 0.3589, -5.7751 2.8882 0.3589, -6.0423 2.771 0.3589, -5.9491 2.8338 0.3589, -5.9035 2.8184 0.3617, -6.1466 2.6673 0.3589, -6.0666 2.7547 0.3589, -6.0232 2.7468 0.3617, -6.0721 2.3675 0.5254, -6.0778 2.3 0.5254, -6.0861 2.3698 0.4782, -6.092 2.3 0.4782, -6.111 2.3741 0.436, -6.1172 2.3 0.436, -6.1453 2.3799 0.4011, -6.1521 2.3 0.4011, -6.187 2.387 0.3759, -6.1943 2.3 0.3759, -6.2415 2.3 0.3617, -6.275 2.3 0.3589, -5.8375 2.6686 0.5254, -5.8432 2.6816 0.4782, -5.8534 2.7047 0.436, -5.8674 2.7365 0.4011, -5.8845 2.7752 0.3759, -5.9226 2.6177 0.5254, -5.9313 2.6289 0.4782, -5.9468 2.6488 0.436, -5.9682 2.6763 0.4011, -5.9942 2.7096 0.3759, -5.9927 2.5476 0.5254, -6.0039 2.5563 0.4782, -6.0238 2.5718 0.436, -6.0513 2.5932 0.4011, -6.0846 2.6192 0.3759, -6.1218 2.6482 0.3617, -6.1625 2.6499 0.3589, -6.0436 2.4625 0.5254, -6.0566 2.4682 0.4782, -6.0797 2.4784 0.436, -6.1115 2.4924 0.4011, -6.1502 2.5095 0.3759, -6.275 -1.95 0.3589, -6.2415 -1.95 0.3617, -6.1943 -1.95 0.3759, -6.1521 -1.95 0.4011, -6.1172 -1.95 0.436, -6.092 -1.95 0.4782, -6.0778 -1.95 0.5254, -5.7683 -2.5428 0.3589, -5.7753 -2.5408 0.3589, -5.7699 -2.5085 0.3617, -5.9046 -2.5043 0.3589, -5.9163 -2.4978 0.3589, -5.9035 -2.4684 0.3617, -6.0721 -2.0175 0.5254, -6.0861 -2.0198 0.4782, -6.111 -2.0241 0.436, -6.1453 -2.0299 0.4011, -6.187 -2.037 0.3759, -6.2335 -2.0449 0.3617, -6.2211 -2.1909 0.3589, -6.2584 -2.0907 0.3589, -6.2632 -2.0501 0.3589, -6.146 -2.3173 0.3589, -6.2088 -2.2241 0.3589, -6.1934 -2.1785 0.3617, -6.0423 -2.4216 0.3589, -6.1297 -2.3416 0.3589, -6.1218 -2.2982 0.3617, -5.7425 -2.3471 0.5254, -5.675 -2.3528 0.5254, -5.7448 -2.3611 0.4782, -5.675 -2.367 0.4782, -5.7491 -2.386 0.436, -5.675 -2.3922 0.436, -5.7549 -2.4203 0.4011, -5.675 -2.4271 0.4011, -5.762 -2.462 0.3759, -5.675 -2.4693 0.3759, -5.675 -2.5165 0.3617, -5.675 -2.55 0.3589, -6.0436 -2.1125 0.5254, -6.0566 -2.1182 0.4782, -6.0797 -2.1284 0.436, -6.1115 -2.1424 0.4011, -6.1502 -2.1595 0.3759, -5.9927 -2.1976 0.5254, -6.0039 -2.2063 0.4782, -6.0238 -2.2218 0.436, -6.0513 -2.2432 0.4011, -6.0846 -2.2692 0.3759, -5.9226 -2.2677 0.5254, -5.9313 -2.2789 0.4782, -5.9468 -2.2988 0.436, -5.9682 -2.3263 0.4011, -5.9942 -2.3596 0.3759, -6.0232 -2.3968 0.3617, -6.0249 -2.4375 0.3589, -5.8375 -2.3186 0.5254, -5.8432 -2.3316 0.4782, -5.8534 -2.3547 0.436, -5.8674 -2.3865 0.4011, -5.8845 -2.4252 0.3759, -5.225 -2.55 0.3589, -5.225 -2.5165 0.3617, -5.225 -2.4693 0.3759, -5.225 -2.4271 0.4011, -5.225 -2.3922 0.436, -5.225 -2.367 0.4782, -5.225 -2.3528 0.5254, -5.225 -2.5452 0.5298, -5.225 -2.7308 0.4313, -5.225 -2.9329 0.3737, -5.225 -3.1043 0.3589, 5.225 -3.1043 0.3589, 5.225 -2.7314 0.4324, 5.225 -2.7455 0.4255, 5.225 -2.9216 0.3756, 5.225 -2.933 0.3745, 5.225 -2.4419 0.6098, 5.225 -2.5468 0.5319, 5.225 -2.5809 0.5066, 5.225 -2.55 0.3589, 5.225 -2.5165 0.3617, 5.225 -2.4693 0.3759, 5.225 -2.4271 0.4011, 5.225 -2.3922 0.436, 5.225 -2.3528 0.5254, 5.225 -2.367 0.4782, 5.675 -2.55 0.3589, 5.675 -2.5165 0.3617, 5.675 -2.4693 0.3759, 5.675 -2.4271 0.4011, 5.675 -2.3922 0.436, 5.675 -2.367 0.4782, 5.675 -2.3528 0.5254, 6.2678 -2.0433 0.3589, 6.2658 -2.0503 0.3589, 6.2335 -2.0449 0.3617, 6.2293 -2.1796 0.3589, 6.2228 -2.1913 0.3589, 6.1934 -2.1785 0.3617, 5.7425 -2.3471 0.5254, 5.7448 -2.3611 0.4782, 5.7491 -2.386 0.436, 5.7549 -2.4203 0.4011, 5.762 -2.462 0.3759, 5.7699 -2.5085 0.3617, 5.9159 -2.4961 0.3589, 5.8157 -2.5334 0.3589, 5.7751 -2.5382 0.3589, 6.0423 -2.421 0.3589, 5.9491 -2.4838 0.3589, 5.9035 -2.4684 0.3617, 6.1466 -2.3173 0.3589, 6.0666 -2.4047 0.3589, 6.0232 -2.3968 0.3617, 6.0721 -2.0175 0.5254, 6.0778 -1.95 0.5254, 6.0861 -2.0198 0.4782, 6.092 -1.95 0.4782, 6.111 -2.0241 0.436, 6.1172 -1.95 0.436, 6.1453 -2.0299 0.4011, 6.1521 -1.95 0.4011, 6.187 -2.037 0.3759, 6.1943 -1.95 0.3759, 6.2415 -1.95 0.3617, 6.275 -1.95 0.3589, 5.8375 -2.3186 0.5254, 5.8432 -2.3316 0.4782, 5.8534 -2.3547 0.436, 5.8674 -2.3865 0.4011, 5.8845 -2.4252 0.3759, 5.9226 -2.2677 0.5254, 5.9313 -2.2789 0.4782, 5.9468 -2.2988 0.436, 5.9682 -2.3263 0.4011, 5.9942 -2.3596 0.3759, 5.9927 -2.1976 0.5254, 6.0039 -2.2063 0.4782, 6.0238 -2.2218 0.436, 6.0513 -2.2432 0.4011, 6.0846 -2.2692 0.3759, 6.1218 -2.2982 0.3617, 6.1625 -2.2999 0.3589, 6.0436 -2.1125 0.5254, 6.0566 -2.1182 0.4782, 6.0797 -2.1284 0.436, 6.1115 -2.1424 0.4011, 6.1502 -2.1595 0.3759, 6.275 2.3 0.3589, 6.2415 2.3 0.3617, 6.1943 2.3 0.3759, 6.1521 2.3 0.4011, 6.1172 2.3 0.436, 6.092 2.3 0.4782, 6.0778 2.3 0.5254, 5.7683 2.8928 0.3589, 5.7753 2.8908 0.3589, 5.7699 2.8585 0.3617, 5.9046 2.8543 0.3589, 5.9163 2.8478 0.3589, 5.9035 2.8184 0.3617, 6.0721 2.3675 0.5254, 6.0861 2.3698 0.4782, 6.111 2.3741 0.436, 6.1453 2.3799 0.4011, 6.187 2.387 0.3759, 6.2335 2.3949 0.3617, 6.2211 2.5409 0.3589, 6.2584 2.4407 0.3589, 6.2632 2.4001 0.3589, 6.146 2.6673 0.3589, 6.2088 2.5741 0.3589, 6.1934 2.5285 0.3617, 6.0423 2.7716 0.3589, 6.1297 2.6916 0.3589, 6.1218 2.6482 0.3617, 5.7425 2.6971 0.5254, 5.675 2.7028 0.5254, 5.7448 2.7111 0.4782, 5.675 2.717 0.4782, 5.7491 2.736 0.436, 5.675 2.7422 0.436, 5.7549 2.7703 0.4011, 5.675 2.7771 0.4011, 5.762 2.812 0.3759, 5.675 2.8193 0.3759, 5.675 2.8665 0.3617, 5.675 2.9 0.3589, 6.0436 2.4625 0.5254, 6.0566 2.4682 0.4782, 6.0797 2.4784 0.436, 6.1115 2.4924 0.4011, 6.1502 2.5095 0.3759, 5.9927 2.5476 0.5254, 6.0039 2.5563 0.4782, 6.0238 2.5718 0.436, 6.0513 2.5932 0.4011, 6.0846 2.6192 0.3759, 5.9226 2.6177 0.5254, 5.9313 2.6289 0.4782, 5.9468 2.6488 0.436, 5.9682 2.6763 0.4011, 5.9942 2.7096 0.3759, 6.0232 2.7468 0.3617, 6.0249 2.7875 0.3589, 5.8375 2.6686 0.5254, 5.8432 2.6816 0.4782, 5.8534 2.7047 0.436, 5.8674 2.7365 0.4011, 5.8845 2.7752 0.3759, 8.455 -0.0 0.3589, 8.4641 -0.1117 0.3589, 8.4717 -0.2048 0.3589, 8.5216 -0.4028 0.3589, 8.5259 -0.4125 0.3589, 8.6036 -0.5913 0.3589, 8.6651 -0.6865 0.3589, 8.7146 -0.7629 0.3589, 8.8529 -0.9146 0.3589, 8.8622 -0.922 0.3589, 9.0135 -1.0416 0.3589, 9.1146 -1.0972 0.3589, 9.1925 -1.1401 0.3589, 9.3862 -1.2089 0.3589, 9.3997 -1.2113 0.3589, 9.5872 -1.2446 0.3589, 9.705 -1.246 0.3589, 9.7927 -1.247 0.3589, 9.9949 -1.2161 0.3589, 10.0101 -1.2111 0.3589, 10.1896 -1.1523 0.3589, 10.2955 -1.0972 0.3589, 10.3716 -1.0577 0.3589, 10.5347 -0.935 0.3589, 10.5474 -0.9217 0.3589, 10.6768 -0.7864 0.3589, 10.745 -0.6864 0.3589, 10.7919 -0.6176 0.3589, 10.8783 -0.4313 0.3589, 10.8835 -0.4125 0.3589, 10.9331 -0.234 0.3589, 10.9466 -0.1117 0.3589, 10.9543 -0.0413 0.3589, 10.955 0.0 0.3589, 10.9459 0.1117 0.3589, 10.9383 0.2048 0.3589, 10.8884 0.4028 0.3589, 10.8841 0.4125 0.3589, 10.8064 0.5913 0.3589, 10.7449 0.6865 0.3589, 10.6954 0.7629 0.3589, 10.5571 0.9146 0.3589, 10.5478 0.922 0.3589, 10.3965 1.0416 0.3589, 10.2954 1.0972 0.3589, 10.2175 1.1401 0.3589, 10.0238 1.2089 0.3589, 10.0103 1.2113 0.3589, 9.8228 1.2446 0.3589, 9.705 1.246 0.3589, 9.6173 1.247 0.3589, 9.4151 1.2161 0.3589, 9.3999 1.2111 0.3589, 9.2204 1.1523 0.3589, 9.1145 1.0972 0.3589, 9.0384 1.0577 0.3589, 8.8753 0.935 0.3589, 8.8626 0.9217 0.3589, 8.7332 0.7864 0.3589, 8.665 0.6864 0.3589, 8.6181 0.6176 0.3589, 8.5317 0.4313 0.3589, 8.5265 0.4125 0.3589, 8.4769 0.234 0.3589, 8.4634 0.1117 0.3589, 8.4557 0.0413 0.3589, -10.955 -0.0 0.3589, -10.9459 -0.1117 0.3589, -10.9383 -0.2048 0.3589, -10.8884 -0.4028 0.3589, -10.8841 -0.4125 0.3589, -10.8064 -0.5913 0.3589, -10.7449 -0.6865 0.3589, -10.6954 -0.7629 0.3589, -10.5571 -0.9146 0.3589, -10.5478 -0.922 0.3589, -10.3965 -1.0416 0.3589, -10.2954 -1.0972 0.3589, -10.2175 -1.1401 0.3589, -10.0238 -1.2089 0.3589, -10.0103 -1.2113 0.3589, -9.8228 -1.2446 0.3589, -9.705 -1.246 0.3589, -9.6173 -1.247 0.3589, -9.4151 -1.2161 0.3589, -9.3999 -1.2111 0.3589, -9.2204 -1.1523 0.3589, -9.1145 -1.0972 0.3589, -9.0384 -1.0577 0.3589, -8.8753 -0.935 0.3589, -8.8626 -0.9217 0.3589, -8.7332 -0.7864 0.3589, -8.665 -0.6864 0.3589, -8.6181 -0.6176 0.3589, -8.5317 -0.4313 0.3589, -8.5265 -0.4125 0.3589, -8.4769 -0.234 0.3589, -8.4634 -0.1117 0.3589, -8.4557 -0.0413 0.3589, -8.455 0.0 0.3589, -8.4641 0.1117 0.3589, -8.4717 0.2048 0.3589, -8.5216 0.4028 0.3589, -8.5259 0.4125 0.3589, -8.6036 0.5913 0.3589, -8.6651 0.6865 0.3589, -8.7146 0.7629 0.3589, -8.8529 0.9146 0.3589, -8.8622 0.922 0.3589, -9.0135 1.0416 0.3589, -9.1146 1.0972 0.3589, -9.1925 1.1401 0.3589, -9.3862 1.2089 0.3589, -9.3997 1.2113 0.3589, -9.5872 1.2446 0.3589, -9.705 1.246 0.3589, -9.7927 1.247 0.3589, -9.9949 1.2161 0.3589, -10.0101 1.2111 0.3589, -10.1896 1.1523 0.3589, -10.2955 1.0972 0.3589, -10.3716 1.0577 0.3589, -10.5347 0.935 0.3589, -10.5474 0.9217 0.3589, -10.6768 0.7864 0.3589, -10.745 0.6864 0.3589, -10.7919 0.6176 0.3589, -10.8783 0.4313 0.3589, -10.8835 0.4125 0.3589, -10.9331 0.234 0.3589, -10.9466 0.1117 0.3589, -10.9543 0.0413 0.3589, 10.5717 -3.861 1.603, 10.605 -3.8639 1.5989, 9.989 -3.81 1.5989, 9.8868 -3.801 1.6169, 9.875 -3.8 1.6201, 10.4067 -3.8465 1.7729, 10.4185 -3.8476 1.7266, 10.4228 -3.8479 1.7187, 10.4416 -3.8496 1.6836, 10.448 -3.8501 1.6766, 10.4764 -3.8526 1.6457, 10.4825 -3.8532 1.6418, 10.5171 -3.8562 1.6193, 10.5246 -3.8569 1.6165, 10.5564 -3.8597 1.6049, 10.4086 -3.8467 1.7656, 9.9465 -3.8063 1.6022, 9.9393 -3.8057 1.6028, 9.875 -3.8 4.3489, 10.205 -3.8289 4.3489, 10.2332 -3.8313 4.3469, 10.2383 -3.8318 4.3455, 10.2823 -3.8356 4.3334, 10.2855 -3.8358 4.3316, 10.3227 -3.8391 4.3106, 10.3275 -3.8396 4.3061, 10.3585 -3.8423 4.2771, 10.3622 -3.8426 4.2715, 10.3834 -3.8445 4.2393, 10.387 -3.8448 4.2292, 10.4005 -3.846 4.1913, 10.4014 -3.846 4.1823, 10.405 -3.8464 4.1489, 10.405 -3.8464 1.7989, -5.3166 -3.4023 0.5254, -5.413 -3.4304 0.5254, -5.4995 -3.4816 0.5254, -5.5707 -3.5526 0.5254, -5.622 -3.639 0.5254, -5.7336 -3.4411 0.3589, -5.7254 -3.4324 0.3589, -5.6998 -3.4521 0.3617, -5.3934 -3.2167 0.3589, -5.3474 -3.2113 0.3589, -5.3425 -3.2407 0.3617, -5.4904 -3.2527 0.3589, -5.6193 -3.3273 0.3589, -5.5263 -3.266 0.3589, -5.4782 -3.2803 0.3617, -5.7896 -3.5322 0.3589, -5.7693 -3.5684 0.364, -5.7652 -3.5757 0.365, -5.6626 -3.4811 0.3759, -5.69 -3.6094 0.4011, -5.717 -3.6721 0.3977, -5.7288 -3.5925 0.3759, -5.7409 -3.6228 0.3782, -5.7534 -3.5968 0.368, -5.6581 -3.6233 0.436, -5.6965 -3.7251 0.4323, -5.7144 -3.679 0.4022, -5.6915 -3.738 0.4407, -5.6902 -3.7272 0.4398, -5.671 -3.7911 0.4754, -5.6643 -3.7332 0.4782, -5.6699 -3.795 0.4785, -5.6503 -3.7354 0.5254, -5.6583 -3.8354 0.5113, -5.654 -3.8359 0.5254, -5.6577 -3.8376 0.5131, -5.6529 -3.8542 0.5265, -5.3188 -3.3883 0.4782, -5.3228 -3.3633 0.436, -5.3283 -3.329 0.4011, -5.335 -3.2872 0.3759, -5.635 -3.6334 0.4782, -5.5818 -3.5439 0.4782, -5.6018 -3.5284 0.436, -5.6293 -3.507 0.4011, -5.4187 -3.4175 0.4782, -5.4287 -3.3943 0.436, -5.4426 -3.3623 0.4011, -5.4594 -3.3236 0.3759, -5.5082 -3.4704 0.4782, -5.5237 -3.4505 0.436, -5.545 -3.423 0.4011, -5.5709 -3.3896 0.3759, -5.5998 -3.3523 0.3617, -5.6358 -3.3381 0.3589, -8.205 -4.1898 0.2389, -8.1934 -4.1059 0.2389, -8.1987 -4.105 0.2054, -5.7885 -3.5397 0.2054, -5.6675 -3.8125 0.2389, -5.6672 -3.8121 0.2054, -5.6566 -3.8373 0.2389, -5.6113 -4.105 0.2054, -5.6152 -4.1058 0.2389, -5.6054 -4.1694 0.2389, -6.0003 -3.2664 0.2389, -5.9709 -3.3035 0.2389, -5.9688 -3.3022 0.2054, -5.7913 -3.5295 0.2389, -5.7872 -3.5388 0.2389, -6.2019 -3.1163 0.2389, -6.1985 -3.1121 0.2054, -6.2698 -3.0658 0.2389, -6.4656 -2.9795 0.2054, -6.4684 -2.9862 0.2389, -6.5817 -2.9408 0.2389, -6.7559 -2.9114 0.2054, -6.7569 -2.9194 0.2389, -6.9152 -2.9 0.2389, -7.0541 -2.9114 0.2054, -7.053 -2.9191 0.2389, -7.248 -2.9461 0.2389, -7.3444 -2.9795 0.2054, -7.3418 -2.9853 0.2389, -7.5579 -3.0759 0.2389, -7.6115 -3.1121 0.2054, -7.6089 -3.1151 0.2389, -7.8242 -3.2808 0.2389, -7.8412 -3.3022 0.2054, -7.8407 -3.3022 0.2389, -8.0215 -3.5397 0.2054, -8.023 -3.539 0.2389, -8.0291 -3.5471 0.2389, -8.1428 -3.8121 0.2054, -8.1406 -3.8133 0.2389, -8.1589 -3.857 0.2389, -8.1846 -4.106 0.1582, -8.1594 -4.1079 0.116, -8.1247 -4.1104 0.0811, -8.0825 -4.1135 0.0559, -8.0355 -4.117 0.0417, -7.9866 -3.861 0.0417, -7.8807 -3.623 0.0417, -7.7231 -3.4155 0.0417, -7.5223 -3.2494 0.0417, -7.289 -3.1335 0.0417, -7.0353 -3.074 0.0417, -6.7747 -3.074 0.0417, -6.521 -3.1335 0.0417, -6.2877 -3.2494 0.0417, -6.0869 -3.4155 0.0417, -5.9293 -3.623 0.0417, -5.8234 -3.861 0.0417, -5.7745 -4.117 0.0417, -8.0316 -3.8469 0.0559, -7.9212 -3.599 0.0559, -7.7572 -3.3828 0.0559, -7.548 -3.2098 0.0559, -7.3049 -3.0891 0.0559, -7.0407 -3.0272 0.0559, -6.7693 -3.0272 0.0559, -6.5051 -3.0891 0.0559, -6.262 -3.2098 0.0559, -6.0528 -3.3828 0.0559, -5.8888 -3.599 0.0559, -5.7784 -3.8469 0.0559, -5.7275 -4.1135 0.0559, -8.072 -3.8343 0.0811, -7.9576 -3.5775 0.0811, -7.7877 -3.3536 0.0811, -7.5711 -3.1744 0.0811, -7.3193 -3.0494 0.0811, -7.0456 -2.9852 0.0811, -6.7644 -2.9852 0.0811, -6.4907 -3.0494 0.0811, -6.2389 -3.1744 0.0811, -6.0223 -3.3536 0.0811, -5.8524 -3.5775 0.0811, -5.738 -3.8343 0.0811, -5.6853 -4.1104 0.0811, -8.1052 -3.8239 0.116, -7.9876 -3.5598 0.116, -7.8128 -3.3295 0.116, -7.59 -3.1452 0.116, -7.331 -3.0166 0.116, -7.0496 -2.9506 0.116, -6.7604 -2.9506 0.116, -6.479 -3.0166 0.116, -6.22 -3.1452 0.116, -5.9972 -3.3295 0.116, -5.8224 -3.5598 0.116, -5.7048 -3.8239 0.116, -5.6506 -4.1079 0.116, -8.1293 -3.8163 0.1582, -8.0093 -3.5469 0.1582, -7.831 -3.312 0.1582, -7.6038 -3.124 0.1582, -7.3396 -2.9928 0.1582, -7.0525 -2.9255 0.1582, -6.7575 -2.9255 0.1582, -6.4704 -2.9928 0.1582, -6.2062 -3.124 0.1582, -5.979 -3.312 0.1582, -5.8007 -3.5469 0.1582, -5.6807 -3.8163 0.1582, -5.6254 -4.106 0.1582, -5.605 -4.2 1.5989, -5.6054 -4.1694 1.5989, -5.6282 -3.9955 1.5989, -8.205 -4.2 1.5989, -8.1922 -4.3013 1.5989, -8.1642 -4.5233 1.5989, -8.1279 -4.6138 1.5989, -8.0392 -4.8352 1.5989, -7.9898 -4.9015 1.5989, -7.8386 -5.1047 1.5989, -7.7854 -5.147 1.5989, -7.5755 -5.3137 1.5989, -7.5268 -5.3351 1.5989, -7.2677 -5.4484 1.5989, -7.2297 -5.4543 1.5989, -6.9356 -5.4996 1.5989, -6.9117 -5.4999 1.5989, -6.905 -5.5 1.5989, -6.3738 -5.5 2.6314, -6.3533 -5.4999 2.6379, -6.3541 -5.5 2.64, -6.4408 -5.5 2.6024, -6.4587 -5.5 2.5946, -6.4533 -5.4994 2.5835, -5.9677 -5.3606 2.5536, -5.9242 -5.3473 2.5535, -5.8852 -5.3335 2.5517, -6.0556 -5.3694 2.5424, -6.012 -5.3737 2.5522, -6.115 -5.3865 2.5357, -6.1754 -5.4031 2.5272, -6.2368 -5.4188 2.5172, -6.2992 -5.4337 2.506, -6.3525 -5.4453 2.4955, -6.4065 -5.4561 2.4844, -6.4609 -5.4658 2.4727, -6.512 -5.4729 2.4617, -6.5303 -5.4897 2.4969, -6.528 -5.4884 2.4923, -6.4758 -5.484 2.5026, -6.5226 -5.4853 2.4821, -6.5439 -5.4976 2.523, -6.5368 -5.4935 2.5093, -6.4842 -5.4909 2.5192, -6.5575 -5.5 2.5489, -6.5554 -5.4997 2.5449, -6.5205 -5.5 2.5679, -6.502 -5.499 2.555, -6.4445 -5.4967 2.5649, -6.5073 -5.5 2.5736, -6.5106 -5.5 2.5721, -6.1664 -5.5 2.7043, -6.2269 -5.5 2.6878, -6.2267 -5.5 2.6877, -6.2374 -5.5 2.685, -6.2204 -5.4986 2.6681, -6.2717 -5.5 2.6757, -6.2907 -5.4999 2.664, -6.2917 -5.5 2.667, -6.3065 -5.5 2.6606, -6.0416 -5.5 2.7339, -6.0395 -5.4995 2.7216, -6.0232 -5.5 2.7357, -5.9877 -5.4998 2.7342, -5.9883 -5.5 2.739, -5.8852 -5.5 2.7489, -5.9347 -5.5 2.7442, -5.8852 -5.4972 2.7154, -5.9337 -5.4987 2.7249, -5.8852 -5.4967 2.7139, -5.9327 -5.4956 2.7058, -5.8852 -5.4855 2.6764, -5.9316 -5.4905 2.6867, -5.8852 -5.483 2.6682, -5.9306 -5.4834 2.6677, -5.8852 -5.477 2.6583, -5.9295 -5.4742 2.6493, -5.8852 -5.4665 2.6406, -5.9286 -5.463 2.6318, -5.8852 -5.4578 2.626, -5.9277 -5.45 2.6154, -5.8852 -5.4403 2.6086, -5.9735 -5.4452 2.6063, -5.8852 -5.4256 2.5938, -5.8852 -5.4229 2.5911, -5.9719 -5.4301 2.592, -5.8852 -5.4083 2.5824, -5.9705 -5.4138 2.5795, -5.8852 -5.3906 2.5719, -5.8852 -5.335 2.5522, -5.8852 -5.3535 2.5577, -5.9245 -5.3659 2.5589, -5.8852 -5.3725 2.5634, -5.9249 -5.3843 2.5664, -6.0739 -5.4742 2.6298, -6.0778 -5.4835 2.6482, -6.1455 -5.4901 2.6499, -6.1507 -5.4955 2.6693, -6.1559 -5.4988 2.6889, -6.1604 -5.5 2.7059, -6.0936 -5.5 2.7241, -6.0948 -5.5 2.7237, -6.09 -5.499 2.7064, -6.0859 -5.4959 2.6868, -6.0818 -5.4908 2.6673, -6.1404 -5.4826 2.631, -6.2142 -5.4951 2.6486, -6.2081 -5.4894 2.6294, -6.2836 -5.4984 2.6445, -6.2765 -5.4947 2.6252, -6.3454 -5.4982 2.6186, -6.4038 -5.4997 2.6112, -6.4065 -5.5 2.6173, -6.3954 -5.4975 2.5922, -6.3871 -5.4931 2.5736, -6.3376 -5.4942 2.5995, -6.33 -5.4882 2.5811, -6.2695 -5.4888 2.6063, -6.2629 -5.4809 2.5882, -6.2021 -5.4817 2.6109, -6.1965 -5.472 2.5933, -6.1356 -5.473 2.613, -6.1311 -5.4617 2.5962, -6.0703 -5.463 2.6125, -6.0669 -5.45 2.5966, -6.5449 -5.4981 2.5248, -6.4929 -5.4959 2.5368, -6.4359 -5.492 2.5468, -6.4278 -5.4853 2.5295, -6.3792 -5.4867 2.5557, -6.3717 -5.4785 2.5388, -6.3228 -5.4803 2.5635, -6.3161 -5.4706 2.5471, -6.2566 -5.4712 2.5712, -6.2509 -5.4599 2.5554, -6.1913 -5.4606 2.577, -6.1865 -5.4477 2.5621, -6.127 -5.4487 2.5807, -6.1233 -5.4344 2.5668, -6.0639 -5.4357 2.5822, -6.1173 -5.403 2.5443, -6.12 -5.4191 2.5547, -6.1823 -5.4337 2.5488, -6.1786 -5.4187 2.5371, -6.2456 -5.4472 2.5411, -6.2409 -5.4334 2.5284, -6.3098 -5.4594 2.5319, -6.3042 -5.447 2.5182, -6.3647 -5.4687 2.523, -6.3583 -5.4576 2.5086, -6.4201 -5.4769 2.5132, -6.4129 -5.4671 2.4981, -6.4681 -5.4756 2.487, -6.5173 -5.4791 2.4719, -5.9694 -5.3966 2.5689, -6.0148 -5.4085 2.5699, -5.9684 -5.3787 2.5603, -6.0132 -5.3913 2.5601, -6.0659 -5.5 2.7316, -6.0363 -5.4971 2.7022, -6.0331 -5.4926 2.6827, -6.03 -5.4861 2.6634, -6.027 -5.4775 2.6447, -6.0241 -5.4669 2.6269, -5.9753 -5.4588 2.6221, -5.9772 -5.4706 2.6393, -5.9792 -5.4805 2.6575, -5.9813 -5.4884 2.6764, -5.9834 -5.4942 2.6957, -5.9856 -5.498 2.715, -6.0613 -5.4201 2.5695, -6.059 -5.4036 2.5586, -6.0571 -5.3866 2.5496, -5.8852 -5.3807 2.5659, -6.7333 -5.5 2.4513, -1.1 -5.5 4.1489, -0.7057 -5.167 4.1489, -1.033 -5.4943 4.1489, -0.9387 -5.466 4.1489, -0.8541 -5.4155 4.1489, -0.7845 -5.3459 4.1489, -0.734 -5.2613 4.1489, 6.5368 -5.4937 2.5093, 6.5303 -5.4899 2.4969, 6.512 -5.4729 2.4617, 6.5173 -5.479 2.4719, 6.5279 -5.4885 2.4923, 6.5232 -5.4857 2.4831, 6.5441 -5.4979 2.5233, 6.5439 -5.4978 2.5229, 6.7185 -5.4978 2.4259, 6.5554 -5.4997 2.5449, 6.7333 -5.5 2.4513, 6.5575 -5.5 2.5489, 6.0646 -5.4209 2.5694, 6.1158 -5.4328 2.5673, 6.1194 -5.4472 2.581, 6.1679 -5.444 2.5637, 6.2207 -5.4544 2.5588, 6.226 -5.4664 2.5741, 6.1881 -5.4876 2.6302, 6.1324 -5.4817 2.631, 6.1277 -5.4719 2.6131, 6.1475 -5.4986 2.6889, 6.1526 -5.5 2.7084, 6.0938 -5.4991 2.7066, 6.2511 -5.4971 2.6468, 6.2579 -5.4996 2.6663, 6.1999 -5.4979 2.6688, 6.5063 -5.5 2.5725, 6.4862 -5.4999 2.5781, 6.477 -5.4982 2.5594, 6.4877 -5.5 2.5811, 6.4406 -5.5 2.6028, 6.4115 -5.4998 2.6102, 6.403 -5.4978 2.5911, 6.4137 -5.5 2.6153, 6.023 -5.5 2.735, 5.9603 -5.4994 2.7298, 5.9587 -5.4969 2.7107, 6.4372 -5.4617 2.4778, 6.2832 -5.43 2.509, 6.3596 -5.4468 2.4941, 6.2081 -5.4116 2.5221, 6.0105 -5.3558 2.5463, 6.0587 -5.3703 2.5421, 6.11 -5.4011 2.545, 6.1605 -5.4142 2.5394, 5.9452 -5.3356 2.5495, 5.9461 -5.3722 2.5598, 5.8852 -5.3535 2.5577, 5.8852 -5.3335 2.5517, 5.9467 -5.3904 2.5679, 5.8852 -5.3807 2.5659, 5.9476 -5.408 2.5779, 5.8852 -5.3906 2.5719, 5.9486 -5.4247 2.5898, 5.8852 -5.4083 2.5824, 5.9497 -5.4403 2.6036, 5.8852 -5.4229 2.5911, 5.8852 -5.4912 2.6954, 5.8852 -5.483 2.6682, 5.9571 -5.4925 2.6914, 5.8852 -5.477 2.6583, 5.9555 -5.486 2.6723, 5.8852 -5.4665 2.6406, 5.9539 -5.4774 2.6536, 5.8852 -5.4578 2.626, 5.9524 -5.4668 2.6358, 5.8852 -5.4403 2.6086, 5.951 -5.4544 2.619, 5.9615 -5.5 2.7449, 5.9518 -5.5 2.7464, 5.9504 -5.5 2.7465, 5.8852 -5.5 2.7489, 5.8852 -5.4986 2.7325, 5.8852 -5.4972 2.7154, 5.8852 -5.4967 2.7139, 6.0974 -5.5 2.7231, 6.0951 -5.5 2.7235, 6.237 -5.5 2.6836, 6.2073 -5.5 2.6932, 6.2059 -5.4998 2.6884, 6.1663 -5.5 2.7063, 6.3071 -5.5 2.6612, 6.2613 -5.5 2.6759, 6.3746 -5.5 2.6333, 6.3394 -5.5 2.6496, 6.3355 -5.4997 2.6398, 6.3303 -5.5 2.6538, 6.4682 -5.4944 2.5412, 6.4516 -5.4811 2.5073, 6.4441 -5.472 2.4919, 6.0235 -5.4668 2.6269, 6.0264 -5.4774 2.6447, 6.0294 -5.486 2.6634, 6.0325 -5.4926 2.6826, 6.0357 -5.4971 2.7021, 6.0388 -5.4995 2.7216, 6.0208 -5.4543 2.6103, 6.0184 -5.4402 2.5951, 6.0162 -5.4248 2.5816, 6.0143 -5.4084 2.5699, 6.153 -5.5 2.7105, 6.1298 -5.5 2.7179, 6.1373 -5.4894 2.6498, 6.194 -5.4938 2.6493, 6.1424 -5.4951 2.6692, 6.1234 -5.4604 2.5963, 6.2318 -5.477 2.5909, 6.238 -5.4857 2.6087, 6.2445 -5.4924 2.6275, 5.8852 -5.3164 2.5503, 5.9456 -5.3539 2.5537, 6.0114 -5.3736 2.5523, 6.0603 -5.3875 2.5493, 6.3277 -5.4974 2.6205, 6.4596 -5.4886 2.5238, 6.3791 -5.4795 2.5376, 6.3202 -5.493 2.6015, 6.3128 -5.4865 2.5831, 6.3947 -5.4937 2.5725, 6.3058 -5.4781 2.5657, 6.3867 -5.4875 2.5546, 6.2993 -5.468 2.5493, 6.372 -5.4699 2.5218, 6.3655 -5.4589 2.5072, 6.2934 -5.4564 2.5344, 6.288 -5.4437 2.5209, 6.2159 -5.441 2.5449, 6.2117 -5.4266 2.5326, 6.1639 -5.4295 2.5507, 6.1127 -5.4173 2.5552, 6.0622 -5.4045 2.5584, 6.0127 -5.3912 2.5601, 6.0775 -5.4747 2.63, 6.0814 -5.4839 2.6483, 6.0855 -5.4911 2.6675, 6.0896 -5.4961 2.687, 6.0405 -5.5 2.7322, 1.1 -5.5 4.1489, 1.033 -5.4943 4.1489, 0.7057 -5.167 4.1489, 0.734 -5.2613 4.1489, 0.7845 -5.3459 4.1489, 0.8541 -5.4155 4.1489, 0.9387 -5.466 4.1489, 5.6054 -4.1694 0.2389, 5.6152 -4.1058 0.2389, 5.6113 -4.105 0.2054, 8.205 -4.1898 0.2389, 8.1987 -4.105 0.2054, 8.1428 -3.8121 0.2054, 8.1589 -3.857 0.2389, 8.1934 -4.1059 0.2389, 7.8242 -3.2808 0.2389, 7.8407 -3.3022 0.2389, 7.8412 -3.3022 0.2054, 8.023 -3.539 0.2389, 8.0215 -3.5397 0.2054, 8.0291 -3.5471 0.2389, 8.1406 -3.8133 0.2389, 7.6089 -3.1151 0.2389, 7.6115 -3.1121 0.2054, 7.5579 -3.0759 0.2389, 7.3444 -2.9795 0.2054, 7.3418 -2.9853 0.2389, 7.248 -2.9461 0.2389, 7.0541 -2.9114 0.2054, 7.053 -2.9191 0.2389, 6.9152 -2.9 0.2389, 6.7559 -2.9114 0.2054, 6.7569 -2.9194 0.2389, 6.5817 -2.9408 0.2389, 6.4656 -2.9795 0.2054, 6.4684 -2.9862 0.2389, 6.2698 -3.0658 0.2389, 6.1985 -3.1121 0.2054, 6.2019 -3.1163 0.2389, 6.0003 -3.2664 0.2389, 5.9688 -3.3022 0.2054, 5.9709 -3.3035 0.2389, 5.7913 -3.5295 0.2389, 5.7885 -3.5397 0.2054, 5.7872 -3.5388 0.2389, 5.6672 -3.8121 0.2054, 5.6675 -3.8125 0.2389, 5.6566 -3.8373 0.2389, 5.6254 -4.106 0.1582, 5.6506 -4.1079 0.116, 5.6853 -4.1104 0.0811, 5.7275 -4.1135 0.0559, 5.7745 -4.117 0.0417, 5.8234 -3.861 0.0417, 5.9293 -3.623 0.0417, 6.0869 -3.4155 0.0417, 6.2877 -3.2494 0.0417, 6.521 -3.1335 0.0417, 6.7747 -3.074 0.0417, 7.0353 -3.074 0.0417, 7.289 -3.1335 0.0417, 7.5223 -3.2494 0.0417, 7.7231 -3.4155 0.0417, 7.8807 -3.623 0.0417, 7.9866 -3.861 0.0417, 8.0355 -4.117 0.0417, 5.7784 -3.8469 0.0559, 5.8888 -3.599 0.0559, 6.0528 -3.3828 0.0559, 6.262 -3.2098 0.0559, 6.5051 -3.0891 0.0559, 6.7693 -3.0272 0.0559, 7.0407 -3.0272 0.0559, 7.3049 -3.0891 0.0559, 7.548 -3.2098 0.0559, 7.7572 -3.3828 0.0559, 7.9212 -3.599 0.0559, 8.0316 -3.8469 0.0559, 8.0825 -4.1135 0.0559, 5.738 -3.8343 0.0811, 5.8524 -3.5775 0.0811, 6.0223 -3.3536 0.0811, 6.2389 -3.1744 0.0811, 6.4907 -3.0494 0.0811, 6.7644 -2.9852 0.0811, 7.0456 -2.9852 0.0811, 7.3193 -3.0494 0.0811, 7.5711 -3.1744 0.0811, 7.7877 -3.3536 0.0811, 7.9576 -3.5775 0.0811, 8.072 -3.8343 0.0811, 8.1247 -4.1104 0.0811, 5.7048 -3.8239 0.116, 5.8224 -3.5598 0.116, 5.9972 -3.3295 0.116, 6.22 -3.1452 0.116, 6.479 -3.0166 0.116, 6.7604 -2.9506 0.116, 7.0496 -2.9506 0.116, 7.331 -3.0166 0.116, 7.59 -3.1452 0.116, 7.8128 -3.3295 0.116, 7.9876 -3.5598 0.116, 8.1052 -3.8239 0.116, 8.1594 -4.1079 0.116, 5.6807 -3.8163 0.1582, 5.8007 -3.5469 0.1582, 5.979 -3.312 0.1582, 6.2062 -3.124 0.1582, 6.4704 -2.9928 0.1582, 6.7575 -2.9255 0.1582, 7.0525 -2.9255 0.1582, 7.3396 -2.9928 0.1582, 7.6038 -3.124 0.1582, 7.831 -3.312 0.1582, 8.0093 -3.5469 0.1582, 8.1293 -3.8163 0.1582, 8.1846 -4.106 0.1582, 8.205 -4.2 1.5989, 8.1904 -4.3154 1.5989, 8.1642 -4.5233 1.5989, 8.1231 -4.6258 1.5989, 8.0392 -4.8352 1.5989, 7.9829 -4.9109 1.5989, 7.8386 -5.1047 1.5989, 7.7772 -5.1534 1.5989, 7.5755 -5.3137 1.5989, 7.5184 -5.3387 1.5989, 7.2677 -5.4484 1.5989, 7.2218 -5.4555 1.5989, 6.9356 -5.4996 1.5989, 6.905 -5.5 1.5989, 5.3158 -3.405 0.5589, 5.3161 -3.4051 0.5589, 5.411 -3.4328 0.5589, 5.4119 -3.433 0.5589, 5.4965 -3.4831 0.5589, 5.4978 -3.4839 0.5589, 5.5669 -3.5528 0.5589, 5.5684 -3.5544 0.5589, 5.618 -3.6378 0.5589, 5.6194 -3.6402 0.5589, 5.6466 -3.7327 0.5589, 5.6476 -3.7359 0.5589, 5.651 -3.8317 0.5589, 5.6511 -3.8356 0.5589, 5.6415 -3.8941 0.5589, 5.7349 -3.6335 0.3802, 5.7149 -3.6802 0.4059, 5.69 -3.6094 0.4011, 5.6874 -3.7444 0.4413, 5.6715 -3.7962 0.482, 5.6643 -3.7332 0.4782, 5.3166 -3.4023 0.5254, 5.413 -3.4304 0.5254, 5.4995 -3.4816 0.5254, 5.5707 -3.5526 0.5254, 5.622 -3.639 0.5254, 5.6503 -3.7354 0.5254, 5.654 -3.8359 0.5254, 5.6536 -3.8548 0.528, 5.6587 -3.838 0.5148, 5.6599 -3.8342 0.5118, 5.6906 -3.737 0.4372, 5.6893 -3.7291 0.436, 5.695 -3.7268 0.4316, 5.6581 -3.6233 0.436, 5.7407 -3.6225 0.3772, 5.7288 -3.5925 0.3759, 5.7649 -3.576 0.3644, 5.6626 -3.4811 0.3759, 5.7693 -3.5676 0.3621, 5.7244 -3.4328 0.3589, 5.7896 -3.5322 0.3589, 5.6998 -3.4521 0.3617, 5.7709 -3.5645 0.3613, 5.7119 -3.4138 0.3589, 5.5998 -3.3523 0.3617, 5.6193 -3.3269 0.3589, 5.6085 -3.3169 0.3589, 5.4782 -3.2803 0.3617, 5.4951 -3.2511 0.3589, 5.3592 -3.2095 0.3589, 5.3425 -3.2407 0.3617, 5.3478 -3.2085 0.3589, 5.5709 -3.3896 0.3759, 5.4594 -3.3236 0.3759, 5.335 -3.2872 0.3759, 5.6293 -3.507 0.4011, 5.545 -3.423 0.4011, 5.4426 -3.3623 0.4011, 5.3283 -3.329 0.4011, 5.6018 -3.5284 0.436, 5.5237 -3.4505 0.436, 5.4287 -3.3943 0.436, 5.3228 -3.3633 0.436, 5.635 -3.6334 0.4782, 5.5818 -3.5439 0.4782, 5.5082 -3.4704 0.4782, 5.4187 -3.4175 0.4782, 5.3188 -3.3883 0.4782, 9.4214 -2.5853 4.3489, 9.3939 -2.5662 4.3461, 9.4577 -2.5447 4.3489, 9.4303 -2.5201 4.3461, 9.5191 -2.4435 4.3461, 9.6242 -2.3917 4.3461, 9.6362 -2.4262 4.3489, 9.5726 -2.4506 4.3489, 9.5391 -2.4737 4.3489, 9.4919 -2.5064 4.3489, 9.739 -2.3679 4.3461, 9.8561 -2.3737 4.3461, 9.85 -2.409 4.3489, 9.7689 -2.4 4.3489, 9.7419 -2.4035 4.3489, 9.6722 -2.4124 4.3489, 9.968 -2.4086 4.3461, 10.0676 -2.4705 4.3461, 10.0458 -2.4975 4.3489, 9.9663 -2.4449 4.3489, 9.9536 -2.4403 4.3489, 9.8744 -2.4116 4.3489, 10.2054 -2.6579 4.3461, 10.1733 -2.6679 4.3489, 10.1484 -2.5554 4.3461, 10.1214 -2.5753 4.3489, 10.0552 -2.5038 4.3489, 10.2348 -2.7714 4.3461, 10.1996 -2.7621 4.3489, 10.174 -2.6704 4.3489, 10.2385 -2.83 4.3461, 10.205 -2.83 4.3489, 10.2007 -2.7757 4.3489, 9.2593 -2.473 4.1824, 9.257 -2.4714 4.1489, 9.3086 -2.4107 4.1824, 9.3065 -2.4088 4.1489, 9.4287 -2.3071 4.1824, 9.4272 -2.3047 4.1489, 9.571 -2.2369 4.1824, 9.5701 -2.2343 4.1489, 9.7263 -2.2047 4.1824, 9.7261 -2.2019 4.1489, 9.8848 -2.2125 4.1824, 9.8853 -2.2097 4.1489, 10.0362 -2.2598 4.1824, 10.0374 -2.2572 4.1489, 10.1709 -2.3436 4.1824, 10.1727 -2.3414 4.1489, 10.2803 -2.4585 4.1824, 10.2826 -2.4568 4.1489, 10.3573 -2.5971 4.1824, 10.36 -2.5961 4.1489, 10.3971 -2.7507 4.1824, 10.3999 -2.7503 4.1489, 10.4022 -2.83 4.1824, 10.405 -2.83 4.1489, 9.3551 -2.5393 4.3319, 9.3953 -2.4886 4.3319, 9.4931 -2.4042 4.3319, 9.6089 -2.3471 4.3319, 9.7354 -2.3209 4.3319, 9.8644 -2.3272 4.3319, 9.9877 -2.3657 4.3319, 10.0974 -2.4339 4.3319, 10.1864 -2.5275 4.3319, 10.2492 -2.6404 4.3319, 10.2816 -2.7654 4.3319, 10.2857 -2.83 4.3319, 9.3204 -2.5153 4.3067, 9.3638 -2.4603 4.3067, 9.4697 -2.369 4.3067, 9.5952 -2.3071 4.3067, 9.7321 -2.2787 4.3067, 9.8718 -2.2856 4.3067, 10.0053 -2.3273 4.3067, 10.124 -2.4012 4.3067, 10.2205 -2.5024 4.3067, 10.2884 -2.6247 4.3067, 10.3235 -2.7601 4.3067, 10.3279 -2.83 4.3067, 9.2917 -2.4955 4.2718, 9.3379 -2.437 4.2718, 9.4505 -2.3399 4.2718, 9.5838 -2.2742 4.2718, 9.7294 -2.244 4.2718, 9.8779 -2.2513 4.2718, 10.0198 -2.2956 4.2718, 10.146 -2.3741 4.2718, 10.2485 -2.4818 4.2718, 10.3207 -2.6118 4.2718, 10.358 -2.7557 4.2718, 10.3628 -2.83 4.2718, 9.271 -2.4811 4.2296, 9.3191 -2.4201 4.2296, 9.4366 -2.3189 4.2296, 9.5756 -2.2503 4.2296, 9.7274 -2.2188 4.2296, 9.8823 -2.2265 4.2296, 10.0303 -2.2727 4.2296, 10.162 -2.3546 4.2296, 10.2689 -2.4669 4.2296, 10.3442 -2.6024 4.2296, 10.3831 -2.7525 4.2296, 10.388 -2.83 4.2296, 10.405 -2.83 1.7989, 6.5324 5.235 0.0389, 6.3059 5.1225 0.0389, 6.1111 4.9614 0.0389, 5.9582 3.6401 0.0389, 5.8553 3.8711 0.0389, 7.8518 4.7599 0.0389, 7.9547 4.5289 0.0389, 6.7786 5.2927 0.0389, 5.9582 4.7599 0.0389, 6.1111 3.4386 0.0389, 6.3059 3.2775 0.0389, 7.2776 3.165 0.0389, 7.5041 3.2775 0.0389, 7.6989 3.4386 0.0389, 7.6989 4.9614 0.0389, 7.5041 5.1225 0.0389, 7.0314 5.2927 0.0389, 5.8553 4.5289 0.0389, 7.0314 3.1073 0.0389, 7.8518 3.6401 0.0389, 7.2776 5.235 0.0389, 5.808 4.2806 0.0389, 5.805 4.2 0.0389, 5.808 4.1194 0.0389, 6.7786 3.1073 0.0389, 7.9547 3.8711 0.0389, 6.5324 3.165 0.0389, 8.002 4.1194 0.0389, 8.005 4.2 0.0389, 8.002 4.2806 0.0389, -7.2776 5.235 0.0389, -7.5041 5.1225 0.0389, -7.6989 4.9614 0.0389, -7.8518 3.6401 0.0389, -7.9547 3.8711 0.0389, -5.9582 4.7599 0.0389, -5.8553 4.5289 0.0389, -7.0314 5.2927 0.0389, -7.8518 4.7599 0.0389, -7.6989 3.4386 0.0389, -7.5041 3.2775 0.0389, -6.5324 3.165 0.0389, -6.3059 3.2775 0.0389, -6.1111 3.4386 0.0389, -6.1111 4.9614 0.0389, -6.3059 5.1225 0.0389, -6.7786 5.2927 0.0389, -7.9547 4.5289 0.0389, -6.7786 3.1073 0.0389, -5.9582 3.6401 0.0389, -6.5324 5.235 0.0389, -8.002 4.2806 0.0389, -8.005 4.2 0.0389, -8.002 4.1194 0.0389, -7.0314 3.1073 0.0389, -5.8553 3.8711 0.0389, -7.2776 3.165 0.0389, -5.808 4.1194 0.0389, -5.805 4.2 0.0389, -5.808 4.2806 0.0389, -6.0003 -3.2664 0.3589, -5.6203 3.3258 0.3589, -5.4915 3.2496 0.3589, -6.64 2.7331 0.3589, -6.575 -2.4384 0.3589, -6.575 2.4384 0.3589, -5.7263 3.4316 0.3589, -5.7913 -3.5295 0.3589, -6.2698 -3.0658 0.3589, 6.0003 -3.2664 0.3589, 6.2698 -3.0658 0.3589, -6.7333 2.8818 0.3589, -6.7563 2.9085 0.3589, -6.5878 2.9418 0.3589, 5.7913 -3.5295 0.3589, 6.64 2.7331 0.3589, 5.6203 3.3258 0.3589, 5.7263 3.4316 0.3589, -6.5817 -2.9408 0.3589, -6.7563 -2.9085 0.3589, -6.7357 -2.8801 0.3589, -6.5516 2.9489 0.3589, -6.3557 3.0217 0.3589, -6.6436 -2.7315 0.3589, -6.6056 -2.6434 0.3589, -6.5907 -2.565 0.3589, -6.5771 -2.4931 0.3589, -6.6665 -2.7846 0.3589, 5.9109 3.3623 0.3589, 5.8228 3.4858 0.3589, 5.7896 3.5322 0.3589, 6.2909 3.0589 0.3589, 6.3841 3.0089 0.3589, 6.64 -2.7331 0.3589, 6.5817 -2.9408 0.3589, 6.7333 -2.8818 0.3589, 6.7563 -2.9085 0.3589, -6.0284 3.2409 0.3589, -5.8911 3.3864 0.3589, -5.8222 3.4853 0.3589, -5.7896 3.5322 0.3589, 6.5867 -2.5658 0.3589, 6.575 -2.4384 0.3589, -6.2904 3.0578 0.3589, -6.2002 3.1076 0.3589, -6.0346 3.2344 0.3589, 6.0298 3.2423 0.3589, 6.0579 3.2138 0.3589, 6.2002 3.1076 0.3589, 6.5817 2.9408 0.3589, 6.5874 2.9398 0.3589, 6.7333 2.8818 0.3589, 6.7563 2.9085 0.3589, 6.575 2.4384 0.3589, 6.5867 2.5658 0.3589, 5.4915 3.2496 0.3589, -6.5867 2.5658 0.3589, -5.3478 3.2076 0.3589, -5.2527 3.2 0.3589, 5.3478 3.2076 0.3589, 5.2527 3.2 0.3589, -10.405 -3.8464 1.7989, -10.405 -2.83 1.7989, -10.405 -3.8464 4.1489, -10.405 -2.83 4.1489, -9.7303 -2.4023 4.3489, -9.7416 -2.4025 4.3489, -9.739 -2.3679 4.3461, -10.205 -2.83 4.3489, -10.2385 -2.83 4.3461, -10.1983 -2.776 4.3489, -10.2348 -2.7714 4.3461, -10.2054 -2.6579 4.3461, -10.1484 -2.5554 4.3461, -10.1189 -2.577 4.3489, -10.1574 -2.6332 4.3489, -10.1717 -2.6713 4.3489, -10.192 -2.7251 4.3489, -10.0676 -2.4705 4.3461, -9.968 -2.4086 4.3461, -9.953 -2.4411 4.3489, -10.0248 -2.48 4.3489, -10.045 -2.4982 4.3489, -10.0972 -2.5452 4.3489, -9.8561 -2.3737 4.3461, -9.8369 -2.4044 4.3489, -9.8499 -2.4079 4.3489, -9.9314 -2.4294 4.3489, -9.6351 -2.4234 4.3489, -9.6242 -2.3917 4.3461, -9.5398 -2.47 4.3489, -9.5191 -2.4435 4.3461, -9.5378 -2.4717 4.3489, -9.4645 -2.5324 4.3489, -9.4303 -2.5201 4.3461, -9.4559 -2.543 4.3489, -9.3939 -2.5662 4.3461, -9.4214 -2.5853 4.3489, -10.4022 -2.83 4.1824, -10.3971 -2.7507 4.1824, -10.3999 -2.7503 4.1489, -10.3573 -2.5971 4.1824, -10.36 -2.5961 4.1489, -10.2803 -2.4585 4.1824, -10.2826 -2.4568 4.1489, -10.1709 -2.3436 4.1824, -10.1727 -2.3414 4.1489, -10.0362 -2.2598 4.1824, -10.0374 -2.2572 4.1489, -9.8848 -2.2125 4.1824, -9.8853 -2.2097 4.1489, -9.7263 -2.2047 4.1824, -9.7261 -2.2019 4.1489, -9.571 -2.2369 4.1824, -9.5701 -2.2343 4.1489, -9.4287 -2.3071 4.1824, -9.4272 -2.3047 4.1489, -9.3086 -2.4107 4.1824, -9.3065 -2.4088 4.1489, -9.2593 -2.473 4.1824, -9.257 -2.4714 4.1489, -10.2857 -2.83 4.3319, -10.2816 -2.7654 4.3319, -10.2492 -2.6404 4.3319, -10.1864 -2.5275 4.3319, -10.0974 -2.4339 4.3319, -9.9877 -2.3657 4.3319, -9.8644 -2.3272 4.3319, -9.7354 -2.3209 4.3319, -9.6089 -2.3471 4.3319, -9.4931 -2.4042 4.3319, -9.3953 -2.4886 4.3319, -9.3551 -2.5393 4.3319, -10.3279 -2.83 4.3067, -10.3235 -2.7601 4.3067, -10.2884 -2.6247 4.3067, -10.2205 -2.5024 4.3067, -10.124 -2.4012 4.3067, -10.0053 -2.3273 4.3067, -9.8718 -2.2856 4.3067, -9.7321 -2.2787 4.3067, -9.5952 -2.3071 4.3067, -9.4697 -2.369 4.3067, -9.3638 -2.4603 4.3067, -9.3204 -2.5153 4.3067, -10.3628 -2.83 4.2718, -10.358 -2.7557 4.2718, -10.3207 -2.6118 4.2718, -10.2485 -2.4818 4.2718, -10.146 -2.3741 4.2718, -10.0198 -2.2956 4.2718, -9.8779 -2.2513 4.2718, -9.7294 -2.244 4.2718, -9.5838 -2.2742 4.2718, -9.4505 -2.3399 4.2718, -9.3379 -2.437 4.2718, -9.2917 -2.4955 4.2718, -10.388 -2.83 4.2296, -10.3831 -2.7525 4.2296, -10.3442 -2.6024 4.2296, -10.2689 -2.4669 4.2296, -10.162 -2.3546 4.2296, -10.0303 -2.2727 4.2296, -9.8823 -2.2265 4.2296, -9.7274 -2.2188 4.2296, -9.5756 -2.2503 4.2296, -9.4366 -2.3189 4.2296, -9.3191 -2.4201 4.2296, -9.271 -2.4811 4.2296, 8.5956 -0.854 0.3589, 9.2847 1.3354 0.3589, 8.7909 -1.0604 0.3589, 10.1253 -1.3354 0.3589, 10.8144 0.854 0.3589, 10.3862 1.2231 0.3589, 8.7909 1.0604 0.3589, 9.0238 1.2231 0.3589, 10.3862 -1.2231 0.3589, 10.6191 1.0604 0.3589, 10.1253 1.3354 0.3589, 8.4461 0.6124 0.3589, 8.5956 0.854 0.3589, 8.3483 0.3457 0.3589, 9.0238 -1.2231 0.3589, 9.2847 -1.3354 0.3589, 10.6191 -1.0604 0.3589, 9.8471 1.3928 0.3589, 8.3065 0.0647 0.3589, 8.4461 -0.6124 0.3589, 8.3483 -0.3457 0.3589, 9.5629 -1.3928 0.3589, 10.9639 -0.6124 0.3589, 10.8144 -0.854 0.3589, 11.0617 -0.3457 0.3589, 9.5629 1.3928 0.3589, 8.305 -0.0 0.3589, 8.3065 -0.0647 0.3589, 9.8471 -1.3928 0.3589, 10.9639 0.6124 0.3589, 11.0617 0.3457 0.3589, 11.1035 -0.0647 0.3589, 11.105 0.0 0.3589, 11.1035 0.0647 0.3589, -10.8144 -0.854 0.3589, -10.6191 -1.0604 0.3589, -9.2847 -1.3354 0.3589, -8.5956 0.854 0.3589, -10.1253 1.3354 0.3589, -10.3862 -1.2231 0.3589, -9.0238 -1.2231 0.3589, -8.7909 1.0604 0.3589, -9.0238 1.2231 0.3589, -10.6191 1.0604 0.3589, -10.3862 1.2231 0.3589, -10.9639 -0.6124 0.3589, -11.0617 -0.3457 0.3589, -10.1253 -1.3354 0.3589, -8.7909 -1.0604 0.3589, -9.2847 1.3354 0.3589, -10.9639 0.6124 0.3589, -10.8144 0.854 0.3589, -11.0617 0.3457 0.3589, -9.8471 -1.3928 0.3589, -8.4461 -0.6124 0.3589, -8.5956 -0.854 0.3589, -8.3483 -0.3457 0.3589, -9.5629 1.3928 0.3589, -11.1035 0.0647 0.3589, -9.5629 -1.3928 0.3589, -8.4461 0.6124 0.3589, -8.3483 0.3457 0.3589, -9.8471 1.3928 0.3589, -11.105 -0.0 0.3589, -11.1035 -0.0647 0.3589, -8.3065 -0.0647 0.3589, -8.305 0.0 0.3589, -8.3065 0.0647 0.3589, -10.205 -3.8289 4.3489, -9.875 -3.8 4.3489, -10.4014 -3.846 4.1822, -10.5717 -3.861 1.6023, -9.989 -3.81 1.5989, -10.5768 -3.8614 1.6009, -10.605 -3.8639 1.5989, -10.5277 -3.8572 1.6144, -10.5245 -3.8569 1.6162, -10.4873 -3.8536 1.6372, -10.4825 -3.8532 1.6417, -10.4515 -3.8504 1.6707, -10.4478 -3.8501 1.6763, -10.4095 -3.8468 1.7565, -9.875 -3.8 1.6201, -9.8866 -3.801 1.6164, -10.4033 -3.8462 4.1749, -9.9149 -3.8036 1.6076, -9.9468 -3.8063 1.6038, -10.423 -3.848 1.7186, -10.4266 -3.8483 1.7085, -10.4086 -3.8467 1.7655, -10.2383 -3.8318 4.3448, -10.3915 -3.8452 4.2212, -10.3872 -3.8448 4.2291, -10.3684 -3.8432 4.2642, -10.362 -3.8426 4.2712, -10.2536 -3.8331 4.3429, -10.3336 -3.8401 4.3021, -10.3275 -3.8396 4.306, -10.2854 -3.8358 4.3313, -10.2929 -3.8365 4.3285, 9.875 -4.0 1.7989, 9.875 -4.0 4.3489, 9.875 -3.8552 1.6389, 9.875 -3.8598 1.6415, 9.875 -3.9229 1.6763, 9.875 -3.9686 1.7184, 9.8749 -3.9849 1.7419, 9.875 -3.9942 1.7655, 9.875 -3.9964 1.7708, 9.875 -3.9272 1.6786, 9.875 -3.9648 1.7129, -8.1912 -4.011 1.7989, -8.1906 -4.0072 1.7666, -8.1906 -4.0068 1.7654, -8.1889 -3.996 1.735, -8.1872 -3.9857 1.7186, -8.1854 -3.9752 1.7017, -8.1806 -3.95 1.6768, -8.1775 -3.9341 1.6611, -6.905 -5.5 4.1489, -6.9356 -5.4996 4.1489, -7.0651 -5.4796 4.1489, -7.2677 -5.4484 4.1489, -7.3305 -5.4209 4.1489, -7.5755 -5.3137 4.1489, -8.1912 -4.011 4.1489, -8.2026 -4.1593 4.1489, -8.205 -4.1898 4.1489, -8.1754 -4.4312 4.1489, -8.1642 -4.5233 4.1489, -8.097 -4.6911 4.1489, -8.0392 -4.8352 4.1489, -7.9687 -4.93 4.1489, -7.8386 -5.1047 4.1489, -7.7949 -5.1394 4.1489, -6.7995 -2.9049 0.3642, -6.8356 -2.9019 0.3685, -6.8638 -2.9017 0.3791, -7.248 -2.9461 1.5989, -7.1722 -2.9278 1.5989, -7.1722 -2.9278 0.5589, -7.1279 -2.9197 0.5257, -7.1046 -2.9155 0.5081, -7.0831 -2.9134 0.4946, -6.9515 -2.9008 0.4119, -6.9965 -2.9051 0.4402, -7.0629 -2.9115 0.482, -6.9342 -2.901 0.4055, -6.9298 -2.901 0.4038, -6.9152 -2.9012 0.3984, -7.5579 -3.0759 1.5989, -7.8242 -3.2808 1.5989, -8.1704 -3.9035 1.6427, -8.1641 -3.8764 1.6263, -8.1585 -3.8571 1.6201, -8.1565 -3.8501 1.6178, -8.0291 -3.5471 1.5989, -8.126 -3.7538 1.5989, -8.1395 -3.7932 1.6027, -8.1443 -3.8073 1.6041, 6.905 -5.5 4.1489, 7.1722 -2.9278 0.5589, 7.1722 -2.9278 1.5989, 7.248 -2.9461 1.5989, 8.0291 -3.5471 1.5989, 8.1495 -3.8242 1.6079, 8.1392 -3.7932 1.6039, 8.126 -3.7538 1.5989, 7.8242 -3.2808 1.5989, 7.5579 -3.0759 1.5989, 6.9302 -2.9018 0.4058, 7.0132 -2.9045 0.4465, 6.9962 -2.904 0.4382, 6.9317 -2.9019 0.4066, 7.0624 -2.9117 0.4813, 7.0819 -2.9146 0.4951, 7.128 -2.9213 0.5276, 6.8635 -2.9012 0.3777, 6.8816 -2.9002 0.382, 6.9152 -2.9013 0.3985, 6.7949 -2.9047 0.3613, 6.7986 -2.9045 0.3622, 8.205 -4.1898 4.1489, 8.1754 -4.4312 4.1489, 8.1642 -4.5233 4.1489, 8.097 -4.6911 4.1489, 8.0392 -4.8352 4.1489, 7.9687 -4.93 4.1489, 7.8386 -5.1047 4.1489, 7.7949 -5.1394 4.1489, 7.5755 -5.3137 4.1489, 7.3305 -5.4209 4.1489, 7.2677 -5.4484 4.1489, 7.0651 -5.4796 4.1489, 6.9356 -5.4996 4.1489, 8.1565 -3.8499 1.6178, 8.1585 -3.8571 1.6205, 8.168 -3.8919 1.6339, 8.1706 -3.9038 1.6421, 8.18 -3.9464 1.6713, 8.1808 -3.9508 1.6763, 8.1867 -3.9827 1.712, 8.1872 -3.986 1.7184, 8.1898 -4.0019 1.7489, 8.1904 -4.0058 1.7655, 8.1911 -4.0102 1.7839, 8.1912 -4.011 1.7989, 8.1912 -4.011 4.1489, 8.2026 -4.1593 4.1489, 9.257 -2.4714 1.7989, 9.3065 -2.4088 1.7989, 9.4272 -2.3047 1.7989, 9.5701 -2.2343 1.7989, 9.7261 -2.2019 1.7989, 9.8853 -2.2097 1.7989, 10.0374 -2.2572 1.7989, 10.1727 -2.3414 1.7989, 10.2826 -2.4568 1.7989, 10.36 -2.5961 1.7989, 10.3999 -2.7503 1.7989, 6.7833 -2.5289 0.5589, 6.7833 -2.5294 0.5589, 6.7806 -2.5299 0.5254, 6.8211 -2.6477 0.5589, 6.8214 -2.6489 0.5589, 6.8189 -2.6501 0.5254, 6.887 -2.7534 0.5589, 6.8881 -2.7552 0.5589, 6.8859 -2.7569 0.5254, 6.7593 -2.8606 0.3617, 6.7958 -2.8307 0.3759, 6.8285 -2.804 0.4011, 6.8554 -2.7819 0.436, 7.0877 -2.9051 0.5254, 7.0887 -2.9024 0.5589, 6.9771 -2.8396 0.5589, 6.9791 -2.8415 0.5589, 6.9774 -2.8438 0.5254, 7.0856 -2.9007 0.5589, 6.9541 -2.8755 0.436, 6.969 -2.8552 0.4782, 6.775 -2.4384 0.5589, 6.7722 -2.4384 0.5254, 6.758 -2.4384 0.4782, 6.7666 -2.5325 0.4782, 6.7328 -2.4384 0.436, 6.7418 -2.5371 0.436, 6.6979 -2.4384 0.4011, 6.7076 -2.5434 0.4011, 6.6557 -2.4384 0.3759, 6.666 -2.5511 0.3759, 6.6085 -2.4384 0.3617, 6.6196 -2.5597 0.3617, 6.875 -2.7659 0.4782, 6.806 -2.656 0.4782, 6.7831 -2.6667 0.436, 6.7515 -2.6813 0.4011, 6.7132 -2.6991 0.3759, 6.6704 -2.719 0.3617, 6.775 2.4384 0.5589, 6.7722 2.4384 0.5254, 6.758 2.4384 0.4782, 6.7328 2.4384 0.436, 6.6979 2.4384 0.4011, 6.6557 2.4384 0.3759, 6.6085 2.4384 0.3617, 5.8201 3.4838 0.2389, 5.7917 3.5411 0.2389, 5.7885 3.5397 0.2054, 5.6078 4.2 0.2054, 5.6113 4.105 0.2054, 5.605 4.2 0.2389, 5.6093 4.1048 0.2389, 5.6672 3.8121 0.2054, 5.678 3.7706 0.2389, 5.669 3.8122 0.2389, 5.6102 4.0835 0.2389, 5.9726 3.3052 0.2389, 5.9688 3.3022 0.2054, 6.0279 3.2404 0.2389, 6.1985 3.1121 0.2054, 6.2021 3.1169 0.2389, 6.289 3.0552 0.2389, 6.4656 2.9795 0.2054, 6.4681 2.9857 0.2389, 6.5874 2.9394 0.2389, 6.7559 2.9114 0.2054, 6.7568 2.9184 0.2389, 6.905 2.9 0.2389, 7.0541 2.9114 0.2054, 7.0532 2.9184 0.2389, 7.2226 2.9394 0.2389, 7.3444 2.9795 0.2054, 7.3419 2.9857 0.2389, 7.521 3.0552 0.2389, 7.6115 3.1121 0.2054, 7.6079 3.1169 0.2389, 7.7821 3.2404 0.2389, 7.8412 3.3022 0.2054, 7.8374 3.3052 0.2389, 7.9899 3.4838 0.2389, 8.0215 3.5397 0.2054, 8.0183 3.5411 0.2389, 8.132 3.7706 0.2389, 8.1428 3.8121 0.2054, 8.141 3.8122 0.2389, 8.1998 4.0835 0.2389, 8.1987 4.105 0.2054, 8.2007 4.1048 0.2389, 8.205 4.2 0.2389, 8.2022 4.2 0.2054, 8.188 4.2 0.1582, 8.1628 4.2 0.116, 8.1846 4.106 0.1582, 8.1279 4.2 0.0811, 8.1594 4.1079 0.116, 8.0857 4.2 0.0559, 8.1247 4.1104 0.0811, 8.0385 4.2 0.0417, 8.0825 4.1135 0.0559, 8.0355 4.117 0.0417, 7.9866 3.861 0.0417, 7.8807 3.623 0.0417, 7.7231 3.4155 0.0417, 7.5223 3.2494 0.0417, 7.289 3.1335 0.0417, 7.0353 3.074 0.0417, 6.7747 3.074 0.0417, 6.521 3.1335 0.0417, 6.2877 3.2494 0.0417, 6.0869 3.4155 0.0417, 5.9293 3.623 0.0417, 5.8234 3.861 0.0417, 5.7745 4.117 0.0417, 5.7715 4.2 0.0417, 8.0316 3.8469 0.0559, 7.9212 3.599 0.0559, 7.7572 3.3828 0.0559, 7.548 3.2098 0.0559, 7.3049 3.0891 0.0559, 7.0407 3.0272 0.0559, 6.7693 3.0272 0.0559, 6.5051 3.0891 0.0559, 6.262 3.2098 0.0559, 6.0528 3.3828 0.0559, 5.8888 3.599 0.0559, 5.7784 3.8469 0.0559, 5.7275 4.1135 0.0559, 5.7243 4.2 0.0559, 8.072 3.8343 0.0811, 7.9576 3.5775 0.0811, 7.7877 3.3536 0.0811, 7.5711 3.1744 0.0811, 7.3193 3.0494 0.0811, 7.0456 2.9852 0.0811, 6.7644 2.9852 0.0811, 6.4907 3.0494 0.0811, 6.2389 3.1744 0.0811, 6.0223 3.3536 0.0811, 5.8524 3.5775 0.0811, 5.738 3.8343 0.0811, 5.6853 4.1104 0.0811, 5.6821 4.2 0.0811, 8.1052 3.8239 0.116, 7.9876 3.5598 0.116, 7.8128 3.3295 0.116, 7.59 3.1452 0.116, 7.331 3.0166 0.116, 7.0496 2.9506 0.116, 6.7604 2.9506 0.116, 6.479 3.0166 0.116, 6.22 3.1452 0.116, 5.9972 3.3295 0.116, 5.8224 3.5598 0.116, 5.7048 3.8239 0.116, 5.6506 4.1079 0.116, 5.6472 4.2 0.116, 8.1293 3.8163 0.1582, 8.0093 3.5469 0.1582, 7.831 3.312 0.1582, 7.6038 3.124 0.1582, 7.3396 2.9928 0.1582, 7.0525 2.9255 0.1582, 6.7575 2.9255 0.1582, 6.4704 2.9928 0.1582, 6.2062 3.124 0.1582, 5.979 3.312 0.1582, 5.8007 3.5469 0.1582, 5.6807 3.8163 0.1582, 5.6254 4.106 0.1582, 5.622 4.2 0.1582, 7.0148 2.9046 0.4475, 7.0623 2.9116 0.4811, 6.969 2.8552 0.4782, 7.128 2.9213 0.5276, 7.0877 2.9051 0.5254, 7.082 2.9145 0.495, 6.7833 2.5289 0.5589, 6.7806 2.5299 0.5254, 6.7833 2.5294 0.5589, 6.8211 2.6477 0.5589, 6.8189 2.6501 0.5254, 6.8214 2.6489 0.5589, 6.887 2.7534 0.5589, 6.8859 2.7569 0.5254, 6.8881 2.7552 0.5589, 6.9771 2.8396 0.5589, 6.9774 2.8438 0.5254, 6.9791 2.8415 0.5589, 7.0856 2.9007 0.5589, 7.0887 2.9024 0.5589, 7.1722 2.9278 0.5589, 6.9963 2.904 0.4384, 6.8285 2.804 0.4011, 6.9301 2.9018 0.4059, 6.8554 2.7819 0.436, 6.9317 2.9019 0.4066, 6.9541 2.8755 0.436, 6.8635 2.9012 0.3778, 6.8816 2.9002 0.382, 6.905 2.901 0.3935, 6.7958 2.8307 0.3759, 6.7593 2.8606 0.3617, 6.7987 2.9046 0.3626, 6.7916 2.905 0.3609, 6.6196 2.5597 0.3617, 6.666 2.5511 0.3759, 6.7076 2.5434 0.4011, 6.7418 2.5371 0.436, 6.6704 2.719 0.3617, 6.7132 2.6991 0.3759, 6.7515 2.6813 0.4011, 6.7831 2.6667 0.436, 6.875 2.7659 0.4782, 6.806 2.656 0.4782, 6.7666 2.5325 0.4782, 7.9899 4.9162 0.2389, 8.0183 4.8589 0.2389, 8.0215 4.8603 0.2054, 8.1987 4.295 0.2054, 8.2007 4.2952 0.2389, 8.1428 4.5879 0.2054, 8.132 4.6294 0.2389, 8.141 4.5878 0.2389, 8.1998 4.3165 0.2389, 7.8374 5.0948 0.2389, 7.8412 5.0978 0.2054, 7.7821 5.1596 0.2389, 7.6115 5.2879 0.2054, 7.6079 5.2831 0.2389, 7.521 5.3448 0.2389, 7.3444 5.4205 0.2054, 7.3419 5.4143 0.2389, 7.2226 5.4606 0.2389, 7.0541 5.4886 0.2054, 7.0532 5.4816 0.2389, 6.905 5.5 0.2389, 6.7559 5.4886 0.2054, 6.7568 5.4816 0.2389, 6.5874 5.4606 0.2389, 6.4656 5.4205 0.2054, 6.4681 5.4143 0.2389, 6.289 5.3448 0.2389, 6.1985 5.2879 0.2054, 6.2021 5.2831 0.2389, 6.0279 5.1596 0.2389, 5.9688 5.0978 0.2054, 5.9726 5.0948 0.2389, 5.8201 4.9162 0.2389, 5.7885 4.8603 0.2054, 5.7917 4.8589 0.2389, 5.678 4.6294 0.2389, 5.6672 4.5879 0.2054, 5.669 4.5878 0.2389, 5.6102 4.3165 0.2389, 5.6113 4.295 0.2054, 5.6093 4.2952 0.2389, 5.6254 4.294 0.1582, 5.6506 4.2921 0.116, 5.6853 4.2896 0.0811, 5.7275 4.2865 0.0559, 5.7745 4.283 0.0417, 5.8234 4.539 0.0417, 5.9293 4.777 0.0417, 6.0869 4.9845 0.0417, 6.2877 5.1506 0.0417, 6.521 5.2665 0.0417, 6.7747 5.326 0.0417, 7.0353 5.326 0.0417, 7.289 5.2665 0.0417, 7.5223 5.1506 0.0417, 7.7231 4.9845 0.0417, 7.8807 4.777 0.0417, 7.9866 4.539 0.0417, 8.0355 4.283 0.0417, 5.7784 4.5531 0.0559, 5.8888 4.801 0.0559, 6.0528 5.0172 0.0559, 6.262 5.1902 0.0559, 6.5051 5.3109 0.0559, 6.7693 5.3728 0.0559, 7.0407 5.3728 0.0559, 7.3049 5.3109 0.0559, 7.548 5.1902 0.0559, 7.7572 5.0172 0.0559, 7.9212 4.801 0.0559, 8.0316 4.5531 0.0559, 8.0825 4.2865 0.0559, 5.738 4.5657 0.0811, 5.8524 4.8225 0.0811, 6.0223 5.0464 0.0811, 6.2389 5.2256 0.0811, 6.4907 5.3506 0.0811, 6.7644 5.4148 0.0811, 7.0456 5.4148 0.0811, 7.3193 5.3506 0.0811, 7.5711 5.2256 0.0811, 7.7877 5.0464 0.0811, 7.9576 4.8225 0.0811, 8.072 4.5657 0.0811, 8.1247 4.2896 0.0811, 5.7048 4.5761 0.116, 5.8224 4.8402 0.116, 5.9972 5.0705 0.116, 6.22 5.2548 0.116, 6.479 5.3834 0.116, 6.7604 5.4494 0.116, 7.0496 5.4494 0.116, 7.331 5.3834 0.116, 7.59 5.2548 0.116, 7.8128 5.0705 0.116, 7.9876 4.8402 0.116, 8.1052 4.5761 0.116, 8.1594 4.2921 0.116, 5.6807 4.5837 0.1582, 5.8007 4.8531 0.1582, 5.979 5.088 0.1582, 6.2062 5.276 0.1582, 6.4704 5.4072 0.1582, 6.7575 5.4745 0.1582, 7.0525 5.4745 0.1582, 7.3396 5.4072 0.1582, 7.6038 5.276 0.1582, 7.831 5.088 0.1582, 8.0093 4.8531 0.1582, 8.1293 4.5837 0.1582, 8.1846 4.294 0.1582, 5.3158 3.405 0.5589, 5.3161 3.4051 0.5589, 5.3166 3.4023 0.5254, 5.411 3.4328 0.5589, 5.4119 3.433 0.5589, 5.413 3.4304 0.5254, 5.4965 3.4831 0.5589, 5.4978 3.4839 0.5589, 5.4995 3.4816 0.5254, 5.5669 3.5528 0.5589, 5.5684 3.5544 0.5589, 5.5707 3.5526 0.5254, 5.618 3.6378 0.5589, 5.6194 3.6402 0.5589, 5.622 3.639 0.5254, 5.6583 3.8354 0.5113, 5.654 3.8359 0.5254, 5.6529 3.8542 0.5265, 5.7693 3.5684 0.364, 5.6998 3.4521 0.3617, 5.7652 3.5757 0.365, 5.6626 3.4811 0.3759, 5.69 3.6094 0.4011, 5.717 3.6721 0.3977, 5.7288 3.5925 0.3759, 5.7409 3.6228 0.3782, 5.7534 3.5968 0.368, 5.6581 3.6233 0.436, 5.6965 3.7251 0.4323, 5.7144 3.679 0.4022, 5.6915 3.738 0.4407, 5.6902 3.7272 0.4398, 5.6788 3.771 0.4622, 5.6643 3.7332 0.4782, 5.6503 3.7354 0.5254, 5.6699 3.795 0.4785, 5.671 3.7911 0.4754, 5.6415 3.8941 0.5589, 5.6511 3.8356 0.5589, 5.651 3.8317 0.5589, 5.6476 3.7359 0.5589, 5.6466 3.7327 0.5589, 5.2527 3.4 0.5589, 5.2527 3.3972 0.5254, 5.2527 3.383 0.4782, 5.3188 3.3883 0.4782, 5.2527 3.3578 0.436, 5.3228 3.3633 0.436, 5.2527 3.3229 0.4011, 5.3283 3.329 0.4011, 5.2527 3.2807 0.3759, 5.335 3.2872 0.3759, 5.2527 3.2335 0.3617, 5.3425 3.2407 0.3617, 5.635 3.6334 0.4782, 5.5818 3.5439 0.4782, 5.6018 3.5284 0.436, 5.6293 3.507 0.4011, 5.4187 3.4175 0.4782, 5.4287 3.3943 0.436, 5.4426 3.3623 0.4011, 5.4594 3.3236 0.3759, 5.4782 3.2803 0.3617, 5.5082 3.4704 0.4782, 5.5237 3.4505 0.436, 5.545 3.423 0.4011, 5.5709 3.3896 0.3759, 5.5998 3.3523 0.3617, -5.2527 3.4 0.5589, -5.2527 3.3972 0.5254, -5.2527 3.383 0.4782, -5.2527 3.3578 0.436, -5.2527 3.3229 0.4011, -5.2527 3.2807 0.3759, -5.2527 3.2335 0.3617, -5.8201 4.9162 0.2389, -5.7917 4.8589 0.2389, -5.7885 4.8603 0.2054, -5.6078 4.2 0.2054, -5.6113 4.295 0.2054, -5.605 4.2 0.2389, -5.6093 4.2952 0.2389, -5.6672 4.5879 0.2054, -5.678 4.6294 0.2389, -5.669 4.5878 0.2389, -5.6102 4.3165 0.2389, -5.9726 5.0948 0.2389, -5.9688 5.0978 0.2054, -6.0279 5.1596 0.2389, -6.1985 5.2879 0.2054, -6.2021 5.2831 0.2389, -6.289 5.3448 0.2389, -6.4656 5.4205 0.2054, -6.4681 5.4143 0.2389, -6.5874 5.4606 0.2389, -6.7559 5.4886 0.2054, -6.7568 5.4816 0.2389, -6.905 5.5 0.2389, -7.0541 5.4886 0.2054, -7.0532 5.4816 0.2389, -7.2226 5.4606 0.2389, -7.3444 5.4205 0.2054, -7.3419 5.4143 0.2389, -7.521 5.3448 0.2389, -7.6115 5.2879 0.2054, -7.6079 5.2831 0.2389, -7.7821 5.1596 0.2389, -7.8412 5.0978 0.2054, -7.8374 5.0948 0.2389, -7.9899 4.9162 0.2389, -8.0215 4.8603 0.2054, -8.0183 4.8589 0.2389, -8.132 4.6294 0.2389, -8.1428 4.5879 0.2054, -8.141 4.5878 0.2389, -8.1998 4.3165 0.2389, -8.1987 4.295 0.2054, -8.2007 4.2952 0.2389, -8.205 4.2 0.2389, -8.2022 4.2 0.2054, -8.188 4.2 0.1582, -8.1628 4.2 0.116, -8.1846 4.294 0.1582, -8.1279 4.2 0.0811, -8.1594 4.2921 0.116, -8.0857 4.2 0.0559, -8.1247 4.2896 0.0811, -8.0385 4.2 0.0417, -8.0825 4.2865 0.0559, -8.0355 4.283 0.0417, -7.9866 4.539 0.0417, -7.8807 4.777 0.0417, -7.7231 4.9845 0.0417, -7.5223 5.1506 0.0417, -7.289 5.2665 0.0417, -7.0353 5.326 0.0417, -6.7747 5.326 0.0417, -6.521 5.2665 0.0417, -6.2877 5.1506 0.0417, -6.0869 4.9845 0.0417, -5.9293 4.777 0.0417, -5.8234 4.539 0.0417, -5.7745 4.283 0.0417, -5.7715 4.2 0.0417, -8.0316 4.5531 0.0559, -7.9212 4.801 0.0559, -7.7572 5.0172 0.0559, -7.548 5.1902 0.0559, -7.3049 5.3109 0.0559, -7.0407 5.3728 0.0559, -6.7693 5.3728 0.0559, -6.5051 5.3109 0.0559, -6.262 5.1902 0.0559, -6.0528 5.0172 0.0559, -5.8888 4.801 0.0559, -5.7784 4.5531 0.0559, -5.7275 4.2865 0.0559, -5.7243 4.2 0.0559, -8.072 4.5657 0.0811, -7.9576 4.8225 0.0811, -7.7877 5.0464 0.0811, -7.5711 5.2256 0.0811, -7.3193 5.3506 0.0811, -7.0456 5.4148 0.0811, -6.7644 5.4148 0.0811, -6.4907 5.3506 0.0811, -6.2389 5.2256 0.0811, -6.0223 5.0464 0.0811, -5.8524 4.8225 0.0811, -5.738 4.5657 0.0811, -5.6853 4.2896 0.0811, -5.6821 4.2 0.0811, -8.1052 4.5761 0.116, -7.9876 4.8402 0.116, -7.8128 5.0705 0.116, -7.59 5.2548 0.116, -7.331 5.3834 0.116, -7.0496 5.4494 0.116, -6.7604 5.4494 0.116, -6.479 5.3834 0.116, -6.22 5.2548 0.116, -5.9972 5.0705 0.116, -5.8224 4.8402 0.116, -5.7048 4.5761 0.116, -5.6506 4.2921 0.116, -5.6472 4.2 0.116, -8.1293 4.5837 0.1582, -8.0093 4.8531 0.1582, -7.831 5.088 0.1582, -7.6038 5.276 0.1582, -7.3396 5.4072 0.1582, -7.0525 5.4745 0.1582, -6.7575 5.4745 0.1582, -6.4704 5.4072 0.1582, -6.2062 5.276 0.1582, -5.979 5.088 0.1582, -5.8007 4.8531 0.1582, -5.6807 4.5837 0.1582, -5.6254 4.294 0.1582, -5.622 4.2 0.1582, -7.9899 3.4838 0.2389, -8.0183 3.5411 0.2389, -8.0215 3.5397 0.2054, -8.1987 4.105 0.2054, -8.2007 4.1048 0.2389, -8.1428 3.8121 0.2054, -8.132 3.7706 0.2389, -8.141 3.8122 0.2389, -8.1998 4.0835 0.2389, -7.8374 3.3052 0.2389, -7.8412 3.3022 0.2054, -7.7821 3.2404 0.2389, -7.6115 3.1121 0.2054, -7.6079 3.1169 0.2389, -7.521 3.0552 0.2389, -7.3444 2.9795 0.2054, -7.3419 2.9857 0.2389, -7.2226 2.9394 0.2389, -7.0541 2.9114 0.2054, -7.0532 2.9184 0.2389, -6.905 2.9 0.2389, -6.7559 2.9114 0.2054, -6.7568 2.9184 0.2389, -6.5874 2.9394 0.2389, -6.4656 2.9795 0.2054, -6.4681 2.9857 0.2389, -6.289 3.0552 0.2389, -6.1985 3.1121 0.2054, -6.2021 3.1169 0.2389, -6.0279 3.2404 0.2389, -5.9688 3.3022 0.2054, -5.9726 3.3052 0.2389, -5.8201 3.4838 0.2389, -5.7885 3.5397 0.2054, -5.7917 3.5411 0.2389, -5.678 3.7706 0.2389, -5.6672 3.8121 0.2054, -5.669 3.8122 0.2389, -5.6102 4.0835 0.2389, -5.6113 4.105 0.2054, -5.6093 4.1048 0.2389, -5.6254 4.106 0.1582, -5.6506 4.1079 0.116, -5.6853 4.1104 0.0811, -5.7275 4.1135 0.0559, -5.7745 4.117 0.0417, -5.8234 3.861 0.0417, -5.9293 3.623 0.0417, -6.0869 3.4155 0.0417, -6.2877 3.2494 0.0417, -6.521 3.1335 0.0417, -6.7747 3.074 0.0417, -7.0353 3.074 0.0417, -7.289 3.1335 0.0417, -7.5223 3.2494 0.0417, -7.7231 3.4155 0.0417, -7.8807 3.623 0.0417, -7.9866 3.861 0.0417, -8.0355 4.117 0.0417, -5.7784 3.8469 0.0559, -5.8888 3.599 0.0559, -6.0528 3.3828 0.0559, -6.262 3.2098 0.0559, -6.5051 3.0891 0.0559, -6.7693 3.0272 0.0559, -7.0407 3.0272 0.0559, -7.3049 3.0891 0.0559, -7.548 3.2098 0.0559, -7.7572 3.3828 0.0559, -7.9212 3.599 0.0559, -8.0316 3.8469 0.0559, -8.0825 4.1135 0.0559, -5.738 3.8343 0.0811, -5.8524 3.5775 0.0811, -6.0223 3.3536 0.0811, -6.2389 3.1744 0.0811, -6.4907 3.0494 0.0811, -6.7644 2.9852 0.0811, -7.0456 2.9852 0.0811, -7.3193 3.0494 0.0811, -7.5711 3.1744 0.0811, -7.7877 3.3536 0.0811, -7.9576 3.5775 0.0811, -8.072 3.8343 0.0811, -8.1247 4.1104 0.0811, -5.7048 3.8239 0.116, -5.8224 3.5598 0.116, -5.9972 3.3295 0.116, -6.22 3.1452 0.116, -6.479 3.0166 0.116, -6.7604 2.9506 0.116, -7.0496 2.9506 0.116, -7.331 3.0166 0.116, -7.59 3.1452 0.116, -7.8128 3.3295 0.116, -7.9876 3.5598 0.116, -8.1052 3.8239 0.116, -8.1594 4.1079 0.116, -5.6807 3.8163 0.1582, -5.8007 3.5469 0.1582, -5.979 3.312 0.1582, -6.2062 3.124 0.1582, -6.4704 2.9928 0.1582, -6.7575 2.9255 0.1582, -7.0525 2.9255 0.1582, -7.3396 2.9928 0.1582, -7.6038 3.124 0.1582, -7.831 3.312 0.1582, -8.0093 3.5469 0.1582, -8.1293 3.8163 0.1582, -8.1846 4.106 0.1582, -5.7709 3.5645 0.3613, -5.7693 3.5676 0.3621, -5.6998 3.4521 0.3617, -5.7349 3.6335 0.3802, -5.7149 3.6802 0.4059, -5.69 3.6094 0.4011, -5.6536 3.8548 0.528, -5.654 3.8359 0.5254, -5.6599 3.8342 0.5118, -5.3158 3.405 0.5589, -5.3166 3.4023 0.5254, -5.3161 3.4051 0.5589, -5.411 3.4328 0.5589, -5.413 3.4304 0.5254, -5.4119 3.433 0.5589, -5.4965 3.4831 0.5589, -5.4995 3.4816 0.5254, -5.4978 3.4839 0.5589, -5.5669 3.5528 0.5589, -5.5707 3.5526 0.5254, -5.5684 3.5544 0.5589, -5.618 3.6378 0.5589, -5.622 3.639 0.5254, -5.6194 3.6402 0.5589, -5.6466 3.7327 0.5589, -5.6503 3.7354 0.5254, -5.6476 3.7359 0.5589, -5.651 3.8317 0.5589, -5.6511 3.8356 0.5589, -5.6415 3.8941 0.5589, -5.6906 3.737 0.4372, -5.6874 3.7444 0.4413, -5.6643 3.7332 0.4782, -5.6793 3.771 0.4622, -5.6715 3.7962 0.482, -5.6893 3.7291 0.436, -5.695 3.7268 0.4316, -5.6581 3.6233 0.436, -5.7407 3.6225 0.3772, -5.7288 3.5925 0.3759, -5.7649 3.576 0.3644, -5.6626 3.4811 0.3759, -5.5998 3.3523 0.3617, -5.4782 3.2803 0.3617, -5.3425 3.2407 0.3617, -5.5709 3.3896 0.3759, -5.4594 3.3236 0.3759, -5.335 3.2872 0.3759, -5.6293 3.507 0.4011, -5.545 3.423 0.4011, -5.4426 3.3623 0.4011, -5.3283 3.329 0.4011, -5.6018 3.5284 0.436, -5.5237 3.4505 0.436, -5.4287 3.3943 0.436, -5.3228 3.3633 0.436, -5.635 3.6334 0.4782, -5.5818 3.5439 0.4782, -5.5082 3.4704 0.4782, -5.4187 3.4175 0.4782, -5.3188 3.3883 0.4782, -6.875 2.7659 0.4782, -6.8859 2.7569 0.5254, -6.9774 2.8438 0.5254, -6.7833 2.5289 0.5589, -6.7833 2.5294 0.5589, -6.7806 2.5299 0.5254, -6.8211 2.6477 0.5589, -6.8214 2.6489 0.5589, -6.8189 2.6501 0.5254, -6.7995 2.9049 0.3642, -6.7593 2.8606 0.3617, -6.8363 2.9018 0.3687, -6.7958 2.8307 0.3759, -6.9963 2.905 0.4401, -6.9515 2.9008 0.412, -6.9541 2.8755 0.436, -6.9342 2.901 0.4055, -6.9298 2.901 0.4038, -7.0877 2.9051 0.5254, -7.1276 2.9197 0.5257, -7.1011 2.9149 0.5061, -7.1722 2.9278 0.5589, -7.0887 2.9024 0.5589, -7.0856 2.9007 0.5589, -6.887 2.7534 0.5589, -6.8881 2.7552 0.5589, -6.9771 2.8396 0.5589, -6.9791 2.8415 0.5589, -6.775 2.4384 0.5589, -6.7722 2.4384 0.5254, -6.758 2.4384 0.4782, -6.7666 2.5325 0.4782, -6.7328 2.4384 0.436, -6.7418 2.5371 0.436, -6.6979 2.4384 0.4011, -6.7076 2.5434 0.4011, -6.6557 2.4384 0.3759, -6.666 2.5511 0.3759, -6.6085 2.4384 0.3617, -6.6196 2.5597 0.3617, -6.8554 2.7819 0.436, -6.969 2.8552 0.4782, -7.0625 2.9112 0.4817, -7.0834 2.9132 0.4949, -6.8285 2.804 0.4011, -6.905 2.9012 0.3945, -6.8637 2.9016 0.379, -6.806 2.656 0.4782, -6.7831 2.6667 0.436, -6.7515 2.6813 0.4011, -6.7132 2.6991 0.3759, -6.6704 2.719 0.3617, -6.775 -2.4384 0.5589, -6.7722 -2.4384 0.5254, -6.758 -2.4384 0.4782, -6.7328 -2.4384 0.436, -6.6979 -2.4384 0.4011, -6.6557 -2.4384 0.3759, -6.6085 -2.4384 0.3617, -6.7958 -2.8307 0.3759, -6.8285 -2.804 0.4011, -6.7833 -2.5289 0.5589, -6.7806 -2.5299 0.5254, -6.7833 -2.5294 0.5589, -6.8211 -2.6477 0.5589, -6.8189 -2.6501 0.5254, -6.8214 -2.6489 0.5589, -6.887 -2.7534 0.5589, -6.8859 -2.7569 0.5254, -6.8881 -2.7552 0.5589, -6.9771 -2.8396 0.5589, -6.9774 -2.8438 0.5254, -6.9791 -2.8415 0.5589, -7.0856 -2.9007 0.5589, -7.0877 -2.9051 0.5254, -7.0887 -2.9024 0.5589, -6.9541 -2.8755 0.436, -6.7593 -2.8606 0.3617, -6.6704 -2.719 0.3617, -6.6196 -2.5597 0.3617, -6.7132 -2.6991 0.3759, -6.666 -2.5511 0.3759, -6.7515 -2.6813 0.4011, -6.7076 -2.5434 0.4011, -6.8554 -2.7819 0.436, -6.7831 -2.6667 0.436, -6.7418 -2.5371 0.436, -6.969 -2.8552 0.4782, -6.875 -2.7659 0.4782, -6.806 -2.656 0.4782, -6.7666 -2.5325 0.4782, -9.257 -2.4714 1.7989, -10.3999 -2.7503 1.7989, -10.36 -2.5961 1.7989, -10.2826 -2.4568 1.7989, -10.1727 -2.3414 1.7989, -10.0374 -2.2572 1.7989, -9.8853 -2.2097 1.7989, -9.7261 -2.2019 1.7989, -9.5701 -2.2343 1.7989, -9.4272 -2.3047 1.7989, -9.3065 -2.4088 1.7989, 8.1078 0.0 0.5254, 8.1095 -0.0738 0.5254, 8.105 -0.0 0.5589, 8.1083 -0.0738 0.5589, 8.1114 -0.1434 0.5589, 8.1573 -0.3943 0.5254, 8.1654 -0.3927 0.5589, 8.1948 -0.5284 0.5589, 8.2688 -0.6987 0.5254, 8.2771 -0.6945 0.5589, 8.3697 -0.8814 0.5589, 8.4394 -0.9742 0.5254, 8.4448 -0.9694 0.5589, 8.6255 -1.181 0.5589, 8.6621 -1.2097 0.5254, 8.6632 -1.2077 0.5589, 8.9278 -1.3953 0.5254, 8.928 -1.3956 0.5589, 9.5429 -1.5889 0.5254, 9.3141 -1.5515 0.5589, 9.2255 -1.5235 0.5254, 9.2278 -1.518 0.5589, 8.9468 -1.409 0.5589, 9.8671 -1.5889 0.5254, 9.705 -1.6 0.5589, 9.5441 -1.58 0.5589, 10.1845 -1.5235 0.5254, 10.0959 -1.5515 0.5589, 9.8659 -1.58 0.5589, 10.7845 -1.181 0.5589, 10.7468 -1.2077 0.5589, 10.7479 -1.2097 0.5254, 10.482 -1.3956 0.5589, 10.4822 -1.3953 0.5254, 10.4632 -1.409 0.5589, 10.1822 -1.518 0.5589, 10.9652 -0.9694 0.5589, 10.9706 -0.9742 0.5254, 11.0403 -0.8814 0.5589, 11.1412 -0.6987 0.5254, 11.1329 -0.6945 0.5589, 11.2152 -0.5284 0.5589, 11.2527 -0.3943 0.5254, 11.2446 -0.3927 0.5589, 11.2986 -0.1434 0.5589, 11.3005 -0.0738 0.5254, 11.3017 -0.0738 0.5589, 11.305 0.0 0.5589, 11.3022 -0.0 0.5254, 11.288 -0.0 0.4782, 11.2628 -0.0 0.436, 11.2863 -0.0731 0.4782, 11.2279 -0.0 0.4011, 11.2611 -0.0719 0.436, 11.1857 -0.0 0.3759, 11.2263 -0.0703 0.4011, 11.1385 -0.0 0.3617, 11.1841 -0.0684 0.3759, 11.137 -0.0662 0.3617, 11.0941 -0.3539 0.3617, 10.9941 -0.6271 0.3617, 10.8409 -0.8744 0.3617, 10.641 -1.0857 0.3617, 10.4025 -1.2523 0.3617, 10.1354 -1.3674 0.3617, 9.8505 -1.4261 0.3617, 9.5596 -1.4261 0.3617, 9.2746 -1.3674 0.3617, 9.0075 -1.2523 0.3617, 8.769 -1.0857 0.3617, 8.5691 -0.8744 0.3617, 8.4159 -0.6271 0.3617, 8.3159 -0.3539 0.3617, 8.273 -0.0662 0.3617, 8.2715 0.0 0.3617, 11.1398 -0.3656 0.3759, 11.0365 -0.6477 0.3759, 10.8783 -0.9032 0.3759, 10.6718 -1.1215 0.3759, 10.4255 -1.2935 0.3759, 10.1495 -1.4124 0.3759, 9.8552 -1.473 0.3759, 9.5548 -1.473 0.3759, 9.2605 -1.4124 0.3759, 8.9845 -1.2935 0.3759, 8.7382 -1.1215 0.3759, 8.5317 -0.9032 0.3759, 8.3735 -0.6477 0.3759, 8.2702 -0.3656 0.3759, 8.2259 -0.0684 0.3759, 8.2243 0.0 0.3759, 11.1808 -0.376 0.4011, 11.0745 -0.6662 0.4011, 10.9118 -0.929 0.4011, 10.6994 -1.1535 0.4011, 10.4461 -1.3305 0.4011, 10.1622 -1.4527 0.4011, 9.8595 -1.5151 0.4011, 9.5505 -1.5151 0.4011, 9.2478 -1.4527 0.4011, 8.9639 -1.3305 0.4011, 8.7106 -1.1535 0.4011, 8.4982 -0.929 0.4011, 8.3355 -0.6662 0.4011, 8.2292 -0.376 0.4011, 8.1837 -0.0703 0.4011, 8.1821 0.0 0.4011, 11.2145 -0.3846 0.436, 11.1058 -0.6814 0.436, 10.9394 -0.9502 0.436, 10.7221 -1.1798 0.436, 10.463 -1.3609 0.436, 10.1727 -1.4859 0.436, 9.8631 -1.5497 0.436, 9.5469 -1.5497 0.436, 9.2373 -1.4859 0.436, 8.947 -1.3609 0.436, 8.6879 -1.1798 0.436, 8.4706 -0.9502 0.436, 8.3042 -0.6814 0.436, 8.1955 -0.3846 0.436, 8.1489 -0.0719 0.436, 8.1472 0.0 0.436, 11.239 -0.3908 0.4782, 11.1285 -0.6925 0.4782, 10.9594 -0.9656 0.4782, 10.7386 -1.199 0.4782, 10.4753 -1.383 0.4782, 10.1802 -1.51 0.4782, 9.8656 -1.5748 0.4782, 9.5444 -1.5748 0.4782, 9.2298 -1.51 0.4782, 8.9347 -1.383 0.4782, 8.6714 -1.199 0.4782, 8.4506 -0.9656 0.4782, 8.2815 -0.6925 0.4782, 8.171 -0.3908 0.4782, 8.1237 -0.0731 0.4782, 8.122 0.0 0.4782, 11.3005 0.0738 0.5254, 11.3017 0.0738 0.5589, 11.2986 0.1434 0.5589, 11.2527 0.3943 0.5254, 11.2446 0.3927 0.5589, 11.2152 0.5284 0.5589, 11.1412 0.6987 0.5254, 11.1329 0.6945 0.5589, 11.0403 0.8814 0.5589, 10.9706 0.9742 0.5254, 10.9652 0.9694 0.5589, 10.7845 1.181 0.5589, 10.7479 1.2097 0.5254, 10.7468 1.2077 0.5589, 10.4822 1.3953 0.5254, 10.482 1.3956 0.5589, 9.8671 1.5889 0.5254, 10.0959 1.5515 0.5589, 10.1845 1.5235 0.5254, 10.1822 1.518 0.5589, 10.4632 1.409 0.5589, 9.5429 1.5889 0.5254, 9.705 1.6 0.5589, 9.8659 1.58 0.5589, 9.2255 1.5235 0.5254, 9.3141 1.5515 0.5589, 9.5441 1.58 0.5589, 8.6255 1.181 0.5589, 8.6632 1.2077 0.5589, 8.6621 1.2097 0.5254, 8.928 1.3956 0.5589, 8.9278 1.3953 0.5254, 8.9468 1.409 0.5589, 9.2278 1.518 0.5589, 8.4448 0.9694 0.5589, 8.4394 0.9742 0.5254, 8.3697 0.8814 0.5589, 8.2688 0.6987 0.5254, 8.2771 0.6945 0.5589, 8.1948 0.5284 0.5589, 8.1573 0.3943 0.5254, 8.1654 0.3927 0.5589, 8.1114 0.1434 0.5589, 8.1095 0.0738 0.5254, 8.1083 0.0738 0.5589, 8.1237 0.0731 0.4782, 8.1489 0.0719 0.436, 8.1837 0.0703 0.4011, 8.2259 0.0684 0.3759, 8.273 0.0662 0.3617, 8.3159 0.3539 0.3617, 8.4159 0.6271 0.3617, 8.5691 0.8744 0.3617, 8.769 1.0857 0.3617, 9.0075 1.2523 0.3617, 9.2746 1.3674 0.3617, 9.5596 1.4261 0.3617, 9.8505 1.4261 0.3617, 10.1354 1.3674 0.3617, 10.4025 1.2523 0.3617, 10.641 1.0857 0.3617, 10.8409 0.8744 0.3617, 10.9941 0.6271 0.3617, 11.0941 0.3539 0.3617, 11.137 0.0662 0.3617, 8.2702 0.3656 0.3759, 8.3735 0.6477 0.3759, 8.5317 0.9032 0.3759, 8.7382 1.1215 0.3759, 8.9845 1.2935 0.3759, 9.2605 1.4124 0.3759, 9.5548 1.473 0.3759, 9.8552 1.473 0.3759, 10.1495 1.4124 0.3759, 10.4255 1.2935 0.3759, 10.6718 1.1215 0.3759, 10.8783 0.9032 0.3759, 11.0365 0.6477 0.3759, 11.1398 0.3656 0.3759, 11.1841 0.0684 0.3759, 8.2292 0.376 0.4011, 8.3355 0.6662 0.4011, 8.4982 0.929 0.4011, 8.7106 1.1535 0.4011, 8.9639 1.3305 0.4011, 9.2478 1.4527 0.4011, 9.5505 1.5151 0.4011, 9.8595 1.5151 0.4011, 10.1622 1.4527 0.4011, 10.4461 1.3305 0.4011, 10.6994 1.1535 0.4011, 10.9118 0.929 0.4011, 11.0745 0.6662 0.4011, 11.1808 0.376 0.4011, 11.2263 0.0703 0.4011, 8.1955 0.3846 0.436, 8.3042 0.6814 0.436, 8.4706 0.9502 0.436, 8.6879 1.1798 0.436, 8.947 1.3609 0.436, 9.2373 1.4859 0.436, 9.5469 1.5497 0.436, 9.8631 1.5497 0.436, 10.1727 1.4859 0.436, 10.463 1.3609 0.436, 10.7221 1.1798 0.436, 10.9394 0.9502 0.436, 11.1058 0.6814 0.436, 11.2145 0.3846 0.436, 11.2611 0.0719 0.436, 8.171 0.3908 0.4782, 8.2815 0.6925 0.4782, 8.4506 0.9656 0.4782, 8.6714 1.199 0.4782, 8.9347 1.383 0.4782, 9.2298 1.51 0.4782, 9.5444 1.5748 0.4782, 9.8656 1.5748 0.4782, 10.1802 1.51 0.4782, 10.4753 1.383 0.4782, 10.7386 1.199 0.4782, 10.9594 0.9656 0.4782, 11.1285 0.6925 0.4782, 11.239 0.3908 0.4782, 11.2863 0.0731 0.4782, -11.3022 0.0 0.5254, -11.3005 -0.0738 0.5254, -11.305 -0.0 0.5589, -11.3017 -0.0738 0.5589, -11.2986 -0.1434 0.5589, -11.2527 -0.3943 0.5254, -11.2446 -0.3927 0.5589, -11.2152 -0.5284 0.5589, -11.1412 -0.6987 0.5254, -11.1329 -0.6945 0.5589, -11.0403 -0.8814 0.5589, -10.9706 -0.9742 0.5254, -10.9652 -0.9694 0.5589, -10.7845 -1.181 0.5589, -10.7479 -1.2097 0.5254, -10.7468 -1.2077 0.5589, -10.4822 -1.3953 0.5254, -10.482 -1.3956 0.5589, -9.8671 -1.5889 0.5254, -10.0959 -1.5515 0.5589, -10.1845 -1.5235 0.5254, -10.1822 -1.518 0.5589, -10.4632 -1.409 0.5589, -9.5429 -1.5889 0.5254, -9.705 -1.6 0.5589, -9.8659 -1.58 0.5589, -9.2255 -1.5235 0.5254, -9.3141 -1.5515 0.5589, -9.5441 -1.58 0.5589, -8.6255 -1.181 0.5589, -8.6632 -1.2077 0.5589, -8.6621 -1.2097 0.5254, -8.928 -1.3956 0.5589, -8.9278 -1.3953 0.5254, -8.9468 -1.409 0.5589, -9.2278 -1.518 0.5589, -8.4448 -0.9694 0.5589, -8.4394 -0.9742 0.5254, -8.3697 -0.8814 0.5589, -8.2688 -0.6987 0.5254, -8.2771 -0.6945 0.5589, -8.1948 -0.5284 0.5589, -8.1573 -0.3943 0.5254, -8.1654 -0.3927 0.5589, -8.1114 -0.1434 0.5589, -8.1095 -0.0738 0.5254, -8.1083 -0.0738 0.5589, -8.105 0.0 0.5589, -8.1078 -0.0 0.5254, -8.122 -0.0 0.4782, -8.1472 -0.0 0.436, -8.1237 -0.0731 0.4782, -8.1821 -0.0 0.4011, -8.1489 -0.0719 0.436, -8.2243 -0.0 0.3759, -8.1837 -0.0703 0.4011, -8.2715 -0.0 0.3617, -8.2259 -0.0684 0.3759, -8.273 -0.0662 0.3617, -8.3159 -0.3539 0.3617, -8.4159 -0.6271 0.3617, -8.5691 -0.8744 0.3617, -8.769 -1.0857 0.3617, -9.0075 -1.2523 0.3617, -9.2746 -1.3674 0.3617, -9.5596 -1.4261 0.3617, -9.8505 -1.4261 0.3617, -10.1354 -1.3674 0.3617, -10.4025 -1.2523 0.3617, -10.641 -1.0857 0.3617, -10.8409 -0.8744 0.3617, -10.9941 -0.6271 0.3617, -11.0941 -0.3539 0.3617, -11.137 -0.0662 0.3617, -11.1385 0.0 0.3617, -8.2702 -0.3656 0.3759, -8.3735 -0.6477 0.3759, -8.5317 -0.9032 0.3759, -8.7382 -1.1215 0.3759, -8.9845 -1.2935 0.3759, -9.2605 -1.4124 0.3759, -9.5548 -1.473 0.3759, -9.8552 -1.473 0.3759, -10.1495 -1.4124 0.3759, -10.4255 -1.2935 0.3759, -10.6718 -1.1215 0.3759, -10.8783 -0.9032 0.3759, -11.0365 -0.6477 0.3759, -11.1398 -0.3656 0.3759, -11.1841 -0.0684 0.3759, -11.1857 0.0 0.3759, -8.2292 -0.376 0.4011, -8.3355 -0.6662 0.4011, -8.4982 -0.929 0.4011, -8.7106 -1.1535 0.4011, -8.9639 -1.3305 0.4011, -9.2478 -1.4527 0.4011, -9.5505 -1.5151 0.4011, -9.8595 -1.5151 0.4011, -10.1622 -1.4527 0.4011, -10.4461 -1.3305 0.4011, -10.6994 -1.1535 0.4011, -10.9118 -0.929 0.4011, -11.0745 -0.6662 0.4011, -11.1808 -0.376 0.4011, -11.2263 -0.0703 0.4011, -11.2279 0.0 0.4011, -8.1955 -0.3846 0.436, -8.3042 -0.6814 0.436, -8.4706 -0.9502 0.436, -8.6879 -1.1798 0.436, -8.947 -1.3609 0.436, -9.2373 -1.4859 0.436, -9.5469 -1.5497 0.436, -9.8631 -1.5497 0.436, -10.1727 -1.4859 0.436, -10.463 -1.3609 0.436, -10.7221 -1.1798 0.436, -10.9394 -0.9502 0.436, -11.1058 -0.6814 0.436, -11.2145 -0.3846 0.436, -11.2611 -0.0719 0.436, -11.2628 0.0 0.436, -8.171 -0.3908 0.4782, -8.2815 -0.6925 0.4782, -8.4506 -0.9656 0.4782, -8.6714 -1.199 0.4782, -8.9347 -1.383 0.4782, -9.2298 -1.51 0.4782, -9.5444 -1.5748 0.4782, -9.8656 -1.5748 0.4782, -10.1802 -1.51 0.4782, -10.4753 -1.383 0.4782, -10.7386 -1.199 0.4782, -10.9594 -0.9656 0.4782, -11.1285 -0.6925 0.4782, -11.239 -0.3908 0.4782, -11.2863 -0.0731 0.4782, -11.288 0.0 0.4782, -8.1095 0.0738 0.5254, -8.1083 0.0738 0.5589, -8.1114 0.1434 0.5589, -8.1573 0.3943 0.5254, -8.1654 0.3927 0.5589, -8.1948 0.5284 0.5589, -8.2688 0.6987 0.5254, -8.2771 0.6945 0.5589, -8.3697 0.8814 0.5589, -8.4394 0.9742 0.5254, -8.4448 0.9694 0.5589, -8.6255 1.181 0.5589, -8.6621 1.2097 0.5254, -8.6632 1.2077 0.5589, -8.9278 1.3953 0.5254, -8.928 1.3956 0.5589, -9.5429 1.5889 0.5254, -9.3141 1.5515 0.5589, -9.2255 1.5235 0.5254, -9.2278 1.518 0.5589, -8.9468 1.409 0.5589, -9.8671 1.5889 0.5254, -9.705 1.6 0.5589, -9.5441 1.58 0.5589, -10.1845 1.5235 0.5254, -10.0959 1.5515 0.5589, -9.8659 1.58 0.5589, -10.7845 1.181 0.5589, -10.7468 1.2077 0.5589, -10.7479 1.2097 0.5254, -10.482 1.3956 0.5589, -10.4822 1.3953 0.5254, -10.4632 1.409 0.5589, -10.1822 1.518 0.5589, -10.9652 0.9694 0.5589, -10.9706 0.9742 0.5254, -11.0403 0.8814 0.5589, -11.1412 0.6987 0.5254, -11.1329 0.6945 0.5589, -11.2152 0.5284 0.5589, -11.2527 0.3943 0.5254, -11.2446 0.3927 0.5589, -11.2986 0.1434 0.5589, -11.3005 0.0738 0.5254, -11.3017 0.0738 0.5589, -11.2863 0.0731 0.4782, -11.2611 0.0719 0.436, -11.2263 0.0703 0.4011, -11.1841 0.0684 0.3759, -11.137 0.0662 0.3617, -11.0941 0.3539 0.3617, -10.9941 0.6271 0.3617, -10.8409 0.8744 0.3617, -10.641 1.0857 0.3617, -10.4025 1.2523 0.3617, -10.1354 1.3674 0.3617, -9.8505 1.4261 0.3617, -9.5596 1.4261 0.3617, -9.2746 1.3674 0.3617, -9.0075 1.2523 0.3617, -8.769 1.0857 0.3617, -8.5691 0.8744 0.3617, -8.4159 0.6271 0.3617, -8.3159 0.3539 0.3617, -8.273 0.0662 0.3617, -11.1398 0.3656 0.3759, -11.0365 0.6477 0.3759, -10.8783 0.9032 0.3759, -10.6718 1.1215 0.3759, -10.4255 1.2935 0.3759, -10.1495 1.4124 0.3759, -9.8552 1.473 0.3759, -9.5548 1.473 0.3759, -9.2605 1.4124 0.3759, -8.9845 1.2935 0.3759, -8.7382 1.1215 0.3759, -8.5317 0.9032 0.3759, -8.3735 0.6477 0.3759, -8.2702 0.3656 0.3759, -8.2259 0.0684 0.3759, -11.1808 0.376 0.4011, -11.0745 0.6662 0.4011, -10.9118 0.929 0.4011, -10.6994 1.1535 0.4011, -10.4461 1.3305 0.4011, -10.1622 1.4527 0.4011, -9.8595 1.5151 0.4011, -9.5505 1.5151 0.4011, -9.2478 1.4527 0.4011, -8.9639 1.3305 0.4011, -8.7106 1.1535 0.4011, -8.4982 0.929 0.4011, -8.3355 0.6662 0.4011, -8.2292 0.376 0.4011, -8.1837 0.0703 0.4011, -11.2145 0.3846 0.436, -11.1058 0.6814 0.436, -10.9394 0.9502 0.436, -10.7221 1.1798 0.436, -10.463 1.3609 0.436, -10.1727 1.4859 0.436, -9.8631 1.5497 0.436, -9.5469 1.5497 0.436, -9.2373 1.4859 0.436, -8.947 1.3609 0.436, -8.6879 1.1798 0.436, -8.4706 0.9502 0.436, -8.3042 0.6814 0.436, -8.1955 0.3846 0.436, -8.1489 0.0719 0.436, -11.239 0.3908 0.4782, -11.1285 0.6925 0.4782, -10.9594 0.9656 0.4782, -10.7386 1.199 0.4782, -10.4753 1.383 0.4782, -10.1802 1.51 0.4782, -9.8656 1.5748 0.4782, -9.5444 1.5748 0.4782, -9.2298 1.51 0.4782, -8.9347 1.383 0.4782, -8.6714 1.199 0.4782, -8.4506 0.9656 0.4782, -8.2815 0.6925 0.4782, -8.171 0.3908 0.4782, -8.1237 0.0731 0.4782, -9.875 -4.0 1.7989, -9.875 -3.999 1.784, -9.875 -3.9939 1.7655, -9.875 -3.9759 1.7272, -9.875 -3.9681 1.7185, -9.875 -3.9469 1.6946, -9.875 -3.9219 1.6766, -9.875 -4.0 4.3489, -9.875 -3.9907 1.7541, -9.875 -3.9002 1.6611, -9.875 -3.8572 1.6435, 10.005 -4.1962 4.3489, 10.389 -4.7759 4.0607, 10.3707 -4.7483 4.1082, 10.0508 -4.2653 4.3463, 10.405 -4.8 1.7989, 10.405 -4.8 3.9489, 10.3645 -4.7389 4.1243, 10.3206 -4.6725 4.1942, 10.3187 -4.6697 4.1972, 10.4012 -4.7943 4.0039, 10.3993 -4.7914 4.0129, 10.2499 -4.566 4.2643, 10.246 -4.56 4.2682, 10.1645 -4.4369 4.3152, 10.1611 -4.4319 4.3172, 10.0685 -4.2921 4.3416, -10.405 -5.9494 3.9489, -10.405 -4.8 3.9489, -10.4027 -5.9527 3.9818, -10.4012 -4.7943 4.0037, -10.3858 -5.9769 4.0689, -10.3893 -5.972 4.06, -10.3887 -4.7753 4.062, -10.3939 -5.9653 4.0383, -10.3993 -4.7913 4.0129, -10.3994 -5.9575 4.0129, -10.401 -5.9552 4.0053, -10.3668 -4.7423 4.1195, -10.3194 -6.066 4.1933, -10.3203 -6.0649 4.1921, -10.3423 -6.0359 4.1588, -10.3622 -6.0097 4.1289, -10.371 -4.7487 4.1083, -10.3704 -5.9983 4.1081, -10.3745 -5.9925 4.0975, -10.3252 -4.6794 4.1887, -10.3203 -4.672 4.1937, -10.3095 -6.0791 4.2083, -10.255 -4.5736 4.2611, -10.2951 -6.0961 4.2206, -10.2613 -6.1362 4.2496, -10.2476 -6.1525 4.2615, -10.25 -4.5661 4.2642, -10.2274 -6.1765 4.2788, -10.1743 -4.4517 4.3113, -10.2154 -6.1908 4.2891, -10.0782 -6.3283 4.34, -10.101 -6.3081 4.3372, -10.0688 -4.2924 4.3427, -10.1161 -6.2926 4.3309, -10.1519 -6.2559 4.3158, -10.1643 -4.4366 4.3143, -10.1628 -6.2447 4.3112, -10.1908 -6.2159 4.2994, -10.005 -4.1962 4.3489, -10.005 -6.3931 4.3489, -10.0617 -4.2816 4.3449, -10.0397 -6.3624 4.3447, -10.0687 -6.3367 4.3411, -8.3644 -4.0537 4.3461, -8.3987 -4.0627 4.3489, -8.3642 -4.0536 4.3461, -8.3642 -4.0536 4.346, -8.3219 -4.0429 4.3346, -8.2719 -4.0304 4.3063, -8.2756 -4.0313 4.3096, -8.3158 -4.0414 4.3312, -8.3158 -4.0414 4.3313, -8.2415 -4.023 4.2791, -8.2361 -4.0217 4.2713, -8.2136 -4.0162 4.2389, -8.21 -4.0154 4.2292, -8.1968 -4.0123 4.1946, -8.1953 -4.0119 4.1823, -8.3708 -4.1539 4.3461, -8.3236 -4.1554 4.3319, -8.21 -4.0154 4.2292, -8.2213 -4.1586 4.2296, -8.2072 -4.159 4.1824, -6.905 -5.5028 4.1824, -7.0671 -5.4927 4.1824, -7.3343 -5.4301 4.1824, -7.5825 -5.3128 4.1824, -7.8006 -5.1462 4.1824, -7.979 -4.9375 4.1824, -8.1096 -4.6962 4.1824, -8.1869 -4.4328 4.1824, -8.2466 -4.1578 4.2718, -8.2361 -4.0217 4.2713, -8.4002 -4.1529 4.3489, -8.261 -4.7585 4.3461, -8.2893 -4.77 4.3489, -8.3102 -4.7249 4.3489, -8.3479 -4.462 4.3461, -8.3728 -4.5093 4.3489, -8.3783 -4.4677 4.3489, -8.4025 -4.2868 4.3489, -8.2162 -4.9285 4.3489, -8.1139 -5.0302 4.3461, -8.1395 -5.0479 4.3489, -7.9131 -5.265 4.3461, -7.9657 -5.2606 4.3489, -8.1121 -5.0905 4.3489, -7.6058 -5.5262 4.3489, -7.6829 -5.4778 4.3489, -7.6676 -5.4526 4.3461, -7.7956 -5.407 4.3489, -7.9345 -5.2875 4.3489, -7.4001 -5.616 4.3489, -7.3882 -5.5846 4.3461, -7.2145 -5.6677 4.3489, -7.0874 -5.6551 4.3461, -7.0911 -5.6843 4.3489, -6.9923 -5.6975 4.3489, -6.905 -5.6665 4.3461, -6.905 -5.7 4.3489, -6.905 -5.517 4.2296, -7.0688 -5.5068 4.2296, -7.339 -5.4434 4.2296, -7.5899 -5.3249 4.2296, -7.8103 -5.1565 4.2296, -7.9906 -4.9456 4.2296, -8.1227 -4.7016 4.2296, -8.2008 -4.4353 4.2296, -6.905 -5.5422 4.2718, -7.072 -5.5318 4.2718, -7.3473 -5.4673 4.2718, -7.603 -5.3465 4.2718, -7.8277 -5.1748 4.2718, -8.0115 -4.9599 4.2718, -8.1461 -4.7112 4.2718, -8.2256 -4.4398 4.2718, -6.905 -5.5771 4.3067, -7.0763 -5.5664 4.3067, -7.3588 -5.5002 4.3067, -7.6211 -5.3762 4.3067, -7.8516 -5.2001 4.3067, -8.0402 -4.9796 4.3067, -8.1783 -4.7244 4.3067, -8.2599 -4.446 4.3067, -8.2814 -4.1567 4.3067, -6.905 -5.6193 4.3319, -7.0816 -5.6083 4.3319, -7.3727 -5.5401 4.3319, -7.6431 -5.4123 4.3319, -7.8807 -5.2308 4.3319, -8.075 -5.0035 4.3319, -8.2174 -4.7405 4.3319, -8.3015 -4.4536 4.3319, -1.1 -5.6666 4.3459, -1.1 -5.6682 4.3464, -1.1 -5.7 4.3489, -1.1 -5.5772 4.3066, -1.1 -5.5779 4.3073, -1.1 -5.6194 4.3318, -1.1 -5.6206 4.3325, -1.1 -5.517 4.2295, -1.1 -5.5172 4.23, -1.1 -5.5423 4.2718, -1.1 -5.5427 4.2725, -1.1 -5.5028 4.1824, -1.1 -5.5029 4.1826, -0.7369 -5.3095 4.3489, -0.734 -5.299 4.3268, -0.716 -5.2445 4.3489, -0.9124 -5.5555 4.3489, -0.9414 -5.5778 4.3489, -0.9387 -5.5572 4.3342, -1.0531 -5.6639 4.3489, -1.0367 -5.6512 4.3489, -1.033 -5.6184 4.3377, -0.9791 -5.6069 4.3489, -1.033 -5.5745 4.3118, -0.9015 -5.5437 4.3489, -0.9387 -5.516 4.2935, -0.8584 -5.4967 4.3489, -0.7845 -5.3763 4.2925, -0.7465 -5.3391 4.3489, -0.7875 -5.4073 4.3489, -0.8541 -5.44 4.2643, -0.8088 -5.4428 4.3489, -0.8541 -5.4763 4.3247, -0.8107 -5.4449 4.3489, -0.7057 -5.1746 4.2387, -0.7064 -5.2061 4.3489, -0.734 -5.2676 4.2228, -0.7845 -5.3509 4.2086, -0.8541 -5.4196 4.1968, -1.033 -5.4973 4.1836, -1.033 -5.512 4.2323, -1.033 -5.5383 4.276, -0.7075 -5.2183 4.3489, -0.9387 -5.4861 4.2438, -0.9387 -5.4694 4.1883, 0.8541 -5.44 4.2643, 0.9387 -5.4861 4.2438, 0.9387 -5.516 4.2935, 1.1 -5.5028 4.1824, 1.1 -5.5029 4.1826, 1.033 -5.4973 4.1836, 1.1 -5.7 4.3489, 1.054 -5.6663 4.3489, 1.1 -5.6682 4.3464, 1.033 -5.5745 4.3118, 1.1 -5.6194 4.3318, 1.033 -5.6184 4.3377, 1.1 -5.6206 4.3325, 1.1 -5.6666 4.3459, 1.033 -5.5383 4.276, 1.1 -5.5772 4.3066, 1.1 -5.5779 4.3073, 1.1 -5.517 4.2295, 1.1 -5.5172 4.23, 1.033 -5.512 4.2323, 1.1 -5.5423 4.2718, 1.1 -5.5427 4.2725, 0.9387 -5.4694 4.1883, 0.8541 -5.4196 4.1968, 0.7845 -5.3509 4.2086, 0.734 -5.2676 4.2228, 0.7057 -5.1746 4.2387, 0.7089 -5.2063 4.3489, 0.7142 -5.2489 4.3489, 0.7143 -5.2492 4.3489, 0.7378 -5.3094 4.3489, 0.734 -5.299 4.3268, 0.7598 -5.3658 4.3489, 0.7845 -5.3763 4.2925, 0.8999 -5.5383 4.3489, 0.8556 -5.4973 4.3489, 0.8541 -5.4763 4.3247, 0.8452 -5.4877 4.3489, 0.8106 -5.4383 4.3489, 1.0342 -5.6518 4.3489, 0.9816 -5.6133 4.3489, 0.9785 -5.611 4.3489, 0.9387 -5.5572 4.3342, 0.9425 -5.5777 4.3489, 0.7887 -5.407 4.3489, 6.905 -5.7 4.3489, 6.905 -5.6665 4.3461, 6.905 -5.6193 4.3319, 6.905 -5.5771 4.3067, 6.905 -5.5422 4.2718, 6.905 -5.517 4.2296, 6.905 -5.5028 4.1824, 8.2099 -4.0156 4.2292, 8.2099 -4.0156 4.2292, 8.2213 -4.1586 4.2296, 8.272 -4.0304 4.3062, 8.277 -4.0316 4.3106, 8.2814 -4.1567 4.3067, 8.2072 -4.159 4.1824, 8.1953 -4.0121 4.1823, 8.1869 -4.4328 4.1824, 8.1096 -4.6962 4.1824, 7.979 -4.9375 4.1824, 7.8006 -5.1462 4.1824, 7.5825 -5.3128 4.1824, 7.3343 -5.4301 4.1824, 7.0671 -5.4927 4.1824, 7.0874 -5.6551 4.3461, 7.0914 -5.686 4.3489, 7.3882 -5.5846 4.3461, 7.3474 -5.6333 4.3489, 7.1286 -5.6833 4.3489, 7.7505 -5.439 4.3489, 7.6831 -5.4779 4.3489, 7.6676 -5.4526 4.3461, 7.5563 -5.5512 4.3489, 7.3982 -5.6134 4.3489, 7.9023 -5.3205 4.3489, 7.9131 -5.265 4.3461, 7.9342 -5.2875 4.3489, 8.0583 -5.1591 4.3489, 8.1139 -5.0302 4.3461, 8.1383 -5.0469 4.3489, 8.3949 -4.3738 4.3489, 8.3778 -4.4674 4.3489, 8.3479 -4.462 4.3461, 8.3604 -4.5633 4.3489, 8.261 -4.7585 4.3461, 8.2898 -4.7765 4.3489, 8.1884 -4.9764 4.3489, 8.3738 -4.0562 4.3474, 8.3987 -4.0627 4.3489, 8.4042 -4.1498 4.3489, 8.3212 -4.0427 4.3343, 8.3644 -4.0538 4.3451, 8.3708 -4.1539 4.3461, 8.3644 -4.0538 4.3451, 8.4041 -4.1528 4.3489, 8.3236 -4.1554 4.3319, 8.3157 -4.0413 4.3313, 8.3157 -4.0413 4.3313, 8.2137 -4.0165 4.2391, 8.2361 -4.0218 4.2713, 8.2466 -4.1578 4.2718, 8.2416 -4.0231 4.2792, 8.1968 -4.0125 4.1946, 8.2008 -4.4353 4.2296, 8.1227 -4.7016 4.2296, 7.9906 -4.9456 4.2296, 7.8103 -5.1565 4.2296, 7.5899 -5.3249 4.2296, 7.339 -5.4434 4.2296, 7.0688 -5.5068 4.2296, 8.2256 -4.4398 4.2718, 8.1461 -4.7112 4.2718, 8.0115 -4.9599 4.2718, 7.8277 -5.1748 4.2718, 7.603 -5.3465 4.2718, 7.3473 -5.4673 4.2718, 7.072 -5.5318 4.2718, 8.2599 -4.446 4.3067, 8.1783 -4.7244 4.3067, 8.0402 -4.9796 4.3067, 7.8516 -5.2001 4.3067, 7.6211 -5.3762 4.3067, 7.3588 -5.5002 4.3067, 7.0763 -5.5664 4.3067, 8.3015 -4.4536 4.3319, 8.2174 -4.7405 4.3319, 8.075 -5.0035 4.3319, 7.8807 -5.2308 4.3319, 7.6431 -5.4123 4.3319, 7.3727 -5.5401 4.3319, 7.0816 -5.6083 4.3319, 8.1953 -4.0121 4.1823, 8.2361 -4.0218 4.2713, 10.3197 -6.0657 4.1935, 10.3197 -6.0658 4.1936, 10.0685 -6.3362 4.3397, 10.068 -6.3366 4.3398, 10.0346 -6.3665 4.3446, 10.005 -6.3931 4.3489, 10.1627 -6.2449 4.3114, 10.153 -6.2551 4.316, 10.1185 -6.2913 4.3325, 10.1921 -6.2141 4.2974, 10.2312 -6.173 4.2788, 10.2487 -6.152 4.2629, 10.3129 -6.0747 4.2042, 10.2961 -6.095 4.2196, 10.2636 -6.134 4.2492, 10.371 -5.9976 4.1083, 10.3668 -6.0034 4.1195, 10.3569 -6.0166 4.1351, 10.3398 -6.0392 4.162, 10.3901 -5.9709 4.0572, 10.3821 -5.9819 4.0784, 10.3717 -5.9965 4.1063, 10.3972 -5.9605 4.022, 10.3991 -5.9579 4.0128, 10.4017 -5.9542 4.0002, 10.4021 -5.9536 3.9939, 10.405 -5.9494 3.9489, -10.409 -4.7988 1.7657, -10.405 -4.8 1.7989, -10.4058 -4.7997 1.7811, -10.4155 -4.7968 1.735, -10.4232 -4.7945 1.7188, -10.4362 -4.7906 1.6917, -10.4484 -4.7869 1.6769, -10.5249 -4.7637 1.6172, -10.5548 -4.7547 1.6053, -10.4687 -4.7808 1.6526, -10.4829 -4.7765 1.6423, -10.5084 -4.7687 1.6238, -10.5717 -4.7497 1.6032, -10.605 -4.7398 1.5989, 10.5549 -4.755 1.6053, 10.5717 -4.7499 1.6032, 10.5715 -5.9494 1.6022, 10.605 -4.7398 1.5989, 10.605 -5.9494 1.5989, 10.525 -4.7641 1.6172, 10.5664 -5.9494 1.6027, 10.5244 -5.9494 1.6161, 10.5224 -5.9494 1.6167, 10.4829 -4.7766 1.6423, 10.5085 -4.769 1.6238, 10.4087 -5.9494 1.7655, 10.405 -5.9494 1.7989, 10.4829 -5.9494 1.6405, 10.4821 -5.9494 1.6412, 10.4687 -4.7808 1.6526, 10.4498 -5.9494 1.6727, 10.4484 -4.787 1.6769, 10.4476 -5.9494 1.6762, 10.4362 -4.7906 1.6917, 10.425 -5.9494 1.7116, 10.4232 -4.7946 1.7188, 10.4227 -5.9494 1.7185, 10.4155 -4.7969 1.735, 10.4098 -5.9494 1.7552, 10.4091 -4.7988 1.7657, 10.4058 -4.7998 1.7811, 10.5717 -4.7499 1.6032, 10.4484 -4.787 1.6769, 10.4829 -4.7766 1.6423, 10.4091 -4.7988 1.7657, 10.4232 -4.7946 1.7188, 10.4078 -2.83 1.7654, 10.422 -2.83 1.7182, 10.4472 -2.83 1.676, 10.4821 -2.83 1.6411, 10.5243 -2.83 1.6159, 10.5715 -2.83 1.6017, 10.605 -2.83 1.5989, 10.0795 -2.0578 1.5989, 10.1192 -2.0783 1.5989, 10.1067 -2.1059 1.6017, 9.2547 -2.4698 1.7654, 9.3044 -2.4069 1.7654, 9.4256 -2.3024 1.7654, 9.5692 -2.2316 1.7654, 9.7259 -2.1991 1.7654, 9.8858 -2.2069 1.7654, 10.0386 -2.2547 1.7654, 10.1745 -2.3392 1.7654, 10.2848 -2.4551 1.7654, 10.3626 -2.595 1.7654, 10.4027 -2.75 1.7654, 10.5651 -2.7293 1.6017, 10.5945 -2.7254 1.5989, 10.4422 -2.3396 1.5989, 10.458 -2.3584 1.5989, 10.4167 -2.3582 1.6017, 10.5386 -2.5045 1.5989, 10.5146 -2.5343 1.6017, 10.5441 -2.5223 1.5989, 10.5883 -2.6641 1.5989, 10.3578 -2.239 1.5989, 10.2778 -2.2123 1.6017, 10.2963 -2.1895 1.5989, 10.2276 -2.1342 1.5989, 9.9188 -2.0125 1.5989, 9.9144 -2.0458 1.6017, 9.7632 -2.0001 1.5989, 9.7132 -2.0359 1.6017, 9.711 -2.0061 1.5989, 9.5976 -2.0191 1.5989, 9.5159 -2.0768 1.6017, 9.5063 -2.049 1.5989, 9.1827 -2.2975 1.6017, 9.159 -2.2761 1.5989, 9.1757 -2.2557 1.5989, 9.3353 -2.1659 1.6017, 9.2939 -2.1537 1.5989, 9.3179 -2.14 1.5989, 9.4388 -2.0711 1.5989, 9.0926 -2.3576 1.5989, 9.1201 -2.3766 1.6017, 9.1589 -2.4035 1.6159, 9.1936 -2.4276 1.6411, 9.2178 -2.329 1.6159, 9.2223 -2.4474 1.676, 9.2492 -2.3573 1.6411, 9.243 -2.4617 1.7182, 9.2751 -2.3805 1.676, 9.2939 -2.3974 1.7182, 9.4178 -2.2906 1.7182, 9.5646 -2.2182 1.7182, 9.7248 -2.185 1.7182, 9.8883 -2.193 1.7182, 10.0445 -2.2418 1.7182, 10.1834 -2.3282 1.7182, 10.2962 -2.4467 1.7182, 10.3757 -2.5898 1.7182, 10.4168 -2.7482 1.7182, 9.4039 -2.2695 1.676, 9.5564 -2.1943 1.676, 9.7228 -2.1598 1.676, 9.8927 -2.1681 1.676, 10.055 -2.2188 1.676, 10.1994 -2.3086 1.676, 10.3166 -2.4318 1.676, 10.3992 -2.5804 1.676, 10.4418 -2.745 1.676, 9.3846 -2.2405 1.6411, 9.545 -2.1614 1.6411, 9.7201 -2.1251 1.6411, 9.8988 -2.1339 1.6411, 10.0695 -2.1872 1.6411, 10.2213 -2.2816 1.6411, 10.3446 -2.4111 1.6411, 10.4315 -2.5675 1.6411, 10.4764 -2.7406 1.6411, 9.3613 -2.2052 1.6159, 9.5313 -2.1214 1.6159, 9.7169 -2.0829 1.6159, 9.9062 -2.0922 1.6159, 10.0871 -2.1487 1.6159, 10.248 -2.2488 1.6159, 10.3787 -2.3861 1.6159, 10.4708 -2.5518 1.6159, 10.5183 -2.7352 1.6159, 6.775 -2.4384 1.5989, 6.7788 -2.5005 1.5989, 6.7858 -2.5282 1.5989, 6.8092 -2.6203 1.5989, 6.8234 -2.6464 1.5989, 6.8683 -2.7293 1.5989, 6.8889 -2.7517 1.5989, 6.9521 -2.8203 1.5989, 6.9784 -2.8374 1.5989, 7.0558 -2.8879 1.5989, 7.0864 -2.8983 1.5989, 6.775 2.4384 1.5989, 6.7862 2.5285 1.5989, 6.7901 2.5606 1.5989, 6.8236 2.6467 1.5989, 6.835 2.676 1.5989, 6.8891 2.7519 1.5989, 6.9067 2.7767 1.5989, 6.9787 2.8377 1.5989, 7.0013 2.8569 1.5989, 7.0866 2.8987 1.5989, 7.1122 2.9113 1.5989, 7.1722 2.9278 1.5989, 5.6415 3.8941 1.5989, 5.6102 4.0835 1.5989, 5.605 4.2 1.5989, 7.7324 3.1971 1.5989, 7.5608 3.0776 1.5989, 7.5198 3.0578 1.5989, 7.3728 2.9869 1.5989, 7.2218 2.9424 1.5989, 8.1031 3.6953 1.5989, 8.0071 3.5102 1.5989, 7.9883 3.4851 1.5989, 7.8821 3.3424 1.5989, 7.7796 3.243 1.5989, 8.205 4.2 1.5989, 8.2012 4.1001 1.5989, 8.1986 4.0837 1.5989, 8.1686 3.8942 1.5989, 8.1283 3.7719 1.5989, 8.1384 4.611 1.5989, 8.1883 4.4089 1.5989, 8.1957 4.3162 1.5989, 7.8063 5.1368 1.5989, 7.9451 4.9803 1.5989, 7.9868 4.9142 1.5989, 8.0563 4.804 1.5989, 8.1308 4.6288 1.5989, 7.2685 5.4483 1.5989, 7.4644 5.3735 1.5989, 7.5193 5.3418 1.5989, 7.6447 5.2694 1.5989, 7.7807 5.1579 1.5989, 6.6479 5.4746 1.5989, 6.8553 5.4991 1.5989, 6.9049 5.497 1.5989, 7.0645 5.4904 1.5989, 7.2221 5.4579 1.5989, 6.0863 5.21 1.5989, 6.258 5.3278 1.5989, 6.2899 5.3428 1.5989, 6.4477 5.4169 1.5989, 6.5883 5.4574 1.5989, 5.7112 4.7146 1.5989, 5.8086 4.899 1.5989, 5.8211 4.9154 1.5989, 5.9347 5.0653 1.5989, 6.0306 5.1568 1.5989, 5.6096 4.3109 1.5989, 5.6106 4.3165 1.5989, 5.6438 4.5162 1.5989, 5.6818 4.6281 1.5989, 5.2527 3.4 1.5989, 5.2982 3.4025 1.5989, 5.3154 3.4064 1.5989, 5.3826 3.4216 1.5989, 5.41 3.4349 1.5989, 5.4699 3.464 1.5989, 5.4949 3.4849 1.5989, 5.5441 3.5259 1.5989, 5.5648 3.5543 1.5989, 5.603 3.6067 1.5989, 5.6158 3.6386 1.5989, 5.6393 3.6971 1.5989, 5.6442 3.733 1.5989, 5.6528 3.7957 1.5989, 5.6487 3.8314 1.5989, -5.2527 3.4 1.5989, -5.3154 3.4077 1.5989, -5.351 3.4121 1.5989, -5.41 3.4353 1.5989, -5.4437 3.4485 1.5989, -5.495 3.4851 1.5989, -5.523 3.505 1.5989, -5.565 3.5545 1.5989, -5.5877 3.5813 1.5989, -5.616 3.6388 1.5989, -5.6304 3.668 1.5989, -5.6446 3.7331 1.5989, -5.6511 3.7628 1.5989, -5.65 3.8317 1.5989, -5.6498 3.8493 1.5989, -5.6415 3.8941 1.5989, -5.6716 4.611 1.5989, -5.6217 4.4089 1.5989, -5.6143 4.3162 1.5989, -5.605 4.2 1.5989, -6.0037 5.1368 1.5989, -5.8649 4.9803 1.5989, -5.8232 4.9142 1.5989, -5.7537 4.804 1.5989, -5.6792 4.6288 1.5989, -6.5415 5.4483 1.5989, -6.3456 5.3735 1.5989, -6.2907 5.3418 1.5989, -6.1653 5.2694 1.5989, -6.0293 5.1579 1.5989, -7.1621 5.4746 1.5989, -6.9547 5.4991 1.5989, -6.9051 5.497 1.5989, -6.7455 5.4904 1.5989, -6.5879 5.4579 1.5989, -7.7237 5.21 1.5989, -7.552 5.3278 1.5989, -7.5201 5.3428 1.5989, -7.3623 5.4169 1.5989, -7.2217 5.4574 1.5989, -8.0988 4.7146 1.5989, -8.0014 4.899 1.5989, -7.9889 4.9154 1.5989, -7.8753 5.0653 1.5989, -7.7794 5.1568 1.5989, -8.205 4.2 1.5989, -8.2004 4.3109 1.5989, -8.1994 4.3165 1.5989, -8.1662 4.5162 1.5989, -8.1282 4.6281 1.5989, -7.1722 2.9278 1.5989, -7.2224 2.9403 1.5989, -5.6088 4.1002 1.5989, -5.6114 4.0837 1.5989, -8.1383 3.7889 1.5989, -8.1883 3.9915 1.5989, -8.1957 4.0838 1.5989, -7.8066 3.2633 1.5989, -7.9451 3.4201 1.5989, -7.9867 3.4859 1.5989, -8.0565 3.5964 1.5989, -8.1308 3.7712 1.5989, -7.2692 2.952 1.5989, -7.464 3.0262 1.5989, -7.5193 3.0582 1.5989, -7.6452 3.1312 1.5989, -7.7807 3.2421 1.5989, -6.775 2.4384 1.5989, -6.7788 2.5005 1.5989, -6.7858 2.5282 1.5989, -6.8092 2.6203 1.5989, -6.8234 2.6464 1.5989, -6.8683 2.7293 1.5989, -6.8889 2.7517 1.5989, -6.9521 2.8203 1.5989, -6.9784 2.8374 1.5989, -7.0558 2.8879 1.5989, -7.0864 2.8983 1.5989, -6.775 -2.4384 1.5989, -6.7862 -2.5285 1.5989, -6.7901 -2.5606 1.5989, -6.8236 -2.6467 1.5989, -6.835 -2.676 1.5989, -6.8891 -2.7519 1.5989, -6.9067 -2.7767 1.5989, -6.9787 -2.8377 1.5989, -7.0013 -2.8569 1.5989, -7.0866 -2.8987 1.5989, -7.1122 -2.9113 1.5989, -9.1936 -2.4276 1.6411, -9.2547 -2.4698 1.7654, -9.243 -2.4617 1.7182, -9.2223 -2.4474 1.676, -9.1589 -2.4035 1.6159, -9.1201 -2.3766 1.6017, -9.0926 -2.3576 1.5989, -9.9641 -2.0218 1.5989, -9.9199 -2.0161 1.5989, -9.9144 -2.0458 1.6017, -10.4078 -2.83 1.7654, -10.4027 -2.75 1.7654, -10.3626 -2.595 1.7654, -10.2848 -2.4551 1.7654, -10.1745 -2.3392 1.7654, -10.0386 -2.2547 1.7654, -9.8858 -2.2069 1.7654, -9.7259 -2.1991 1.7654, -9.5692 -2.2316 1.7654, -9.4256 -2.3024 1.7654, -9.3044 -2.4069 1.7654, -9.1827 -2.2975 1.6017, -9.1607 -2.2776 1.5989, -9.5056 -2.047 1.5989, -9.4818 -2.0535 1.5989, -9.5159 -2.0768 1.6017, -9.3324 -2.1278 1.5989, -9.3353 -2.1659 1.6017, -9.3178 -2.1392 1.5989, -9.2007 -2.2307 1.5989, -9.6322 -2.0123 1.5989, -9.7132 -2.0359 1.6017, -9.7109 -2.0067 1.5989, -9.7989 -2.0003 1.5989, -10.1221 -2.076 1.5989, -10.1067 -2.1059 1.6017, -10.2571 -2.1544 1.5989, -10.2778 -2.2123 1.6017, -10.2966 -2.189 1.5989, -10.3824 -2.2642 1.5989, -10.4167 -2.3582 1.6017, -10.4404 -2.3408 1.5989, -10.5651 -2.7293 1.6017, -10.5967 -2.7252 1.5989, -10.5947 -2.6989 1.5989, -10.5146 -2.5343 1.6017, -10.5555 -2.5478 1.5989, -10.5436 -2.5228 1.5989, -10.4834 -2.3974 1.5989, -10.605 -2.83 1.5989, -10.5715 -2.83 1.6017, -10.5243 -2.83 1.6159, -10.4821 -2.83 1.6411, -10.5183 -2.7352 1.6159, -10.4472 -2.83 1.676, -10.4764 -2.7406 1.6411, -10.422 -2.83 1.7182, -10.4418 -2.745 1.676, -10.4168 -2.7482 1.7182, -10.3757 -2.5898 1.7182, -10.2962 -2.4467 1.7182, -10.1834 -2.3282 1.7182, -10.0445 -2.2418 1.7182, -9.8883 -2.193 1.7182, -9.7248 -2.185 1.7182, -9.5646 -2.2182 1.7182, -9.4178 -2.2906 1.7182, -9.2939 -2.3974 1.7182, -10.3992 -2.5804 1.676, -10.3166 -2.4318 1.676, -10.1994 -2.3086 1.676, -10.055 -2.2188 1.676, -9.8927 -2.1681 1.676, -9.7228 -2.1598 1.676, -9.5564 -2.1943 1.676, -9.4039 -2.2695 1.676, -9.2751 -2.3805 1.676, -10.4315 -2.5675 1.6411, -10.3446 -2.4111 1.6411, -10.2213 -2.2816 1.6411, -10.0695 -2.1872 1.6411, -9.8988 -2.1339 1.6411, -9.7201 -2.1251 1.6411, -9.545 -2.1614 1.6411, -9.3846 -2.2405 1.6411, -9.2492 -2.3573 1.6411, -10.4708 -2.5518 1.6159, -10.3787 -2.3861 1.6159, -10.248 -2.2488 1.6159, -10.0871 -2.1487 1.6159, -9.9062 -2.0922 1.6159, -9.7169 -2.0829 1.6159, -9.5313 -2.1214 1.6159, -9.3613 -2.2052 1.6159, -9.2178 -2.329 1.6159, 8.1981 -0.5272 1.5989, 8.1716 -0.4575 1.5989, 8.1217 -0.2322 1.5989, 8.1153 -0.1431 1.5989, 8.105 -0.0 1.5989, 9.2852 -1.5442 1.5989, 9.0657 -1.4668 1.5989, 8.9486 -1.4055 1.5989, 8.8608 -1.3595 1.5989, 8.6737 -1.2235 1.5989, 8.6278 -1.1787 1.5989, 8.5071 -1.0608 1.5989, 8.3697 -0.8814 1.5989, 8.3668 -0.8776 1.5989, 8.2542 -0.6749 1.5989, 9.7438 -1.5996 1.5989, 9.7051 -1.5977 1.5989, 9.5118 -1.5885 1.5989, 9.3144 -1.5499 1.5989, 10.614 -1.317 1.5989, 10.4617 -1.4065 1.5989, 10.4143 -1.4343 1.5989, 10.1987 -1.522 1.5989, 10.095 -1.5477 1.5989, 9.9748 -1.5774 1.5989, 10.7839 -1.1803 1.5989, 10.794 -1.1723 1.5989, 11.1867 -0.6039 1.5989, 11.084 -0.8118 1.5989, 11.0374 -0.8794 1.5989, 10.9527 -1.0019 1.5989, 11.305 0.0 1.5989, 11.2982 -0.1434 1.5989, 11.2976 -0.1556 1.5989, 11.2588 -0.3829 1.5989, 11.2117 -0.5273 1.5989, 11.2119 0.5272 1.5989, 11.2384 0.4575 1.5989, 11.2883 0.2322 1.5989, 11.2947 0.1431 1.5989, 10.1248 1.5442 1.5989, 10.3443 1.4668 1.5989, 10.4614 1.4055 1.5989, 10.5492 1.3595 1.5989, 10.7363 1.2235 1.5989, 10.7822 1.1787 1.5989, 10.9029 1.0608 1.5989, 11.0403 0.8814 1.5989, 11.0432 0.8776 1.5989, 11.1558 0.6749 1.5989, 9.6662 1.5996 1.5989, 9.7049 1.5977 1.5989, 9.8982 1.5885 1.5989, 10.0956 1.5499 1.5989, 8.796 1.317 1.5989, 8.9483 1.4065 1.5989, 8.9957 1.4343 1.5989, 9.2113 1.522 1.5989, 9.315 1.5477 1.5989, 9.4352 1.5774 1.5989, 8.6261 1.1803 1.5989, 8.616 1.1723 1.5989, 8.2233 0.6039 1.5989, 8.326 0.8118 1.5989, 8.3726 0.8794 1.5989, 8.4573 1.0019 1.5989, 8.1118 0.1434 1.5989, 8.1124 0.1556 1.5989, 8.1512 0.3829 1.5989, 8.1983 0.5273 1.5989, -11.2119 -0.5272 1.5989, -11.2384 -0.4575 1.5989, -11.2883 -0.2322 1.5989, -11.2947 -0.1431 1.5989, -11.305 -0.0 1.5989, -10.1248 -1.5442 1.5989, -10.3443 -1.4668 1.5989, -10.4614 -1.4055 1.5989, -10.5492 -1.3595 1.5989, -10.7363 -1.2235 1.5989, -10.7822 -1.1787 1.5989, -10.9029 -1.0608 1.5989, -11.0403 -0.8814 1.5989, -11.0432 -0.8776 1.5989, -11.1558 -0.6749 1.5989, -9.6662 -1.5996 1.5989, -9.7049 -1.5977 1.5989, -9.8982 -1.5885 1.5989, -10.0956 -1.5499 1.5989, -8.796 -1.317 1.5989, -8.9483 -1.4065 1.5989, -8.9957 -1.4343 1.5989, -9.2113 -1.522 1.5989, -9.315 -1.5477 1.5989, -9.4352 -1.5774 1.5989, -8.6261 -1.1803 1.5989, -8.616 -1.1723 1.5989, -8.2233 -0.6039 1.5989, -8.326 -0.8118 1.5989, -8.3726 -0.8794 1.5989, -8.4573 -1.0019 1.5989, -8.105 0.0 1.5989, -8.1118 -0.1434 1.5989, -8.1124 -0.1556 1.5989, -8.1512 -0.3829 1.5989, -8.1983 -0.5273 1.5989, -8.1981 0.5272 1.5989, -8.1716 0.4575 1.5989, -8.1217 0.2322 1.5989, -8.1153 0.1431 1.5989, -9.2852 1.5442 1.5989, -9.0657 1.4668 1.5989, -8.9486 1.4055 1.5989, -8.8608 1.3595 1.5989, -8.6737 1.2235 1.5989, -8.6278 1.1787 1.5989, -8.5071 1.0608 1.5989, -8.3697 0.8814 1.5989, -8.3668 0.8776 1.5989, -8.2542 0.6749 1.5989, -9.7438 1.5996 1.5989, -9.7051 1.5977 1.5989, -9.5118 1.5885 1.5989, -9.3144 1.5499 1.5989, -10.614 1.317 1.5989, -10.4617 1.4065 1.5989, -10.4143 1.4343 1.5989, -10.1987 1.522 1.5989, -10.095 1.5477 1.5989, -9.9748 1.5774 1.5989, -10.7839 1.1803 1.5989, -10.794 1.1723 1.5989, -11.1867 0.6039 1.5989, -11.084 0.8118 1.5989, -11.0374 0.8794 1.5989, -10.9527 1.0019 1.5989, -11.2982 0.1434 1.5989, -11.2976 0.1556 1.5989, -11.2588 0.3829 1.5989, -11.2117 0.5273 1.5989, -10.405 -5.9494 1.7989, -10.4061 -5.9494 1.7854, -10.4078 -5.9494 1.7654, -10.409 -4.7988 1.7657, -10.4158 -5.9494 1.7388, -10.422 -5.9494 1.7182, -10.4232 -4.7945 1.7188, -10.4283 -5.9494 1.7078, -10.429 -5.9494 1.7065, -10.4472 -5.9494 1.676, -10.4585 -5.9494 1.6647, -10.4484 -4.7869 1.6769, -10.5243 -5.9494 1.6159, -10.5064 -5.9494 1.6266, -10.4829 -4.7765 1.6423, -10.4821 -5.9494 1.6411, -10.4639 -5.9494 1.6593, -10.5289 -5.9494 1.6145, -10.5249 -4.7637 1.6172, -10.5543 -5.9494 1.6069, -10.5715 -5.9494 1.6017, -10.5717 -4.7497 1.6032, -10.605 -5.9494 1.5989, 10.4501 -6.0749 1.7989, 10.4506 -6.0765 1.796, 10.4535 -6.0784 1.7989, 10.4841 -5.9753 1.6417, 10.5674 -5.9711 1.6037, 10.621 -5.9659 1.6008, 10.6132 -5.9671 1.5999, 10.6131 -5.9577 1.5999, 10.7325 -6.0807 1.7182, 10.7327 -6.0809 1.7194, 10.7318 -6.0815 1.7184, 10.7121 -6.1105 1.7483, 10.7423 -6.0909 1.7654, 10.7384 -6.0964 1.7747, 10.7424 -6.0909 1.7667, 10.7432 -6.0917 1.7796, 10.7322 -6.0805 1.7177, 10.7089 -6.0855 1.6955, 10.7191 -6.067 1.6862, 10.7149 -6.0626 1.676, 10.686 -6.0816 1.6726, 10.706 -6.0535 1.6633, 10.6643 -6.0702 1.651, 10.6906 -6.0376 1.6411, 10.6453 -6.0518 1.6319, 10.6787 -6.0253 1.6309, 10.6298 -6.0275 1.6165, 10.6612 -6.0072 1.6159, 10.619 -5.9988 1.6056, 10.6443 -5.9898 1.6086, 10.6283 -5.9734 1.6017, 10.5236 -5.9738 1.6179, 10.451 -5.9754 1.6739, 10.4262 -5.9741 1.7128, 10.4109 -5.9714 1.7562, 10.4063 -5.9679 1.7989, 10.407 -5.9774 1.7989, 10.418 -6.0107 1.7633, 10.4139 -6.0024 1.7989, 10.4206 -6.0269 1.7989, 10.4315 -6.0464 1.7769, 10.4271 -6.038 1.7989, 10.4465 -6.0713 1.7989, 10.4827 -6.1076 1.7989, 10.4707 -6.0916 1.7573, 10.4873 -6.1103 1.7989, 10.4972 -6.1171 1.7838, 10.5124 -6.125 1.7989, 10.5271 -6.1335 1.7989, 10.5258 -6.126 1.7487, 10.5408 -6.1374 1.7989, 10.5574 -6.1427 1.7803, 10.5761 -6.1472 1.7989, 10.5766 -6.1473 1.7989, 10.5901 -6.1421 1.7477, 10.6058 -6.1477 1.7989, 10.6235 -6.1477 1.7811, 10.6279 -6.148 1.7989, 10.6412 -6.1447 1.7989, 10.6551 -6.1365 1.7494, 10.6707 -6.1374 1.7989, 10.6866 -6.131 1.7809, 10.6778 -6.1356 1.7989, 10.7046 -6.121 1.7989, 10.7443 -6.0929 1.7989, 10.724 -6.1099 1.7989, 10.7228 -6.111 1.7989, 10.4342 -6.0179 1.7207, 10.4493 -6.0579 1.7359, 10.4594 -6.0216 1.6823, 10.4754 -6.0636 1.6982, 10.4979 -6.0991 1.7208, 10.4925 -6.0214 1.6501, 10.5083 -6.0633 1.666, 10.5308 -6.0987 1.6884, 10.5586 -6.1255 1.7162, 10.5315 -6.0173 1.6258, 10.5464 -6.0569 1.6408, 10.5677 -6.0903 1.662, 10.5939 -6.1155 1.6882, 10.6236 -6.1313 1.7179, 10.5744 -6.0096 1.6107, 10.5877 -6.0447 1.624, 10.6065 -6.0744 1.6428, 10.6298 -6.0968 1.6661, 10.6561 -6.1107 1.6924, 10.6841 -6.1154 1.7204, -8.655 -6.74 4.3489, 8.655 -6.74 4.3489, -9.351 -6.6485 4.3489, -9.5591 -6.5901 4.3489, -9.2635 -6.6731 4.3489, -8.9712 -6.7216 4.3489, 9.7193 -6.5299 4.3489, -9.7178 -6.5261 4.3489, -9.8431 -6.4755 4.3489, -8.9614 -6.7233 4.3489, 8.9713 -6.7221 4.3489, 9.3519 -6.6519 4.3489, 10.8079 -5.7302 1.5989, -10.8079 -5.7302 1.5989, 11.0465 -5.3962 1.5989, -11.0465 -5.3962 1.5989, -11.2338 -5.0309 1.5989, -11.3655 -4.6421 1.5989, -8.655 6.74 1.5989, 8.655 6.74 1.5989, -8.8747 6.7314 1.5989, -9.3086 6.6626 1.5989, -9.7265 6.5269 1.5989, -10.118 6.3274 1.5989, -10.4735 6.0691 1.5989, -10.7841 5.7585 1.5989, -11.0424 5.403 1.5989, -11.2419 5.0115 1.5989, -11.3776 4.5936 1.5989, -11.4464 4.1597 1.5989, -11.455 3.94 1.5989, -11.455 -3.94 1.5989, -11.4391 -4.2382 1.5989, 11.455 -3.94 1.5989, 11.455 3.94 1.5989, 8.8747 6.7314 1.5989, 9.3086 6.6626 1.5989, 9.7265 6.5269 1.5989, 10.118 6.3274 1.5989, 10.4735 6.0691 1.5989, 10.7841 5.7585 1.5989, 11.0424 5.403 1.5989, 11.2419 5.0115 1.5989, 11.3776 4.5936 1.5989, 11.4464 4.1597 1.5989, 11.4391 -4.2382 1.5989, 11.3655 -4.6421 1.5989, 11.2338 -5.0309 1.5989, -10.4277 -5.9517 1.7065, -10.4197 -5.9706 1.7268, -10.7149 -6.0626 1.676, -10.707 -6.0545 1.6647, -10.7017 -6.0556 1.6598, -10.6612 -6.0072 1.6159, -10.658 -6.0039 1.6145, -10.6362 -5.9961 1.607, -10.6403 -5.9857 1.6069, -10.5926 -5.9787 1.6015, -10.6283 -5.9734 1.6017, -10.7033 -6.0506 1.6593, -10.6906 -6.0376 1.6411, -10.6615 -6.05 1.6356, -10.6737 -6.0201 1.6266, -10.6182 -6.0387 1.6205, -10.7325 -6.0807 1.7182, -10.7281 -6.0762 1.7078, -10.7268 -6.0782 1.7065, -10.7443 -6.0929 1.7989, -10.7435 -6.0921 1.7854, -10.7228 -6.111 1.7989, -10.7098 -6.1186 1.7792, -10.7084 -6.1189 1.7989, -10.6778 -6.1356 1.7989, -10.667 -6.1378 1.7734, -10.6658 -6.1386 1.7989, -10.6207 -6.1465 1.7689, -10.6279 -6.148 1.7989, -10.5766 -6.1473 1.7989, -10.5736 -6.1441 1.7661, -10.5726 -6.1462 1.7989, -10.5271 -6.1336 1.7989, -10.5282 -6.1309 1.7652, -10.4863 -6.1097 1.7989, -10.4871 -6.1076 1.7661, -10.4827 -6.1076 1.7989, -10.4526 -6.0754 1.7689, -10.4465 -6.0713 1.7989, -10.4266 -6.0361 1.7734, -10.4268 -6.0375 1.7989, -10.4206 -6.0269 1.7989, -10.4106 -5.992 1.7792, -10.4113 -5.9932 1.7989, -10.407 -5.9774 1.7989, -10.4488 -5.9837 1.6788, -10.4614 -5.9539 1.6598, -10.4934 -5.9789 1.6356, -10.5317 -6.0021 1.6205, -10.5497 -5.9596 1.607, -10.5741 -6.0225 1.6153, -10.4786 -6.0138 1.6579, -10.5155 -6.0404 1.6449, -10.5574 -6.0618 1.6405, -10.602 -6.0769 1.6449, -10.6467 -6.0849 1.6579, -10.6891 -6.0854 1.6788, -10.7276 -6.0757 1.7065, -10.4384 -6.0083 1.7053, -10.4664 -6.0427 1.689, -10.5022 -6.0719 1.6788, -10.5437 -6.0942 1.6753, -10.5887 -6.1084 1.6788, -10.6345 -6.1138 1.689, -10.6787 -6.11 1.7053, -10.7188 -6.0971 1.7268, -10.7368 -6.0851 1.7388, -10.4139 -5.9843 1.7516, -10.4308 -6.0261 1.7374, -10.4576 -6.0636 1.7267, -10.4925 -6.0947 1.72, -10.5338 -6.1177 1.7178, -10.579 -6.1313 1.72, -10.6257 -6.1347 1.7267, -10.6712 -6.1278 1.7374, -10.713 -6.1109 1.7516, -10.7423 -6.0909 1.7654, -11.4885 -3.94 1.6017, -11.4885 3.94 1.6017, -11.5357 -3.94 1.6159, -11.5357 3.94 1.6159, -11.5779 -3.94 1.6411, -11.5779 3.94 1.6411, -11.6128 -3.94 1.676, -11.6128 3.94 1.676, -11.638 -3.94 1.7182, -11.638 3.94 1.7182, -11.6522 -3.94 1.7654, -11.6522 3.94 1.7654, -11.655 -3.94 1.7989, -11.655 3.94 1.7989, -8.655 6.9372 1.7654, -8.8902 6.9279 1.7654, -8.655 6.94 1.7989, -8.8899 6.9238 1.7989, -9.066 6.9117 1.7989, -9.3547 6.8544 1.7654, -9.3511 6.8403 1.7989, -9.6934 6.7546 1.7989, -9.802 6.709 1.7654, -9.7984 6.7023 1.7989, -10.221 6.4955 1.7654, -10.2199 6.4928 1.7989, -10.2724 6.4667 1.7989, -10.6015 6.2191 1.7654, -10.5932 6.2086 1.7989, -10.7763 6.0613 1.7989, -10.9341 5.8865 1.7654, -10.9236 5.8782 1.7989, -11.1817 5.5574 1.7989, -11.2105 5.506 1.7654, -11.2078 5.5049 1.7989, -11.424 5.087 1.7654, -11.4173 5.0834 1.7989, -11.4696 4.9784 1.7989, -11.5694 4.6397 1.7654, -11.5553 4.6361 1.7989, -11.6267 4.351 1.7989, -11.6429 4.1752 1.7654, -11.6388 4.1749 1.7989, -11.6288 4.174 1.7182, -11.6036 4.1721 1.676, -11.5689 4.1693 1.6411, -11.5268 4.166 1.6159, -11.4798 4.1623 1.6017, -11.4102 4.6015 1.6017, -11.2728 5.0243 1.6017, -11.071 5.4205 1.6017, -10.8096 5.7802 1.6017, -10.4952 6.0946 1.6017, -10.1355 6.356 1.6017, -9.7393 6.5578 1.6017, -9.3165 6.6952 1.6017, -8.8773 6.7648 1.6017, -8.655 6.7735 1.6017, -11.4561 4.6125 1.6159, -11.3164 5.0424 1.6159, -11.1112 5.4451 1.6159, -10.8455 5.8108 1.6159, -10.5258 6.1305 1.6159, -10.1601 6.3962 1.6159, -9.7574 6.6014 1.6159, -9.3275 6.7411 1.6159, -8.881 6.8118 1.6159, -8.655 6.8207 1.6159, -11.4972 4.6223 1.6411, -11.3554 5.0586 1.6411, -11.1472 5.4672 1.6411, -10.8776 5.8383 1.6411, -10.5533 6.1626 1.6411, -10.1822 6.4322 1.6411, -9.7736 6.6404 1.6411, -9.3373 6.7822 1.6411, -8.8843 6.8539 1.6411, -8.655 6.8629 1.6411, -11.531 4.6305 1.676, -11.3876 5.0719 1.676, -11.1769 5.4854 1.676, -10.9041 5.8609 1.676, -10.5759 6.1891 1.676, -10.2004 6.4619 1.676, -9.7869 6.6726 1.676, -9.3455 6.816 1.676, -8.8871 6.8886 1.676, -8.655 6.8978 1.676, -11.5556 4.6364 1.7182, -11.4109 5.0815 1.7182, -11.1984 5.4986 1.7182, -10.9233 5.8773 1.7182, -10.5923 6.2083 1.7182, -10.2136 6.4834 1.7182, -9.7965 6.6959 1.7182, -9.3514 6.8406 1.7182, -8.889 6.9138 1.7182, -8.655 6.923 1.7182, 8.655 6.7735 1.6017, 8.655 6.8207 1.6159, 8.655 6.8629 1.6411, 8.655 6.8978 1.676, 8.655 6.923 1.7182, 8.655 6.9372 1.7654, 8.655 6.94 1.7989, 11.6522 3.94 1.7654, 11.6429 4.1752 1.7654, 11.655 3.94 1.7989, 11.6388 4.1749 1.7989, 11.6267 4.351 1.7989, 11.5694 4.6397 1.7654, 11.5553 4.6361 1.7989, 11.4696 4.9784 1.7989, 11.424 5.087 1.7654, 11.4173 5.0834 1.7989, 11.2105 5.506 1.7654, 11.2078 5.5049 1.7989, 11.1817 5.5574 1.7989, 10.9341 5.8865 1.7654, 10.9236 5.8782 1.7989, 10.7763 6.0613 1.7989, 10.6015 6.2191 1.7654, 10.5932 6.2086 1.7989, 10.2724 6.4667 1.7989, 10.221 6.4955 1.7654, 10.2199 6.4928 1.7989, 9.802 6.709 1.7654, 9.7984 6.7023 1.7989, 9.6934 6.7546 1.7989, 9.3547 6.8544 1.7654, 9.3511 6.8403 1.7989, 9.066 6.9117 1.7989, 8.8902 6.9279 1.7654, 8.8899 6.9238 1.7989, 8.889 6.9138 1.7182, 8.8871 6.8886 1.676, 8.8843 6.8539 1.6411, 8.881 6.8118 1.6159, 8.8773 6.7648 1.6017, 9.3165 6.6952 1.6017, 9.7393 6.5578 1.6017, 10.1355 6.356 1.6017, 10.4952 6.0946 1.6017, 10.8096 5.7802 1.6017, 11.071 5.4205 1.6017, 11.2728 5.0243 1.6017, 11.4102 4.6015 1.6017, 11.4798 4.1623 1.6017, 11.4885 3.94 1.6017, 9.3275 6.7411 1.6159, 9.7574 6.6014 1.6159, 10.1601 6.3962 1.6159, 10.5258 6.1305 1.6159, 10.8455 5.8108 1.6159, 11.1112 5.4451 1.6159, 11.3164 5.0424 1.6159, 11.4561 4.6125 1.6159, 11.5268 4.166 1.6159, 11.5357 3.94 1.6159, 9.3373 6.7822 1.6411, 9.7736 6.6404 1.6411, 10.1822 6.4322 1.6411, 10.5533 6.1626 1.6411, 10.8776 5.8383 1.6411, 11.1472 5.4672 1.6411, 11.3554 5.0586 1.6411, 11.4972 4.6223 1.6411, 11.5689 4.1693 1.6411, 11.5779 3.94 1.6411, 9.3455 6.816 1.676, 9.7869 6.6726 1.676, 10.2004 6.4619 1.676, 10.5759 6.1891 1.676, 10.9041 5.8609 1.676, 11.1769 5.4854 1.676, 11.3876 5.0719 1.676, 11.531 4.6305 1.676, 11.6036 4.1721 1.676, 11.6128 3.94 1.676, 9.3514 6.8406 1.7182, 9.7965 6.6959 1.7182, 10.2136 6.4834 1.7182, 10.5923 6.2083 1.7182, 10.9233 5.8773 1.7182, 11.1984 5.4986 1.7182, 11.4109 5.0815 1.7182, 11.5556 4.6364 1.7182, 11.6288 4.174 1.7182, 11.638 3.94 1.7182, 11.4885 -3.94 1.6017, 11.5357 -3.94 1.6159, 11.5779 -3.94 1.6411, 11.6128 -3.94 1.676, 11.638 -3.94 1.7182, 11.6522 -3.94 1.7654, 11.655 -3.94 1.7989, 10.5738 -6.1711 4.0835, 10.5794 -6.1618 4.0512, 10.6144 -6.1619 4.0604, 10.1841 -6.4977 4.4545, 10.1775 -6.4912 4.4383, 10.2334 -6.449 4.4154, 10.1 -6.5658 4.5152, 10.0996 -6.565 4.5124, 10.1949 -6.5064 4.4888, 10.0433 -6.4626 4.3653, 10.0388 -6.4544 4.3626, 10.0715 -6.4282 4.3578, 10.2388 -6.1873 4.2744, 10.2022 -6.2282 4.2978, 10.407 -5.9774 3.9489, 10.4093 -5.9857 3.9489, 10.4062 -5.9894 3.9904, 10.4465 -6.0713 3.9489, 10.456 -6.0808 3.9489, 10.4538 -6.0846 3.9854, 10.5271 -6.1335 3.9489, 10.5508 -6.1402 3.9489, 10.5493 -6.1443 3.9897, 10.1991 -6.5085 4.5065, 10.1498 -6.5398 4.5436, 10.1483 -6.54 4.5212, 10.1014 -6.5683 4.5489, 10.2627 -6.4662 4.4807, 10.2084 -6.5053 4.5373, 10.204 -6.5079 4.5377, 10.2725 -6.4662 4.5155, 10.2721 -6.4661 4.5251, 10.2494 -6.4812 4.5328, 10.274 -6.4648 4.5244, 10.335 -6.4237 4.4818, 10.3409 -6.4202 4.5017, 10.3909 -6.3867 4.4846, 10.3909 -6.3824 4.443, 10.3938 -6.3846 4.4828, 10.5071 -6.2977 4.3816, 10.5161 -6.293 4.4074, 10.4594 -6.3361 4.432, 10.4628 -6.3329 4.4403, 10.4049 -6.3763 4.476, 10.5487 -6.2615 4.3269, 10.5497 -6.2652 4.3742, 10.5198 -6.2899 4.4038, 10.569 -6.2492 4.3552, 10.568 -6.2498 4.3539, 10.6155 -6.2108 4.3092, 10.6264 -6.1991 4.2555, 10.6403 -6.1887 4.2704, 10.6658 -6.1659 4.2305, 10.6908 -6.1435 4.1853, 10.6851 -6.1487 4.2004, 10.6864 -6.1473 4.1818, 10.6619 -6.164 4.1646, 10.726 -6.1105 4.0911, 10.7224 -6.1138 4.1006, 10.7091 -6.1252 4.0944, 10.7204 -6.1136 4.0124, 10.7383 -6.0986 4.016, 10.723 -6.1108 3.9489, 10.7443 -6.0929 3.9489, 10.7429 -6.0942 3.9879, 10.66 -6.1401 3.9489, 10.6778 -6.1356 3.9489, 10.6914 -6.1313 4.0072, 10.6929 -6.1273 3.9489, 10.7228 -6.111 3.9489, 10.6585 -6.1441 4.0021, 10.656 -6.1448 4.0017, 10.6574 -6.1407 3.9489, 10.6213 -6.1511 3.9971, 10.6279 -6.148 3.9489, 10.5853 -6.151 3.993, 10.5866 -6.1475 3.9489, 10.5766 -6.1473 3.9489, 10.4356 -6.0526 3.9489, 10.4026 -5.9953 4.0169, 10.3973 -6.0038 4.0429, 10.3898 -6.0157 4.0704, 10.3805 -6.03 4.0968, 10.3337 -6.0973 4.1833, 10.3531 -6.0703 4.1533, 10.3678 -6.049 4.1259, 10.3035 -6.1088 4.2164, 10.2725 -6.1474 4.2474, 10.1216 -6.3109 4.3324, 10.1634 -6.2693 4.3171, 10.0779 -6.3518 4.343, 10.054 -6.3989 4.3497, 10.0226 -6.425 4.3528, 10.0204 -6.421 4.3515, 10.0548 -6.4835 4.3794, 10.0945 -6.5557 4.477, 10.0931 -6.5532 4.4678, 10.1329 -6.5225 4.4514, 10.0909 -6.5492 4.4602, 10.0971 -6.5604 4.4947, 10.1899 -6.5027 4.4714, 10.2495 -6.4604 4.4468, 10.3121 -6.1261 4.211, 10.282 -6.1644 4.2427, 10.249 -6.2041 4.2707, 10.2129 -6.245 4.2951, 10.1742 -6.2861 4.3156, 10.1323 -6.3278 4.3321, 10.0883 -6.3688 4.344, 10.6014 -6.2107 4.2329, 10.4044 -6.3771 4.4754, 10.4583 -6.3368 4.4297, 10.5057 -6.2983 4.3794, 10.547 -6.2622 4.3249, 10.5994 -6.2114 4.2313, 10.4412 -6.3421 4.3989, 10.4853 -6.3037 4.3507, 10.5235 -6.2676 4.2987, 10.5495 -6.2411 4.2552, 10.5714 -6.2171 4.2101, 10.6331 -6.1762 4.1474, 10.6308 -6.1768 4.1461, 10.5995 -6.1828 4.1303, 10.3214 -6.4236 4.4483, 10.3737 -6.3824 4.4111, 10.4207 -6.342 4.369, 10.4617 -6.3037 4.3233, 10.4971 -6.2676 4.2741, 10.5209 -6.2411 4.233, 10.5409 -6.217 4.1906, 10.555 -6.1986 4.1534, 10.5662 -6.1827 4.116, 10.6818 -6.1425 4.0829, 10.6504 -6.155 4.0715, 10.6479 -6.1557 4.0707, 10.1007 -6.5669 4.5305, 10.3045 -6.4179 4.4161, 10.3534 -6.3767 4.3809, 10.3973 -6.3363 4.3412, 10.4355 -6.2979 4.2981, 10.4684 -6.2617 4.2518, 10.4904 -6.2351 4.2132, 10.5089 -6.2109 4.1735, 10.5218 -6.1924 4.1387, 10.5321 -6.1764 4.1038, 10.539 -6.1647 4.0735, 10.544 -6.1552 4.0436, 10.5472 -6.1487 4.0164, 10.2849 -6.4066 4.3867, 10.3308 -6.3653 4.3538, 10.3719 -6.325 4.3167, 10.4078 -6.2864 4.2764, 10.4386 -6.2501 4.233, 10.4593 -6.2233 4.1969, 10.4767 -6.1988 4.1597, 10.4888 -6.1801 4.1271, 10.4985 -6.1638 4.0944, 10.505 -6.1519 4.066, 10.5098 -6.1422 4.0379, 10.5128 -6.1355 4.0123, 10.5147 -6.131 3.9872, 10.5164 -6.1273 3.9489, 10.0808 -6.5308 4.4253, 10.1204 -6.505 4.4199, 10.1621 -6.4739 4.408, 10.2145 -6.4318 4.3871, 10.2628 -6.3895 4.3607, 10.306 -6.3483 4.3304, 10.3448 -6.3078 4.296, 10.3788 -6.2691 4.2586, 10.4081 -6.2325 4.2182, 10.428 -6.2054 4.1844, 10.4447 -6.1806 4.1495, 10.4565 -6.1615 4.1189, 10.466 -6.1448 4.088, 10.4724 -6.1325 4.061, 10.4772 -6.1226 4.0342, 10.4803 -6.1156 4.0098, 10.4823 -6.1109 3.9857, 10.4827 -6.1076 3.9489, 10.0684 -6.5083 4.3998, 10.1051 -6.482 4.3926, 10.1442 -6.4512 4.3822, 10.1934 -6.4093 4.3635, 10.2391 -6.3671 4.3397, 10.2801 -6.3259 4.3121, 10.3172 -6.2854 4.2805, 10.3499 -6.2465 4.2459, 10.3785 -6.2095 4.2084, 10.398 -6.182 4.1767, 10.4147 -6.1567 4.1438, 10.4266 -6.1371 4.1147, 10.4364 -6.12 4.0851, 10.4431 -6.1072 4.0591, 10.4482 -6.0969 4.033, 10.4516 -6.0896 4.0091, 10.0639 -6.5 4.3905, 10.0895 -6.4574 4.3729, 10.1265 -6.4268 4.3639, 10.1734 -6.3852 4.3474, 10.2173 -6.3431 4.326, 10.2569 -6.302 4.3008, 10.293 -6.2613 4.2718, 10.3252 -6.2222 4.2396, 10.3537 -6.1848 4.2043, 10.3734 -6.1569 4.1743, 10.3905 -6.1311 4.1428, 10.403 -6.1111 4.1147, 10.4133 -6.0934 4.0858, 10.4206 -6.0802 4.0601, 10.4263 -6.0693 4.0342, 10.4302 -6.0617 4.0101, 10.4327 -6.0565 3.9861, 10.1069 -6.3979 4.3505, 10.152 -6.3566 4.3364, 10.1945 -6.3147 4.3175, 10.2332 -6.2735 4.2949, 10.2691 -6.2328 4.2684, 10.3014 -6.1934 4.2385, 10.3304 -6.1555 4.2053, 10.3508 -6.1272 4.1767, 10.3689 -6.1008 4.1462, 10.3823 -6.0801 4.1186, 10.3937 -6.0617 4.0899, 10.4019 -6.048 4.0641, 10.4085 -6.0366 4.0377, 10.413 -6.0285 4.0129, 10.416 -6.023 3.9879, 10.4206 -6.0269 3.9489, 11.4696 -4.9784 1.7989, 11.4073 -5.1035 1.7989, 11.4154 -5.1077 1.7654, 11.4724 -4.2418 1.6017, 11.5193 -4.2468 1.6159, 11.5613 -4.2513 1.6411, 11.5959 -4.255 1.676, 11.621 -4.2577 1.7182, 11.6351 -4.2592 1.7654, 11.633 -4.2592 1.7989, 10.8337 -5.7516 1.6017, 10.87 -5.7818 1.6159, 10.9025 -5.8088 1.6411, 10.9292 -5.8311 1.676, 10.9595 -5.8563 1.7654, 10.9487 -5.8472 1.7182, 10.7763 -6.0613 1.7989, 10.9484 -5.8474 1.7989, 11.1817 -5.5574 1.7989, 11.6267 -4.351 1.7989, 11.5423 -4.688 1.7989, 11.5564 -4.6915 1.7654, 11.0752 -5.4136 1.6017, 11.1154 -5.4381 1.6159, 11.1516 -5.4601 1.6411, 11.1813 -5.4782 1.676, 11.2029 -5.4914 1.7182, 11.215 -5.4987 1.7654, 11.2115 -5.4973 1.7989, 11.2646 -5.0439 1.6017, 11.308 -5.0623 1.6159, 11.347 -5.0788 1.6411, 11.3791 -5.0923 1.676, 11.4023 -5.1022 1.7182, 11.398 -4.6505 1.6017, 11.4436 -4.6623 1.6159, 11.4846 -4.6729 1.6411, 11.5183 -4.6817 1.676, 11.5427 -4.688 1.7182, 9.066 -6.9117 4.5489, 8.9936 -6.9167 4.5489, 8.9935 -6.918 4.5152, 8.655 -6.7718 4.3516, 8.9749 -6.7537 4.3515, 8.655 -6.7735 4.3517, 8.9802 -6.801 4.3653, 8.655 -6.8207 4.3659, 8.9851 -6.8434 4.3905, 8.655 -6.862 4.3906, 8.655 -6.8629 4.3911, 8.989 -6.8783 4.4253, 8.655 -6.8978 4.426, 8.9919 -6.9037 4.4678, 8.655 -6.9228 4.4678, 8.655 -6.923 4.4682, 8.655 -6.9371 4.5152, 8.655 -6.9372 4.5154, 8.655 -6.94 4.5489, 9.6934 -6.7546 4.5489, 9.3975 -6.8287 4.5489, 9.401 -6.8428 4.5152, 9.7927 -6.7092 4.5489, 9.7942 -6.7122 4.5152, 9.7888 -6.6989 4.4678, 9.779 -6.6753 4.4253, 9.7657 -6.6428 4.3905, 9.7494 -6.6033 4.3653, 9.7314 -6.5593 4.3515, 9.3599 -6.6827 4.3515, 9.3717 -6.7288 4.3653, 9.3823 -6.7701 4.3905, 9.3911 -6.8042 4.4253, 9.3974 -6.8289 4.4678, -8.655 -6.94 4.5489, -8.655 -6.9372 4.5154, -8.655 -6.7718 4.3515, -8.655 -6.7734 4.3519, -8.655 -6.8194 4.3653, -8.655 -6.8206 4.366, -8.655 -6.8621 4.3905, -8.655 -6.8628 4.3912, -8.655 -6.8973 4.4253, -8.655 -6.8977 4.426, -8.655 -6.9228 4.4678, -8.655 -6.923 4.4683, -8.655 -6.9371 4.5152, -10.8337 -5.7516 1.6017, -11.1817 -5.5574 1.7989, -11.2115 -5.4973 1.7989, -11.215 -5.4987 1.7654, -11.6267 -4.351 1.7989, -11.633 -4.2592 1.7989, -11.6351 -4.2592 1.7654, -11.4724 -4.2418 1.6017, -11.5193 -4.2468 1.6159, -11.5613 -4.2513 1.6411, -11.5959 -4.255 1.676, -11.621 -4.2577 1.7182, -11.4696 -4.9784 1.7989, -11.5423 -4.688 1.7989, -11.5564 -4.6915 1.7654, -10.9484 -5.8474 1.7989, -10.9595 -5.8563 1.7654, -10.7763 -6.0613 1.7989, -10.9487 -5.8472 1.7182, -10.9292 -5.8311 1.676, -10.9025 -5.8088 1.6411, -10.87 -5.7818 1.6159, -11.398 -4.6505 1.6017, -11.4436 -4.6623 1.6159, -11.4846 -4.6729 1.6411, -11.5183 -4.6817 1.676, -11.5427 -4.688 1.7182, -11.2646 -5.0439 1.6017, -11.308 -5.0623 1.6159, -11.347 -5.0788 1.6411, -11.3791 -5.0923 1.676, -11.4023 -5.1022 1.7182, -11.4154 -5.1077 1.7654, -11.4073 -5.1035 1.7989, -11.0752 -5.4136 1.6017, -11.1154 -5.4381 1.6159, -11.1516 -5.4601 1.6411, -11.1813 -5.4782 1.676, -11.2029 -5.4914 1.7182, -10.408 -5.9772 3.9489, -10.4089 -5.9859 3.9489, -10.4354 -6.0526 3.9489, -10.4095 -5.9914 3.9489, -10.4189 -6.0193 3.9489, -10.4213 -6.0266 3.9489, -10.4239 -6.0343 3.9489, -10.4469 -6.071 3.9489, -10.4497 -6.0754 3.9489, -10.4829 -6.1075 3.9489, -10.4843 -6.1088 3.9489, -10.5164 -6.1274 3.9489, -10.5271 -6.1336 3.9489, -10.5508 -6.1405 3.9489, -10.5703 -6.1463 3.9489, -10.5766 -6.1467 3.9489, -10.5867 -6.1472 3.9489, -10.6171 -6.149 3.9489, -10.6277 -6.147 3.9489, -10.6576 -6.1414 3.9489, -10.6603 -6.1409 3.9489, -10.6662 -6.1397 3.9489, -10.6773 -6.1347 3.9489, -10.6931 -6.1275 3.9489, -10.7087 -6.1204 3.9489, -10.7221 -6.11 3.9489, -10.7223 -6.1099 3.9489, -10.7443 -6.0929 3.9489, -10.445 -6.1034 4.0501, -10.4386 -6.1159 4.0773, -10.4681 -6.1409 4.0798, -10.0808 -6.5308 4.4253, -10.0814 -6.532 4.4275, -10.1265 -6.5005 4.4184, -10.1 -6.5658 4.5152, -10.1007 -6.5669 4.5305, -10.1558 -6.5355 4.5193, -10.1014 -6.5683 4.5489, -10.0684 -6.5083 4.3998, -10.0548 -6.4835 4.3794, -10.0639 -6.5 4.3905, -10.1109 -6.4776 4.3913, -10.0388 -6.4544 4.3626, -10.0433 -6.4626 4.3653, -10.0949 -6.4531 4.3718, -10.059 -6.3946 4.3491, -10.0204 -6.421 4.3515, -10.0226 -6.425 4.3528, -10.098 -6.3601 4.3419, -10.1365 -6.3238 4.3307, -10.1625 -6.2702 4.3175, -10.2362 -6.1902 4.2763, -10.2004 -6.2302 4.2988, -10.3026 -6.11 4.2174, -10.2708 -6.1495 4.2489, -10.3345 -6.0963 4.1823, -10.3551 -6.0674 4.1499, -10.3704 -6.0451 4.1203, -10.3835 -6.0254 4.089, -10.3926 -6.0113 4.061, -10.3998 -5.9999 4.0321, -10.4072 -5.9878 3.9793, -10.7216 -6.1123 3.9954, -10.7399 -6.0971 3.9981, -10.7057 -6.1297 4.1538, -10.7257 -6.1106 4.0828, -10.7122 -6.122 4.0773, -10.7353 -6.1015 4.0489, -10.6906 -6.1434 4.1688, -10.696 -6.1385 4.1727, -10.6662 -6.1658 4.2314, -10.6291 -6.1965 4.2498, -10.6535 -6.1774 4.2563, -10.6453 -6.1845 4.2664, -10.4482 -6.3451 4.4541, -10.4598 -6.336 4.4453, -10.4557 -6.339 4.4355, -10.5151 -6.2926 4.4029, -10.3883 -6.3844 4.4449, -10.3337 -6.4246 4.4827, -10.3906 -6.3856 4.4803, -10.3397 -6.4214 4.5033, -10.2193 -6.4989 4.5361, -10.272 -6.4659 4.5246, -10.2788 -6.4621 4.5125, -10.2808 -6.4604 4.5226, -10.3124 -6.4406 4.5157, -10.1583 -6.5358 4.5455, -10.1832 -6.5216 4.544, -10.2132 -6.4994 4.5015, -10.3483 -6.2485 4.2478, -10.3921 -6.2226 4.2138, -10.3776 -6.2106 4.2096, -10.4286 -6.2045 4.1832, -10.3987 -6.1811 4.1756, -10.6925 -6.1301 3.9916, -10.6594 -6.1429 3.9878, -10.6568 -6.1436 3.9875, -10.622 -6.1499 3.9841, -10.5859 -6.1499 3.9811, -10.5152 -6.1298 3.9769, -10.5498 -6.1431 3.9787, -10.4828 -6.1096 3.9758, -10.4544 -6.0833 3.9756, -10.4334 -6.055 3.9761, -10.4168 -6.0215 3.9774, -10.5482 -6.1466 4.0052, -10.5137 -6.1334 4.0018, -10.4813 -6.1134 3.9998, -10.4527 -6.0872 3.9992, -10.4314 -6.0592 4.0001, -10.4144 -6.0259 4.0025, -10.6845 -6.1394 4.067, -10.6655 -6.1602 4.1524, -10.6527 -6.152 4.0569, -10.6363 -6.1724 4.136, -10.6502 -6.1527 4.0562, -10.634 -6.1731 4.1348, -10.4743 -6.1288 4.0518, -10.5006 -6.16 4.0858, -10.5068 -6.1483 4.0563, -10.5344 -6.1726 4.0947, -10.5409 -6.1612 4.0632, -10.5687 -6.179 4.1062, -10.5759 -6.1676 4.0723, -10.6023 -6.179 4.1197, -10.6164 -6.1589 4.047, -10.5811 -6.1589 4.0389, -10.5455 -6.1523 4.0321, -10.5112 -6.1392 4.0271, -10.4787 -6.1194 4.024, -10.4498 -6.0936 4.023, -10.6039 -6.2082 4.2275, -10.6018 -6.2088 4.2258, -10.5896 -6.1953 4.1626, -10.5736 -6.2145 4.205, -10.5574 -6.1953 4.1461, -10.5429 -6.2145 4.1858, -10.524 -6.189 4.1319, -10.5107 -6.2084 4.169, -10.4909 -6.1767 4.1207, -10.4784 -6.1963 4.1555, -10.4586 -6.158 4.1128, -10.4464 -6.178 4.1456, -10.4287 -6.1336 4.1089, -10.4163 -6.1541 4.1401, -10.6007 -6.2226 4.3043, -10.5781 -6.234 4.2792, -10.5762 -6.2347 4.2773, -10.5503 -6.2402 4.2536, -10.5217 -6.2402 4.2315, -10.4912 -6.2342 4.2118, -10.46 -6.2224 4.1956, -10.3146 -6.2883 4.283, -10.3624 -6.2603 4.2535, -10.3771 -6.2711 4.2606, -10.4073 -6.2336 4.2195, -10.406 -6.2884 4.2786, -10.4377 -6.2512 4.2344, -10.4337 -6.2999 4.3005, -10.4674 -6.2628 4.2533, -10.4597 -6.3057 4.3258, -10.4961 -6.2687 4.2757, -10.4832 -6.3057 4.3534, -10.5224 -6.2687 4.3004, -10.5033 -6.3003 4.3822, -10.5458 -6.2633 4.3267, -10.5047 -6.2997 4.3844, -10.5475 -6.2626 4.3287, -10.5508 -6.2646 4.3757, -10.5673 -6.2514 4.3561, -10.564 -6.2543 4.3656, -10.5692 -6.2498 4.3592, -10.4031 -6.3768 4.4746, -10.4545 -6.3396 4.4332, -10.4377 -6.345 4.4022, -10.3112 -6.1273 4.2121, -10.2804 -6.1665 4.2443, -10.2464 -6.2071 4.2726, -10.2111 -6.2469 4.2962, -10.1733 -6.287 4.316, -10.4175 -6.3449 4.3723, -10.3714 -6.3843 4.413, -10.3202 -6.4245 4.4491, -10.2686 -6.462 4.4778, -10.2094 -6.5052 4.5383, -10.3943 -6.3392 4.3442, -10.3512 -6.3786 4.3827, -10.3034 -6.4188 4.4169, -10.2551 -6.4563 4.4441, -10.2031 -6.4936 4.4666, -10.1492 -6.5296 4.4836, -10.0971 -6.5604 4.4947, -10.3691 -6.3279 4.3195, -10.3287 -6.3673 4.3555, -10.2838 -6.4075 4.3874, -10.2386 -6.4449 4.4128, -10.19 -6.4822 4.4339, -10.1395 -6.518 4.4497, -10.0931 -6.5532 4.4678, -10.3421 -6.3107 4.2986, -10.304 -6.3502 4.3319, -10.2618 -6.3904 4.3614, -10.2193 -6.4277 4.3847, -10.1738 -6.4648 4.404, -10.1551 -6.4422 4.3786, -10.198 -6.4052 4.3614, -10.2381 -6.368 4.3403, -10.2782 -6.3279 4.3135, -10.4281 -6.0658 4.0241, -10.4228 -6.0761 4.0512, -10.4157 -6.0891 4.0781, -10.4052 -6.1074 4.1091, -10.3922 -6.1284 4.1392, -10.3741 -6.156 4.1732, -10.3528 -6.186 4.2055, -10.3236 -6.2242 4.2414, -10.2905 -6.2643 4.274, -10.255 -6.3039 4.3021, -10.2163 -6.3441 4.3265, -10.1778 -6.3812 4.3455, -10.1369 -6.4179 4.3608, -10.4105 -6.0329 4.0273, -10.4044 -6.0438 4.0551, -10.3963 -6.0573 4.0822, -10.3847 -6.0763 4.1131, -10.3707 -6.098 4.1427, -10.3515 -6.1262 4.1756, -10.3295 -6.1567 4.2064, -10.2998 -6.1954 4.2401, -10.2666 -6.2357 4.2704, -10.2315 -6.2755 4.2961, -10.1935 -6.3156 4.318, -10.1562 -6.3525 4.3348, -10.1168 -6.389 4.3479, -10.0767 -6.4239 4.3569, -9.6934 -6.7546 4.5489, -9.7927 -6.7092 4.5489, -9.7942 -6.7122 4.5152, -9.7314 -6.5593 4.3515, -9.3599 -6.6827 4.3515, -8.9936 -6.9167 4.5489, -8.9935 -6.918 4.5152, -8.9919 -6.9037 4.4678, -8.989 -6.8783 4.4253, -8.9851 -6.8434 4.3905, -8.9749 -6.7537 4.3515, -8.9802 -6.801 4.3653, -9.7494 -6.6033 4.3653, -9.7657 -6.6428 4.3905, -9.779 -6.6753 4.4253, -9.7888 -6.6989 4.4678, -9.066 -6.9117 4.5489, -9.3975 -6.8287 4.5489, -9.401 -6.8428 4.5152, -9.3717 -6.7288 4.3653, -9.3823 -6.7701 4.3905, -9.3911 -6.8042 4.4253, -9.3974 -6.8289 4.4678, -11.655 -3.94 5.9489, -11.655 3.94 5.9489, -8.655 6.94 5.9489, -8.8904 6.9308 5.9489, -9.0647 6.9031 5.9489, -9.3553 6.8571 5.9489, -9.6912 6.748 5.9489, -9.8031 6.7116 5.9489, -10.2225 6.4979 5.9489, -10.27 6.4634 5.9489, -10.6033 6.2212 5.9489, -10.7698 6.0548 5.9489, -10.9362 5.8883 5.9489, -11.1784 5.555 5.9489, -11.2129 5.5075 5.9489, -11.4266 5.0881 5.9489, -11.463 4.9762 5.9489, -11.5721 4.6403 5.9489, -11.6181 4.3497 5.9489, -11.6458 4.1754 5.9489, 8.655 6.94 5.9489, 11.655 3.94 5.9489, 11.6458 4.1754 5.9489, 11.6181 4.3497 5.9489, 11.5721 4.6403 5.9489, 11.463 4.9762 5.9489, 11.4266 5.0881 5.9489, 11.2129 5.5075 5.9489, 11.1784 5.555 5.9489, 10.9362 5.8883 5.9489, 10.7698 6.0548 5.9489, 10.6033 6.2212 5.9489, 10.27 6.4634 5.9489, 10.2225 6.4979 5.9489, 9.8031 6.7116 5.9489, 9.6912 6.748 5.9489, 9.3553 6.8571 5.9489, 9.0647 6.9031 5.9489, 8.8904 6.9308 5.9489, 11.655 -3.94 5.9489, 10.27 -6.4634 5.9489, 10.6033 -6.2212 5.9489, 10.7698 -6.0548 5.9489, 10.2225 -6.4979 5.9489, 8.655 -6.94 5.9489, 8.8904 -6.9308 5.9489, 9.0647 -6.9031 5.9489, 9.3553 -6.8571 5.9489, 9.6912 -6.748 5.9489, 9.8031 -6.7116 5.9489, 10.9362 -5.8883 5.9489, 11.1784 -5.555 5.9489, 11.2129 -5.5075 5.9489, 11.4266 -5.0881 5.9489, 11.463 -4.9762 5.9489, 11.5721 -4.6403 5.9489, 11.6181 -4.3497 5.9489, 11.6458 -4.1754 5.9489, -8.655 -6.94 5.9489, -10.7698 -6.0548 5.9489, -10.6033 -6.2212 5.9489, -9.0647 -6.9031 5.9489, -8.8904 -6.9308 5.9489, -10.27 -6.4634 5.9489, -10.2225 -6.4979 5.9489, -9.8031 -6.7116 5.9489, -9.6912 -6.748 5.9489, -9.3553 -6.8571 5.9489, -11.6458 -4.1754 5.9489, -11.6181 -4.3497 5.9489, -11.5721 -4.6403 5.9489, -11.463 -4.9762 5.9489, -11.4266 -5.0881 5.9489, -11.2129 -5.5075 5.9489, -11.1784 -5.555 5.9489, -10.9362 -5.8883 5.9489, -11.455 -3.94 6.1489, -11.455 3.94 6.1489, -11.4885 3.94 6.1461, -11.4885 -3.94 6.1461, -11.5357 3.94 6.1319, -11.5357 -3.94 6.1319, -11.5779 3.94 6.1067, -11.5779 -3.94 6.1067, -11.6128 3.94 6.0718, -11.6128 -3.94 6.0718, -11.638 3.94 6.0296, -11.638 -3.94 6.0296, -11.6522 3.94 5.9824, -11.6522 -3.94 5.9824, -8.655 6.74 6.1489, -8.655 6.7735 6.1461, -8.8773 6.7648 6.1461, -11.6429 4.1752 5.9824, -11.5694 4.6397 5.9824, -11.2105 5.506 5.9824, -11.424 5.087 5.9824, -10.9341 5.8865 5.9824, -10.6015 6.2191 5.9824, -10.221 6.4955 5.9824, -9.802 6.709 5.9824, -9.3547 6.8544 5.9824, -8.8902 6.9279 5.9824, -8.655 6.9372 5.9824, -8.8747 6.7314 6.1489, -9.3165 6.6952 6.1461, -9.3086 6.6626 6.1489, -9.7393 6.5578 6.1461, -9.7265 6.5269 6.1489, -10.1355 6.356 6.1461, -10.118 6.3274 6.1489, -10.4952 6.0946 6.1461, -10.4735 6.0691 6.1489, -10.8096 5.7802 6.1461, -10.7841 5.7585 6.1489, -11.071 5.4205 6.1461, -11.0424 5.403 6.1489, -11.2728 5.0243 6.1461, -11.2419 5.0115 6.1489, -11.4102 4.6015 6.1461, -11.3776 4.5936 6.1489, -11.4798 4.1623 6.1461, -11.4464 4.1597 6.1489, -11.5268 4.166 6.1319, -11.5689 4.1693 6.1067, -11.6036 4.1721 6.0718, -11.6288 4.174 6.0296, -11.5556 4.6364 6.0296, -11.4109 5.0815 6.0296, -11.1984 5.4986 6.0296, -10.9233 5.8773 6.0296, -10.5923 6.2083 6.0296, -10.2136 6.4834 6.0296, -9.7965 6.6959 6.0296, -9.3514 6.8406 6.0296, -8.889 6.9138 6.0296, -8.655 6.923 6.0296, -11.531 4.6305 6.0718, -11.3876 5.0719 6.0718, -11.1769 5.4854 6.0718, -10.9041 5.8609 6.0718, -10.5759 6.1891 6.0718, -10.2004 6.4619 6.0718, -9.7869 6.6726 6.0718, -9.3455 6.816 6.0718, -8.8871 6.8886 6.0718, -8.655 6.8978 6.0718, -11.4972 4.6223 6.1067, -11.3554 5.0586 6.1067, -11.1472 5.4672 6.1067, -10.8776 5.8383 6.1067, -10.5533 6.1626 6.1067, -10.1822 6.4322 6.1067, -9.7736 6.6404 6.1067, -9.3373 6.7822 6.1067, -8.8843 6.8539 6.1067, -8.655 6.8629 6.1067, -11.4561 4.6125 6.1319, -11.3164 5.0424 6.1319, -11.1112 5.4451 6.1319, -10.8455 5.8108 6.1319, -10.5258 6.1305 6.1319, -10.1601 6.3962 6.1319, -9.7574 6.6014 6.1319, -9.3275 6.7411 6.1319, -8.881 6.8118 6.1319, -8.655 6.8207 6.1319, 8.655 6.74 6.1489, 8.655 6.7735 6.1461, 8.655 6.8207 6.1319, 8.655 6.8629 6.1067, 8.655 6.8978 6.0718, 8.655 6.923 6.0296, 8.655 6.9372 5.9824, 11.455 3.94 6.1489, 11.4885 3.94 6.1461, 11.4798 4.1623 6.1461, 8.8902 6.9279 5.9824, 9.3547 6.8544 5.9824, 10.221 6.4955 5.9824, 9.802 6.709 5.9824, 10.6015 6.2191 5.9824, 10.9341 5.8865 5.9824, 11.2105 5.506 5.9824, 11.424 5.087 5.9824, 11.5694 4.6397 5.9824, 11.6429 4.1752 5.9824, 11.6522 3.94 5.9824, 11.4464 4.1597 6.1489, 11.4102 4.6015 6.1461, 11.3776 4.5936 6.1489, 11.2728 5.0243 6.1461, 11.2419 5.0115 6.1489, 11.071 5.4205 6.1461, 11.0424 5.403 6.1489, 10.8096 5.7802 6.1461, 10.7841 5.7585 6.1489, 10.4952 6.0946 6.1461, 10.4735 6.0691 6.1489, 10.1355 6.356 6.1461, 10.118 6.3274 6.1489, 9.7393 6.5578 6.1461, 9.7265 6.5269 6.1489, 9.3165 6.6952 6.1461, 9.3086 6.6626 6.1489, 8.8773 6.7648 6.1461, 8.8747 6.7314 6.1489, 8.881 6.8118 6.1319, 8.8843 6.8539 6.1067, 8.8871 6.8886 6.0718, 8.889 6.9138 6.0296, 9.3514 6.8406 6.0296, 9.7965 6.6959 6.0296, 10.2136 6.4834 6.0296, 10.5923 6.2083 6.0296, 10.9233 5.8773 6.0296, 11.1984 5.4986 6.0296, 11.4109 5.0815 6.0296, 11.5556 4.6364 6.0296, 11.6288 4.174 6.0296, 11.638 3.94 6.0296, 9.3455 6.816 6.0718, 9.7869 6.6726 6.0718, 10.2004 6.4619 6.0718, 10.5759 6.1891 6.0718, 10.9041 5.8609 6.0718, 11.1769 5.4854 6.0718, 11.3876 5.0719 6.0718, 11.531 4.6305 6.0718, 11.6036 4.1721 6.0718, 11.6128 3.94 6.0718, 9.3373 6.7822 6.1067, 9.7736 6.6404 6.1067, 10.1822 6.4322 6.1067, 10.5533 6.1626 6.1067, 10.8776 5.8383 6.1067, 11.1472 5.4672 6.1067, 11.3554 5.0586 6.1067, 11.4972 4.6223 6.1067, 11.5689 4.1693 6.1067, 11.5779 3.94 6.1067, 9.3275 6.7411 6.1319, 9.7574 6.6014 6.1319, 10.1601 6.3962 6.1319, 10.5258 6.1305 6.1319, 10.8455 5.8108 6.1319, 11.1112 5.4451 6.1319, 11.3164 5.0424 6.1319, 11.4561 4.6125 6.1319, 11.5268 4.166 6.1319, 11.5357 3.94 6.1319, 11.455 -3.94 6.1489, 11.4885 -3.94 6.1461, 11.5357 -3.94 6.1319, 11.5779 -3.94 6.1067, 11.6128 -3.94 6.0718, 11.638 -3.94 6.0296, 11.6522 -3.94 5.9824, 8.655 -6.74 6.1489, 8.655 -6.7735 6.1461, 8.8773 -6.7648 6.1461, 11.6429 -4.1752 5.9824, 11.5694 -4.6397 5.9824, 11.2105 -5.506 5.9824, 11.424 -5.087 5.9824, 10.9341 -5.8865 5.9824, 10.6015 -6.2191 5.9824, 10.221 -6.4955 5.9824, 9.802 -6.709 5.9824, 9.3547 -6.8544 5.9824, 8.8902 -6.9279 5.9824, 8.655 -6.9372 5.9824, 8.8747 -6.7314 6.1489, 9.3165 -6.6952 6.1461, 9.3086 -6.6626 6.1489, 9.7393 -6.5578 6.1461, 9.7265 -6.5269 6.1489, 10.1355 -6.356 6.1461, 10.118 -6.3274 6.1489, 10.4952 -6.0946 6.1461, 10.4735 -6.0691 6.1489, 10.8096 -5.7802 6.1461, 10.7841 -5.7585 6.1489, 11.071 -5.4205 6.1461, 11.0424 -5.403 6.1489, 11.2728 -5.0243 6.1461, 11.2419 -5.0115 6.1489, 11.4102 -4.6015 6.1461, 11.3776 -4.5936 6.1489, 11.4798 -4.1623 6.1461, 11.4464 -4.1597 6.1489, 11.5268 -4.166 6.1319, 11.5689 -4.1693 6.1067, 11.6036 -4.1721 6.0718, 11.6288 -4.174 6.0296, 11.5556 -4.6364 6.0296, 11.4109 -5.0815 6.0296, 11.1984 -5.4986 6.0296, 10.9233 -5.8773 6.0296, 10.5923 -6.2083 6.0296, 10.2136 -6.4834 6.0296, 9.7965 -6.6959 6.0296, 9.3514 -6.8406 6.0296, 8.889 -6.9138 6.0296, 8.655 -6.923 6.0296, 11.531 -4.6305 6.0718, 11.3876 -5.0719 6.0718, 11.1769 -5.4854 6.0718, 10.9041 -5.8609 6.0718, 10.5759 -6.1891 6.0718, 10.2004 -6.4619 6.0718, 9.7869 -6.6726 6.0718, 9.3455 -6.816 6.0718, 8.8871 -6.8886 6.0718, 8.655 -6.8978 6.0718, 11.4972 -4.6223 6.1067, 11.3554 -5.0586 6.1067, 11.1472 -5.4672 6.1067, 10.8776 -5.8383 6.1067, 10.5533 -6.1626 6.1067, 10.1822 -6.4322 6.1067, 9.7736 -6.6404 6.1067, 9.3373 -6.7822 6.1067, 8.8843 -6.8539 6.1067, 8.655 -6.8629 6.1067, 11.4561 -4.6125 6.1319, 11.3164 -5.0424 6.1319, 11.1112 -5.4451 6.1319, 10.8455 -5.8108 6.1319, 10.5258 -6.1305 6.1319, 10.1601 -6.3962 6.1319, 9.7574 -6.6014 6.1319, 9.3275 -6.7411 6.1319, 8.881 -6.8118 6.1319, 8.655 -6.8207 6.1319, -8.655 -6.74 6.1489, -8.655 -6.7735 6.1461, -8.655 -6.8207 6.1319, -8.655 -6.8629 6.1067, -8.655 -6.8978 6.0718, -8.655 -6.923 6.0296, -8.655 -6.9372 5.9824, -11.4798 -4.1623 6.1461, -8.8902 -6.9279 5.9824, -9.3547 -6.8544 5.9824, -10.221 -6.4955 5.9824, -9.802 -6.709 5.9824, -10.6015 -6.2191 5.9824, -10.9341 -5.8865 5.9824, -11.2105 -5.506 5.9824, -11.424 -5.087 5.9824, -11.5694 -4.6397 5.9824, -11.6429 -4.1752 5.9824, -11.4464 -4.1597 6.1489, -11.4102 -4.6015 6.1461, -11.3776 -4.5936 6.1489, -11.2728 -5.0243 6.1461, -11.2419 -5.0115 6.1489, -11.071 -5.4205 6.1461, -11.0424 -5.403 6.1489, -10.8096 -5.7802 6.1461, -10.7841 -5.7585 6.1489, -10.4952 -6.0946 6.1461, -10.4735 -6.0691 6.1489, -10.1355 -6.356 6.1461, -10.118 -6.3274 6.1489, -9.7393 -6.5578 6.1461, -9.7265 -6.5269 6.1489, -9.3165 -6.6952 6.1461, -9.3086 -6.6626 6.1489, -8.8773 -6.7648 6.1461, -8.8747 -6.7314 6.1489, -8.881 -6.8118 6.1319, -8.8843 -6.8539 6.1067, -8.8871 -6.8886 6.0718, -8.889 -6.9138 6.0296, -9.3514 -6.8406 6.0296, -9.7965 -6.6959 6.0296, -10.2136 -6.4834 6.0296, -10.5923 -6.2083 6.0296, -10.9233 -5.8773 6.0296, -11.1984 -5.4986 6.0296, -11.4109 -5.0815 6.0296, -11.5556 -4.6364 6.0296, -11.6288 -4.174 6.0296, -9.3455 -6.816 6.0718, -9.7869 -6.6726 6.0718, -10.2004 -6.4619 6.0718, -10.5759 -6.1891 6.0718, -10.9041 -5.8609 6.0718, -11.1769 -5.4854 6.0718, -11.3876 -5.0719 6.0718, -11.531 -4.6305 6.0718, -11.6036 -4.1721 6.0718, -9.3373 -6.7822 6.1067, -9.7736 -6.6404 6.1067, -10.1822 -6.4322 6.1067, -10.5533 -6.1626 6.1067, -10.8776 -5.8383 6.1067, -11.1472 -5.4672 6.1067, -11.3554 -5.0586 6.1067, -11.4972 -4.6223 6.1067, -11.5689 -4.1693 6.1067, -9.3275 -6.7411 6.1319, -9.7574 -6.6014 6.1319, -10.1601 -6.3962 6.1319, -10.5258 -6.1305 6.1319, -10.8455 -5.8108 6.1319, -11.1112 -5.4451 6.1319, -11.3164 -5.0424 6.1319, -11.4561 -4.6125 6.1319, -11.5268 -4.166 6.1319, 7.28 -6.64 6.1489, -7.28 -6.64 6.1489, 11.355 -2.565 6.1489, 11.355 2.565 6.1489, 7.28 6.64 6.1489, -7.28 6.64 6.1489, -11.355 2.565 6.1489, -11.355 -2.565 6.1489, 7.025 -1.58 9.2489, 7.025 -1.03 9.2489, 7.025 -1.58 6.6989, 7.025 -1.03 6.6989, 7.025 1.03 9.2489, 7.025 1.58 9.2489, 7.025 1.03 6.6989, 7.025 1.58 6.6989, 5.3021 -3.945 6.6989, 5.3021 -3.945 10.9989, 5.5521 -3.8372 6.6989, 5.4409 -3.8896 10.9989, 5.6775 -3.7635 6.6989, 5.6775 -3.7631 10.9989, 5.7859 -3.6997 6.6989, 5.7407 -3.7293 10.9989, 6.002 -3.5338 6.6989, 6.0122 -3.5247 10.9989, 6.0627 -3.4738 6.6989, 6.0621 -3.4733 10.9989, 6.1952 -3.3432 6.6989, 6.2489 -3.2808 10.9989, 6.3404 -3.1627 6.6989, 6.3404 -3.1627 10.9989, 4.5422 2.6032 4.0989, 4.5319 2.6479 4.0989, 4.5115 2.6777 4.0989, 4.5422 2.5585 4.0989, 4.2972 2.5138 4.0989, 4.5319 2.5138 4.0989, 4.4809 2.4394 4.0989, 4.5115 2.4691 4.0989, 4.4809 2.7074 4.0989, 4.4503 2.7223 4.0989, 4.3788 2.7223 4.0989, 4.2869 2.5585 4.0989, 4.2869 2.6032 4.0989, 4.3788 2.4245 4.0989, 4.4503 2.4245 4.0989, 4.3482 2.4394 4.0989, 4.3176 2.4691 4.0989, 4.3482 2.7074 4.0989, 4.3176 2.6777 4.0989, 4.2972 2.6479 4.0989, -7.2689 6.6132 6.0489, 7.2689 6.6132 6.0489, -11.3282 2.5539 6.0489, -11.3282 -2.5539 6.0489, -7.2689 -6.6132 6.0489, 7.2689 -6.6132 6.0489, 11.3282 -2.5539 6.0489, 11.3282 2.5539 6.0489, 6.8537 1.8 11.8952, 6.8682 1.8 11.8966, 6.8638 1.8415 11.8925, 6.8189 1.983 11.733, 6.7834 1.9596 11.7496, 6.781 1.955 11.7594, 6.7413 1.8756 11.8065, 6.7176 1.8493 11.7802, 6.717 1.8471 11.7805, 6.7108 1.8 11.7834, 6.7166 1.8 11.7933, 6.7133 1.8335 11.7822, 6.7247 1.8142 11.8076, 6.7491 1.8396 11.833, 6.7491 1.9229 11.7656, 6.7429 1.9115 11.7685, 6.7413 1.9076 11.7745, 6.7386 1.9036 11.7705, 6.7262 1.8807 11.7762, 6.7806 1.9578 11.7509, 6.7734 1.9498 11.7542, 6.775 1.9296 11.7964, 6.8617 1.9972 11.7131, 6.8271 1.9857 11.7292, 6.8265 1.9859 11.7327, 6.8228 1.9843 11.7312, 6.8188 1.9701 11.7745, 6.892 2.0 11.6989, 6.8667 1.9976 11.7107, 6.892 1.9972 11.7324, 6.8638 1.9936 11.7404, 6.892 1.9943 11.7418, 6.8605 1.9787 11.7831, 6.892 1.983 11.7796, 6.892 1.9578 11.8218, 6.8588 1.9546 11.8214, 6.892 1.9564 11.8232, 6.8588 1.9225 11.8535, 6.892 1.9229 11.8567, 6.8605 1.8842 11.8776, 6.892 1.8857 11.8789, 6.892 1.8807 11.8819, 6.892 1.8429 11.8932, 6.892 1.8335 11.8961, 6.892 1.8 11.8989, 6.7303 1.8 11.8166, 6.7308 1.8 11.8171, 6.7627 1.8 11.851, 6.7642 1.8017 11.8527, 6.7644 1.8 11.8529, 6.7649 1.8 11.8532, 6.8148 1.9455 11.8124, 6.8148 1.9135 11.8444, 6.8188 1.8756 11.869, 6.8265 1.8338 11.8848, 6.835 1.8 11.889, 6.775 1.8975 11.8285, 6.781 1.8605 11.8539, 6.7927 1.8203 11.8713, 6.8064 1.8 11.8796, 7.025 1.58 11.0689, 7.025 1.03 11.0689, 7.025 1.58 11.4989, 7.025 1.03 11.4989, 6.4629 -1.58 6.6989, 6.892 -1.58 11.8989, 7.2559 -1.58 11.8989, 7.025 -1.58 11.4989, 7.585 -1.58 11.0689, 7.585 -1.58 9.2489, 7.025 -1.58 11.0689, 6.4629 -1.58 11.2519, 6.7108 -1.58 11.7834, 6.7303 -1.58 11.8166, 6.7644 -1.58 11.8529, 6.8064 -1.58 11.8796, 6.8537 -1.58 11.8952, 7.585 -1.03 9.2489, 7.585 -1.03 6.6989, 7.585 1.03 9.2489, 7.585 1.03 6.6989, 7.585 1.58 9.2489, 6.7303 1.58 11.8166, 6.7108 1.58 11.7834, 7.585 1.58 11.0689, 6.4629 1.58 11.2519, 6.4629 1.58 6.6989, 7.2559 1.58 11.8989, 6.892 1.58 11.8989, 6.8537 1.58 11.8952, 6.8064 1.58 11.8796, 6.7644 1.58 11.8529, 7.585 1.03 11.0689, 7.025 -1.03 11.0689, 7.585 -1.03 11.0689, 7.025 -1.03 11.4989, 6.8537 -1.8 11.8952, 6.835 -1.8 11.889, 6.8265 -1.8338 11.8848, 6.7133 -1.8335 11.7822, 6.717 -1.8471 11.7805, 6.7247 -1.8142 11.8076, 6.7108 -1.8 11.7834, 6.7308 -1.8 11.8171, 6.7303 -1.8 11.8166, 6.7166 -1.8 11.7933, 6.7649 -1.8 11.8532, 6.7644 -1.8 11.8529, 6.7642 -1.8017 11.8527, 6.7627 -1.8 11.851, 6.7491 -1.8396 11.833, 6.892 -1.8 11.8989, 6.8682 -1.8 11.8966, 6.892 -1.8335 11.8961, 6.8638 -1.8415 11.8925, 6.892 -1.8429 11.8932, 6.8605 -1.8842 11.8776, 6.8605 -1.9787 11.7831, 6.892 -1.9578 11.8218, 6.8588 -1.9546 11.8214, 6.892 -1.9243 11.8553, 6.8588 -1.9225 11.8535, 6.892 -1.9229 11.8567, 6.892 -1.8807 11.8819, 6.8638 -1.9936 11.7404, 6.892 -1.983 11.7796, 6.892 -1.98 11.7846, 6.892 -2.0 11.6989, 6.892 -1.9972 11.7324, 6.892 -1.9943 11.7418, 6.8271 -1.9857 11.7292, 6.8617 -1.9972 11.7131, 6.8667 -1.9976 11.7107, 6.8228 -1.9843 11.7312, 6.8265 -1.9859 11.7327, 6.8189 -1.983 11.733, 6.8188 -1.9701 11.7745, 6.7834 -1.9596 11.7496, 6.781 -1.955 11.7594, 6.7734 -1.9498 11.7542, 6.7806 -1.9578 11.7509, 6.7491 -1.9229 11.7656, 6.775 -1.9296 11.7964, 6.7429 -1.9115 11.7685, 6.7386 -1.9036 11.7705, 6.7413 -1.9076 11.7745, 6.7262 -1.8807 11.7762, 6.7413 -1.8756 11.8065, 6.7176 -1.8493 11.7802, 6.8064 -1.8 11.8796, 6.7927 -1.8203 11.8713, 6.781 -1.8605 11.8539, 6.775 -1.8975 11.8285, 6.8188 -1.8756 11.869, 6.8148 -1.9135 11.8444, 6.8148 -1.9455 11.8124, -5.7928 -3.7175 6.6989, -5.8916 -3.6472 10.9989, -5.6405 -3.8109 10.9989, -5.5319 -3.8677 10.9989, -5.5319 -3.8677 6.6989, -5.5712 -3.848 6.6989, -5.8891 -3.6439 6.6989, -6.0089 -3.5524 6.6989, -6.1182 -3.4509 10.9989, -6.2027 -3.3621 6.6989, -6.2027 -3.3621 10.9989, 6.1352 -2.8904 10.7935, 6.1741 -2.9421 6.6502, 6.1939 -2.9683 6.6622, 6.1352 -2.8904 6.6095, 6.1394 -2.8959 6.6139, 6.1462 -2.9051 6.6211, 6.2959 -3.1036 6.6989, 6.1675 -2.9332 10.8962, 6.2535 -3.0474 6.6908, 6.2348 -3.0225 6.6871, 6.1998 -2.9761 10.9989, 5.5219 -3.7744 6.6989, 5.2576 -3.886 6.6989, 6.1158 -3.3268 6.6989, 5.8388 -3.5771 6.6989, 5.2151 -3.8296 6.6927, 5.2112 -3.8243 6.6921, 5.097 -3.6727 10.7935, 5.1553 -3.7501 6.6639, 5.1498 -3.7428 6.6611, 5.1082 -3.6876 6.6205, 5.1012 -3.6784 6.6137, 5.097 -3.6727 6.6095, 5.1615 -3.7584 10.9989, 5.1293 -3.7156 10.8962, 6.4629 -1.68 6.6989, 6.4629 -1.68 11.2519, 6.4193 -1.8 11.1583, 6.4629 1.68 11.2519, 6.4193 1.8 11.1583, 6.4629 1.68 6.6989
            ]
        }
        coordIndex [
            0,1,2,-1,2,1,3,-1,2,3,4,-1,4,3,5,-1,6,7,8,-1,9,10,8,-1,8,10,11,-1,8,11,6,-1,12,13,14,-1,15,16,17,-1,17,16,18,-1,18,16,19,-1,19,16,20,-1,19,20,21,-1,21,20,22,-1,21,22,23,-1,23,22,24,-1,23,24,25,-1,25,24,26,-1,25,26,27,-1,27,26,28,-1,27,28,29,-1,29,28,30,-1,29,30,31,-1,31,30,32,-1,31,32,33,-1,33,32,34,-1,33,34,35,-1,35,34,36,-1,35,36,37,-1,37,36,38,-1,37,38,39,-1,39,38,40,-1,39,40,41,-1,41,40,42,-1,41,42,43,-1,43,42,44,-1,43,44,45,-1,45,44,46,-1,45,46,47,-1,47,46,48,-1,47,48,49,-1,49,48,50,-1,49,50,51,-1,51,50,52,-1,51,52,53,-1,53,52,54,-1,53,54,55,-1,55,54,56,-1,55,56,57,-1,57,56,58,-1,57,58,59,-1,59,58,60,-1,59,60,61,-1,61,60,62,-1,61,62,63,-1,63,62,64,-1,63,64,14,-1,14,64,65,-1,14,65,12,-1,12,66,13,-1,13,66,67,-1,15,17,68,-1,67,66,69,-1,69,66,70,-1,69,70,71,-1,71,70,72,-1,71,72,73,-1,73,72,74,-1,73,74,75,-1,75,74,76,-1,75,76,77,-1,77,76,78,-1,77,78,79,-1,79,78,80,-1,79,80,81,-1,81,80,82,-1,81,82,83,-1,83,82,84,-1,83,84,85,-1,85,84,86,-1,85,86,87,-1,87,86,88,-1,87,88,89,-1,89,88,90,-1,89,90,91,-1,91,90,92,-1,91,92,93,-1,93,92,94,-1,93,94,95,-1,95,94,96,-1,95,96,97,-1,97,96,98,-1,97,98,99,-1,99,98,100,-1,99,100,101,-1,101,100,102,-1,101,102,103,-1,103,102,104,-1,103,104,105,-1,105,104,106,-1,105,106,107,-1,107,106,108,-1,107,108,109,-1,109,108,110,-1,109,110,111,-1,111,110,112,-1,111,112,113,-1,113,112,114,-1,113,114,68,-1,68,114,115,-1,68,115,15,-1,116,117,118,-1,119,120,121,-1,121,120,122,-1,122,120,123,-1,123,120,124,-1,123,124,125,-1,125,124,126,-1,125,126,127,-1,127,126,128,-1,127,128,129,-1,129,128,130,-1,129,130,131,-1,131,130,132,-1,131,132,133,-1,133,132,134,-1,133,134,135,-1,135,134,136,-1,135,136,137,-1,137,136,138,-1,137,138,139,-1,139,138,140,-1,139,140,141,-1,141,140,142,-1,141,142,143,-1,143,142,144,-1,143,144,145,-1,145,144,146,-1,145,146,147,-1,147,146,148,-1,147,148,149,-1,149,148,150,-1,149,150,151,-1,151,150,152,-1,151,152,153,-1,153,152,154,-1,153,154,155,-1,155,154,156,-1,155,156,157,-1,157,156,158,-1,157,158,159,-1,159,158,160,-1,159,160,161,-1,161,160,162,-1,161,162,163,-1,163,162,164,-1,163,164,165,-1,165,164,166,-1,165,166,167,-1,167,166,168,-1,167,168,118,-1,118,168,169,-1,118,169,116,-1,116,170,117,-1,117,170,171,-1,119,121,172,-1,171,170,173,-1,173,170,174,-1,173,174,175,-1,175,174,176,-1,175,176,177,-1,177,176,178,-1,177,178,179,-1,179,178,180,-1,179,180,181,-1,181,180,182,-1,181,182,183,-1,183,182,184,-1,183,184,185,-1,185,184,186,-1,185,186,187,-1,187,186,188,-1,187,188,189,-1,189,188,190,-1,189,190,191,-1,191,190,192,-1,191,192,193,-1,193,192,194,-1,193,194,195,-1,195,194,196,-1,195,196,197,-1,197,196,198,-1,197,198,199,-1,199,198,200,-1,199,200,201,-1,201,200,202,-1,201,202,203,-1,203,202,204,-1,203,204,205,-1,205,204,206,-1,205,206,207,-1,207,206,208,-1,207,208,209,-1,209,208,210,-1,209,210,211,-1,211,210,212,-1,211,212,213,-1,213,212,214,-1,213,214,215,-1,215,214,216,-1,215,216,217,-1,217,216,218,-1,217,218,172,-1,172,218,219,-1,172,219,119,-1,220,221,222,-1,223,224,225,-1,225,224,226,-1,226,224,227,-1,227,224,228,-1,227,228,229,-1,229,228,230,-1,229,230,231,-1,231,230,232,-1,231,232,233,-1,233,232,234,-1,233,234,235,-1,235,234,236,-1,235,236,237,-1,237,236,238,-1,237,238,239,-1,239,238,240,-1,239,240,241,-1,241,240,242,-1,241,242,243,-1,243,242,244,-1,243,244,245,-1,245,244,246,-1,245,246,247,-1,247,246,248,-1,247,248,249,-1,249,248,250,-1,249,250,251,-1,251,250,252,-1,251,252,253,-1,253,252,254,-1,253,254,255,-1,255,254,256,-1,255,256,257,-1,257,256,258,-1,257,258,259,-1,259,258,260,-1,259,260,261,-1,261,260,262,-1,261,262,263,-1,263,262,264,-1,263,264,265,-1,265,264,266,-1,265,266,267,-1,267,266,268,-1,267,268,269,-1,269,268,270,-1,269,270,271,-1,271,270,272,-1,271,272,222,-1,222,272,273,-1,222,273,220,-1,220,274,221,-1,221,274,275,-1,223,225,276,-1,275,274,277,-1,277,274,278,-1,277,278,279,-1,279,278,280,-1,279,280,281,-1,281,280,282,-1,281,282,283,-1,283,282,284,-1,283,284,285,-1,285,284,286,-1,285,286,287,-1,287,286,288,-1,287,288,289,-1,289,288,290,-1,289,290,291,-1,291,290,292,-1,291,292,293,-1,293,292,294,-1,293,294,295,-1,295,294,296,-1,295,296,297,-1,297,296,298,-1,297,298,299,-1,299,298,300,-1,299,300,301,-1,301,300,302,-1,301,302,303,-1,303,302,304,-1,303,304,305,-1,305,304,306,-1,305,306,307,-1,307,306,308,-1,307,308,309,-1,309,308,310,-1,309,310,311,-1,311,310,312,-1,311,312,313,-1,313,312,314,-1,313,314,315,-1,315,314,316,-1,315,316,317,-1,317,316,318,-1,317,318,319,-1,319,318,320,-1,319,320,321,-1,321,320,322,-1,321,322,276,-1,276,322,323,-1,276,323,223,-1,324,325,326,-1,327,328,329,-1,329,328,330,-1,330,328,331,-1,331,328,332,-1,331,332,333,-1,333,332,334,-1,333,334,335,-1,335,334,336,-1,335,336,337,-1,337,336,338,-1,337,338,339,-1,339,338,340,-1,339,340,341,-1,341,340,342,-1,341,342,343,-1,343,342,344,-1,343,344,345,-1,345,344,346,-1,345,346,347,-1,347,346,348,-1,347,348,349,-1,349,348,350,-1,349,350,351,-1,351,350,352,-1,351,352,353,-1,353,352,354,-1,353,354,355,-1,355,354,356,-1,355,356,357,-1,357,356,358,-1,357,358,359,-1,359,358,360,-1,359,360,361,-1,361,360,362,-1,361,362,363,-1,363,362,364,-1,363,364,365,-1,365,364,366,-1,365,366,367,-1,367,366,368,-1,367,368,369,-1,369,368,370,-1,369,370,371,-1,371,370,372,-1,371,372,373,-1,373,372,374,-1,373,374,375,-1,375,374,376,-1,375,376,326,-1,326,376,377,-1,326,377,324,-1,324,378,325,-1,325,378,379,-1,327,329,380,-1,379,378,381,-1,381,378,382,-1,381,382,383,-1,383,382,384,-1,383,384,385,-1,385,384,386,-1,385,386,387,-1,387,386,388,-1,387,388,389,-1,389,388,390,-1,389,390,391,-1,391,390,392,-1,391,392,393,-1,393,392,394,-1,393,394,395,-1,395,394,396,-1,395,396,397,-1,397,396,398,-1,397,398,399,-1,399,398,400,-1,399,400,401,-1,401,400,402,-1,401,402,403,-1,403,402,404,-1,403,404,405,-1,405,404,406,-1,405,406,407,-1,407,406,408,-1,407,408,409,-1,409,408,410,-1,409,410,411,-1,411,410,412,-1,411,412,413,-1,413,412,414,-1,413,414,415,-1,415,414,416,-1,415,416,417,-1,417,416,418,-1,417,418,419,-1,419,418,420,-1,419,420,421,-1,421,420,422,-1,421,422,423,-1,423,422,424,-1,423,424,425,-1,425,424,426,-1,425,426,380,-1,380,426,427,-1,380,427,327,-1,428,429,430,-1,431,432,433,-1,433,432,434,-1,434,432,435,-1,435,432,436,-1,435,436,437,-1,437,436,438,-1,437,438,439,-1,439,438,440,-1,439,440,441,-1,441,440,442,-1,441,442,443,-1,443,442,444,-1,443,444,445,-1,445,444,446,-1,445,446,447,-1,447,446,448,-1,447,448,449,-1,449,448,450,-1,449,450,451,-1,451,450,452,-1,451,452,453,-1,453,452,454,-1,453,454,455,-1,455,454,456,-1,455,456,457,-1,457,456,458,-1,457,458,459,-1,459,458,460,-1,459,460,461,-1,461,460,462,-1,461,462,463,-1,463,462,464,-1,463,464,465,-1,465,464,466,-1,465,466,467,-1,467,466,468,-1,467,468,469,-1,469,468,470,-1,469,470,471,-1,471,470,472,-1,471,472,473,-1,473,472,474,-1,473,474,475,-1,475,474,476,-1,475,476,477,-1,477,476,478,-1,477,478,479,-1,479,478,480,-1,479,480,430,-1,430,480,481,-1,430,481,428,-1,428,482,429,-1,429,482,483,-1,431,433,484,-1,483,482,485,-1,485,482,486,-1,485,486,487,-1,487,486,488,-1,487,488,489,-1,489,488,490,-1,489,490,491,-1,491,490,492,-1,491,492,493,-1,493,492,494,-1,493,494,495,-1,495,494,496,-1,495,496,497,-1,497,496,498,-1,497,498,499,-1,499,498,500,-1,499,500,501,-1,501,500,502,-1,501,502,503,-1,503,502,504,-1,503,504,505,-1,505,504,506,-1,505,506,507,-1,507,506,508,-1,507,508,509,-1,509,508,510,-1,509,510,511,-1,511,510,512,-1,511,512,513,-1,513,512,514,-1,513,514,515,-1,515,514,516,-1,515,516,517,-1,517,516,518,-1,517,518,519,-1,519,518,520,-1,519,520,521,-1,521,520,522,-1,521,522,523,-1,523,522,524,-1,523,524,525,-1,525,524,526,-1,525,526,527,-1,527,526,528,-1,527,528,529,-1,529,528,530,-1,529,530,484,-1,484,530,531,-1,484,531,431,-1,532,533,534,-1,535,536,537,-1,537,536,538,-1,538,536,539,-1,539,536,540,-1,539,540,541,-1,541,540,542,-1,541,542,543,-1,543,542,544,-1,543,544,545,-1,545,544,546,-1,545,546,547,-1,547,546,548,-1,547,548,549,-1,549,548,550,-1,549,550,551,-1,551,550,552,-1,551,552,553,-1,553,552,554,-1,553,554,555,-1,555,554,556,-1,555,556,557,-1,557,556,558,-1,557,558,559,-1,559,558,560,-1,559,560,561,-1,561,560,562,-1,561,562,563,-1,563,562,564,-1,563,564,565,-1,565,564,566,-1,565,566,567,-1,567,566,568,-1,567,568,569,-1,569,568,570,-1,569,570,571,-1,571,570,572,-1,571,572,573,-1,573,572,574,-1,573,574,575,-1,575,574,576,-1,575,576,577,-1,577,576,578,-1,577,578,579,-1,579,578,580,-1,579,580,581,-1,581,580,582,-1,581,582,583,-1,583,582,584,-1,583,584,534,-1,534,584,585,-1,534,585,532,-1,532,586,533,-1,533,586,587,-1,535,537,588,-1,587,586,589,-1,589,586,590,-1,589,590,591,-1,591,590,592,-1,591,592,593,-1,593,592,594,-1,593,594,595,-1,595,594,596,-1,595,596,597,-1,597,596,598,-1,597,598,599,-1,599,598,600,-1,599,600,601,-1,601,600,602,-1,601,602,603,-1,603,602,604,-1,603,604,605,-1,605,604,606,-1,605,606,607,-1,607,606,608,-1,607,608,609,-1,609,608,610,-1,609,610,611,-1,611,610,612,-1,611,612,613,-1,613,612,614,-1,613,614,615,-1,615,614,616,-1,615,616,617,-1,617,616,618,-1,617,618,619,-1,619,618,620,-1,619,620,621,-1,621,620,622,-1,621,622,623,-1,623,622,624,-1,623,624,625,-1,625,624,626,-1,625,626,627,-1,627,626,628,-1,627,628,629,-1,629,628,630,-1,629,630,631,-1,631,630,632,-1,631,632,633,-1,633,632,634,-1,633,634,588,-1,588,634,635,-1,588,635,535,-1,636,637,638,-1,639,640,641,-1,641,640,642,-1,642,640,643,-1,643,640,644,-1,643,644,645,-1,645,644,646,-1,645,646,647,-1,647,646,648,-1,647,648,649,-1,649,648,650,-1,649,650,651,-1,651,650,652,-1,651,652,653,-1,653,652,654,-1,653,654,655,-1,655,654,656,-1,655,656,657,-1,657,656,658,-1,657,658,659,-1,659,658,660,-1,659,660,661,-1,661,660,662,-1,661,662,663,-1,663,662,664,-1,663,664,665,-1,665,664,666,-1,665,666,667,-1,667,666,668,-1,667,668,669,-1,669,668,670,-1,669,670,671,-1,671,670,672,-1,671,672,673,-1,673,672,674,-1,673,674,675,-1,675,674,676,-1,675,676,677,-1,677,676,678,-1,677,678,679,-1,679,678,680,-1,679,680,681,-1,681,680,682,-1,681,682,683,-1,683,682,684,-1,683,684,685,-1,685,684,686,-1,685,686,687,-1,687,686,688,-1,687,688,638,-1,638,688,689,-1,638,689,636,-1,636,690,637,-1,637,690,691,-1,639,641,692,-1,691,690,693,-1,693,690,694,-1,693,694,695,-1,695,694,696,-1,695,696,697,-1,697,696,698,-1,697,698,699,-1,699,698,700,-1,699,700,701,-1,701,700,702,-1,701,702,703,-1,703,702,704,-1,703,704,705,-1,705,704,706,-1,705,706,707,-1,707,706,708,-1,707,708,709,-1,709,708,710,-1,709,710,711,-1,711,710,712,-1,711,712,713,-1,713,712,714,-1,713,714,715,-1,715,714,716,-1,715,716,717,-1,717,716,718,-1,717,718,719,-1,719,718,720,-1,719,720,721,-1,721,720,722,-1,721,722,723,-1,723,722,724,-1,723,724,725,-1,725,724,726,-1,725,726,727,-1,727,726,728,-1,727,728,729,-1,729,728,730,-1,729,730,731,-1,731,730,732,-1,731,732,733,-1,733,732,734,-1,733,734,735,-1,735,734,736,-1,735,736,737,-1,737,736,738,-1,737,738,692,-1,692,738,739,-1,692,739,639,-1,740,741,742,-1,743,744,745,-1,745,744,746,-1,746,744,747,-1,747,744,748,-1,747,748,749,-1,749,748,750,-1,749,750,751,-1,751,750,752,-1,751,752,753,-1,753,752,754,-1,753,754,755,-1,755,754,756,-1,755,756,757,-1,757,756,758,-1,757,758,759,-1,759,758,760,-1,759,760,761,-1,761,760,762,-1,761,762,763,-1,763,762,764,-1,763,764,765,-1,765,764,766,-1,765,766,767,-1,767,766,768,-1,767,768,769,-1,769,768,770,-1,769,770,771,-1,771,770,772,-1,771,772,773,-1,773,772,774,-1,773,774,775,-1,775,774,776,-1,775,776,777,-1,777,776,778,-1,777,778,779,-1,779,778,780,-1,779,780,781,-1,781,780,782,-1,781,782,783,-1,783,782,784,-1,783,784,785,-1,785,784,786,-1,785,786,787,-1,787,786,788,-1,787,788,789,-1,789,788,790,-1,789,790,791,-1,791,790,792,-1,791,792,742,-1,742,792,793,-1,742,793,740,-1,740,794,741,-1,741,794,795,-1,743,745,796,-1,795,794,797,-1,797,794,798,-1,797,798,799,-1,799,798,800,-1,799,800,801,-1,801,800,802,-1,801,802,803,-1,803,802,804,-1,803,804,805,-1,805,804,806,-1,805,806,807,-1,807,806,808,-1,807,808,809,-1,809,808,810,-1,809,810,811,-1,811,810,812,-1,811,812,813,-1,813,812,814,-1,813,814,815,-1,815,814,816,-1,815,816,817,-1,817,816,818,-1,817,818,819,-1,819,818,820,-1,819,820,821,-1,821,820,822,-1,821,822,823,-1,823,822,824,-1,823,824,825,-1,825,824,826,-1,825,826,827,-1,827,826,828,-1,827,828,829,-1,829,828,830,-1,829,830,831,-1,831,830,832,-1,831,832,833,-1,833,832,834,-1,833,834,835,-1,835,834,836,-1,835,836,837,-1,837,836,838,-1,837,838,839,-1,839,838,840,-1,839,840,841,-1,841,840,842,-1,841,842,796,-1,796,842,843,-1,796,843,743,-1,844,845,846,-1,847,848,849,-1,849,848,850,-1,850,848,851,-1,851,848,852,-1,851,852,853,-1,853,852,854,-1,853,854,855,-1,855,854,856,-1,855,856,857,-1,857,856,858,-1,857,858,859,-1,859,858,860,-1,859,860,861,-1,861,860,862,-1,861,862,863,-1,863,862,864,-1,863,864,865,-1,865,864,866,-1,865,866,867,-1,867,866,868,-1,867,868,869,-1,869,868,870,-1,869,870,871,-1,871,870,872,-1,871,872,873,-1,873,872,874,-1,873,874,875,-1,875,874,876,-1,875,876,877,-1,877,876,878,-1,877,878,879,-1,879,878,880,-1,879,880,881,-1,881,880,882,-1,881,882,883,-1,883,882,884,-1,883,884,885,-1,885,884,886,-1,885,886,887,-1,887,886,888,-1,887,888,889,-1,889,888,890,-1,889,890,891,-1,891,890,892,-1,891,892,893,-1,893,892,894,-1,893,894,895,-1,895,894,896,-1,895,896,846,-1,846,896,897,-1,846,897,844,-1,844,898,845,-1,845,898,899,-1,847,849,900,-1,899,898,901,-1,901,898,902,-1,901,902,903,-1,903,902,904,-1,903,904,905,-1,905,904,906,-1,905,906,907,-1,907,906,908,-1,907,908,909,-1,909,908,910,-1,909,910,911,-1,911,910,912,-1,911,912,913,-1,913,912,914,-1,913,914,915,-1,915,914,916,-1,915,916,917,-1,917,916,918,-1,917,918,919,-1,919,918,920,-1,919,920,921,-1,921,920,922,-1,921,922,923,-1,923,922,924,-1,923,924,925,-1,925,924,926,-1,925,926,927,-1,927,926,928,-1,927,928,929,-1,929,928,930,-1,929,930,931,-1,931,930,932,-1,931,932,933,-1,933,932,934,-1,933,934,935,-1,935,934,936,-1,935,936,937,-1,937,936,938,-1,937,938,939,-1,939,938,940,-1,939,940,941,-1,941,940,942,-1,941,942,943,-1,943,942,944,-1,943,944,945,-1,945,944,946,-1,945,946,900,-1,900,946,947,-1,900,947,847,-1,948,949,950,-1,951,952,953,-1,953,952,954,-1,954,952,955,-1,955,952,956,-1,955,956,957,-1,957,956,958,-1,957,958,959,-1,959,958,960,-1,959,960,961,-1,961,960,962,-1,961,962,963,-1,963,962,964,-1,963,964,965,-1,965,964,966,-1,965,966,967,-1,967,966,968,-1,967,968,969,-1,969,968,970,-1,969,970,971,-1,971,970,972,-1,971,972,973,-1,973,972,974,-1,973,974,975,-1,975,974,976,-1,975,976,977,-1,977,976,978,-1,977,978,979,-1,979,978,980,-1,979,980,981,-1,981,980,982,-1,981,982,983,-1,983,982,984,-1,983,984,985,-1,985,984,986,-1,985,986,987,-1,987,986,988,-1,987,988,989,-1,989,988,990,-1,989,990,991,-1,991,990,992,-1,991,992,993,-1,993,992,994,-1,993,994,995,-1,995,994,996,-1,995,996,997,-1,997,996,998,-1,997,998,999,-1,999,998,1000,-1,999,1000,950,-1,950,1000,1001,-1,950,1001,948,-1,948,1002,949,-1,949,1002,1003,-1,951,953,1004,-1,1003,1002,1005,-1,1005,1002,1006,-1,1005,1006,1007,-1,1007,1006,1008,-1,1007,1008,1009,-1,1009,1008,1010,-1,1009,1010,1011,-1,1011,1010,1012,-1,1011,1012,1013,-1,1013,1012,1014,-1,1013,1014,1015,-1,1015,1014,1016,-1,1015,1016,1017,-1,1017,1016,1018,-1,1017,1018,1019,-1,1019,1018,1020,-1,1019,1020,1021,-1,1021,1020,1022,-1,1021,1022,1023,-1,1023,1022,1024,-1,1023,1024,1025,-1,1025,1024,1026,-1,1025,1026,1027,-1,1027,1026,1028,-1,1027,1028,1029,-1,1029,1028,1030,-1,1029,1030,1031,-1,1031,1030,1032,-1,1031,1032,1033,-1,1033,1032,1034,-1,1033,1034,1035,-1,1035,1034,1036,-1,1035,1036,1037,-1,1037,1036,1038,-1,1037,1038,1039,-1,1039,1038,1040,-1,1039,1040,1041,-1,1041,1040,1042,-1,1041,1042,1043,-1,1043,1042,1044,-1,1043,1044,1045,-1,1045,1044,1046,-1,1045,1046,1047,-1,1047,1046,1048,-1,1047,1048,1049,-1,1049,1048,1050,-1,1049,1050,1004,-1,1004,1050,1051,-1,1004,1051,951,-1,1052,1053,1054,-1,1055,1056,1057,-1,1057,1056,1058,-1,1058,1056,1059,-1,1059,1056,1060,-1,1059,1060,1061,-1,1061,1060,1062,-1,1061,1062,1063,-1,1063,1062,1064,-1,1063,1064,1065,-1,1065,1064,1066,-1,1065,1066,1067,-1,1067,1066,1068,-1,1067,1068,1069,-1,1069,1068,1070,-1,1069,1070,1071,-1,1071,1070,1072,-1,1071,1072,1073,-1,1073,1072,1074,-1,1073,1074,1075,-1,1075,1074,1076,-1,1075,1076,1077,-1,1077,1076,1078,-1,1077,1078,1079,-1,1079,1078,1080,-1,1079,1080,1081,-1,1081,1080,1082,-1,1081,1082,1083,-1,1083,1082,1084,-1,1083,1084,1085,-1,1085,1084,1086,-1,1085,1086,1087,-1,1087,1086,1088,-1,1087,1088,1089,-1,1089,1088,1090,-1,1089,1090,1091,-1,1091,1090,1092,-1,1091,1092,1093,-1,1093,1092,1094,-1,1093,1094,1095,-1,1095,1094,1096,-1,1095,1096,1097,-1,1097,1096,1098,-1,1097,1098,1099,-1,1099,1098,1100,-1,1099,1100,1101,-1,1101,1100,1102,-1,1101,1102,1103,-1,1103,1102,1104,-1,1103,1104,1054,-1,1054,1104,1105,-1,1054,1105,1052,-1,1052,1106,1053,-1,1053,1106,1107,-1,1055,1057,1108,-1,1107,1106,1109,-1,1109,1106,1110,-1,1109,1110,1111,-1,1111,1110,1112,-1,1111,1112,1113,-1,1113,1112,1114,-1,1113,1114,1115,-1,1115,1114,1116,-1,1115,1116,1117,-1,1117,1116,1118,-1,1117,1118,1119,-1,1119,1118,1120,-1,1119,1120,1121,-1,1121,1120,1122,-1,1121,1122,1123,-1,1123,1122,1124,-1,1123,1124,1125,-1,1125,1124,1126,-1,1125,1126,1127,-1,1127,1126,1128,-1,1127,1128,1129,-1,1129,1128,1130,-1,1129,1130,1131,-1,1131,1130,1132,-1,1131,1132,1133,-1,1133,1132,1134,-1,1133,1134,1135,-1,1135,1134,1136,-1,1135,1136,1137,-1,1137,1136,1138,-1,1137,1138,1139,-1,1139,1138,1140,-1,1139,1140,1141,-1,1141,1140,1142,-1,1141,1142,1143,-1,1143,1142,1144,-1,1143,1144,1145,-1,1145,1144,1146,-1,1145,1146,1147,-1,1147,1146,1148,-1,1147,1148,1149,-1,1149,1148,1150,-1,1149,1150,1151,-1,1151,1150,1152,-1,1151,1152,1153,-1,1153,1152,1154,-1,1153,1154,1108,-1,1108,1154,1155,-1,1108,1155,1055,-1,1156,1157,1158,-1,1159,1160,1161,-1,1161,1160,1162,-1,1162,1160,1163,-1,1163,1160,1164,-1,1163,1164,1165,-1,1165,1164,1166,-1,1165,1166,1167,-1,1167,1166,1168,-1,1167,1168,1169,-1,1169,1168,1170,-1,1169,1170,1171,-1,1171,1170,1172,-1,1171,1172,1173,-1,1173,1172,1174,-1,1173,1174,1175,-1,1175,1174,1176,-1,1175,1176,1177,-1,1177,1176,1178,-1,1177,1178,1179,-1,1179,1178,1180,-1,1179,1180,1181,-1,1181,1180,1182,-1,1181,1182,1183,-1,1183,1182,1184,-1,1183,1184,1185,-1,1185,1184,1186,-1,1185,1186,1187,-1,1187,1186,1188,-1,1187,1188,1189,-1,1189,1188,1190,-1,1189,1190,1191,-1,1191,1190,1192,-1,1191,1192,1193,-1,1193,1192,1194,-1,1193,1194,1195,-1,1195,1194,1196,-1,1195,1196,1197,-1,1197,1196,1198,-1,1197,1198,1199,-1,1199,1198,1200,-1,1199,1200,1201,-1,1201,1200,1202,-1,1201,1202,1203,-1,1203,1202,1204,-1,1203,1204,1205,-1,1205,1204,1206,-1,1205,1206,1207,-1,1207,1206,1208,-1,1207,1208,1158,-1,1158,1208,1209,-1,1158,1209,1156,-1,1156,1210,1157,-1,1157,1210,1211,-1,1159,1161,1212,-1,1211,1210,1213,-1,1213,1210,1214,-1,1213,1214,1215,-1,1215,1214,1216,-1,1215,1216,1217,-1,1217,1216,1218,-1,1217,1218,1219,-1,1219,1218,1220,-1,1219,1220,1221,-1,1221,1220,1222,-1,1221,1222,1223,-1,1223,1222,1224,-1,1223,1224,1225,-1,1225,1224,1226,-1,1225,1226,1227,-1,1227,1226,1228,-1,1227,1228,1229,-1,1229,1228,1230,-1,1229,1230,1231,-1,1231,1230,1232,-1,1231,1232,1233,-1,1233,1232,1234,-1,1233,1234,1235,-1,1235,1234,1236,-1,1235,1236,1237,-1,1237,1236,1238,-1,1237,1238,1239,-1,1239,1238,1240,-1,1239,1240,1241,-1,1241,1240,1242,-1,1241,1242,1243,-1,1243,1242,1244,-1,1243,1244,1245,-1,1245,1244,1246,-1,1245,1246,1247,-1,1247,1246,1248,-1,1247,1248,1249,-1,1249,1248,1250,-1,1249,1250,1251,-1,1251,1250,1252,-1,1251,1252,1253,-1,1253,1252,1254,-1,1253,1254,1255,-1,1255,1254,1256,-1,1255,1256,1257,-1,1257,1256,1258,-1,1257,1258,1212,-1,1212,1258,1259,-1,1212,1259,1159,-1,1260,1261,1262,-1,1263,1264,1262,-1,1262,1264,1265,-1,1262,1265,1266,-1,1267,1268,1269,-1,1270,1271,1272,-1,1272,1271,1273,-1,1274,1275,1276,-1,1266,1277,1262,-1,1262,1277,1278,-1,1262,1278,1279,-1,1279,1280,1262,-1,1262,1280,1281,-1,1262,1281,1260,-1,1263,1262,1272,-1,1272,1262,1282,-1,1272,1282,1270,-1,1283,1284,1272,-1,1272,1284,1285,-1,1272,1285,1286,-1,1287,1288,1289,-1,1289,1288,1276,-1,1286,1290,1272,-1,1272,1290,1288,-1,1272,1288,1291,-1,1291,1288,1287,-1,1292,1293,1269,-1,1269,1293,1294,-1,1294,1295,1269,-1,1269,1295,1296,-1,1269,1296,1297,-1,1292,1298,1293,-1,1293,1298,1299,-1,1293,1299,1300,-1,1261,1301,1262,-1,1262,1301,1293,-1,1262,1293,1302,-1,1302,1293,1300,-1,1273,1303,1272,-1,1272,1303,1304,-1,1272,1304,1305,-1,1305,1306,1272,-1,1272,1306,1307,-1,1272,1307,1283,-1,1288,1308,1276,-1,1276,1308,1309,-1,1276,1309,1274,-1,1274,1309,1310,-1,1297,1311,1269,-1,1269,1311,1312,-1,1269,1312,1267,-1,1267,1312,1313,-1,1,9,3,-1,3,9,8,-1,1314,1315,1316,-1,1317,1318,1319,-1,1319,1318,1320,-1,1319,1320,1321,-1,1321,1320,1322,-1,1316,1315,1323,-1,1324,1325,1318,-1,1318,1325,1326,-1,1318,1326,1327,-1,1327,1328,1318,-1,1318,1328,1329,-1,1318,1329,1330,-1,1331,1332,1333,-1,1334,1335,1320,-1,1320,1335,1336,-1,1320,1336,1337,-1,1337,1338,1320,-1,1320,1338,1339,-1,1320,1339,1322,-1,1317,1340,1318,-1,1318,1340,1341,-1,1318,1341,1342,-1,1342,1343,1318,-1,1318,1343,1344,-1,1318,1344,1324,-1,1330,1345,1318,-1,1318,1345,1346,-1,1318,1346,1347,-1,1347,1348,1318,-1,1318,1348,1349,-1,1318,1349,1350,-1,1351,1352,1353,-1,1334,1320,1315,-1,1315,1320,1354,-1,1315,1354,1355,-1,1355,1356,1315,-1,1315,1356,1357,-1,1315,1357,1323,-1,1333,1358,1316,-1,1316,1358,1359,-1,1316,1359,1314,-1,1350,1360,1318,-1,1318,1360,1361,-1,1318,1361,1362,-1,1353,1363,1351,-1,1351,1363,1318,-1,1351,1318,1364,-1,1364,1318,1362,-1,1316,1365,1333,-1,1333,1365,1366,-1,1333,1366,1331,-1,1331,1366,1367,-1,1368,1369,1370,-1,1370,1369,1371,-1,1370,1371,1372,-1,1372,1373,1370,-1,1370,1373,1374,-1,1370,1374,1375,-1,1375,1374,1376,-1,1375,1376,1377,-1,1378,1379,1380,-1,1380,1379,1375,-1,1380,1375,1381,-1,1381,1375,1377,-1,670,668,1382,-1,1383,1384,1385,-1,1385,1384,1386,-1,1385,1386,1387,-1,1384,1388,1386,-1,1386,1388,1389,-1,1386,1389,1390,-1,1390,1391,1386,-1,1386,1391,1392,-1,1386,1392,1393,-1,1393,1394,1395,-1,30,28,1396,-1,1396,28,26,-1,1396,26,24,-1,60,1387,62,-1,62,1387,64,-1,36,34,1396,-1,1396,34,32,-1,1396,32,30,-1,15,115,1397,-1,1397,115,114,-1,1397,114,112,-1,80,78,1386,-1,1386,78,76,-1,60,58,1387,-1,1387,58,56,-1,1387,56,54,-1,44,1398,46,-1,46,1398,1399,-1,46,1399,48,-1,48,1399,1400,-1,48,1400,50,-1,50,1400,1387,-1,50,1387,52,-1,52,1387,54,-1,44,42,1398,-1,1398,42,40,-1,1398,40,1396,-1,1396,40,38,-1,1396,38,36,-1,24,22,1396,-1,1396,22,20,-1,1396,20,1397,-1,1397,20,16,-1,1397,16,15,-1,112,110,1397,-1,1397,110,108,-1,1397,108,106,-1,106,104,1397,-1,1397,104,102,-1,1397,102,100,-1,100,98,1397,-1,1397,98,96,-1,1397,96,1386,-1,1386,96,94,-1,1386,94,92,-1,76,74,1386,-1,1386,74,72,-1,1386,72,70,-1,70,66,1386,-1,1386,66,12,-1,1386,12,1387,-1,1387,12,65,-1,1387,65,64,-1,92,90,1386,-1,1386,90,88,-1,1386,88,86,-1,86,84,1386,-1,1386,84,82,-1,1386,82,80,-1,686,684,1396,-1,1372,738,736,-1,684,682,1396,-1,1396,682,680,-1,1396,680,678,-1,678,676,1396,-1,1396,676,674,-1,1396,674,1382,-1,1382,674,672,-1,1382,672,670,-1,654,652,1371,-1,1371,652,650,-1,704,702,1397,-1,1397,702,700,-1,1397,700,698,-1,660,658,1371,-1,1371,658,656,-1,1371,656,654,-1,724,722,1372,-1,1372,722,720,-1,1372,720,718,-1,664,1401,666,-1,666,1401,1402,-1,666,1402,668,-1,668,1402,1403,-1,668,1403,1382,-1,650,648,1371,-1,1371,648,646,-1,1371,646,644,-1,736,734,1372,-1,1372,734,732,-1,1372,732,730,-1,730,728,1372,-1,1372,728,726,-1,1372,726,724,-1,698,696,1397,-1,1397,696,694,-1,1397,694,690,-1,690,636,1397,-1,1397,636,689,-1,1397,689,1396,-1,1396,689,688,-1,1396,688,686,-1,660,1371,662,-1,662,1371,1404,-1,662,1404,664,-1,644,640,1371,-1,1371,640,639,-1,1371,639,1372,-1,1372,639,739,-1,1372,739,738,-1,710,708,1397,-1,1397,708,706,-1,1397,706,704,-1,1404,1405,664,-1,664,1405,1406,-1,664,1406,1407,-1,718,716,1372,-1,1372,716,714,-1,1372,714,1397,-1,1397,714,712,-1,1397,712,710,-1,1407,1408,664,-1,664,1408,1409,-1,664,1409,1410,-1,1410,1411,664,-1,664,1411,1412,-1,664,1412,1401,-1,1381,1413,1414,-1,1415,1416,1417,-1,1414,1418,1381,-1,1381,1418,1419,-1,1381,1419,1420,-1,1420,1421,1381,-1,1381,1421,1422,-1,1381,1422,1380,-1,1422,1423,1415,-1,1415,1417,1422,-1,1422,1417,1424,-1,1422,1424,1380,-1,1425,1426,1427,-1,1427,1426,1428,-1,1425,1429,1426,-1,1426,1429,1430,-1,1426,1430,1431,-1,1431,1430,1432,-1,1431,1432,1381,-1,1381,1432,1433,-1,1381,1433,1413,-1,1434,1435,1426,-1,1435,1436,1426,-1,1426,1436,1437,-1,1426,1437,1438,-1,1438,1439,1426,-1,1426,1439,1440,-1,1426,1440,1441,-1,1441,1442,1426,-1,1426,1442,1443,-1,1426,1443,1428,-1,808,806,1444,-1,1373,842,840,-1,793,792,1397,-1,1397,792,790,-1,790,788,1397,-1,1397,788,786,-1,1397,786,784,-1,784,782,1397,-1,1397,782,780,-1,1397,780,778,-1,778,776,1397,-1,1397,776,774,-1,1397,774,1372,-1,1372,774,772,-1,1372,772,770,-1,758,756,1372,-1,1372,756,754,-1,770,768,1372,-1,1372,768,766,-1,1372,766,764,-1,764,762,1372,-1,1372,762,760,-1,1372,760,758,-1,828,826,1373,-1,1373,826,824,-1,1373,824,822,-1,754,752,1372,-1,1372,752,750,-1,1372,750,748,-1,840,838,1373,-1,1373,838,836,-1,1373,836,834,-1,834,832,1373,-1,1373,832,830,-1,1373,830,828,-1,806,804,1444,-1,1444,804,802,-1,1444,802,800,-1,748,744,1372,-1,1372,744,743,-1,1372,743,1373,-1,1373,743,843,-1,1373,843,842,-1,814,812,1444,-1,1444,812,810,-1,1444,810,808,-1,800,798,1444,-1,1444,798,794,-1,1444,794,1397,-1,1397,794,740,-1,1397,740,793,-1,822,820,1373,-1,1373,820,818,-1,1373,818,1444,-1,1444,818,816,-1,1444,816,814,-1,134,132,1397,-1,219,218,1444,-1,1444,218,216,-1,154,152,1386,-1,1386,152,150,-1,1386,150,148,-1,1386,168,166,-1,140,138,1397,-1,1397,138,136,-1,1397,136,134,-1,184,182,1445,-1,1445,182,180,-1,166,164,1386,-1,1386,164,162,-1,1386,162,160,-1,160,158,1386,-1,1386,158,156,-1,1386,156,154,-1,148,146,1386,-1,1386,146,144,-1,1386,144,1397,-1,1397,144,142,-1,1397,142,140,-1,132,130,1397,-1,1397,130,128,-1,1397,128,126,-1,126,124,1397,-1,1397,124,120,-1,1397,120,1444,-1,1444,120,119,-1,1444,119,219,-1,216,214,1444,-1,1444,214,212,-1,1444,212,210,-1,210,208,1444,-1,1444,208,206,-1,1444,206,204,-1,204,202,1444,-1,1444,202,200,-1,1444,200,1445,-1,1445,200,198,-1,1445,198,196,-1,180,178,1445,-1,1445,178,176,-1,1445,176,174,-1,196,194,1445,-1,1445,194,192,-1,1445,192,190,-1,190,188,1445,-1,1445,188,186,-1,1445,186,184,-1,174,170,1445,-1,1445,170,116,-1,1445,116,1386,-1,1386,116,169,-1,1386,169,168,-1,912,910,1446,-1,1374,946,944,-1,897,896,1444,-1,1444,896,894,-1,894,892,1444,-1,1444,892,890,-1,1444,890,888,-1,888,886,1444,-1,1444,886,884,-1,1444,884,882,-1,882,880,1444,-1,1444,880,878,-1,1444,878,1373,-1,1373,878,876,-1,1373,876,874,-1,862,860,1373,-1,1373,860,858,-1,874,872,1373,-1,1373,872,870,-1,1373,870,868,-1,868,866,1373,-1,1373,866,864,-1,1373,864,862,-1,932,930,1374,-1,1374,930,928,-1,1374,928,926,-1,858,856,1373,-1,1373,856,854,-1,1373,854,852,-1,944,942,1374,-1,1374,942,940,-1,1374,940,938,-1,938,936,1374,-1,1374,936,934,-1,1374,934,932,-1,910,908,1446,-1,1446,908,906,-1,1446,906,904,-1,852,848,1373,-1,1373,848,847,-1,1373,847,1374,-1,1374,847,947,-1,1374,947,946,-1,918,916,1446,-1,1446,916,914,-1,1446,914,912,-1,904,902,1446,-1,1446,902,898,-1,1446,898,1444,-1,1444,898,844,-1,1444,844,897,-1,926,924,1374,-1,1374,924,922,-1,1374,922,1446,-1,1446,922,920,-1,1446,920,918,-1,238,236,1444,-1,323,322,1446,-1,1446,322,320,-1,258,256,1445,-1,1445,256,254,-1,1445,254,252,-1,1445,272,270,-1,244,242,1444,-1,1444,242,240,-1,1444,240,238,-1,288,286,1447,-1,1447,286,284,-1,270,268,1445,-1,1445,268,266,-1,1445,266,264,-1,264,262,1445,-1,1445,262,260,-1,1445,260,258,-1,252,250,1445,-1,1445,250,248,-1,1445,248,1444,-1,1444,248,246,-1,1444,246,244,-1,236,234,1444,-1,1444,234,232,-1,1444,232,230,-1,230,228,1444,-1,1444,228,224,-1,1444,224,1446,-1,1446,224,223,-1,1446,223,323,-1,320,318,1446,-1,1446,318,316,-1,1446,316,314,-1,314,312,1446,-1,1446,312,310,-1,1446,310,308,-1,308,306,1446,-1,1446,306,304,-1,1446,304,1447,-1,1447,304,302,-1,1447,302,300,-1,284,282,1447,-1,1447,282,280,-1,1447,280,278,-1,300,298,1447,-1,1447,298,296,-1,1447,296,294,-1,294,292,1447,-1,1447,292,290,-1,1447,290,288,-1,278,274,1447,-1,1447,274,220,-1,1447,220,1445,-1,1445,220,273,-1,1445,273,272,-1,1016,1014,1448,-1,1376,1050,1048,-1,1001,1000,1446,-1,1446,1000,998,-1,998,996,1446,-1,1446,996,994,-1,1446,994,992,-1,992,990,1446,-1,1446,990,988,-1,1446,988,986,-1,986,984,1446,-1,1446,984,982,-1,1446,982,1374,-1,1374,982,980,-1,1374,980,978,-1,966,964,1374,-1,1374,964,962,-1,978,976,1374,-1,1374,976,974,-1,1374,974,972,-1,972,970,1374,-1,1374,970,968,-1,1374,968,966,-1,1036,1034,1376,-1,1376,1034,1032,-1,1376,1032,1030,-1,962,960,1374,-1,1374,960,958,-1,1374,958,956,-1,1048,1046,1376,-1,1376,1046,1044,-1,1376,1044,1042,-1,1042,1040,1376,-1,1376,1040,1038,-1,1376,1038,1036,-1,1014,1012,1448,-1,1448,1012,1010,-1,1448,1010,1008,-1,956,952,1374,-1,1374,952,951,-1,1374,951,1376,-1,1376,951,1051,-1,1376,1051,1050,-1,1022,1020,1448,-1,1448,1020,1018,-1,1448,1018,1016,-1,1008,1006,1448,-1,1448,1006,1002,-1,1448,1002,1446,-1,1446,1002,948,-1,1446,948,1001,-1,1030,1028,1376,-1,1376,1028,1026,-1,1376,1026,1448,-1,1448,1026,1024,-1,1448,1024,1022,-1,342,340,1446,-1,427,426,1448,-1,1448,426,424,-1,362,360,1447,-1,1447,360,358,-1,1447,358,356,-1,1447,376,374,-1,348,346,1446,-1,1446,346,344,-1,1446,344,342,-1,392,390,1449,-1,1449,390,388,-1,374,372,1447,-1,1447,372,370,-1,1447,370,368,-1,368,366,1447,-1,1447,366,364,-1,1447,364,362,-1,356,354,1447,-1,1447,354,352,-1,1447,352,1446,-1,1446,352,350,-1,1446,350,348,-1,340,338,1446,-1,1446,338,336,-1,1446,336,334,-1,334,332,1446,-1,1446,332,328,-1,1446,328,1448,-1,1448,328,327,-1,1448,327,427,-1,424,422,1448,-1,1448,422,420,-1,1448,420,418,-1,418,416,1448,-1,1448,416,414,-1,1448,414,412,-1,412,410,1448,-1,1448,410,408,-1,1448,408,1449,-1,1449,408,406,-1,1449,406,404,-1,388,386,1449,-1,1449,386,384,-1,1449,384,382,-1,404,402,1449,-1,1449,402,400,-1,1449,400,398,-1,398,396,1449,-1,1449,396,394,-1,1449,394,392,-1,382,378,1449,-1,1449,378,324,-1,1449,324,1447,-1,1447,324,377,-1,1447,377,376,-1,1120,1118,1450,-1,1377,1154,1152,-1,1105,1104,1448,-1,1448,1104,1102,-1,1102,1100,1448,-1,1448,1100,1098,-1,1448,1098,1096,-1,1096,1094,1448,-1,1448,1094,1092,-1,1448,1092,1090,-1,1090,1088,1448,-1,1448,1088,1086,-1,1448,1086,1376,-1,1376,1086,1084,-1,1376,1084,1082,-1,1070,1068,1376,-1,1376,1068,1066,-1,1082,1080,1376,-1,1376,1080,1078,-1,1376,1078,1076,-1,1076,1074,1376,-1,1376,1074,1072,-1,1376,1072,1070,-1,1140,1138,1377,-1,1377,1138,1136,-1,1377,1136,1134,-1,1066,1064,1376,-1,1376,1064,1062,-1,1376,1062,1060,-1,1152,1150,1377,-1,1377,1150,1148,-1,1377,1148,1146,-1,1146,1144,1377,-1,1377,1144,1142,-1,1377,1142,1140,-1,1118,1116,1450,-1,1450,1116,1114,-1,1450,1114,1112,-1,1060,1056,1376,-1,1376,1056,1055,-1,1376,1055,1377,-1,1377,1055,1155,-1,1377,1155,1154,-1,1126,1124,1450,-1,1450,1124,1122,-1,1450,1122,1120,-1,1112,1110,1450,-1,1450,1110,1106,-1,1450,1106,1448,-1,1448,1106,1052,-1,1448,1052,1105,-1,1134,1132,1377,-1,1377,1132,1130,-1,1377,1130,1450,-1,1450,1130,1128,-1,1450,1128,1126,-1,446,444,1448,-1,531,530,1450,-1,1450,530,528,-1,466,464,1449,-1,1449,464,462,-1,1449,462,460,-1,1449,480,478,-1,452,450,1448,-1,1448,450,448,-1,1448,448,446,-1,496,494,1451,-1,1451,494,492,-1,478,476,1449,-1,1449,476,474,-1,1449,474,472,-1,472,470,1449,-1,1449,470,468,-1,1449,468,466,-1,460,458,1449,-1,1449,458,456,-1,1449,456,1448,-1,1448,456,454,-1,1448,454,452,-1,444,442,1448,-1,1448,442,440,-1,1448,440,438,-1,438,436,1448,-1,1448,436,432,-1,1448,432,1450,-1,1450,432,431,-1,1450,431,531,-1,528,526,1450,-1,1450,526,524,-1,1450,524,522,-1,522,520,1450,-1,1450,520,518,-1,1450,518,516,-1,516,514,1450,-1,1450,514,512,-1,1450,512,1451,-1,1451,512,510,-1,1451,510,508,-1,492,490,1451,-1,1451,490,488,-1,1451,488,486,-1,508,506,1451,-1,1451,506,504,-1,1451,504,502,-1,502,500,1451,-1,1451,500,498,-1,1451,498,496,-1,486,482,1451,-1,1451,482,428,-1,1451,428,1449,-1,1449,428,481,-1,1449,481,480,-1,1224,1222,1431,-1,1381,1258,1256,-1,1209,1208,1450,-1,1450,1208,1206,-1,1206,1204,1450,-1,1450,1204,1202,-1,1450,1202,1200,-1,1200,1198,1450,-1,1450,1198,1196,-1,1450,1196,1194,-1,1194,1192,1450,-1,1450,1192,1190,-1,1450,1190,1377,-1,1377,1190,1188,-1,1377,1188,1186,-1,1174,1172,1377,-1,1377,1172,1170,-1,1186,1184,1377,-1,1377,1184,1182,-1,1377,1182,1180,-1,1180,1178,1377,-1,1377,1178,1176,-1,1377,1176,1174,-1,1244,1242,1381,-1,1381,1242,1240,-1,1381,1240,1238,-1,1170,1168,1377,-1,1377,1168,1166,-1,1377,1166,1164,-1,1164,1160,1377,-1,1377,1160,1159,-1,1377,1159,1381,-1,1381,1159,1259,-1,1381,1259,1258,-1,1256,1254,1381,-1,1381,1254,1252,-1,1381,1252,1250,-1,1250,1248,1381,-1,1381,1248,1246,-1,1381,1246,1244,-1,1222,1220,1431,-1,1431,1220,1218,-1,1431,1218,1216,-1,1230,1228,1431,-1,1431,1228,1226,-1,1431,1226,1224,-1,1216,1214,1431,-1,1431,1214,1210,-1,1431,1210,1450,-1,1450,1210,1156,-1,1450,1156,1209,-1,1238,1236,1381,-1,1381,1236,1234,-1,1381,1234,1431,-1,1431,1234,1232,-1,1431,1232,1230,-1,1431,634,632,-1,570,568,1451,-1,1451,568,566,-1,1451,566,564,-1,550,548,1450,-1,1450,548,546,-1,1451,584,582,-1,556,554,1450,-1,1450,554,552,-1,1450,552,550,-1,600,598,1426,-1,1426,598,596,-1,582,580,1451,-1,1451,580,578,-1,1451,578,576,-1,576,574,1451,-1,1451,574,572,-1,1451,572,570,-1,564,562,1451,-1,1451,562,560,-1,1451,560,1450,-1,1450,560,558,-1,1450,558,556,-1,546,544,1450,-1,1450,544,542,-1,1450,542,540,-1,540,536,1450,-1,1450,536,535,-1,1450,535,1431,-1,1431,535,635,-1,1431,635,634,-1,632,630,1431,-1,1431,630,628,-1,1431,628,626,-1,626,624,1431,-1,1431,624,622,-1,1431,622,620,-1,620,618,1431,-1,1431,618,616,-1,1431,616,1426,-1,1426,616,614,-1,1426,614,612,-1,596,594,1426,-1,1426,594,592,-1,1426,592,590,-1,612,610,1426,-1,1426,610,608,-1,1426,608,606,-1,606,604,1426,-1,1426,604,602,-1,1426,602,600,-1,590,586,1426,-1,1426,586,532,-1,1426,532,1451,-1,1451,532,585,-1,1451,585,584,-1,1393,1395,1386,-1,1386,1395,1452,-1,1386,1452,1445,-1,1445,1452,1453,-1,1445,1453,1447,-1,1447,1453,1454,-1,1447,1454,1449,-1,1449,1454,1455,-1,1449,1455,1451,-1,1451,1455,1456,-1,1451,1456,1426,-1,1426,1456,1457,-1,1426,1457,1434,-1,1458,1459,1301,-1,1283,1460,1284,-1,1284,1460,1461,-1,1284,1461,1285,-1,1285,1461,1462,-1,1285,1462,1286,-1,1286,1462,1463,-1,1286,1463,1290,-1,1290,1463,1464,-1,1290,1464,1288,-1,1288,1464,1465,-1,1288,1465,1308,-1,1308,1465,1466,-1,1308,1466,1309,-1,1309,1466,1467,-1,1309,1467,1310,-1,1301,1261,1458,-1,1458,1261,1260,-1,1458,1260,1468,-1,1468,1260,1281,-1,1468,1281,1469,-1,1469,1281,1280,-1,1469,1280,1470,-1,1470,1280,1279,-1,1470,1279,1471,-1,1471,1279,1278,-1,1471,1278,1472,-1,1472,1278,1277,-1,1472,1277,1473,-1,1473,1277,1266,-1,1473,1266,1474,-1,1474,1266,1265,-1,1474,1265,1475,-1,1475,1265,1264,-1,1475,1264,1476,-1,1476,1264,1263,-1,1476,1263,1477,-1,1477,1263,1272,-1,1477,1272,1478,-1,1478,1272,1291,-1,1478,1291,1479,-1,1479,1291,1287,-1,1479,1287,1480,-1,1480,1287,1289,-1,1480,1289,1481,-1,1481,1289,1276,-1,1481,1276,1482,-1,1482,1276,1275,-1,1482,1275,1483,-1,1483,1275,1274,-1,1483,1274,1484,-1,1484,1274,1310,-1,1484,1310,1485,-1,1485,1310,1467,-1,1486,1460,1283,-1,1301,1459,1293,-1,1293,1459,1487,-1,1293,1487,1294,-1,1294,1487,1488,-1,1294,1488,1295,-1,1295,1488,1489,-1,1295,1489,1296,-1,1296,1489,1490,-1,1296,1490,1297,-1,1297,1490,1491,-1,1297,1491,1311,-1,1311,1491,1492,-1,1311,1492,1312,-1,1312,1492,1493,-1,1312,1493,1313,-1,1283,1307,1486,-1,1486,1307,1306,-1,1486,1306,1494,-1,1494,1306,1305,-1,1494,1305,1495,-1,1495,1305,1304,-1,1495,1304,1496,-1,1496,1304,1303,-1,1496,1303,1497,-1,1497,1303,1273,-1,1497,1273,1498,-1,1498,1273,1271,-1,1498,1271,1499,-1,1499,1271,1270,-1,1499,1270,1500,-1,1500,1270,1282,-1,1500,1282,1501,-1,1501,1282,1262,-1,1501,1262,1502,-1,1502,1262,1302,-1,1502,1302,1503,-1,1503,1302,1300,-1,1503,1300,1504,-1,1504,1300,1299,-1,1504,1299,1505,-1,1505,1299,1298,-1,1505,1298,1506,-1,1506,1298,1292,-1,1506,1292,1507,-1,1507,1292,1269,-1,1507,1269,1508,-1,1508,1269,1268,-1,1508,1268,1509,-1,1509,1268,1267,-1,1509,1267,1510,-1,1510,1267,1313,-1,1510,1313,1511,-1,1511,1313,1493,-1,1512,1513,1514,-1,1515,1516,1517,-1,1517,1516,1518,-1,1517,1518,1519,-1,1519,1518,1520,-1,1519,1520,1521,-1,1521,1520,1522,-1,1521,1522,1523,-1,1523,1522,1524,-1,1523,1524,1525,-1,1525,1524,1526,-1,1525,1526,1527,-1,1527,1526,1528,-1,1527,1528,1529,-1,1529,1528,1530,-1,1529,1530,1531,-1,1531,1530,1532,-1,1531,1532,1514,-1,1514,1532,1533,-1,1514,1533,1512,-1,1534,9,1,-1,1,1535,1534,-1,1534,1535,1536,-1,1534,1536,1513,-1,1513,1536,1537,-1,1513,1537,1514,-1,1,0,1535,-1,1535,0,1538,-1,1535,1538,1536,-1,1536,1538,1537,-1,1539,1527,1540,-1,1540,1527,1541,-1,1540,1541,1542,-1,1542,1541,1531,-1,1542,1531,1543,-1,1543,1531,1544,-1,1543,1544,1545,-1,1545,1544,1537,-1,1545,1537,1546,-1,1546,1537,1538,-1,1547,1523,1539,-1,1539,1523,1548,-1,1539,1548,1527,-1,1547,1549,1523,-1,1523,1549,1550,-1,1523,1550,1551,-1,1551,1550,1519,-1,1550,1552,1519,-1,1519,1552,1553,-1,1519,1553,1517,-1,1517,1553,1554,-1,1517,1554,1515,-1,1555,1556,1557,-1,1558,1559,1560,-1,1561,1562,1563,-1,1564,1565,1566,-1,1567,1568,1569,-1,1568,1570,1569,-1,1569,1570,1571,-1,1569,1571,1572,-1,1573,1574,1575,-1,1575,1574,1567,-1,1576,1577,1578,-1,1578,1577,1573,-1,1565,1579,1580,-1,1580,1579,1581,-1,1580,1581,1576,-1,1582,1583,1584,-1,1584,1583,1585,-1,1584,1585,1586,-1,1572,1587,1569,-1,1569,1587,1588,-1,1569,1588,1589,-1,1590,1591,1584,-1,1584,1591,1592,-1,1584,1592,1582,-1,1588,1593,1589,-1,1589,1593,1594,-1,1589,1594,1595,-1,1595,1594,1596,-1,1595,1596,1597,-1,1584,1598,1590,-1,1590,1598,1599,-1,1590,1599,1600,-1,1600,1599,1601,-1,1596,1602,1597,-1,1597,1602,1603,-1,1597,1603,1604,-1,1605,1606,1601,-1,1601,1606,1607,-1,1601,1607,1600,-1,1603,1608,1604,-1,1604,1608,1609,-1,1604,1609,1563,-1,1565,1580,1566,-1,1566,1580,1610,-1,1566,1610,1611,-1,1611,1610,1612,-1,1611,1612,1613,-1,1613,1612,1614,-1,1613,1614,1615,-1,1615,1614,1616,-1,1615,1616,1617,-1,1617,1616,1618,-1,1617,1618,1619,-1,1620,1621,1622,-1,1622,1621,1623,-1,1622,1623,1605,-1,1605,1623,1624,-1,1605,1624,1606,-1,1625,1561,1626,-1,1626,1561,1563,-1,1626,1563,1627,-1,1627,1563,1609,-1,1567,1569,1575,-1,1575,1569,1589,-1,1575,1589,1628,-1,1628,1589,1595,-1,1628,1595,1629,-1,1629,1595,1597,-1,1629,1597,1630,-1,1630,1597,1604,-1,1630,1604,1631,-1,1631,1604,1563,-1,1631,1563,1560,-1,1560,1563,1562,-1,1560,1562,1558,-1,1573,1575,1578,-1,1578,1575,1628,-1,1578,1628,1632,-1,1632,1628,1629,-1,1632,1629,1633,-1,1633,1629,1630,-1,1633,1630,1634,-1,1634,1630,1631,-1,1634,1631,1635,-1,1635,1631,1560,-1,1635,1560,1557,-1,1557,1560,1559,-1,1557,1559,1555,-1,1576,1578,1580,-1,1580,1578,1632,-1,1580,1632,1610,-1,1610,1632,1633,-1,1610,1633,1612,-1,1612,1633,1634,-1,1612,1634,1614,-1,1614,1634,1635,-1,1614,1635,1616,-1,1616,1635,1557,-1,1616,1557,1618,-1,1618,1557,1556,-1,1618,1556,1636,-1,1636,1637,1618,-1,1618,1637,1638,-1,1618,1638,1619,-1,1619,1638,1639,-1,1619,1639,1640,-1,1640,1622,1619,-1,1619,1622,1605,-1,1619,1605,1617,-1,1617,1605,1601,-1,1617,1601,1615,-1,1615,1601,1599,-1,1615,1599,1613,-1,1613,1599,1598,-1,1613,1598,1611,-1,1611,1598,1584,-1,1611,1584,1566,-1,1566,1584,1586,-1,1566,1586,1564,-1,1641,1620,1642,-1,1642,1620,1622,-1,1642,1622,1643,-1,1643,1622,1640,-1,1644,1522,1645,-1,1645,1522,1520,-1,1645,1520,1646,-1,1646,1520,1647,-1,1646,1647,1648,-1,1648,1647,1516,-1,1649,1650,1644,-1,1644,1650,1524,-1,1644,1524,1522,-1,1513,1651,1652,-1,1513,1652,1653,-1,1649,1654,1650,-1,1650,1654,1655,-1,1650,1655,1528,-1,1528,1655,1656,-1,1528,1656,1530,-1,1530,1656,1657,-1,1530,1657,1532,-1,1532,1657,1658,-1,1532,1658,1533,-1,1533,1658,1651,-1,1533,1651,1512,-1,1512,1651,1513,-1,1652,1659,1653,-1,1653,1659,10,-1,1653,10,9,-1,1660,1661,1323,-1,1324,1662,1325,-1,1325,1662,1663,-1,1325,1663,1326,-1,1326,1663,1664,-1,1326,1664,1327,-1,1327,1664,1665,-1,1327,1665,1328,-1,1328,1665,1666,-1,1328,1666,1329,-1,1329,1666,1667,-1,1329,1667,1330,-1,1330,1667,1668,-1,1330,1668,1345,-1,1345,1668,1669,-1,1345,1669,1346,-1,1323,1357,1660,-1,1660,1357,1356,-1,1660,1356,1670,-1,1670,1356,1355,-1,1670,1355,1671,-1,1671,1355,1354,-1,1671,1354,1672,-1,1672,1354,1320,-1,1672,1320,1673,-1,1673,1320,1318,-1,1673,1318,1674,-1,1674,1318,1363,-1,1674,1363,1675,-1,1675,1363,1353,-1,1675,1353,1676,-1,1676,1353,1352,-1,1676,1352,1677,-1,1677,1352,1351,-1,1677,1351,1678,-1,1678,1351,1364,-1,1678,1364,1679,-1,1679,1364,1362,-1,1679,1362,1680,-1,1680,1362,1361,-1,1680,1361,1681,-1,1681,1361,1360,-1,1681,1360,1682,-1,1682,1360,1350,-1,1682,1350,1683,-1,1683,1350,1349,-1,1683,1349,1684,-1,1684,1349,1348,-1,1684,1348,1685,-1,1685,1348,1347,-1,1685,1347,1686,-1,1686,1347,1346,-1,1686,1346,1687,-1,1687,1346,1669,-1,1688,1662,1324,-1,1323,1661,1316,-1,1316,1661,1689,-1,1316,1689,1365,-1,1365,1689,1690,-1,1365,1690,1366,-1,1366,1690,1691,-1,1366,1691,1367,-1,1367,1691,1692,-1,1367,1692,1331,-1,1331,1692,1693,-1,1331,1693,1332,-1,1332,1693,1694,-1,1332,1694,1333,-1,1333,1694,1695,-1,1333,1695,1358,-1,1324,1344,1688,-1,1688,1344,1343,-1,1688,1343,1696,-1,1696,1343,1342,-1,1696,1342,1697,-1,1697,1342,1341,-1,1697,1341,1698,-1,1698,1341,1340,-1,1698,1340,1699,-1,1699,1340,1317,-1,1699,1317,1700,-1,1700,1317,1319,-1,1700,1319,1701,-1,1701,1319,1321,-1,1701,1321,1702,-1,1702,1321,1322,-1,1702,1322,1703,-1,1703,1322,1339,-1,1703,1339,1704,-1,1704,1339,1338,-1,1704,1338,1705,-1,1705,1338,1337,-1,1705,1337,1706,-1,1706,1337,1336,-1,1706,1336,1707,-1,1707,1336,1335,-1,1707,1335,1708,-1,1708,1335,1334,-1,1708,1334,1709,-1,1709,1334,1315,-1,1709,1315,1710,-1,1710,1315,1314,-1,1710,1314,1711,-1,1711,1314,1359,-1,1711,1359,1712,-1,1712,1359,1358,-1,1712,1358,1713,-1,1713,1358,1695,-1,1585,1583,1714,-1,1715,1571,1716,-1,1716,1571,1570,-1,1716,1570,1717,-1,1717,1570,1568,-1,1717,1568,1718,-1,1718,1568,1567,-1,1718,1567,1719,-1,1719,1567,1574,-1,1719,1574,1720,-1,1720,1574,1573,-1,1720,1573,1721,-1,1721,1573,1577,-1,1721,1577,1722,-1,1722,1577,1576,-1,1722,1576,1723,-1,1723,1576,1581,-1,1723,1581,1724,-1,1724,1581,1579,-1,1724,1579,1725,-1,1725,1579,1565,-1,1725,1565,1726,-1,1726,1565,1564,-1,1726,1564,1727,-1,1727,1564,1586,-1,1727,1586,1728,-1,1728,1586,1585,-1,1728,1585,1729,-1,1729,1585,1714,-1,1729,1714,1730,-1,1571,1731,1572,-1,1572,1731,1732,-1,1572,1732,1587,-1,1733,1625,1734,-1,1734,1625,1626,-1,1734,1626,1735,-1,1735,1626,1627,-1,1735,1627,1736,-1,1736,1627,1609,-1,1736,1609,1737,-1,1737,1609,1608,-1,1737,1608,1738,-1,1738,1608,1603,-1,1738,1603,1739,-1,1739,1603,1740,-1,1593,1588,1741,-1,1603,1602,1740,-1,1740,1602,1596,-1,1740,1596,1742,-1,1742,1596,1741,-1,1741,1596,1594,-1,1741,1594,1593,-1,1587,1732,1588,-1,1588,1732,1743,-1,1588,1743,1741,-1,1744,1745,1746,-1,1747,1748,1749,-1,1750,1751,1749,-1,1752,1753,1746,-1,1751,1754,1749,-1,1749,1754,1755,-1,1749,1755,1756,-1,1756,1757,1749,-1,1749,1757,1758,-1,1749,1758,1747,-1,1748,1759,1749,-1,1749,1759,1760,-1,1749,1760,1761,-1,1762,1763,1746,-1,1761,1764,1749,-1,1749,1764,1765,-1,1749,1765,1766,-1,1750,1749,1746,-1,1746,1749,1767,-1,1746,1767,1762,-1,1763,1768,1746,-1,1746,1768,1769,-1,1746,1769,1752,-1,1770,1771,1746,-1,1766,1772,1749,-1,1749,1772,1773,-1,1749,1773,1774,-1,1774,1773,1775,-1,1774,1775,1776,-1,1753,1777,1746,-1,1746,1777,1778,-1,1746,1778,1779,-1,1771,1780,1746,-1,1746,1780,1781,-1,1746,1781,1744,-1,1744,1781,1782,-1,1779,1783,1746,-1,1746,1783,1784,-1,1746,1784,1785,-1,1785,1786,1746,-1,1746,1786,1787,-1,1746,1787,1770,-1,1776,1788,1774,-1,1774,1788,1789,-1,1774,1789,1790,-1,1790,1791,1774,-1,1774,1791,1792,-1,1774,1792,1793,-1,1793,1794,1774,-1,1774,1794,1795,-1,1774,1795,1796,-1,1796,1795,1797,-1,1798,1799,1800,-1,1801,1802,1803,-1,1803,1802,1804,-1,1798,1800,1805,-1,1806,1807,1808,-1,1805,1800,1802,-1,1802,1800,1809,-1,1802,1809,1804,-1,1799,1810,1800,-1,1800,1810,1811,-1,1800,1811,1812,-1,1812,1813,1800,-1,1800,1813,1814,-1,1800,1814,1815,-1,1815,1816,1800,-1,1800,1816,1817,-1,1800,1817,1818,-1,1819,1820,1808,-1,1801,1803,1821,-1,1821,1803,1822,-1,1821,1822,1823,-1,1824,1825,1826,-1,1819,1808,1817,-1,1817,1808,1827,-1,1817,1827,1828,-1,1825,1829,1826,-1,1826,1829,1830,-1,1826,1830,1831,-1,1820,1832,1808,-1,1808,1832,1833,-1,1808,1833,1834,-1,1834,1835,1808,-1,1808,1835,1836,-1,1808,1836,1837,-1,1828,1838,1817,-1,1817,1838,1839,-1,1817,1839,1818,-1,1826,1840,1841,-1,1831,1842,1826,-1,1826,1842,1843,-1,1826,1843,1844,-1,1823,1845,1821,-1,1821,1845,1826,-1,1821,1826,1846,-1,1846,1826,1844,-1,1837,1847,1808,-1,1808,1847,1848,-1,1808,1848,1806,-1,1806,1848,1849,-1,1824,1826,1850,-1,1850,1826,1841,-1,1850,1841,1851,-1,1395,1394,1852,-1,1852,1394,1853,-1,1398,1854,1399,-1,1399,1854,1855,-1,1399,1855,1400,-1,1400,1855,1856,-1,1400,1856,1387,-1,1857,1383,1856,-1,1856,1383,1385,-1,1856,1385,1387,-1,1858,1388,1857,-1,1857,1388,1384,-1,1857,1384,1383,-1,1859,1390,1858,-1,1858,1390,1389,-1,1858,1389,1388,-1,1394,1393,1853,-1,1853,1393,1392,-1,1853,1392,1859,-1,1859,1392,1391,-1,1859,1391,1390,-1,1854,1398,1860,-1,1860,1398,1396,-1,1860,1396,1382,-1,1382,1403,1860,-1,1860,1403,1861,-1,1371,1369,1404,-1,1404,1369,1862,-1,1404,1862,1405,-1,1405,1862,1863,-1,1864,1407,1863,-1,1863,1407,1406,-1,1863,1406,1405,-1,1865,1409,1864,-1,1864,1409,1408,-1,1864,1408,1407,-1,1866,1411,1865,-1,1865,1411,1410,-1,1865,1410,1409,-1,1403,1402,1861,-1,1861,1402,1401,-1,1861,1401,1866,-1,1866,1401,1412,-1,1866,1412,1411,-1,1370,1375,1867,-1,1370,1867,1868,-1,1868,1867,1869,-1,1868,1869,1870,-1,1870,1869,1871,-1,1870,1871,1872,-1,1872,1871,1873,-1,1872,1873,1874,-1,1380,1424,1378,-1,1378,1424,1875,-1,1433,1876,1413,-1,1413,1876,1877,-1,1413,1877,1414,-1,1414,1877,1878,-1,1879,1419,1878,-1,1878,1419,1418,-1,1878,1418,1414,-1,1880,1421,1879,-1,1879,1421,1420,-1,1879,1420,1419,-1,1881,1423,1880,-1,1880,1423,1422,-1,1880,1422,1421,-1,1424,1417,1875,-1,1875,1417,1416,-1,1875,1416,1881,-1,1881,1416,1415,-1,1881,1415,1423,-1,1430,1882,1432,-1,1432,1882,1876,-1,1432,1876,1433,-1,1882,1430,1429,-1,1434,1883,1435,-1,1435,1883,1884,-1,1435,1884,1436,-1,1436,1884,1885,-1,1886,1438,1885,-1,1885,1438,1437,-1,1885,1437,1436,-1,1887,1440,1886,-1,1886,1440,1439,-1,1886,1439,1438,-1,1428,1443,1888,-1,1888,1443,1442,-1,1888,1442,1887,-1,1887,1442,1441,-1,1887,1441,1440,-1,1882,1429,1889,-1,1889,1429,1425,-1,1889,1425,1888,-1,1888,1425,1427,-1,1888,1427,1428,-1,1452,1395,1852,-1,1434,1457,1883,-1,1883,1457,1456,-1,1456,1455,1883,-1,1883,1455,1454,-1,1883,1454,1852,-1,1852,1454,1453,-1,1852,1453,1452,-1,1890,1891,1892,-1,1893,1894,1895,-1,1896,1897,1891,-1,1898,1892,1899,-1,1899,1892,1900,-1,1893,1895,1901,-1,1896,1891,1895,-1,1895,1891,1902,-1,1895,1902,1901,-1,1897,1903,1891,-1,1891,1903,1904,-1,1891,1904,1905,-1,1905,1906,1891,-1,1891,1906,1907,-1,1891,1907,1892,-1,1892,1908,1900,-1,1900,1908,1909,-1,1900,1909,1910,-1,1911,1912,1913,-1,1910,1914,1900,-1,1900,1914,1913,-1,1900,1913,1915,-1,1915,1913,1916,-1,1898,1917,1892,-1,1892,1917,1918,-1,1892,1918,1919,-1,1894,1920,1895,-1,1895,1920,1921,-1,1895,1921,1922,-1,1923,1924,1925,-1,1925,1924,1895,-1,1925,1895,1926,-1,1913,1927,1928,-1,1913,1928,1929,-1,1929,1928,1930,-1,1929,1930,1931,-1,1929,1932,1913,-1,1913,1932,1933,-1,1913,1933,1934,-1,1919,1935,1892,-1,1892,1935,1936,-1,1892,1936,1890,-1,1922,1937,1895,-1,1895,1937,1938,-1,1895,1938,1926,-1,1939,1940,1941,-1,1934,1942,1913,-1,1913,1942,1943,-1,1913,1943,1911,-1,1944,1945,1913,-1,1913,1945,1946,-1,1913,1946,1916,-1,1947,1948,1949,-1,1949,1948,1950,-1,1940,1951,1941,-1,1941,1951,1948,-1,1941,1948,1952,-1,1952,1948,1947,-1,1912,1953,1913,-1,1913,1953,1954,-1,1913,1954,1944,-1,1923,1925,1941,-1,1941,1925,1955,-1,1941,1955,1939,-1,1956,1957,1958,-1,1956,1958,1959,-1,1960,1961,1962,-1,1963,1958,1964,-1,1964,1958,1965,-1,1964,1965,1966,-1,1967,1968,1969,-1,1969,1968,1970,-1,1969,1970,1964,-1,1971,1972,1973,-1,1974,1975,1957,-1,1957,1975,1976,-1,1957,1976,1977,-1,1977,1978,1957,-1,1957,1978,1979,-1,1957,1979,1958,-1,1966,1980,1964,-1,1964,1980,1981,-1,1964,1981,1982,-1,1983,1964,1984,-1,1984,1964,1985,-1,1983,1986,1964,-1,1964,1986,1987,-1,1964,1987,1969,-1,1963,1988,1958,-1,1958,1988,1989,-1,1958,1989,1990,-1,1991,1992,1958,-1,1958,1992,1993,-1,1958,1993,1959,-1,1994,1995,1962,-1,1962,1995,1996,-1,1971,1973,1961,-1,1961,1973,1997,-1,1961,1997,1962,-1,1994,1962,1957,-1,1957,1962,1998,-1,1957,1998,1974,-1,1982,1999,1964,-1,1964,1999,2000,-1,1964,2000,1985,-1,2001,1969,2002,-1,2002,1969,2003,-1,1990,2004,1958,-1,1958,2004,2005,-1,1958,2005,1991,-1,1996,2006,1962,-1,1962,2006,2007,-1,1962,2007,1960,-1,2008,2009,2010,-1,2010,2009,2011,-1,2012,2013,1969,-1,1969,2013,2014,-1,1969,2014,1967,-1,2009,2015,2011,-1,2011,2015,2016,-1,2011,2016,2017,-1,2001,2018,1969,-1,1969,2018,2019,-1,1969,2019,2012,-1,1969,2020,2003,-1,2003,2020,2011,-1,2003,2011,2021,-1,2021,2011,2017,-1,2022,2023,1469,-1,1469,1470,2022,-1,2022,1470,1471,-1,2022,1471,2024,-1,1471,1472,2024,-1,2024,1472,1473,-1,2024,1473,2025,-1,2026,2027,1495,-1,2028,1509,2029,-1,2029,1509,1510,-1,2029,1510,2030,-1,2031,1483,2032,-1,2032,1483,1484,-1,2032,1484,2033,-1,1495,1496,2026,-1,2026,1496,1497,-1,2026,1497,2034,-1,1497,1498,2034,-1,2034,1498,1499,-1,2034,1499,2035,-1,2036,1507,2028,-1,2028,1507,1508,-1,2028,1508,1509,-1,1510,1511,2030,-1,2030,1511,1493,-1,2030,1493,2037,-1,2038,1481,2031,-1,2031,1481,1482,-1,2031,1482,1483,-1,1484,1485,2033,-1,2033,1485,1467,-1,2033,1467,2039,-1,2040,1505,2036,-1,2036,1505,1506,-1,2036,1506,1507,-1,1493,1492,2037,-1,2037,1492,1491,-1,2037,1491,2041,-1,2042,1479,2038,-1,2038,1479,1480,-1,2038,1480,1481,-1,1467,1466,2039,-1,2039,1466,1465,-1,2039,1465,2043,-1,1499,1500,2035,-1,2035,1500,1501,-1,2035,1501,2044,-1,1501,1502,2044,-1,2044,1502,1503,-1,2044,1503,2040,-1,2040,1503,1504,-1,2040,1504,1505,-1,1491,1490,2041,-1,2041,1490,1489,-1,2041,1489,2045,-1,1489,1488,2045,-1,2045,1488,1487,-1,2045,1487,2046,-1,2046,1487,1459,-1,2046,1459,2047,-1,2047,1459,1458,-1,2047,1458,2023,-1,2023,1458,1468,-1,2023,1468,1469,-1,1473,1474,2025,-1,2025,1474,1475,-1,2025,1475,2048,-1,1475,1476,2048,-1,2048,1476,1477,-1,2048,1477,2042,-1,2042,1477,1478,-1,2042,1478,1479,-1,1465,1464,2043,-1,2043,1464,1463,-1,2043,1463,2049,-1,1463,1462,2049,-1,2049,1462,1461,-1,2049,1461,2050,-1,2050,1461,1460,-1,2050,1460,2051,-1,2051,1460,1486,-1,2051,1486,2027,-1,2027,1486,1494,-1,2027,1494,1495,-1,2052,2053,2054,-1,2055,2056,2057,-1,2057,2056,2058,-1,2058,2056,2059,-1,2059,2056,2060,-1,2059,2060,2061,-1,2054,2053,2060,-1,2060,2053,2062,-1,2060,2062,2061,-1,2052,2054,2063,-1,2063,2054,2064,-1,2063,2064,2065,-1,2065,2064,2066,-1,2065,2066,2067,-1,2067,2066,2068,-1,2068,2066,2069,-1,2068,2069,2070,-1,2070,2069,2071,-1,2071,2069,2072,-1,2071,2072,2073,-1,2073,2072,2074,-1,2074,2072,2075,-1,2074,2075,2076,-1,2076,2075,2077,-1,2077,2075,2078,-1,2077,2078,2079,-1,2079,2078,2080,-1,2080,2078,2081,-1,2080,2081,2082,-1,2082,2081,2083,-1,2083,2081,2084,-1,2083,2084,2085,-1,2085,2084,2086,-1,2086,2084,2087,-1,2086,2087,2088,-1,2088,2087,2089,-1,2089,2087,2090,-1,2089,2090,2091,-1,2091,2090,2092,-1,2092,2090,2093,-1,2092,2093,2094,-1,2095,2094,2096,-1,2096,2094,2093,-1,2096,2093,2097,-1,2098,2097,2099,-1,2100,2098,2101,-1,2102,2100,2103,-1,2104,2102,2105,-1,2050,2104,2106,-1,2050,2106,2049,-1,2049,2106,2107,-1,2049,2107,2043,-1,2043,2107,2108,-1,2043,2108,2039,-1,2039,2108,2109,-1,2039,2109,2033,-1,2033,2109,2110,-1,2033,2110,2032,-1,2032,2110,2111,-1,2032,2111,2031,-1,2031,2111,2112,-1,2031,2112,2038,-1,2038,2112,2113,-1,2038,2113,2042,-1,2042,2113,2114,-1,2042,2114,2048,-1,2048,2114,2115,-1,2048,2115,2025,-1,2025,2115,2116,-1,2025,2116,2024,-1,2024,2116,2117,-1,2024,2117,2022,-1,2022,2117,2118,-1,2022,2118,2023,-1,2023,2118,2119,-1,2023,2119,2047,-1,2047,2119,2120,-1,2047,2120,2046,-1,2104,2105,2106,-1,2106,2105,2121,-1,2106,2121,2107,-1,2107,2121,2122,-1,2107,2122,2108,-1,2108,2122,2123,-1,2108,2123,2109,-1,2109,2123,2124,-1,2109,2124,2110,-1,2110,2124,2125,-1,2110,2125,2111,-1,2111,2125,2126,-1,2111,2126,2112,-1,2112,2126,2127,-1,2112,2127,2113,-1,2113,2127,2128,-1,2113,2128,2114,-1,2114,2128,2129,-1,2114,2129,2115,-1,2115,2129,2130,-1,2115,2130,2116,-1,2116,2130,2131,-1,2116,2131,2117,-1,2117,2131,2132,-1,2117,2132,2118,-1,2118,2132,2133,-1,2118,2133,2119,-1,2119,2133,2134,-1,2119,2134,2120,-1,2102,2103,2105,-1,2105,2103,2135,-1,2105,2135,2121,-1,2121,2135,2136,-1,2121,2136,2122,-1,2122,2136,2137,-1,2122,2137,2123,-1,2123,2137,2138,-1,2123,2138,2124,-1,2124,2138,2139,-1,2124,2139,2125,-1,2125,2139,2140,-1,2125,2140,2126,-1,2126,2140,2141,-1,2126,2141,2127,-1,2127,2141,2142,-1,2127,2142,2128,-1,2128,2142,2143,-1,2128,2143,2129,-1,2129,2143,2144,-1,2129,2144,2130,-1,2130,2144,2145,-1,2130,2145,2131,-1,2131,2145,2146,-1,2131,2146,2132,-1,2132,2146,2147,-1,2132,2147,2133,-1,2133,2147,2148,-1,2133,2148,2134,-1,2100,2101,2103,-1,2103,2101,2149,-1,2103,2149,2135,-1,2135,2149,2150,-1,2135,2150,2136,-1,2136,2150,2151,-1,2136,2151,2137,-1,2137,2151,2152,-1,2137,2152,2138,-1,2138,2152,2153,-1,2138,2153,2139,-1,2139,2153,2154,-1,2139,2154,2140,-1,2140,2154,2155,-1,2140,2155,2141,-1,2141,2155,2156,-1,2141,2156,2142,-1,2142,2156,2157,-1,2142,2157,2143,-1,2143,2157,2158,-1,2143,2158,2144,-1,2144,2158,2159,-1,2144,2159,2145,-1,2145,2159,2160,-1,2145,2160,2146,-1,2146,2160,2161,-1,2146,2161,2147,-1,2147,2161,2162,-1,2147,2162,2148,-1,2098,2099,2101,-1,2101,2099,2163,-1,2101,2163,2149,-1,2149,2163,2164,-1,2149,2164,2150,-1,2150,2164,2165,-1,2150,2165,2151,-1,2151,2165,2166,-1,2151,2166,2152,-1,2152,2166,2167,-1,2152,2167,2153,-1,2153,2167,2168,-1,2153,2168,2154,-1,2154,2168,2169,-1,2154,2169,2155,-1,2155,2169,2170,-1,2155,2170,2156,-1,2156,2170,2171,-1,2156,2171,2157,-1,2157,2171,2172,-1,2157,2172,2158,-1,2158,2172,2173,-1,2158,2173,2159,-1,2159,2173,2174,-1,2159,2174,2160,-1,2160,2174,2175,-1,2160,2175,2161,-1,2161,2175,2176,-1,2161,2176,2162,-1,2097,2093,2099,-1,2099,2093,2090,-1,2099,2090,2163,-1,2163,2090,2087,-1,2163,2087,2164,-1,2164,2087,2084,-1,2164,2084,2165,-1,2165,2084,2081,-1,2165,2081,2166,-1,2166,2081,2078,-1,2166,2078,2167,-1,2167,2078,2075,-1,2167,2075,2168,-1,2168,2075,2072,-1,2168,2072,2169,-1,2169,2072,2069,-1,2169,2069,2170,-1,2170,2069,2066,-1,2170,2066,2171,-1,2171,2066,2064,-1,2171,2064,2172,-1,2172,2064,2054,-1,2172,2054,2173,-1,2173,2054,2060,-1,2173,2060,2174,-1,2174,2060,2056,-1,2174,2056,2175,-1,2175,2056,2055,-1,2175,2055,2176,-1,2177,2178,2179,-1,2180,2181,2182,-1,2183,2184,2185,-1,2186,2187,2188,-1,1607,1606,2189,-1,2190,2191,2192,-1,2193,2194,2195,-1,2196,2197,2198,-1,2198,2197,2199,-1,2196,2200,2201,-1,2202,2203,2199,-1,2199,2203,2204,-1,2204,2205,2199,-1,2199,2205,2206,-1,2199,2206,2198,-1,2207,2208,2209,-1,2209,2208,2210,-1,2207,2211,2208,-1,2208,2211,2212,-1,2208,2212,2213,-1,2214,2210,2215,-1,2215,2210,2216,-1,2214,2217,2210,-1,2210,2217,2218,-1,2210,2218,2209,-1,2219,2220,2221,-1,2221,2220,2222,-1,2221,2222,2223,-1,2223,2222,2224,-1,2194,2225,2226,-1,2226,2225,2227,-1,2226,2227,2224,-1,2193,2195,2191,-1,2228,2229,2190,-1,2229,2228,2230,-1,2230,2228,1620,-1,2230,1620,1641,-1,2189,1606,2231,-1,1606,1624,2231,-1,2231,1624,1623,-1,2231,1623,2228,-1,2228,1623,1621,-1,2228,1621,1620,-1,1607,2189,1600,-1,1600,2189,2232,-1,1600,2232,1590,-1,2233,2234,2235,-1,1590,2232,1591,-1,1591,2232,2236,-1,1591,2236,1592,-1,1592,2236,2233,-1,1592,2233,1582,-1,1582,2233,2235,-1,1582,2235,1583,-1,2237,2238,2239,-1,2240,2241,2242,-1,2243,2244,2245,-1,2180,2182,2179,-1,2246,2247,2182,-1,2182,2247,2248,-1,2182,2248,2179,-1,2179,2248,2249,-1,2179,2249,2177,-1,2200,2250,2201,-1,2201,2250,2251,-1,2201,2251,2182,-1,2182,2251,2252,-1,2182,2252,2246,-1,2196,2201,2197,-1,2197,2201,2182,-1,2197,2182,2185,-1,2185,2182,2181,-1,2185,2181,2183,-1,2213,2202,2208,-1,2208,2202,2199,-1,2208,2199,2253,-1,2253,2199,2197,-1,2253,2197,2254,-1,2254,2197,2185,-1,2254,2185,2243,-1,2243,2185,2184,-1,2243,2184,2244,-1,2220,2216,2222,-1,2222,2216,2210,-1,2222,2210,2255,-1,2255,2210,2208,-1,2255,2208,2256,-1,2256,2208,2253,-1,2256,2253,2257,-1,2257,2253,2254,-1,2257,2254,2258,-1,2258,2254,2243,-1,2258,2243,2240,-1,2240,2243,2245,-1,2240,2245,2241,-1,2224,2222,2226,-1,2226,2222,2255,-1,2226,2255,2259,-1,2259,2255,2256,-1,2259,2256,2260,-1,2260,2256,2257,-1,2260,2257,2261,-1,2261,2257,2258,-1,2261,2258,2262,-1,2262,2258,2240,-1,2262,2240,2237,-1,2237,2240,2242,-1,2237,2242,2238,-1,2194,2226,2195,-1,2195,2226,2259,-1,2195,2259,2263,-1,2263,2259,2260,-1,2263,2260,2264,-1,2264,2260,2261,-1,2264,2261,2265,-1,2265,2261,2262,-1,2265,2262,2266,-1,2266,2262,2237,-1,2266,2237,2267,-1,2267,2237,2239,-1,2267,2239,2268,-1,2191,2195,2192,-1,2192,2195,2263,-1,2192,2263,2269,-1,2269,2263,2264,-1,2269,2264,2270,-1,2270,2264,2265,-1,2270,2265,2271,-1,2271,2265,2266,-1,2271,2266,2272,-1,2272,2266,2267,-1,2272,2267,2188,-1,2188,2267,2268,-1,2188,2268,2186,-1,2190,2192,2228,-1,2228,2192,2269,-1,2228,2269,2231,-1,2231,2269,2270,-1,2231,2270,2189,-1,2189,2270,2271,-1,2189,2271,2232,-1,2232,2271,2272,-1,2232,2272,2236,-1,2236,2272,2188,-1,2236,2188,2233,-1,2233,2188,2187,-1,2233,2187,2234,-1,2273,2274,2275,-1,2276,2277,2278,-1,2279,2280,2281,-1,2282,2283,2284,-1,2285,2286,2287,-1,2288,2289,2290,-1,1554,1553,2291,-1,2291,1553,2292,-1,2291,2292,2293,-1,2293,2292,2294,-1,1553,1552,2292,-1,2292,1552,1550,-1,2292,1550,2295,-1,2296,2288,2297,-1,2297,2288,2290,-1,2297,2290,2298,-1,2298,2290,2299,-1,2298,2299,2300,-1,2300,2299,2301,-1,2300,2301,2302,-1,2302,2301,2303,-1,2303,2301,2304,-1,2303,2304,2305,-1,2280,2294,2281,-1,2281,2294,2292,-1,2281,2292,2306,-1,2306,2292,2295,-1,2306,2295,2307,-1,2307,2295,2308,-1,2307,2308,2309,-1,2309,2308,2310,-1,2309,2310,2311,-1,1540,2310,1539,-1,1539,2310,2308,-1,1539,2308,1547,-1,1547,2308,2295,-1,1547,2295,1549,-1,1549,2295,1550,-1,2305,2304,2312,-1,2312,2304,2313,-1,2312,2313,2314,-1,2283,2279,2284,-1,2284,2279,2281,-1,2284,2281,2315,-1,2315,2281,2306,-1,2315,2306,2316,-1,2316,2306,2307,-1,2316,2307,2317,-1,2317,2307,2309,-1,2317,2309,2318,-1,2318,2309,2311,-1,2318,2311,2275,-1,2314,2313,2319,-1,2319,2313,2320,-1,2319,2320,2321,-1,2322,2323,2324,-1,1542,1543,2322,-1,2322,1543,1545,-1,2322,1545,2323,-1,2325,2326,2320,-1,2320,2326,2327,-1,2327,2328,2320,-1,2320,2328,2329,-1,2320,2329,2321,-1,2277,2325,2278,-1,2278,2325,2320,-1,2278,2320,2330,-1,2330,2320,2313,-1,2330,2313,2331,-1,2331,2313,2304,-1,2331,2304,2332,-1,2332,2304,2301,-1,2332,2301,2333,-1,2333,2301,2299,-1,2333,2299,2287,-1,2287,2299,2290,-1,2287,2290,2285,-1,2285,2290,2289,-1,2274,2276,2275,-1,2275,2276,2278,-1,2275,2278,2318,-1,2318,2278,2330,-1,2318,2330,2317,-1,2317,2330,2331,-1,2317,2331,2316,-1,2316,2331,2332,-1,2316,2332,2315,-1,2315,2332,2333,-1,2315,2333,2284,-1,2284,2333,2287,-1,2284,2287,2282,-1,2282,2287,2286,-1,1540,1542,2310,-1,2310,1542,2322,-1,2310,2322,2311,-1,2311,2322,2324,-1,2311,2324,2275,-1,2275,2324,2334,-1,2275,2334,2273,-1,1545,1546,2323,-1,2323,1546,1538,-1,2323,1538,0,-1,0,2335,2323,-1,2323,2335,2336,-1,2323,2336,2324,-1,2324,2336,2337,-1,2324,2337,2334,-1,2338,2339,2340,-1,2341,2342,1516,-1,2341,1516,2343,-1,2339,2344,2340,-1,2340,2344,2345,-1,2340,2345,2346,-1,2347,1516,2348,-1,2348,1516,2349,-1,2347,2350,1516,-1,1516,2350,2351,-1,1516,2351,2352,-1,2346,2353,2340,-1,2340,2353,2354,-1,2340,2354,2355,-1,2219,2221,2296,-1,2296,2221,2223,-1,2296,2223,2224,-1,2224,2227,2296,-1,2296,2227,2225,-1,2296,2225,2194,-1,2352,2356,1516,-1,1516,2356,2357,-1,1516,2357,2358,-1,2358,2359,1516,-1,1516,2359,2360,-1,1516,2360,2343,-1,2361,2362,2363,-1,2363,2362,2364,-1,2363,2364,2365,-1,2282,2286,1515,-1,1515,2286,2285,-1,2342,2366,1516,-1,1516,2366,2367,-1,1516,2367,1648,-1,1648,2367,2363,-1,1648,2363,2368,-1,2368,2363,2365,-1,1554,2291,2293,-1,2280,2279,1515,-1,1515,2279,2283,-1,1515,2283,2282,-1,2285,2289,1515,-1,1515,2289,2288,-1,1515,2288,2296,-1,2229,2230,1515,-1,1515,2230,1641,-1,2361,2363,2340,-1,2340,2363,2369,-1,2340,2369,2338,-1,1554,2293,1515,-1,1515,2293,2294,-1,1515,2294,2280,-1,2194,2193,2296,-1,2296,2193,2191,-1,2296,2191,1515,-1,1515,2191,2190,-1,1515,2190,2229,-1,1641,1642,1515,-1,1515,1642,1643,-1,1515,1643,1640,-1,1640,1639,1515,-1,1515,1639,1638,-1,1515,1638,1637,-1,1637,1636,1515,-1,1515,1636,1556,-1,1515,1556,1555,-1,1555,1559,1515,-1,1515,1559,1558,-1,1515,1558,1562,-1,2370,2349,1733,-1,1733,2349,1516,-1,1733,1516,1625,-1,1625,1516,1515,-1,1625,1515,1561,-1,1561,1515,1562,-1,2371,2372,2373,-1,2374,2375,2376,-1,2377,2378,2379,-1,1649,2380,2381,-1,2382,1645,1646,-1,2340,2383,2361,-1,2361,2383,2384,-1,2361,2384,2362,-1,2380,1649,2382,-1,2382,1649,1644,-1,2382,1644,1645,-1,2383,2385,2384,-1,2384,2385,2386,-1,2384,2386,2387,-1,2388,1655,2381,-1,2381,1655,1654,-1,2381,1654,1649,-1,2364,2362,2389,-1,2389,2362,2384,-1,2389,2384,2390,-1,2390,2384,2387,-1,2390,2387,2391,-1,2391,2387,2392,-1,2391,2392,2393,-1,2393,2392,2394,-1,2393,2394,2395,-1,2386,2396,2387,-1,2387,2396,2397,-1,2387,2397,2392,-1,2392,2397,2398,-1,2392,2398,2394,-1,2399,1657,2388,-1,2388,1657,1656,-1,2388,1656,1655,-1,2365,2364,2400,-1,2400,2364,2389,-1,2400,2389,2401,-1,2401,2389,2390,-1,2401,2390,2402,-1,2402,2390,2391,-1,2402,2391,2403,-1,2403,2391,2393,-1,2403,2393,2404,-1,2404,2393,2395,-1,2404,2395,2376,-1,1659,1652,2405,-1,2405,1652,1651,-1,2405,1651,2399,-1,2399,1651,1658,-1,2399,1658,1657,-1,2406,2407,2373,-1,10,1659,2408,-1,2408,1659,2405,-1,2408,2405,2409,-1,2409,2405,2410,-1,2378,2410,2379,-1,2379,2410,2405,-1,2379,2405,2411,-1,2411,2405,2399,-1,2411,2399,2412,-1,2412,2399,2388,-1,2412,2388,2413,-1,2413,2388,2381,-1,2413,2381,2414,-1,2414,2381,2380,-1,2414,2380,2415,-1,2415,2380,2382,-1,2415,2382,2368,-1,2368,2382,1646,-1,2368,1646,1648,-1,2375,2377,2376,-1,2376,2377,2379,-1,2376,2379,2404,-1,2404,2379,2411,-1,2404,2411,2403,-1,2403,2411,2412,-1,2403,2412,2402,-1,2402,2412,2413,-1,2402,2413,2401,-1,2401,2413,2414,-1,2401,2414,2400,-1,2400,2414,2415,-1,2400,2415,2365,-1,2365,2415,2368,-1,2398,2416,2394,-1,2394,2416,2406,-1,2394,2406,2395,-1,2395,2406,2373,-1,2395,2373,2376,-1,2376,2373,2372,-1,2376,2372,2374,-1,2416,2417,2406,-1,2406,2417,2418,-1,2406,2418,2407,-1,2407,2418,2419,-1,2407,2419,2420,-1,2371,2373,2421,-1,2421,2373,2407,-1,2421,2407,2422,-1,2422,2407,2420,-1,2422,2420,2423,-1,2424,2425,1671,-1,1671,1672,2424,-1,2424,1672,1673,-1,2424,1673,2426,-1,1673,1674,2426,-1,2426,1674,1675,-1,2426,1675,2427,-1,2428,2429,1697,-1,2430,1711,2431,-1,2431,1711,1712,-1,2431,1712,2432,-1,2433,1685,2434,-1,2434,1685,1686,-1,2434,1686,2435,-1,1697,1698,2428,-1,2428,1698,1699,-1,2428,1699,2436,-1,1699,1700,2436,-1,2436,1700,1701,-1,2436,1701,2437,-1,2438,1709,2430,-1,2430,1709,1710,-1,2430,1710,1711,-1,1712,1713,2432,-1,2432,1713,1695,-1,2432,1695,2439,-1,2440,1683,2433,-1,2433,1683,1684,-1,2433,1684,1685,-1,1686,1687,2435,-1,2435,1687,1669,-1,2435,1669,2441,-1,2442,1707,2438,-1,2438,1707,1708,-1,2438,1708,1709,-1,1695,1694,2439,-1,2439,1694,1693,-1,2439,1693,2443,-1,2444,1681,2440,-1,2440,1681,1682,-1,2440,1682,1683,-1,1669,1668,2441,-1,2441,1668,1667,-1,2441,1667,2445,-1,1701,1702,2437,-1,2437,1702,1703,-1,2437,1703,2446,-1,1703,1704,2446,-1,2446,1704,1705,-1,2446,1705,2442,-1,2442,1705,1706,-1,2442,1706,1707,-1,1693,1692,2443,-1,2443,1692,1691,-1,2443,1691,2447,-1,1691,1690,2447,-1,2447,1690,1689,-1,2447,1689,2448,-1,2448,1689,1661,-1,2448,1661,2449,-1,2449,1661,1660,-1,2449,1660,2425,-1,2425,1660,1670,-1,2425,1670,1671,-1,1675,1676,2427,-1,2427,1676,1677,-1,2427,1677,2450,-1,1677,1678,2450,-1,2450,1678,1679,-1,2450,1679,2444,-1,2444,1679,1680,-1,2444,1680,1681,-1,1667,1666,2445,-1,2445,1666,1665,-1,2445,1665,2451,-1,1665,1664,2451,-1,2451,1664,1663,-1,2451,1663,2452,-1,2452,1663,1662,-1,2452,1662,2453,-1,2453,1662,1688,-1,2453,1688,2429,-1,2429,1688,1696,-1,2429,1696,1697,-1,2454,2455,2456,-1,2457,2458,2459,-1,2459,2458,2460,-1,2456,2455,2461,-1,2455,2462,2461,-1,2461,2462,2463,-1,2461,2463,2458,-1,2458,2463,2464,-1,2458,2464,2460,-1,2454,2456,2465,-1,2465,2456,2466,-1,2465,2466,2467,-1,2467,2466,2468,-1,2467,2468,2469,-1,2469,2468,2470,-1,2470,2468,2471,-1,2470,2471,2472,-1,2472,2471,2473,-1,2473,2471,2474,-1,2473,2474,2475,-1,2475,2474,2476,-1,2476,2474,2477,-1,2476,2477,2478,-1,2478,2477,2479,-1,2479,2477,2480,-1,2479,2480,2481,-1,2481,2480,2482,-1,2482,2480,2483,-1,2482,2483,2484,-1,2484,2483,2485,-1,2485,2483,2486,-1,2485,2486,2487,-1,2487,2486,2488,-1,2488,2486,2489,-1,2488,2489,2490,-1,2490,2489,2491,-1,2491,2489,2492,-1,2491,2492,2493,-1,2493,2492,2494,-1,2494,2492,2495,-1,2494,2495,2496,-1,2497,2496,2498,-1,2498,2496,2495,-1,2498,2495,2499,-1,2500,2499,2501,-1,2502,2500,2503,-1,2504,2502,2505,-1,2506,2504,2507,-1,2452,2506,2508,-1,2452,2508,2451,-1,2451,2508,2509,-1,2451,2509,2445,-1,2445,2509,2510,-1,2445,2510,2441,-1,2441,2510,2511,-1,2441,2511,2435,-1,2435,2511,2512,-1,2435,2512,2434,-1,2434,2512,2513,-1,2434,2513,2433,-1,2433,2513,2514,-1,2433,2514,2440,-1,2440,2514,2515,-1,2440,2515,2444,-1,2444,2515,2516,-1,2444,2516,2450,-1,2450,2516,2517,-1,2450,2517,2427,-1,2427,2517,2518,-1,2427,2518,2426,-1,2426,2518,2519,-1,2426,2519,2424,-1,2424,2519,2520,-1,2424,2520,2425,-1,2425,2520,2521,-1,2425,2521,2449,-1,2449,2521,2522,-1,2449,2522,2448,-1,2506,2507,2508,-1,2508,2507,2523,-1,2508,2523,2509,-1,2509,2523,2524,-1,2509,2524,2510,-1,2510,2524,2525,-1,2510,2525,2511,-1,2511,2525,2526,-1,2511,2526,2512,-1,2512,2526,2527,-1,2512,2527,2513,-1,2513,2527,2528,-1,2513,2528,2514,-1,2514,2528,2529,-1,2514,2529,2515,-1,2515,2529,2530,-1,2515,2530,2516,-1,2516,2530,2531,-1,2516,2531,2517,-1,2517,2531,2532,-1,2517,2532,2518,-1,2518,2532,2533,-1,2518,2533,2519,-1,2519,2533,2534,-1,2519,2534,2520,-1,2520,2534,2535,-1,2520,2535,2521,-1,2521,2535,2536,-1,2521,2536,2522,-1,2504,2505,2507,-1,2507,2505,2537,-1,2507,2537,2523,-1,2523,2537,2538,-1,2523,2538,2524,-1,2524,2538,2539,-1,2524,2539,2525,-1,2525,2539,2540,-1,2525,2540,2526,-1,2526,2540,2541,-1,2526,2541,2527,-1,2527,2541,2542,-1,2527,2542,2528,-1,2528,2542,2543,-1,2528,2543,2529,-1,2529,2543,2544,-1,2529,2544,2530,-1,2530,2544,2545,-1,2530,2545,2531,-1,2531,2545,2546,-1,2531,2546,2532,-1,2532,2546,2547,-1,2532,2547,2533,-1,2533,2547,2548,-1,2533,2548,2534,-1,2534,2548,2549,-1,2534,2549,2535,-1,2535,2549,2550,-1,2535,2550,2536,-1,2502,2503,2505,-1,2505,2503,2551,-1,2505,2551,2537,-1,2537,2551,2552,-1,2537,2552,2538,-1,2538,2552,2553,-1,2538,2553,2539,-1,2539,2553,2554,-1,2539,2554,2540,-1,2540,2554,2555,-1,2540,2555,2541,-1,2541,2555,2556,-1,2541,2556,2542,-1,2542,2556,2557,-1,2542,2557,2543,-1,2543,2557,2558,-1,2543,2558,2544,-1,2544,2558,2559,-1,2544,2559,2545,-1,2545,2559,2560,-1,2545,2560,2546,-1,2546,2560,2561,-1,2546,2561,2547,-1,2547,2561,2562,-1,2547,2562,2548,-1,2548,2562,2563,-1,2548,2563,2549,-1,2549,2563,2564,-1,2549,2564,2550,-1,2500,2501,2503,-1,2503,2501,2565,-1,2503,2565,2551,-1,2551,2565,2566,-1,2551,2566,2552,-1,2552,2566,2567,-1,2552,2567,2553,-1,2553,2567,2568,-1,2553,2568,2554,-1,2554,2568,2569,-1,2554,2569,2555,-1,2555,2569,2570,-1,2555,2570,2556,-1,2556,2570,2571,-1,2556,2571,2557,-1,2557,2571,2572,-1,2557,2572,2558,-1,2558,2572,2573,-1,2558,2573,2559,-1,2559,2573,2574,-1,2559,2574,2560,-1,2560,2574,2575,-1,2560,2575,2561,-1,2561,2575,2576,-1,2561,2576,2562,-1,2562,2576,2577,-1,2562,2577,2563,-1,2563,2577,2578,-1,2563,2578,2564,-1,2499,2495,2501,-1,2501,2495,2492,-1,2501,2492,2565,-1,2565,2492,2489,-1,2565,2489,2566,-1,2566,2489,2486,-1,2566,2486,2567,-1,2567,2486,2483,-1,2567,2483,2568,-1,2568,2483,2480,-1,2568,2480,2569,-1,2569,2480,2477,-1,2569,2477,2570,-1,2570,2477,2474,-1,2570,2474,2571,-1,2571,2474,2471,-1,2571,2471,2572,-1,2572,2471,2468,-1,2572,2468,2573,-1,2573,2468,2466,-1,2573,2466,2574,-1,2574,2466,2456,-1,2574,2456,2575,-1,2575,2456,2461,-1,2575,2461,2576,-1,2576,2461,2458,-1,2576,2458,2577,-1,2577,2458,2457,-1,2577,2457,2578,-1,2345,2344,2579,-1,2580,2581,2582,-1,2582,2581,2583,-1,2582,2583,2584,-1,2584,2583,2585,-1,2584,2585,2586,-1,2580,2582,2587,-1,2587,2582,2588,-1,2587,2588,2589,-1,2589,2590,2591,-1,2591,2592,2589,-1,2589,2592,2593,-1,2589,2593,2587,-1,2594,2595,2596,-1,2596,2595,2597,-1,2598,2599,2600,-1,2601,2602,2603,-1,2604,2605,2606,-1,2606,2605,2607,-1,2608,2609,2610,-1,2610,2609,2611,-1,2610,2611,2612,-1,2608,2610,2613,-1,2613,2610,2614,-1,2613,2614,2615,-1,2615,2614,2616,-1,2616,2614,2617,-1,2616,2617,2618,-1,2618,2617,2619,-1,2619,2617,2620,-1,2619,2620,2621,-1,2621,2620,2622,-1,2622,2620,2623,-1,2622,2623,2624,-1,2624,2623,2625,-1,2625,2623,2626,-1,2625,2626,2627,-1,2369,2363,2628,-1,2628,2363,2367,-1,2341,2627,2342,-1,2342,2627,2626,-1,2342,2626,2366,-1,2366,2626,2367,-1,2344,2339,2629,-1,2629,2339,2338,-1,2629,2338,2369,-1,2354,2353,2630,-1,2630,2353,2346,-1,2345,2579,2346,-1,2631,2632,2633,-1,2633,2632,2634,-1,2633,2634,2635,-1,2636,2637,2638,-1,2638,2639,2636,-1,2636,2639,2640,-1,2636,2640,2633,-1,2633,2640,2641,-1,2633,2641,2631,-1,2586,2642,2643,-1,2643,2642,2644,-1,2643,2644,2645,-1,2645,2644,2646,-1,2646,2647,2645,-1,2645,2647,2648,-1,2645,2648,2649,-1,2586,2643,2584,-1,2584,2643,2650,-1,2584,2650,2582,-1,2582,2650,2651,-1,2582,2651,2588,-1,2637,2636,2649,-1,2649,2636,2652,-1,2649,2652,2645,-1,2645,2652,2653,-1,2645,2653,2643,-1,2643,2653,2596,-1,2643,2596,2650,-1,2650,2596,2597,-1,2650,2597,2651,-1,2367,2626,2628,-1,2628,2626,2623,-1,2628,2623,2654,-1,2654,2623,2620,-1,2654,2620,2655,-1,2655,2620,2617,-1,2655,2617,2656,-1,2656,2617,2614,-1,2656,2614,2657,-1,2657,2614,2610,-1,2657,2610,2606,-1,2606,2610,2612,-1,2606,2612,2604,-1,2369,2628,2629,-1,2629,2628,2654,-1,2629,2654,2658,-1,2658,2654,2655,-1,2658,2655,2659,-1,2659,2655,2656,-1,2659,2656,2660,-1,2660,2656,2657,-1,2660,2657,2661,-1,2661,2657,2606,-1,2661,2606,2601,-1,2601,2606,2607,-1,2601,2607,2602,-1,2344,2629,2579,-1,2579,2629,2658,-1,2579,2658,2662,-1,2662,2658,2659,-1,2662,2659,2663,-1,2663,2659,2660,-1,2663,2660,2664,-1,2664,2660,2661,-1,2664,2661,2665,-1,2665,2661,2601,-1,2665,2601,2598,-1,2598,2601,2603,-1,2598,2603,2599,-1,2346,2579,2630,-1,2630,2579,2662,-1,2630,2662,2666,-1,2666,2662,2663,-1,2666,2663,2667,-1,2667,2663,2664,-1,2667,2664,2668,-1,2668,2664,2665,-1,2668,2665,2669,-1,2669,2665,2598,-1,2669,2598,2670,-1,2670,2598,2600,-1,2670,2600,2671,-1,2355,2354,2672,-1,2672,2354,2630,-1,2672,2630,2635,-1,2635,2630,2666,-1,2635,2666,2633,-1,2633,2666,2667,-1,2633,2667,2636,-1,2636,2667,2668,-1,2636,2668,2652,-1,2652,2668,2669,-1,2652,2669,2653,-1,2653,2669,2670,-1,2653,2670,2596,-1,2596,2670,2671,-1,2596,2671,2594,-1,2673,2674,2675,-1,2676,2677,2678,-1,2343,2360,2679,-1,2359,2358,2680,-1,2357,2356,2681,-1,1733,1734,2370,-1,2370,1734,2682,-1,2370,2682,2349,-1,2349,2682,2348,-1,2350,2347,2683,-1,2683,2347,2348,-1,2356,2352,2684,-1,2684,2352,2351,-1,2684,2351,2350,-1,2359,2680,2360,-1,1734,1735,2682,-1,2682,1735,1736,-1,2682,1736,2685,-1,2341,2343,2627,-1,2627,2343,2679,-1,2627,2679,2625,-1,2625,2679,2686,-1,2625,2686,2624,-1,2624,2686,2687,-1,2688,2621,2687,-1,2687,2621,2622,-1,2687,2622,2624,-1,1736,1737,2685,-1,2685,1737,1738,-1,2685,1738,2689,-1,2689,1738,1739,-1,2689,1739,2690,-1,2690,1739,1740,-1,2690,1740,2691,-1,2360,2680,2679,-1,2679,2680,2692,-1,2679,2692,2686,-1,2686,2692,2693,-1,2686,2693,2687,-1,2687,2693,2694,-1,2687,2694,2688,-1,2688,2694,2695,-1,2688,2695,2696,-1,2615,2616,2696,-1,2696,2616,2618,-1,2696,2618,2688,-1,2688,2618,2619,-1,2688,2619,2621,-1,1740,1742,2691,-1,2691,1742,1741,-1,2691,1741,2678,-1,2356,2684,2681,-1,2681,2684,2697,-1,2681,2697,2698,-1,2698,2697,2699,-1,2698,2699,2700,-1,2700,2699,2701,-1,2700,2701,2702,-1,2702,2701,2703,-1,2702,2703,2704,-1,2704,2703,2705,-1,2704,2705,2706,-1,2613,2615,2707,-1,2707,2615,2696,-1,2707,2696,2708,-1,2708,2696,2695,-1,1731,2676,1732,-1,1732,2676,2678,-1,1732,2678,1743,-1,1743,2678,1741,-1,2348,2682,2683,-1,2683,2682,2685,-1,2683,2685,2709,-1,2709,2685,2689,-1,2709,2689,2710,-1,2710,2689,2690,-1,2710,2690,2711,-1,2711,2690,2691,-1,2711,2691,2712,-1,2712,2691,2678,-1,2712,2678,2675,-1,2675,2678,2677,-1,2675,2677,2673,-1,2350,2683,2684,-1,2684,2683,2709,-1,2684,2709,2697,-1,2697,2709,2710,-1,2697,2710,2699,-1,2699,2710,2711,-1,2699,2711,2701,-1,2701,2711,2712,-1,2701,2712,2703,-1,2703,2712,2675,-1,2703,2675,2705,-1,2705,2675,2674,-1,2705,2674,2713,-1,2713,2714,2705,-1,2705,2714,2715,-1,2705,2715,2706,-1,2706,2715,2716,-1,2706,2716,2717,-1,2717,2708,2706,-1,2706,2708,2695,-1,2706,2695,2704,-1,2704,2695,2694,-1,2704,2694,2702,-1,2702,2694,2693,-1,2702,2693,2700,-1,2700,2693,2692,-1,2700,2692,2698,-1,2698,2692,2680,-1,2698,2680,2681,-1,2681,2680,2358,-1,2681,2358,2357,-1,2717,2718,2708,-1,2708,2718,2719,-1,2708,2719,2707,-1,2707,2719,2720,-1,2707,2720,2721,-1,2721,2609,2707,-1,2707,2609,2608,-1,2707,2608,2613,-1,1571,1715,1731,-1,1731,1715,2722,-1,2723,2724,1752,-1,1759,2725,1760,-1,1760,2725,2726,-1,1760,2726,1761,-1,1761,2726,2727,-1,1761,2727,1764,-1,1764,2727,2728,-1,1764,2728,1765,-1,1765,2728,2729,-1,1765,2729,1766,-1,1766,2729,2730,-1,1766,2730,1772,-1,1772,2730,2731,-1,1772,2731,1773,-1,1773,2731,2732,-1,1773,2732,1775,-1,1752,1769,2723,-1,2723,1769,1768,-1,2723,1768,2733,-1,2733,1768,1763,-1,2733,1763,2734,-1,2734,1763,1762,-1,2734,1762,2735,-1,2735,1762,1767,-1,2735,1767,2736,-1,2736,1767,1749,-1,2736,1749,2737,-1,2737,1749,1774,-1,2737,1774,2738,-1,2738,1774,1796,-1,2738,1796,2739,-1,2739,1796,1797,-1,2739,1797,2740,-1,2740,1797,1795,-1,2740,1795,2741,-1,2741,1795,1794,-1,2741,1794,2742,-1,2742,1794,1793,-1,2742,1793,2743,-1,2743,1793,1792,-1,2743,1792,2744,-1,2744,1792,1791,-1,2744,1791,2745,-1,2745,1791,1790,-1,2745,1790,2746,-1,2746,1790,1789,-1,2746,1789,2747,-1,2747,1789,1788,-1,2747,1788,2748,-1,2748,1788,1776,-1,2748,1776,2749,-1,2749,1776,1775,-1,2749,1775,2750,-1,2750,1775,2732,-1,2751,2725,1759,-1,1752,2724,1753,-1,1753,2724,2752,-1,1753,2752,1777,-1,1777,2752,2753,-1,1777,2753,1778,-1,1778,2753,2754,-1,1778,2754,1779,-1,1779,2754,2755,-1,1779,2755,1783,-1,1783,2755,2756,-1,1783,2756,1784,-1,1784,2756,2757,-1,1784,2757,1785,-1,1785,2757,2758,-1,1785,2758,1786,-1,1759,1748,2751,-1,2751,1748,1747,-1,2751,1747,2759,-1,2759,1747,1758,-1,2759,1758,2760,-1,2760,1758,1757,-1,2760,1757,2761,-1,2761,1757,1756,-1,2761,1756,2762,-1,2762,1756,1755,-1,2762,1755,2763,-1,2763,1755,1754,-1,2763,1754,2764,-1,2764,1754,1751,-1,2764,1751,2765,-1,2765,1751,1750,-1,2765,1750,2766,-1,2766,1750,1746,-1,2766,1746,2767,-1,2767,1746,1745,-1,2767,1745,2768,-1,2768,1745,1744,-1,2768,1744,2769,-1,2769,1744,1782,-1,2769,1782,2770,-1,2770,1782,1781,-1,2770,1781,2771,-1,2771,1781,1780,-1,2771,1780,2772,-1,2772,1780,1771,-1,2772,1771,2773,-1,2773,1771,1770,-1,2773,1770,2774,-1,2774,1770,1787,-1,2774,1787,2775,-1,2775,1787,1786,-1,2775,1786,2776,-1,2776,1786,2758,-1,2777,2778,1816,-1,1845,2779,1826,-1,1826,2779,2780,-1,1826,2780,1840,-1,1840,2780,2781,-1,1840,2781,1841,-1,1841,2781,2782,-1,1841,2782,1851,-1,1851,2782,2783,-1,1851,2783,1850,-1,1850,2783,2784,-1,1850,2784,1824,-1,1824,2784,2785,-1,1824,2785,1825,-1,1825,2785,2786,-1,1825,2786,1829,-1,1816,1815,2777,-1,2777,1815,1814,-1,2777,1814,2787,-1,2787,1814,1813,-1,2787,1813,2788,-1,2788,1813,1812,-1,2788,1812,2789,-1,2789,1812,1811,-1,2789,1811,2790,-1,2790,1811,1810,-1,2790,1810,2791,-1,2791,1810,1799,-1,2791,1799,2792,-1,2792,1799,1798,-1,2792,1798,2793,-1,2793,1798,1805,-1,2793,1805,2794,-1,2794,1805,1802,-1,2794,1802,2795,-1,2795,1802,1801,-1,2795,1801,2796,-1,2796,1801,1821,-1,2796,1821,2797,-1,2797,1821,1846,-1,2797,1846,2798,-1,2798,1846,1844,-1,2798,1844,2799,-1,2799,1844,1843,-1,2799,1843,2800,-1,2800,1843,1842,-1,2800,1842,2801,-1,2801,1842,1831,-1,2801,1831,2802,-1,2802,1831,1830,-1,2802,1830,2803,-1,2803,1830,1829,-1,2803,1829,2804,-1,2804,1829,2786,-1,2805,2779,1845,-1,1816,2778,1817,-1,1817,2778,2806,-1,1817,2806,1819,-1,1819,2806,2807,-1,1819,2807,1820,-1,1820,2807,2808,-1,1820,2808,1832,-1,1832,2808,2809,-1,1832,2809,1833,-1,1833,2809,2810,-1,1833,2810,1834,-1,1834,2810,2811,-1,1834,2811,1835,-1,1835,2811,2812,-1,1835,2812,1836,-1,1845,1823,2805,-1,2805,1823,1822,-1,2805,1822,2813,-1,2813,1822,1803,-1,2813,1803,2814,-1,2814,1803,1804,-1,2814,1804,2815,-1,2815,1804,1809,-1,2815,1809,2816,-1,2816,1809,1800,-1,2816,1800,2817,-1,2817,1800,1818,-1,2817,1818,2818,-1,2818,1818,1839,-1,2818,1839,2819,-1,2819,1839,1838,-1,2819,1838,2820,-1,2820,1838,1828,-1,2820,1828,2821,-1,2821,1828,1827,-1,2821,1827,2822,-1,2822,1827,1808,-1,2822,1808,2823,-1,2823,1808,1807,-1,2823,1807,2824,-1,2824,1807,1806,-1,2824,1806,2825,-1,2825,1806,1849,-1,2825,1849,2826,-1,2826,1849,1848,-1,2826,1848,2827,-1,2827,1848,1847,-1,2827,1847,2828,-1,2828,1847,1837,-1,2828,1837,2829,-1,2829,1837,1836,-1,2829,1836,2830,-1,2830,1836,2812,-1,2722,1715,2831,-1,2722,2831,2832,-1,2832,2831,2833,-1,2832,2833,2834,-1,2834,2833,2835,-1,2834,2835,2836,-1,2836,2835,2837,-1,2836,2837,2838,-1,2838,2837,2839,-1,2838,2839,2840,-1,2840,2839,2841,-1,2840,2841,2842,-1,2842,2841,2843,-1,2842,2843,2844,-1,2845,2846,2847,-1,2848,2849,2850,-1,1852,1853,2851,-1,2851,1853,2852,-1,2851,2852,2853,-1,2853,2852,2854,-1,2853,2854,2855,-1,2855,2854,2856,-1,2855,2856,2857,-1,2857,2856,2858,-1,2857,2858,2859,-1,2859,2858,2860,-1,2859,2860,2861,-1,2861,2860,2862,-1,2861,2862,2863,-1,2864,2865,2862,-1,2862,2865,2866,-1,2862,2866,2863,-1,2867,2868,2869,-1,2870,2871,2872,-1,1855,1854,2873,-1,2873,1854,2874,-1,2873,2874,2875,-1,2875,2874,2876,-1,2875,2876,2877,-1,2877,2876,2878,-1,2877,2878,2879,-1,2879,2878,2880,-1,2879,2880,2881,-1,2881,2880,2882,-1,2881,2882,2847,-1,2847,2882,2883,-1,2847,2883,2845,-1,2845,2883,2884,-1,1853,1859,2852,-1,2852,1859,2885,-1,2852,2885,2854,-1,2854,2885,2886,-1,2854,2886,2856,-1,2856,2886,2887,-1,2856,2887,2858,-1,2858,2887,2888,-1,2858,2888,2860,-1,2860,2888,2889,-1,2860,2889,2862,-1,2862,2889,2869,-1,2862,2869,2864,-1,2864,2869,2868,-1,1859,1858,2885,-1,2885,1858,2890,-1,2885,2890,2886,-1,2886,2890,2891,-1,2886,2891,2887,-1,2887,2891,2892,-1,2887,2892,2888,-1,2888,2892,2893,-1,2888,2893,2889,-1,2889,2893,2894,-1,2889,2894,2869,-1,2869,2894,2872,-1,2869,2872,2867,-1,2867,2872,2871,-1,1858,1857,2890,-1,2890,1857,2895,-1,2890,2895,2891,-1,2891,2895,2896,-1,2891,2896,2892,-1,2892,2896,2897,-1,2892,2897,2893,-1,2893,2897,2898,-1,2893,2898,2894,-1,2894,2898,2899,-1,2894,2899,2872,-1,2872,2899,2900,-1,2872,2900,2870,-1,2870,2900,2901,-1,1857,1856,2895,-1,2895,1856,2902,-1,2895,2902,2896,-1,2896,2902,2903,-1,2896,2903,2897,-1,2897,2903,2904,-1,2897,2904,2898,-1,2898,2904,2905,-1,2898,2905,2899,-1,2899,2905,2906,-1,2899,2906,2900,-1,2900,2906,2850,-1,2900,2850,2901,-1,2901,2850,2849,-1,1856,1855,2902,-1,2902,1855,2873,-1,2902,2873,2903,-1,2903,2873,2875,-1,2903,2875,2904,-1,2904,2875,2877,-1,2904,2877,2905,-1,2905,2877,2879,-1,2905,2879,2906,-1,2906,2879,2881,-1,2906,2881,2850,-1,2850,2881,2847,-1,2850,2847,2848,-1,2848,2847,2846,-1,2907,2884,2883,-1,2907,2883,2908,-1,2908,2883,2882,-1,2908,2882,2909,-1,2909,2882,2880,-1,2909,2880,2910,-1,2910,2880,2878,-1,2910,2878,2911,-1,2911,2878,2876,-1,2911,2876,2912,-1,2912,2876,2874,-1,2912,2874,2913,-1,2913,2874,1854,-1,2913,1854,1860,-1,2914,2915,2916,-1,2917,2918,2919,-1,1860,1861,2913,-1,2913,1861,2920,-1,2913,2920,2912,-1,2912,2920,2921,-1,2912,2921,2911,-1,2911,2921,2922,-1,2911,2922,2910,-1,2910,2922,2923,-1,2910,2923,2909,-1,2909,2923,2924,-1,2909,2924,2908,-1,2908,2924,2925,-1,2908,2925,2907,-1,2926,2927,2925,-1,2925,2927,2928,-1,2925,2928,2907,-1,2929,2930,2931,-1,2932,2933,2934,-1,1862,1369,2935,-1,2935,1369,2936,-1,2935,2936,2937,-1,2937,2936,2938,-1,2937,2938,2939,-1,2939,2938,2940,-1,2939,2940,2941,-1,2941,2940,2942,-1,2941,2942,2943,-1,2943,2942,2944,-1,2943,2944,2916,-1,2916,2944,2945,-1,2916,2945,2914,-1,2914,2945,2946,-1,1861,1866,2920,-1,2920,1866,2947,-1,2920,2947,2921,-1,2921,2947,2948,-1,2921,2948,2922,-1,2922,2948,2949,-1,2922,2949,2923,-1,2923,2949,2950,-1,2923,2950,2924,-1,2924,2950,2951,-1,2924,2951,2925,-1,2925,2951,2931,-1,2925,2931,2926,-1,2926,2931,2930,-1,1866,1865,2947,-1,2947,1865,2952,-1,2947,2952,2948,-1,2948,2952,2953,-1,2948,2953,2949,-1,2949,2953,2954,-1,2949,2954,2950,-1,2950,2954,2955,-1,2950,2955,2951,-1,2951,2955,2956,-1,2951,2956,2931,-1,2931,2956,2934,-1,2931,2934,2929,-1,2929,2934,2933,-1,1865,1864,2952,-1,2952,1864,2957,-1,2952,2957,2953,-1,2953,2957,2958,-1,2953,2958,2954,-1,2954,2958,2959,-1,2954,2959,2955,-1,2955,2959,2960,-1,2955,2960,2956,-1,2956,2960,2961,-1,2956,2961,2934,-1,2934,2961,2962,-1,2934,2962,2932,-1,2932,2962,2963,-1,1864,1863,2957,-1,2957,1863,2964,-1,2957,2964,2958,-1,2958,2964,2965,-1,2958,2965,2959,-1,2959,2965,2966,-1,2959,2966,2960,-1,2960,2966,2967,-1,2960,2967,2961,-1,2961,2967,2968,-1,2961,2968,2962,-1,2962,2968,2919,-1,2962,2919,2963,-1,2963,2919,2918,-1,1863,1862,2964,-1,2964,1862,2935,-1,2964,2935,2965,-1,2965,2935,2937,-1,2965,2937,2966,-1,2966,2937,2939,-1,2966,2939,2967,-1,2967,2939,2941,-1,2967,2941,2968,-1,2968,2941,2943,-1,2968,2943,2919,-1,2919,2943,2916,-1,2919,2916,2917,-1,2917,2916,2915,-1,2969,2946,2945,-1,2969,2945,2970,-1,2970,2945,2944,-1,2970,2944,2971,-1,2971,2944,2942,-1,2971,2942,2972,-1,2972,2942,2940,-1,2972,2940,2973,-1,2973,2940,2938,-1,2973,2938,2974,-1,2974,2938,2936,-1,2974,2936,2975,-1,2975,2936,1369,-1,2975,1369,1368,-1,1870,1368,1868,-1,1868,1368,1370,-1,2976,2977,2969,-1,2969,2977,2978,-1,2969,2978,2979,-1,2969,2970,2976,-1,2976,2970,2971,-1,2976,2971,2972,-1,1870,1872,1368,-1,1368,1872,1874,-1,1368,1874,2975,-1,2975,1874,2976,-1,2972,2973,2976,-1,2976,2973,2974,-1,2976,2974,2975,-1,2980,2979,2978,-1,2976,1874,1873,-1,2977,2981,2978,-1,2978,2981,2982,-1,2982,2983,2978,-1,2978,2983,2984,-1,2978,2984,2980,-1,1873,2985,2976,-1,2976,2985,2986,-1,2976,2986,2977,-1,2977,2986,2987,-1,2977,2987,2981,-1,1873,1871,1379,-1,1871,1869,1379,-1,1379,1869,1867,-1,1379,1867,1375,-1,2983,2988,2984,-1,2984,2988,2980,-1,2983,2982,2988,-1,2988,2982,2981,-1,2988,2981,2989,-1,2989,2981,2987,-1,2989,2987,2990,-1,2990,2987,2986,-1,2990,2986,2991,-1,2991,2986,2992,-1,1873,1379,2985,-1,2985,1379,2993,-1,2985,2993,2986,-1,2986,2993,2994,-1,2986,2994,2992,-1,2995,2988,2989,-1,2995,2989,2996,-1,2996,2989,2990,-1,2996,2990,2997,-1,2997,2990,2991,-1,2997,2991,2998,-1,2998,2991,2992,-1,2998,2992,2999,-1,2999,2992,2994,-1,2999,2994,3000,-1,3000,2994,2993,-1,3000,2993,3001,-1,3001,2993,1379,-1,3001,1379,1378,-1,3002,3003,3004,-1,3005,3006,3007,-1,1378,1875,3001,-1,3001,1875,3008,-1,3001,3008,3000,-1,3000,3008,3009,-1,3000,3009,2999,-1,2999,3009,3010,-1,2999,3010,2998,-1,2998,3010,3011,-1,2998,3011,2997,-1,2997,3011,3012,-1,2997,3012,2996,-1,2996,3012,3013,-1,2996,3013,2995,-1,3014,3015,3013,-1,3013,3015,3016,-1,3013,3016,2995,-1,3017,3018,3019,-1,3020,3021,3022,-1,1877,1876,3023,-1,3023,1876,3024,-1,3023,3024,3025,-1,3025,3024,3026,-1,3025,3026,3027,-1,3027,3026,3028,-1,3027,3028,3029,-1,3029,3028,3030,-1,3029,3030,3031,-1,3031,3030,3032,-1,3031,3032,3004,-1,3004,3032,3033,-1,3004,3033,3002,-1,3002,3033,3034,-1,1875,1881,3008,-1,3008,1881,3035,-1,3008,3035,3009,-1,3009,3035,3036,-1,3009,3036,3010,-1,3010,3036,3037,-1,3010,3037,3011,-1,3011,3037,3038,-1,3011,3038,3012,-1,3012,3038,3039,-1,3012,3039,3013,-1,3013,3039,3019,-1,3013,3019,3014,-1,3014,3019,3018,-1,1881,1880,3035,-1,3035,1880,3040,-1,3035,3040,3036,-1,3036,3040,3041,-1,3036,3041,3037,-1,3037,3041,3042,-1,3037,3042,3038,-1,3038,3042,3043,-1,3038,3043,3039,-1,3039,3043,3044,-1,3039,3044,3019,-1,3019,3044,3022,-1,3019,3022,3017,-1,3017,3022,3021,-1,1880,1879,3040,-1,3040,1879,3045,-1,3040,3045,3041,-1,3041,3045,3046,-1,3041,3046,3042,-1,3042,3046,3047,-1,3042,3047,3043,-1,3043,3047,3048,-1,3043,3048,3044,-1,3044,3048,3049,-1,3044,3049,3022,-1,3022,3049,3050,-1,3022,3050,3020,-1,3020,3050,3051,-1,1879,1878,3045,-1,3045,1878,3052,-1,3045,3052,3046,-1,3046,3052,3053,-1,3046,3053,3047,-1,3047,3053,3054,-1,3047,3054,3048,-1,3048,3054,3055,-1,3048,3055,3049,-1,3049,3055,3056,-1,3049,3056,3050,-1,3050,3056,3007,-1,3050,3007,3051,-1,3051,3007,3006,-1,1878,1877,3052,-1,3052,1877,3023,-1,3052,3023,3053,-1,3053,3023,3025,-1,3053,3025,3054,-1,3054,3025,3027,-1,3054,3027,3055,-1,3055,3027,3029,-1,3055,3029,3056,-1,3056,3029,3031,-1,3056,3031,3007,-1,3007,3031,3004,-1,3007,3004,3005,-1,3005,3004,3003,-1,3057,3034,3033,-1,3057,3033,3058,-1,3058,3033,3032,-1,3058,3032,3059,-1,3059,3032,3030,-1,3059,3030,3060,-1,3060,3030,3028,-1,3060,3028,3061,-1,3061,3028,3026,-1,3061,3026,3062,-1,3062,3026,3024,-1,3062,3024,3063,-1,3063,3024,1876,-1,3063,1876,1882,-1,3064,3065,3066,-1,3067,3068,3069,-1,1882,1889,3063,-1,3063,1889,3070,-1,3063,3070,3062,-1,3062,3070,3071,-1,3062,3071,3061,-1,3061,3071,3072,-1,3061,3072,3060,-1,3060,3072,3073,-1,3060,3073,3059,-1,3059,3073,3074,-1,3059,3074,3058,-1,3058,3074,3075,-1,3058,3075,3057,-1,3076,3077,3075,-1,3075,3077,3078,-1,3075,3078,3057,-1,3079,3080,3081,-1,3082,3083,3084,-1,1884,1883,3085,-1,3085,1883,3086,-1,3085,3086,3087,-1,3087,3086,3088,-1,3087,3088,3089,-1,3089,3088,3090,-1,3089,3090,3091,-1,3091,3090,3092,-1,3091,3092,3093,-1,3093,3092,3094,-1,3093,3094,3066,-1,3066,3094,3095,-1,3066,3095,3064,-1,3064,3095,3096,-1,1889,1888,3070,-1,3070,1888,3097,-1,3070,3097,3071,-1,3071,3097,3098,-1,3071,3098,3072,-1,3072,3098,3099,-1,3072,3099,3073,-1,3073,3099,3100,-1,3073,3100,3074,-1,3074,3100,3101,-1,3074,3101,3075,-1,3075,3101,3081,-1,3075,3081,3076,-1,3076,3081,3080,-1,1888,1887,3097,-1,3097,1887,3102,-1,3097,3102,3098,-1,3098,3102,3103,-1,3098,3103,3099,-1,3099,3103,3104,-1,3099,3104,3100,-1,3100,3104,3105,-1,3100,3105,3101,-1,3101,3105,3106,-1,3101,3106,3081,-1,3081,3106,3084,-1,3081,3084,3079,-1,3079,3084,3083,-1,1887,1886,3102,-1,3102,1886,3107,-1,3102,3107,3103,-1,3103,3107,3108,-1,3103,3108,3104,-1,3104,3108,3109,-1,3104,3109,3105,-1,3105,3109,3110,-1,3105,3110,3106,-1,3106,3110,3111,-1,3106,3111,3084,-1,3084,3111,3112,-1,3084,3112,3082,-1,3082,3112,3113,-1,1886,1885,3107,-1,3107,1885,3114,-1,3107,3114,3108,-1,3108,3114,3115,-1,3108,3115,3109,-1,3109,3115,3116,-1,3109,3116,3110,-1,3110,3116,3117,-1,3110,3117,3111,-1,3111,3117,3118,-1,3111,3118,3112,-1,3112,3118,3069,-1,3112,3069,3113,-1,3113,3069,3068,-1,1885,1884,3114,-1,3114,1884,3085,-1,3114,3085,3115,-1,3115,3085,3087,-1,3115,3087,3116,-1,3116,3087,3089,-1,3116,3089,3117,-1,3117,3089,3091,-1,3117,3091,3118,-1,3118,3091,3093,-1,3118,3093,3069,-1,3069,3093,3066,-1,3069,3066,3067,-1,3067,3066,3065,-1,2863,3096,3095,-1,2863,3095,2861,-1,2861,3095,3094,-1,2861,3094,2859,-1,2859,3094,3092,-1,2859,3092,2857,-1,2857,3092,3090,-1,2857,3090,2855,-1,2855,3090,3088,-1,2855,3088,2853,-1,2853,3088,3086,-1,2853,3086,2851,-1,2851,3086,1883,-1,2851,1883,1852,-1,3119,1904,1903,-1,3119,1903,3120,-1,3120,1903,1897,-1,3120,1897,3121,-1,3121,1897,1896,-1,3121,1896,3122,-1,3122,1896,1895,-1,3122,1895,3123,-1,3123,1895,1924,-1,3123,1924,3124,-1,3124,1924,1923,-1,3124,1923,3125,-1,3125,1923,1941,-1,3125,1941,3126,-1,3126,1941,1952,-1,3126,1952,3127,-1,3127,1952,1947,-1,3127,1947,3128,-1,3128,1947,1949,-1,3128,1949,3129,-1,3129,1949,1950,-1,3129,1950,3130,-1,3130,1950,1948,-1,3130,1948,3131,-1,3131,1948,1951,-1,3131,1951,3132,-1,3132,1951,1940,-1,3132,1940,3133,-1,3133,1940,1939,-1,3133,1939,3134,-1,3134,1939,1955,-1,3134,1955,3135,-1,3135,1955,1925,-1,3135,1925,3136,-1,3136,1925,1926,-1,3136,1926,3137,-1,3137,1926,1938,-1,3137,1938,3138,-1,3138,1938,1937,-1,3138,1937,3139,-1,3139,1937,1922,-1,3139,1922,3140,-1,3140,1922,1921,-1,3140,1921,3141,-1,3141,1921,1920,-1,3141,1920,3142,-1,3142,1920,1894,-1,3142,1894,3143,-1,3143,1894,1893,-1,3143,1893,3144,-1,3144,1893,1901,-1,3144,1901,3145,-1,3145,1901,1902,-1,3145,1902,3146,-1,3146,1902,1891,-1,3146,1891,3147,-1,3147,1891,1890,-1,3147,1890,3148,-1,3148,1890,1936,-1,3148,1936,3149,-1,3149,1936,1935,-1,3149,1935,3150,-1,3150,1935,1919,-1,3150,1919,3151,-1,3151,1919,1918,-1,3151,1918,3152,-1,3152,1918,1917,-1,3152,1917,3153,-1,3153,1917,1898,-1,3153,1898,3154,-1,3154,1898,1899,-1,3154,1899,3155,-1,3155,1899,1900,-1,3155,1900,3156,-1,3156,1900,1915,-1,3156,1915,3157,-1,3157,1915,1916,-1,3157,1916,3158,-1,3158,1916,1946,-1,3158,1946,3159,-1,3159,1946,1945,-1,3159,1945,3160,-1,3160,1945,1944,-1,3160,1944,3161,-1,3161,1944,1954,-1,3161,1954,3162,-1,3162,1954,1953,-1,3162,1953,3163,-1,3163,1953,1912,-1,3163,1912,3164,-1,3164,1912,1911,-1,3164,1911,3165,-1,3165,1911,1943,-1,3165,1943,3166,-1,3166,1943,1942,-1,3166,1942,3167,-1,3167,1942,1934,-1,3167,1934,3168,-1,3168,1934,1933,-1,3168,1933,3169,-1,3169,1933,1932,-1,3169,1932,3170,-1,3170,1932,1929,-1,3170,1929,3171,-1,3171,1929,1931,-1,3171,1931,3172,-1,3172,1931,1930,-1,3172,1930,3173,-1,3173,1930,1928,-1,3173,1928,3174,-1,3174,1928,1927,-1,3174,1927,3175,-1,3175,1927,1913,-1,3175,1913,3176,-1,3176,1913,1914,-1,3176,1914,3177,-1,3177,1914,1910,-1,3177,1910,3178,-1,3178,1910,1909,-1,3178,1909,3179,-1,3179,1909,1908,-1,3179,1908,3180,-1,3180,1908,1892,-1,3180,1892,3181,-1,3181,1892,1907,-1,3181,1907,3182,-1,3182,1907,1906,-1,3182,1906,3183,-1,3183,1906,1905,-1,3183,1905,3184,-1,3184,1905,1904,-1,3184,1904,3119,-1,3185,1989,1988,-1,3185,1988,3186,-1,3186,1988,1963,-1,3186,1963,3187,-1,3187,1963,1964,-1,3187,1964,3188,-1,3188,1964,1970,-1,3188,1970,3189,-1,3189,1970,1968,-1,3189,1968,3190,-1,3190,1968,1967,-1,3190,1967,3191,-1,3191,1967,2014,-1,3191,2014,3192,-1,3192,2014,2013,-1,3192,2013,3193,-1,3193,2013,2012,-1,3193,2012,3194,-1,3194,2012,2019,-1,3194,2019,3195,-1,3195,2019,2018,-1,3195,2018,3196,-1,3196,2018,2001,-1,3196,2001,3197,-1,3197,2001,2002,-1,3197,2002,3198,-1,3198,2002,2003,-1,3198,2003,3199,-1,3199,2003,2021,-1,3199,2021,3200,-1,3200,2021,2017,-1,3200,2017,3201,-1,3201,2017,2016,-1,3201,2016,3202,-1,3202,2016,2015,-1,3202,2015,3203,-1,3203,2015,2009,-1,3203,2009,3204,-1,3204,2009,2008,-1,3204,2008,3205,-1,3205,2008,2010,-1,3205,2010,3206,-1,3206,2010,2011,-1,3206,2011,3207,-1,3207,2011,2020,-1,3207,2020,3208,-1,3208,2020,1969,-1,3208,1969,3209,-1,3209,1969,1987,-1,3209,1987,3210,-1,3210,1987,1986,-1,3210,1986,3211,-1,3211,1986,1983,-1,3211,1983,3212,-1,3212,1983,1984,-1,3212,1984,3213,-1,3213,1984,1985,-1,3213,1985,3214,-1,3214,1985,2000,-1,3214,2000,3215,-1,3215,2000,1999,-1,3215,1999,3216,-1,3216,1999,1982,-1,3216,1982,3217,-1,3217,1982,1981,-1,3217,1981,3218,-1,3218,1981,1980,-1,3218,1980,3219,-1,3219,1980,1966,-1,3219,1966,3220,-1,3220,1966,1965,-1,3220,1965,3221,-1,3221,1965,1958,-1,3221,1958,3222,-1,3222,1958,1979,-1,3222,1979,3223,-1,3223,1979,1978,-1,3223,1978,3224,-1,3224,1978,1977,-1,3224,1977,3225,-1,3225,1977,1976,-1,3225,1976,3226,-1,3226,1976,1975,-1,3226,1975,3227,-1,3227,1975,1974,-1,3227,1974,3228,-1,3228,1974,1998,-1,3228,1998,3229,-1,3229,1998,1962,-1,3229,1962,3230,-1,3230,1962,1997,-1,3230,1997,3231,-1,3231,1997,1973,-1,3231,1973,3232,-1,3232,1973,1972,-1,3232,1972,3233,-1,3233,1972,1971,-1,3233,1971,3234,-1,3234,1971,1961,-1,3234,1961,3235,-1,3235,1961,1960,-1,3235,1960,3236,-1,3236,1960,2007,-1,3236,2007,3237,-1,3237,2007,2006,-1,3237,2006,3238,-1,3238,2006,1996,-1,3238,1996,3239,-1,3239,1996,1995,-1,3239,1995,3240,-1,3240,1995,1994,-1,3240,1994,3241,-1,3241,1994,1957,-1,3241,1957,3242,-1,3242,1957,1956,-1,3242,1956,3243,-1,3243,1956,1959,-1,3243,1959,3244,-1,3244,1959,1993,-1,3244,1993,3245,-1,3245,1993,1992,-1,3245,1992,3246,-1,3246,1992,1991,-1,3246,1991,3247,-1,3247,1991,2005,-1,3247,2005,3248,-1,3248,2005,2004,-1,3248,2004,3249,-1,3249,2004,1990,-1,3249,1990,3250,-1,3250,1990,1989,-1,3250,1989,3185,-1,3251,3252,3253,-1,3254,3255,3256,-1,3257,3258,3253,-1,3253,3258,3259,-1,3253,3259,3260,-1,3260,3261,3253,-1,3253,3261,3262,-1,3253,3262,3263,-1,3263,3264,3253,-1,3253,3264,3265,-1,3253,3265,3251,-1,3257,3253,3266,-1,3266,3253,3267,-1,3266,3267,3256,-1,3256,3267,3268,-1,3256,3268,3254,-1,3255,3269,3270,-1,3270,3271,3255,-1,3255,3271,3272,-1,3255,3272,3273,-1,3273,3274,3255,-1,3255,3274,3275,-1,3255,3275,3276,-1,3276,3277,3255,-1,3255,3277,3278,-1,3255,3278,3279,-1,3279,3280,3255,-1,3255,3280,3281,-1,3255,3281,3282,-1,3282,3283,3255,-1,3255,3283,3284,-1,3255,3284,3256,-1,1716,1717,3285,-1,1718,1719,3286,-1,1720,1721,3287,-1,1722,1723,3288,-1,1724,1725,3289,-1,3290,3291,3292,-1,3293,3294,3295,-1,3293,3295,3296,-1,3297,3298,3299,-1,3300,3290,3301,-1,3301,3290,3292,-1,3301,3292,3302,-1,3302,3292,3303,-1,3304,3305,3306,-1,3306,3305,3307,-1,3306,3307,3308,-1,3309,3310,3304,-1,3304,3310,3311,-1,3304,3311,3305,-1,3312,3313,3314,-1,3314,3313,3315,-1,3314,3315,3316,-1,3316,3315,3317,-1,3316,3317,3318,-1,3318,3317,3319,-1,3318,3319,3320,-1,3320,3319,3321,-1,1730,3321,1729,-1,1729,3321,3319,-1,1729,3319,1728,-1,1728,3319,3317,-1,1728,3317,1727,-1,1727,3317,1726,-1,1715,1716,2831,-1,2831,1716,3285,-1,2831,3285,2833,-1,2833,3285,3322,-1,2833,3322,2835,-1,2835,3322,3323,-1,2835,3323,2837,-1,2837,3323,3324,-1,2837,3324,2839,-1,2839,3324,3325,-1,2839,3325,2841,-1,2841,3325,3295,-1,2841,3295,2843,-1,2843,3295,3294,-1,1725,1726,3289,-1,3289,1726,3317,-1,3289,3317,3326,-1,3326,3317,3315,-1,3326,3315,3309,-1,3309,3315,3313,-1,3309,3313,3310,-1,3310,3313,3312,-1,1723,1724,3288,-1,3288,1724,3289,-1,3288,3289,3327,-1,3327,3289,3326,-1,3327,3326,3328,-1,3328,3326,3309,-1,3328,3309,3329,-1,3329,3309,3304,-1,3329,3304,3303,-1,3303,3304,3306,-1,3303,3306,3302,-1,3302,3306,3308,-1,1717,1718,3285,-1,3285,1718,3286,-1,3285,3286,3322,-1,3322,3286,3330,-1,3322,3330,3323,-1,3323,3330,3331,-1,3323,3331,3324,-1,3324,3331,3332,-1,3324,3332,3325,-1,3325,3332,3333,-1,3325,3333,3295,-1,3295,3333,3299,-1,3295,3299,3296,-1,3296,3299,3298,-1,1719,1720,3286,-1,3286,1720,3287,-1,3286,3287,3330,-1,3330,3287,3334,-1,3330,3334,3331,-1,3331,3334,3335,-1,3331,3335,3332,-1,3332,3335,3336,-1,3332,3336,3333,-1,3333,3336,3337,-1,3333,3337,3299,-1,3299,3337,3338,-1,3299,3338,3297,-1,3297,3338,3339,-1,1721,1722,3287,-1,3287,1722,3288,-1,3287,3288,3334,-1,3334,3288,3327,-1,3334,3327,3335,-1,3335,3327,3328,-1,3335,3328,3336,-1,3336,3328,3329,-1,3336,3329,3337,-1,3337,3329,3303,-1,3337,3303,3338,-1,3338,3303,3292,-1,3338,3292,3339,-1,3339,3292,3291,-1,3340,3341,3342,-1,3343,3344,3345,-1,3345,3344,3346,-1,3345,3346,3347,-1,3347,3346,3348,-1,3347,3348,2096,-1,2096,3348,3349,-1,2096,3349,2095,-1,3350,3351,3352,-1,3352,3351,3353,-1,3352,3353,3343,-1,3343,3353,3354,-1,3343,3354,3344,-1,3350,3352,3355,-1,3355,3352,3356,-1,3355,3356,3357,-1,3357,3356,3358,-1,3357,3358,3359,-1,3359,3358,3360,-1,3360,3358,3361,-1,3360,3361,3362,-1,3362,3361,3363,-1,3363,3361,3364,-1,3363,3364,3365,-1,3365,3364,3366,-1,3366,3364,3367,-1,3366,3367,3368,-1,3368,3367,3369,-1,3369,3367,3370,-1,3369,3370,3371,-1,3371,3370,3372,-1,3372,3370,3373,-1,3372,3373,3374,-1,3374,3373,3375,-1,3374,3375,3376,-1,3376,3375,3377,-1,3377,3375,3378,-1,3377,3378,3379,-1,3342,3341,3378,-1,3378,3341,3380,-1,3378,3380,3379,-1,2057,3340,2055,-1,2055,3340,3342,-1,2055,3342,2176,-1,2162,2176,3381,-1,2148,2162,3382,-1,2134,2148,3383,-1,2120,2134,3384,-1,2046,2120,3385,-1,2046,3385,2045,-1,2045,3385,3386,-1,2045,3386,2041,-1,2041,3386,3387,-1,2041,3387,2037,-1,2037,3387,3388,-1,2037,3388,2030,-1,2030,3388,3389,-1,2030,3389,2029,-1,2029,3389,3390,-1,2029,3390,2028,-1,2028,3390,3391,-1,2028,3391,2036,-1,2036,3391,3392,-1,2036,3392,2040,-1,2040,3392,3393,-1,2040,3393,2044,-1,2044,3393,3394,-1,2044,3394,2035,-1,2035,3394,3395,-1,2035,3395,2034,-1,2034,3395,3396,-1,2034,3396,2026,-1,2026,3396,3397,-1,2026,3397,2027,-1,2027,3397,3398,-1,2027,3398,2051,-1,2051,3398,2104,-1,2051,2104,2050,-1,2120,3384,3385,-1,3385,3384,3399,-1,3385,3399,3386,-1,3386,3399,3400,-1,3386,3400,3387,-1,3387,3400,3401,-1,3387,3401,3388,-1,3388,3401,3402,-1,3388,3402,3389,-1,3389,3402,3403,-1,3389,3403,3390,-1,3390,3403,3404,-1,3390,3404,3391,-1,3391,3404,3405,-1,3391,3405,3392,-1,3392,3405,3406,-1,3392,3406,3393,-1,3393,3406,3407,-1,3393,3407,3394,-1,3394,3407,3408,-1,3394,3408,3395,-1,3395,3408,3409,-1,3395,3409,3396,-1,3396,3409,3410,-1,3396,3410,3397,-1,3397,3410,3411,-1,3397,3411,3398,-1,3398,3411,2102,-1,3398,2102,2104,-1,2134,3383,3384,-1,3384,3383,3412,-1,3384,3412,3399,-1,3399,3412,3413,-1,3399,3413,3400,-1,3400,3413,3414,-1,3400,3414,3401,-1,3401,3414,3415,-1,3401,3415,3402,-1,3402,3415,3416,-1,3402,3416,3403,-1,3403,3416,3417,-1,3403,3417,3404,-1,3404,3417,3418,-1,3404,3418,3405,-1,3405,3418,3419,-1,3405,3419,3406,-1,3406,3419,3420,-1,3406,3420,3407,-1,3407,3420,3421,-1,3407,3421,3408,-1,3408,3421,3422,-1,3408,3422,3409,-1,3409,3422,3423,-1,3409,3423,3410,-1,3410,3423,3424,-1,3410,3424,3411,-1,3411,3424,2100,-1,3411,2100,2102,-1,2148,3382,3383,-1,3383,3382,3425,-1,3383,3425,3412,-1,3412,3425,3426,-1,3412,3426,3413,-1,3413,3426,3427,-1,3413,3427,3414,-1,3414,3427,3428,-1,3414,3428,3415,-1,3415,3428,3429,-1,3415,3429,3416,-1,3416,3429,3430,-1,3416,3430,3417,-1,3417,3430,3431,-1,3417,3431,3418,-1,3418,3431,3432,-1,3418,3432,3419,-1,3419,3432,3433,-1,3419,3433,3420,-1,3420,3433,3434,-1,3420,3434,3421,-1,3421,3434,3435,-1,3421,3435,3422,-1,3422,3435,3436,-1,3422,3436,3423,-1,3423,3436,3437,-1,3423,3437,3424,-1,3424,3437,2098,-1,3424,2098,2100,-1,2162,3381,3382,-1,3382,3381,3438,-1,3382,3438,3425,-1,3425,3438,3439,-1,3425,3439,3426,-1,3426,3439,3440,-1,3426,3440,3427,-1,3427,3440,3441,-1,3427,3441,3428,-1,3428,3441,3442,-1,3428,3442,3429,-1,3429,3442,3443,-1,3429,3443,3430,-1,3430,3443,3444,-1,3430,3444,3431,-1,3431,3444,3445,-1,3431,3445,3432,-1,3432,3445,3446,-1,3432,3446,3433,-1,3433,3446,3447,-1,3433,3447,3434,-1,3434,3447,3448,-1,3434,3448,3435,-1,3435,3448,3449,-1,3435,3449,3436,-1,3436,3449,3450,-1,3436,3450,3437,-1,3437,3450,2097,-1,3437,2097,2098,-1,2176,3342,3381,-1,3381,3342,3378,-1,3381,3378,3438,-1,3438,3378,3375,-1,3438,3375,3439,-1,3439,3375,3373,-1,3439,3373,3440,-1,3440,3373,3370,-1,3440,3370,3441,-1,3441,3370,3367,-1,3441,3367,3442,-1,3442,3367,3364,-1,3442,3364,3443,-1,3443,3364,3361,-1,3443,3361,3444,-1,3444,3361,3358,-1,3444,3358,3445,-1,3445,3358,3356,-1,3445,3356,3446,-1,3446,3356,3352,-1,3446,3352,3447,-1,3447,3352,3343,-1,3447,3343,3448,-1,3448,3343,3345,-1,3448,3345,3449,-1,3449,3345,3347,-1,3449,3347,3450,-1,3450,3347,2096,-1,3450,2096,2097,-1,2186,2094,3451,-1,3451,2094,2095,-1,2186,3451,2187,-1,2187,3451,3452,-1,2187,3452,2234,-1,2234,3452,3453,-1,2234,3453,2235,-1,2235,3453,1714,-1,2235,1714,1583,-1,3454,2057,2058,-1,3454,2058,3455,-1,3455,2058,2059,-1,3455,2059,3456,-1,3456,2059,2061,-1,3456,2061,3457,-1,3457,2061,2062,-1,3457,2062,3458,-1,3458,2062,2053,-1,3458,2053,3459,-1,3459,2053,2052,-1,3459,2052,3460,-1,3460,2052,2063,-1,3460,2063,3461,-1,3461,2063,2065,-1,3461,2065,3462,-1,3462,2065,2067,-1,3462,2067,3463,-1,3463,2067,2068,-1,3463,2068,3464,-1,3464,2068,2070,-1,3464,2070,3465,-1,3465,2070,2071,-1,3465,2071,3466,-1,3466,2071,2073,-1,3466,2073,3467,-1,2179,2178,3468,-1,2073,2074,3467,-1,3467,2074,2076,-1,3467,2076,3468,-1,3468,2076,2077,-1,3468,2077,2179,-1,2086,2242,2241,-1,2086,2241,2085,-1,2085,2241,2245,-1,2085,2245,2083,-1,2083,2245,2244,-1,2083,2244,2082,-1,2082,2244,2184,-1,2082,2184,2080,-1,2080,2184,2183,-1,2080,2183,2079,-1,2079,2183,2181,-1,2079,2181,2077,-1,2077,2181,2180,-1,2077,2180,2179,-1,2242,2086,2238,-1,2238,2086,2088,-1,2238,2088,2239,-1,2239,2088,2089,-1,2239,2089,2268,-1,2268,2089,2091,-1,2268,2091,2186,-1,2186,2091,2092,-1,2186,2092,2094,-1,3469,3470,3471,-1,3472,3473,3474,-1,2214,2215,3475,-1,2216,2220,3476,-1,3476,2220,2219,-1,3476,2219,3477,-1,2218,2217,3478,-1,3478,2217,3479,-1,2218,3478,2209,-1,2209,3478,3480,-1,2209,3480,2207,-1,2207,3480,3481,-1,2207,3481,2211,-1,3482,2213,3481,-1,3481,2213,2212,-1,3481,2212,2211,-1,2204,2203,3482,-1,3482,2203,2202,-1,3482,2202,2213,-1,3482,3483,2204,-1,2204,3483,3484,-1,2204,3484,2205,-1,2205,3484,3485,-1,2205,3485,2206,-1,2206,3485,2198,-1,2198,3485,3486,-1,2198,3486,2196,-1,2196,3486,3487,-1,2196,3487,2200,-1,3488,3489,3490,-1,3490,3489,3491,-1,3492,3493,3494,-1,3494,3493,3488,-1,3495,3496,3497,-1,3497,3496,3498,-1,3499,3500,3498,-1,3498,3500,3501,-1,3498,3501,3497,-1,3502,3503,3504,-1,3504,3503,3505,-1,3504,3505,3506,-1,3506,3505,3507,-1,3506,3507,3508,-1,3508,3507,3509,-1,3508,3509,3510,-1,3511,3512,3513,-1,3513,3512,3514,-1,3513,3514,3515,-1,3516,3517,3518,-1,3518,3517,3519,-1,3518,3519,3520,-1,3520,3519,3521,-1,3520,3521,3522,-1,3522,3521,3523,-1,3522,3523,3524,-1,3524,3523,3525,-1,3524,3525,3526,-1,3526,3525,3527,-1,3526,3527,3528,-1,3528,3527,3529,-1,3528,3529,3530,-1,3530,3529,3531,-1,3530,3531,3532,-1,3532,3531,3533,-1,3532,3533,3534,-1,3534,3533,3535,-1,3535,3533,3536,-1,3535,3536,3537,-1,3537,3536,3538,-1,3537,3538,3539,-1,3477,3540,3476,-1,3476,3540,3541,-1,3476,3541,3542,-1,3542,3541,3543,-1,3542,3543,3544,-1,3545,3546,3547,-1,3506,3548,3504,-1,3504,3548,3549,-1,3504,3549,3502,-1,3502,3549,3550,-1,3551,3552,3553,-1,3553,3552,3550,-1,3553,3550,3554,-1,3554,3550,3549,-1,3554,3549,3555,-1,3555,3549,3548,-1,3545,3547,3556,-1,3556,3547,3557,-1,3556,3557,3558,-1,3558,3557,3559,-1,3558,3559,3560,-1,3560,3559,3470,-1,3560,3470,3561,-1,3561,3470,3469,-1,3561,3469,3562,-1,3562,3469,3563,-1,3562,3563,3472,-1,3471,3470,3510,-1,3510,3470,3559,-1,3510,3559,3508,-1,3508,3559,3557,-1,3508,3557,3506,-1,3506,3557,3547,-1,3506,3547,3548,-1,3548,3547,3546,-1,3548,3546,3555,-1,3473,3500,3474,-1,3474,3500,3499,-1,3474,3499,3564,-1,3564,3499,3565,-1,3564,3565,3566,-1,3566,3565,3567,-1,3566,3567,3568,-1,3568,3567,3569,-1,3568,3569,3570,-1,3570,3569,3571,-1,3570,3571,3572,-1,3572,3571,3573,-1,3572,3573,3574,-1,3574,3573,3575,-1,3576,3492,3577,-1,3577,3492,3494,-1,3577,3494,3578,-1,3578,3494,3579,-1,3578,3579,3580,-1,3580,3579,3581,-1,3580,3581,3582,-1,3582,3581,3583,-1,3582,3583,3584,-1,3584,3583,3585,-1,3584,3585,3586,-1,3586,3585,3587,-1,3586,3587,3588,-1,3588,3587,3589,-1,3588,3589,3590,-1,3591,3592,3593,-1,3591,3593,3594,-1,3594,3593,3595,-1,3594,3595,3596,-1,3596,3595,3597,-1,3596,3597,3598,-1,3598,3597,3599,-1,3598,3599,3600,-1,3600,3599,3601,-1,3600,3601,3602,-1,3602,3601,3490,-1,3602,3490,3603,-1,3603,3490,3491,-1,3603,3491,3604,-1,3605,3606,3607,-1,3607,3606,3608,-1,3607,3608,3475,-1,3475,3608,3479,-1,3475,3479,2214,-1,2214,3479,2217,-1,3544,3605,3542,-1,3542,3605,3607,-1,3542,3607,3476,-1,3476,3607,3475,-1,3476,3475,2216,-1,2216,3475,2215,-1,3496,3576,3498,-1,3498,3576,3577,-1,3498,3577,3499,-1,3499,3577,3578,-1,3499,3578,3565,-1,3565,3578,3580,-1,3565,3580,3567,-1,3567,3580,3582,-1,3567,3582,3569,-1,3569,3582,3584,-1,3569,3584,3571,-1,3571,3584,3586,-1,3571,3586,3573,-1,3573,3586,3588,-1,3573,3588,3575,-1,3575,3588,3590,-1,3488,3490,3494,-1,3494,3490,3601,-1,3494,3601,3579,-1,3579,3601,3599,-1,3579,3599,3581,-1,3581,3599,3597,-1,3581,3597,3583,-1,3583,3597,3595,-1,3583,3595,3585,-1,3585,3595,3593,-1,3585,3593,3587,-1,3587,3593,3592,-1,3587,3592,3589,-1,3511,3609,3512,-1,3512,3609,3551,-1,3512,3551,3610,-1,3610,3551,3553,-1,3610,3553,3611,-1,3611,3553,3554,-1,3611,3554,3612,-1,3612,3554,3555,-1,3612,3555,3613,-1,3613,3555,3546,-1,3613,3546,3614,-1,3614,3546,3545,-1,3472,3474,3562,-1,3562,3474,3564,-1,3562,3564,3561,-1,3561,3564,3566,-1,3561,3566,3560,-1,3560,3566,3568,-1,3560,3568,3558,-1,3558,3568,3570,-1,3558,3570,3556,-1,3556,3570,3572,-1,3556,3572,3545,-1,3545,3572,3574,-1,3545,3574,3614,-1,3614,3574,3615,-1,3614,3615,3613,-1,3613,3615,3616,-1,3613,3616,3612,-1,3612,3616,3617,-1,3612,3617,3611,-1,3611,3617,3618,-1,3611,3618,3610,-1,3610,3618,3619,-1,3610,3619,3512,-1,3512,3619,3620,-1,3512,3620,3514,-1,3517,3515,3519,-1,3519,3515,3514,-1,3519,3514,3521,-1,3521,3514,3620,-1,3521,3620,3523,-1,3523,3620,3619,-1,3523,3619,3525,-1,3525,3619,3618,-1,3525,3618,3527,-1,3527,3618,3617,-1,3527,3617,3529,-1,3529,3617,3616,-1,3529,3616,3531,-1,3531,3616,3615,-1,3531,3615,3533,-1,3533,3615,3574,-1,3533,3574,3536,-1,3536,3574,3575,-1,3536,3575,3538,-1,3538,3575,3590,-1,3538,3590,3621,-1,3621,3590,3589,-1,3621,3589,3622,-1,3622,3589,3592,-1,3622,3592,3623,-1,3623,3592,3591,-1,3543,3624,3544,-1,3544,3624,3539,-1,3544,3539,3605,-1,3605,3539,3538,-1,3605,3538,3606,-1,3606,3538,3621,-1,3606,3621,3608,-1,3608,3621,3622,-1,3608,3622,3479,-1,3479,3622,3623,-1,3479,3623,3478,-1,3478,3623,3591,-1,3478,3591,3480,-1,3480,3591,3594,-1,3480,3594,3481,-1,3481,3594,3596,-1,3481,3596,3482,-1,3482,3596,3598,-1,3482,3598,3483,-1,3483,3598,3600,-1,3483,3600,3484,-1,3484,3600,3602,-1,3484,3602,3485,-1,3485,3602,3603,-1,3485,3603,3486,-1,3486,3603,3604,-1,3486,3604,3487,-1,2200,3487,2250,-1,2250,3487,3604,-1,2250,3604,2251,-1,2251,3604,2252,-1,2252,3604,3491,-1,2252,3491,2246,-1,3491,3489,2246,-1,2246,3489,3488,-1,2246,3488,2247,-1,2247,3488,3493,-1,2247,3493,2248,-1,2248,3493,3492,-1,2248,3492,2249,-1,2249,3492,2177,-1,2177,3492,3576,-1,2177,3576,2178,-1,2178,3576,3625,-1,3625,3576,3496,-1,3625,3496,3495,-1,3626,2328,2327,-1,0,2,3627,-1,3626,2327,3628,-1,3628,2327,2326,-1,3628,2326,3629,-1,2326,2325,3629,-1,3629,2325,2277,-1,3629,2277,3630,-1,2277,2276,3630,-1,3630,2276,2274,-1,3630,2274,3631,-1,2274,2273,3631,-1,3631,2273,2334,-1,3631,2334,3632,-1,2334,2337,3632,-1,3632,2337,2336,-1,3632,2336,3627,-1,3627,2336,2335,-1,3627,2335,0,-1,2297,3477,2296,-1,2296,3477,2219,-1,2329,2328,3518,-1,3518,2328,3516,-1,3624,3543,2297,-1,3543,3541,2297,-1,2297,3541,3540,-1,2297,3540,3477,-1,2297,2298,3624,-1,3624,2298,2300,-1,3624,2300,3539,-1,3539,2300,2302,-1,2305,3534,2303,-1,2303,3534,3535,-1,2303,3535,2302,-1,2302,3535,3537,-1,2302,3537,3539,-1,2314,2319,3524,-1,3524,3526,2314,-1,2314,3526,3528,-1,2314,3528,2312,-1,2312,3528,3530,-1,2312,3530,2305,-1,2305,3530,3532,-1,2305,3532,3534,-1,2329,3518,2321,-1,2321,3518,3520,-1,2321,3520,2319,-1,2319,3520,3522,-1,2319,3522,3524,-1,3633,3634,2580,-1,2586,2585,3635,-1,3635,2585,3636,-1,3634,3637,2580,-1,2580,3637,3638,-1,2580,3638,2581,-1,2581,3638,3636,-1,2581,3636,2583,-1,2583,3636,2585,-1,3639,3640,3641,-1,3641,3640,3633,-1,3639,3641,3642,-1,3642,3641,3643,-1,3642,3643,3644,-1,2590,3643,2591,-1,2591,3643,3641,-1,2591,3641,2592,-1,2592,3641,2593,-1,3633,2580,3641,-1,3641,2580,2587,-1,3641,2587,2593,-1,3645,3646,3647,-1,3648,3649,3650,-1,3651,3652,3653,-1,3654,3655,3656,-1,3657,3658,3659,-1,3660,3661,3662,-1,3661,3660,3663,-1,3664,3665,3666,-1,3665,3664,3667,-1,3668,3669,3670,-1,2644,2642,3671,-1,2644,3671,2646,-1,2648,2647,3672,-1,3672,2647,2646,-1,3672,2646,3673,-1,3673,2646,3671,-1,3674,2637,3672,-1,3672,2637,2649,-1,3672,2649,2648,-1,3675,2631,3676,-1,3676,2631,2641,-1,3676,2641,3677,-1,3677,2641,2640,-1,3677,2640,3678,-1,3678,2640,2639,-1,3678,2639,2638,-1,2672,2635,3679,-1,3679,2635,2634,-1,3679,2634,3675,-1,3675,2634,2632,-1,3675,2632,2631,-1,3680,3681,3682,-1,3681,3683,3684,-1,3684,3683,3685,-1,3684,3685,3686,-1,3686,3685,3687,-1,3686,3687,3688,-1,3688,3687,3689,-1,3688,3689,3690,-1,3669,3691,3670,-1,3670,3691,3692,-1,3670,3692,3693,-1,3693,3692,3694,-1,3693,3694,3695,-1,3695,3694,3696,-1,3695,3696,3697,-1,3697,3696,3698,-1,3697,3698,3699,-1,3699,3698,3700,-1,3699,3700,3701,-1,3701,3700,3690,-1,3668,3702,3669,-1,3669,3702,3703,-1,3669,3703,3704,-1,3705,3706,3704,-1,3704,3706,3707,-1,3704,3707,3669,-1,3669,3707,3708,-1,3669,3708,3691,-1,3656,3709,3710,-1,3711,3712,3713,-1,3713,3712,3714,-1,3657,3715,3658,-1,3658,3715,3716,-1,3658,3716,3659,-1,3717,3718,3719,-1,3719,3718,3720,-1,3640,3639,3721,-1,3721,3639,3642,-1,3721,3642,3662,-1,3662,3642,3644,-1,3662,3644,3660,-1,3722,3637,3634,-1,3723,3638,3637,-1,2642,2586,3671,-1,3671,2586,3635,-1,3671,3635,3636,-1,3701,3724,3699,-1,3699,3724,3725,-1,3699,3725,3697,-1,3697,3725,3726,-1,3697,3726,3695,-1,3695,3726,3727,-1,3695,3727,3693,-1,3693,3727,3728,-1,3693,3728,3670,-1,3670,3728,3729,-1,3670,3729,3668,-1,3730,3689,3731,-1,3731,3689,3687,-1,3731,3687,3732,-1,3732,3687,3685,-1,3732,3685,3733,-1,3733,3685,3683,-1,3716,3711,3659,-1,3659,3711,3713,-1,3659,3713,3654,-1,3654,3713,3714,-1,3654,3714,3655,-1,3655,3714,3734,-1,3655,3734,3656,-1,3656,3734,3735,-1,3656,3735,3709,-1,3652,3651,3736,-1,3736,3651,3737,-1,3736,3737,3738,-1,3646,3648,3647,-1,3647,3648,3650,-1,3647,3650,3739,-1,3739,3650,3740,-1,3739,3740,3653,-1,3653,3740,3741,-1,3653,3741,3651,-1,3651,3741,3742,-1,3651,3742,3737,-1,2355,2672,3743,-1,3743,2672,3679,-1,3743,3679,3744,-1,3744,3679,3675,-1,3744,3675,3745,-1,3745,3675,3676,-1,3745,3676,3746,-1,3746,3676,3677,-1,3667,3717,3747,-1,3747,3717,3719,-1,3747,3719,3657,-1,3657,3719,3720,-1,3657,3720,3715,-1,3633,3640,3748,-1,3748,3640,3721,-1,3748,3721,3749,-1,3667,3747,3665,-1,3665,3747,3750,-1,3665,3750,3666,-1,3666,3750,3751,-1,3666,3751,3752,-1,3752,3751,3753,-1,3752,3753,3754,-1,3749,3754,3755,-1,3755,3754,3753,-1,3755,3753,3649,-1,3749,3721,3754,-1,3754,3721,3662,-1,3754,3662,3752,-1,3752,3662,3661,-1,3752,3661,3666,-1,3666,3661,3663,-1,3666,3663,3664,-1,3637,3722,3723,-1,3723,3722,3756,-1,3723,3756,3757,-1,3757,3756,3758,-1,3757,3758,3759,-1,3759,3758,3760,-1,3759,3760,3761,-1,3761,3760,3762,-1,3761,3762,3678,-1,3678,3762,3763,-1,3678,3763,3677,-1,3677,3763,3764,-1,3677,3764,3746,-1,3746,3764,3765,-1,3746,3765,3745,-1,3745,3765,3680,-1,3745,3680,3744,-1,3744,3680,3682,-1,3744,3682,3743,-1,2638,2637,3678,-1,3678,2637,3674,-1,3678,3674,3761,-1,3761,3674,3672,-1,3761,3672,3759,-1,3759,3672,3673,-1,3759,3673,3757,-1,3757,3673,3671,-1,3757,3671,3723,-1,3723,3671,3636,-1,3723,3636,3638,-1,3690,3689,3701,-1,3701,3689,3730,-1,3701,3730,3724,-1,3724,3730,3766,-1,3724,3766,3725,-1,3725,3766,3767,-1,3725,3767,3726,-1,3726,3767,3768,-1,3726,3768,3727,-1,3727,3768,3769,-1,3727,3769,3728,-1,3733,3645,3732,-1,3732,3645,3647,-1,3732,3647,3731,-1,3731,3647,3739,-1,3731,3739,3730,-1,3730,3739,3653,-1,3730,3653,3766,-1,3766,3653,3652,-1,3766,3652,3767,-1,3767,3652,3736,-1,3767,3736,3768,-1,3768,3736,3738,-1,3768,3738,3769,-1,3649,3753,3650,-1,3650,3753,3751,-1,3650,3751,3740,-1,3740,3751,3750,-1,3740,3750,3741,-1,3741,3750,3747,-1,3741,3747,3742,-1,3742,3747,3657,-1,3742,3657,3737,-1,3737,3657,3659,-1,3737,3659,3738,-1,3738,3659,3654,-1,3738,3654,3769,-1,3769,3654,3656,-1,3769,3656,3728,-1,3728,3656,3710,-1,3728,3710,3729,-1,3729,3710,3770,-1,3729,3770,3668,-1,3681,3680,3683,-1,3683,3680,3765,-1,3683,3765,3733,-1,3733,3765,3764,-1,3733,3764,3645,-1,3645,3764,3763,-1,3645,3763,3646,-1,3646,3763,3762,-1,3646,3762,3648,-1,3648,3762,3760,-1,3648,3760,3649,-1,3649,3760,3758,-1,3649,3758,3755,-1,3755,3758,3756,-1,3755,3756,3749,-1,3749,3756,3722,-1,3749,3722,3748,-1,3748,3722,3634,-1,3748,3634,3633,-1,2385,2383,3682,-1,3705,2423,3706,-1,3706,2423,2420,-1,2340,2355,2383,-1,2383,2355,3743,-1,2383,3743,3682,-1,2385,3682,2386,-1,2386,3682,3681,-1,2386,3681,3684,-1,3686,2397,3684,-1,3684,2397,2396,-1,3684,2396,2386,-1,3686,3688,2397,-1,2397,3688,3690,-1,2397,3690,2398,-1,2398,3690,3700,-1,2398,3700,2416,-1,2416,3700,3698,-1,2416,3698,2417,-1,2419,3708,2420,-1,2420,3708,3707,-1,2420,3707,3706,-1,3698,3696,2417,-1,2417,3696,3694,-1,2417,3694,2418,-1,2418,3694,3692,-1,2418,3692,2419,-1,2419,3692,3691,-1,2419,3691,3708,-1,11,10,2408,-1,2423,3771,3772,-1,11,2408,3773,-1,3773,2408,2409,-1,3773,2409,3774,-1,2409,2410,3774,-1,3774,2410,2378,-1,3774,2378,3775,-1,2378,2377,3775,-1,3775,2377,2375,-1,3775,2375,3776,-1,2375,2374,3776,-1,3776,2374,2372,-1,3776,2372,3777,-1,2372,2371,3777,-1,3777,2371,2421,-1,3777,2421,3772,-1,3772,2421,2422,-1,3772,2422,2423,-1,3778,3779,3780,-1,2497,2498,3781,-1,3781,2498,3782,-1,3783,3784,3782,-1,3782,3784,3785,-1,3782,3785,3781,-1,3786,3787,3788,-1,3788,3787,3789,-1,3788,3789,3790,-1,3790,3789,3791,-1,3790,3791,3783,-1,3783,3791,3792,-1,3783,3792,3784,-1,3786,3788,3793,-1,3793,3788,3794,-1,3793,3794,3795,-1,3795,3794,3796,-1,3795,3796,3797,-1,3797,3796,3798,-1,3798,3796,3799,-1,3798,3799,3800,-1,3800,3799,3801,-1,3801,3799,3802,-1,3801,3802,3803,-1,3803,3802,3804,-1,3804,3802,3805,-1,3804,3805,3806,-1,3806,3805,3807,-1,3807,3805,3808,-1,3807,3808,3809,-1,3809,3808,3810,-1,3810,3808,3811,-1,3810,3811,3812,-1,3812,3811,3813,-1,3813,3811,3814,-1,3813,3814,3815,-1,3815,3814,3816,-1,3815,3816,3817,-1,3780,3779,3816,-1,3816,3779,3818,-1,3816,3818,3817,-1,2459,3778,2457,-1,2457,3778,3780,-1,2457,3780,2578,-1,2564,2578,3819,-1,2550,2564,3820,-1,2536,2550,3821,-1,2522,2536,3822,-1,2448,2522,3823,-1,2448,3823,2447,-1,2447,3823,3824,-1,2447,3824,2443,-1,2443,3824,3825,-1,2443,3825,2439,-1,2439,3825,3826,-1,2439,3826,2432,-1,2432,3826,3827,-1,2432,3827,2431,-1,2431,3827,3828,-1,2431,3828,2430,-1,2430,3828,3829,-1,2430,3829,2438,-1,2438,3829,3830,-1,2438,3830,2442,-1,2442,3830,3831,-1,2442,3831,2446,-1,2446,3831,3832,-1,2446,3832,2437,-1,2437,3832,3833,-1,2437,3833,2436,-1,2436,3833,3834,-1,2436,3834,2428,-1,2428,3834,3835,-1,2428,3835,2429,-1,2429,3835,3836,-1,2429,3836,2453,-1,2453,3836,2506,-1,2453,2506,2452,-1,2522,3822,3823,-1,3823,3822,3837,-1,3823,3837,3824,-1,3824,3837,3838,-1,3824,3838,3825,-1,3825,3838,3839,-1,3825,3839,3826,-1,3826,3839,3840,-1,3826,3840,3827,-1,3827,3840,3841,-1,3827,3841,3828,-1,3828,3841,3842,-1,3828,3842,3829,-1,3829,3842,3843,-1,3829,3843,3830,-1,3830,3843,3844,-1,3830,3844,3831,-1,3831,3844,3845,-1,3831,3845,3832,-1,3832,3845,3846,-1,3832,3846,3833,-1,3833,3846,3847,-1,3833,3847,3834,-1,3834,3847,3848,-1,3834,3848,3835,-1,3835,3848,3849,-1,3835,3849,3836,-1,3836,3849,2504,-1,3836,2504,2506,-1,2536,3821,3822,-1,3822,3821,3850,-1,3822,3850,3837,-1,3837,3850,3851,-1,3837,3851,3838,-1,3838,3851,3852,-1,3838,3852,3839,-1,3839,3852,3853,-1,3839,3853,3840,-1,3840,3853,3854,-1,3840,3854,3841,-1,3841,3854,3855,-1,3841,3855,3842,-1,3842,3855,3856,-1,3842,3856,3843,-1,3843,3856,3857,-1,3843,3857,3844,-1,3844,3857,3858,-1,3844,3858,3845,-1,3845,3858,3859,-1,3845,3859,3846,-1,3846,3859,3860,-1,3846,3860,3847,-1,3847,3860,3861,-1,3847,3861,3848,-1,3848,3861,3862,-1,3848,3862,3849,-1,3849,3862,2502,-1,3849,2502,2504,-1,2550,3820,3821,-1,3821,3820,3863,-1,3821,3863,3850,-1,3850,3863,3864,-1,3850,3864,3851,-1,3851,3864,3865,-1,3851,3865,3852,-1,3852,3865,3866,-1,3852,3866,3853,-1,3853,3866,3867,-1,3853,3867,3854,-1,3854,3867,3868,-1,3854,3868,3855,-1,3855,3868,3869,-1,3855,3869,3856,-1,3856,3869,3870,-1,3856,3870,3857,-1,3857,3870,3871,-1,3857,3871,3858,-1,3858,3871,3872,-1,3858,3872,3859,-1,3859,3872,3873,-1,3859,3873,3860,-1,3860,3873,3874,-1,3860,3874,3861,-1,3861,3874,3875,-1,3861,3875,3862,-1,3862,3875,2500,-1,3862,2500,2502,-1,2564,3819,3820,-1,3820,3819,3876,-1,3820,3876,3863,-1,3863,3876,3877,-1,3863,3877,3864,-1,3864,3877,3878,-1,3864,3878,3865,-1,3865,3878,3879,-1,3865,3879,3866,-1,3866,3879,3880,-1,3866,3880,3867,-1,3867,3880,3881,-1,3867,3881,3868,-1,3868,3881,3882,-1,3868,3882,3869,-1,3869,3882,3883,-1,3869,3883,3870,-1,3870,3883,3884,-1,3870,3884,3871,-1,3871,3884,3885,-1,3871,3885,3872,-1,3872,3885,3886,-1,3872,3886,3873,-1,3873,3886,3887,-1,3873,3887,3874,-1,3874,3887,3888,-1,3874,3888,3875,-1,3875,3888,2499,-1,3875,2499,2500,-1,2578,3780,3819,-1,3819,3780,3816,-1,3819,3816,3876,-1,3876,3816,3814,-1,3876,3814,3877,-1,3877,3814,3811,-1,3877,3811,3878,-1,3878,3811,3808,-1,3878,3808,3879,-1,3879,3808,3805,-1,3879,3805,3880,-1,3880,3805,3802,-1,3880,3802,3881,-1,3881,3802,3799,-1,3881,3799,3882,-1,3882,3799,3796,-1,3882,3796,3883,-1,3883,3796,3794,-1,3883,3794,3884,-1,3884,3794,3788,-1,3884,3788,3885,-1,3885,3788,3790,-1,3885,3790,3886,-1,3886,3790,3783,-1,3886,3783,3887,-1,3887,3783,3782,-1,3887,3782,3888,-1,3888,3782,2498,-1,3888,2498,2499,-1,2497,3889,2496,-1,2496,3889,3890,-1,2496,3890,2494,-1,2494,3890,3891,-1,2494,3891,2493,-1,2493,3891,3892,-1,2493,3892,2491,-1,2604,2459,2605,-1,2605,2459,2460,-1,2605,2460,2607,-1,2607,2460,2464,-1,2607,2464,2602,-1,2602,2464,2463,-1,2602,2463,2603,-1,2603,2463,2462,-1,2603,2462,2599,-1,2599,2462,2455,-1,2599,2455,2600,-1,2600,2455,2454,-1,2600,2454,2671,-1,2671,2454,2465,-1,2671,2465,2594,-1,2594,2465,2467,-1,2594,2467,2595,-1,2595,2467,2469,-1,2595,2469,2597,-1,2597,2469,2470,-1,2597,2470,2651,-1,2651,2470,2472,-1,2651,2472,2588,-1,2588,2472,2473,-1,2491,3892,2490,-1,2490,3892,3893,-1,2490,3893,2488,-1,2488,3893,3894,-1,2488,3894,2487,-1,2487,3894,3895,-1,2487,3895,2485,-1,2485,3895,3896,-1,2485,3896,2484,-1,2484,3896,3897,-1,2484,3897,2482,-1,2482,3897,3898,-1,2482,3898,2481,-1,2481,3898,3899,-1,2481,3899,2479,-1,2479,3899,3900,-1,2479,3900,2478,-1,2478,3900,3901,-1,2478,3901,2476,-1,2476,3901,3902,-1,2476,3902,2475,-1,2473,2475,2588,-1,2588,2475,3902,-1,2588,3902,2589,-1,2589,3902,2590,-1,1731,2722,2676,-1,2676,2722,3903,-1,2676,3903,2677,-1,2677,3903,3904,-1,2677,3904,2673,-1,2673,3904,3905,-1,2673,3905,2674,-1,2674,3905,3906,-1,2674,3906,2713,-1,2713,3906,3907,-1,2713,3907,2714,-1,2714,3907,3908,-1,2714,3908,2715,-1,2715,3908,3909,-1,2715,3909,2716,-1,2716,3909,3910,-1,2716,3910,2717,-1,2717,3910,3911,-1,2717,3911,2718,-1,2718,3911,3912,-1,2718,3912,2719,-1,2719,3912,3913,-1,2719,3913,2720,-1,2720,3913,3914,-1,2720,3914,2721,-1,2721,3914,3915,-1,2721,3915,2609,-1,2609,3915,3916,-1,2609,3916,3917,-1,3918,3919,3920,-1,3921,3922,3923,-1,2722,2832,3903,-1,3903,2832,3924,-1,3903,3924,3904,-1,3904,3924,3905,-1,3905,3924,3925,-1,3905,3925,3906,-1,3906,3925,3907,-1,3907,3925,3926,-1,3907,3926,3908,-1,3908,3926,3909,-1,3909,3926,3927,-1,3909,3927,3910,-1,3910,3927,3911,-1,3911,3927,3928,-1,3911,3928,3912,-1,3912,3928,3913,-1,3913,3928,3929,-1,3913,3929,3914,-1,3914,3929,3915,-1,3915,3929,3930,-1,3915,3930,3916,-1,3917,3916,3931,-1,3931,3916,3930,-1,3931,3930,3932,-1,3932,3930,3933,-1,3921,3923,3934,-1,3934,3935,3936,-1,3936,3935,3937,-1,3936,3937,3919,-1,3918,3920,3938,-1,3938,3939,3940,-1,3940,3939,3941,-1,3940,3941,3942,-1,3943,3944,3945,-1,3945,3944,3946,-1,3945,3946,3942,-1,3943,3945,3947,-1,3947,3945,3948,-1,3947,3948,3949,-1,3949,3948,3950,-1,3950,3948,3951,-1,3950,3951,3952,-1,3952,3951,3953,-1,3953,3951,3954,-1,3953,3954,3955,-1,3955,3954,2842,-1,3955,2842,2844,-1,3942,3941,3945,-1,3945,3941,3956,-1,3945,3956,3948,-1,3948,3956,3957,-1,3948,3957,3951,-1,3951,3957,3958,-1,3951,3958,3954,-1,3954,3958,2840,-1,3954,2840,2842,-1,3938,3920,3939,-1,3939,3920,3959,-1,3939,3959,3941,-1,3941,3959,3960,-1,3941,3960,3956,-1,3956,3960,3961,-1,3956,3961,3957,-1,3957,3961,3962,-1,3957,3962,3958,-1,3958,3962,2838,-1,3958,2838,2840,-1,3919,3937,3920,-1,3920,3937,3963,-1,3920,3963,3959,-1,3959,3963,3964,-1,3959,3964,3960,-1,3960,3964,3965,-1,3960,3965,3961,-1,3961,3965,3966,-1,3961,3966,3962,-1,3962,3966,2836,-1,3962,2836,2838,-1,3934,3923,3935,-1,3935,3923,3967,-1,3935,3967,3937,-1,3937,3967,3968,-1,3937,3968,3963,-1,3963,3968,3969,-1,3963,3969,3964,-1,3964,3969,3970,-1,3964,3970,3965,-1,3965,3970,3971,-1,3965,3971,3966,-1,3966,3971,2834,-1,3966,2834,2836,-1,3933,3930,3922,-1,3922,3930,3929,-1,3922,3929,3923,-1,3923,3929,3928,-1,3923,3928,3967,-1,3967,3928,3927,-1,3967,3927,3968,-1,3968,3927,3926,-1,3968,3926,3969,-1,3969,3926,3925,-1,3969,3925,3970,-1,3970,3925,3924,-1,3970,3924,3971,-1,3971,3924,2832,-1,3971,2832,2834,-1,3972,3973,3974,-1,3974,3973,3975,-1,3976,3977,3978,-1,3978,3979,3976,-1,3976,3979,3980,-1,3976,3980,3975,-1,3975,3980,3981,-1,3975,3981,3974,-1,3982,3983,3984,-1,3984,3985,3982,-1,3982,3985,3986,-1,3982,3986,3977,-1,3977,3986,3987,-1,3977,3987,3978,-1,3988,3989,3990,-1,3990,3991,3988,-1,3988,3991,3992,-1,3988,3992,3983,-1,3983,3992,3993,-1,3983,3993,3984,-1,3994,3995,3996,-1,3996,3995,3997,-1,3996,3997,3989,-1,3989,3997,3998,-1,3989,3998,3990,-1,3999,4000,3994,-1,3994,4000,4001,-1,3994,4001,3995,-1,4002,4003,3999,-1,3999,4003,4004,-1,3999,4004,4000,-1,4005,4006,4007,-1,4007,4006,4008,-1,4007,4008,4009,-1,4009,4008,4010,-1,4009,4010,4011,-1,4011,4010,4012,-1,4011,4012,4013,-1,4013,4012,4014,-1,4013,4014,4015,-1,4015,4014,4016,-1,4015,4016,4017,-1,4017,4016,4018,-1,4017,4018,4019,-1,4019,4018,4020,-1,4019,4020,4021,-1,4021,4020,4022,-1,4021,4022,4023,-1,4023,4022,4024,-1,4023,4024,4025,-1,4025,4024,4026,-1,4025,4026,4027,-1,4027,4026,4028,-1,3973,4029,3975,-1,3975,4029,4030,-1,3975,4030,3976,-1,3976,4030,4031,-1,3976,4031,3977,-1,3977,4031,4032,-1,3977,4032,3982,-1,3982,4032,4033,-1,3982,4033,3983,-1,3983,4033,4034,-1,3983,4034,3988,-1,3988,4034,4035,-1,3988,4035,3989,-1,3989,4035,4036,-1,3989,4036,3996,-1,3996,4036,4037,-1,3996,4037,3994,-1,3994,4037,4038,-1,3994,4038,3999,-1,3999,4038,4039,-1,3999,4039,4002,-1,4002,4039,4040,-1,4029,4041,4030,-1,4030,4041,4042,-1,4030,4042,4031,-1,4031,4042,4043,-1,4031,4043,4032,-1,4032,4043,4044,-1,4032,4044,4033,-1,4033,4044,4045,-1,4033,4045,4034,-1,4034,4045,4046,-1,4034,4046,4035,-1,4035,4046,4047,-1,4035,4047,4036,-1,4036,4047,4048,-1,4036,4048,4037,-1,4037,4048,4049,-1,4037,4049,4038,-1,4038,4049,4050,-1,4038,4050,4039,-1,4039,4050,4051,-1,4039,4051,4040,-1,4040,4051,4052,-1,4041,4053,4042,-1,4042,4053,4054,-1,4042,4054,4043,-1,4043,4054,4055,-1,4043,4055,4044,-1,4044,4055,4056,-1,4044,4056,4045,-1,4045,4056,4057,-1,4045,4057,4046,-1,4046,4057,4058,-1,4046,4058,4047,-1,4047,4058,4059,-1,4047,4059,4048,-1,4048,4059,4060,-1,4048,4060,4049,-1,4049,4060,4061,-1,4049,4061,4050,-1,4050,4061,4062,-1,4050,4062,4051,-1,4051,4062,4063,-1,4051,4063,4052,-1,4052,4063,4064,-1,4053,4065,4054,-1,4054,4065,4066,-1,4054,4066,4055,-1,4055,4066,4067,-1,4055,4067,4056,-1,4056,4067,4068,-1,4056,4068,4057,-1,4057,4068,4069,-1,4057,4069,4058,-1,4058,4069,4070,-1,4058,4070,4059,-1,4059,4070,4071,-1,4059,4071,4060,-1,4060,4071,4072,-1,4060,4072,4061,-1,4061,4072,4073,-1,4061,4073,4062,-1,4062,4073,4074,-1,4062,4074,4063,-1,4063,4074,4075,-1,4063,4075,4064,-1,4064,4075,4076,-1,4065,4005,4066,-1,4066,4005,4007,-1,4066,4007,4067,-1,4067,4007,4009,-1,4067,4009,4068,-1,4068,4009,4011,-1,4068,4011,4069,-1,4069,4011,4013,-1,4069,4013,4070,-1,4070,4013,4015,-1,4070,4015,4071,-1,4071,4015,4017,-1,4071,4017,4072,-1,4072,4017,4019,-1,4072,4019,4073,-1,4073,4019,4021,-1,4073,4021,4074,-1,4074,4021,4023,-1,4074,4023,4075,-1,4075,4023,4025,-1,4075,4025,4076,-1,4076,4025,4027,-1,4077,3284,4028,-1,4028,3284,3283,-1,4078,2774,4079,-1,4079,2774,2775,-1,4079,2775,4080,-1,4081,4082,2734,-1,4083,4084,2760,-1,4085,2772,4078,-1,4078,2772,2773,-1,4078,2773,2774,-1,2775,2776,4080,-1,4080,2776,2758,-1,4080,2758,4086,-1,2734,2735,4081,-1,4081,2735,2736,-1,4081,2736,4087,-1,2736,2737,4087,-1,4087,2737,2738,-1,4087,2738,4088,-1,4089,2748,4090,-1,4090,2748,2749,-1,4090,2749,4091,-1,2760,2761,4083,-1,4083,2761,2762,-1,4083,2762,4092,-1,2762,2763,4092,-1,4092,2763,2764,-1,4092,2764,4093,-1,4094,2770,4085,-1,4085,2770,2771,-1,4085,2771,2772,-1,2758,2757,4086,-1,4086,2757,2756,-1,4086,2756,4095,-1,4096,2746,4089,-1,4089,2746,2747,-1,4089,2747,2748,-1,2749,2750,4091,-1,4091,2750,2732,-1,4091,2732,4097,-1,2764,2765,4093,-1,4093,2765,2766,-1,4093,2766,4098,-1,2766,2767,4098,-1,4098,2767,2768,-1,4098,2768,4094,-1,4094,2768,2769,-1,4094,2769,2770,-1,2756,2755,4095,-1,4095,2755,2754,-1,4095,2754,4099,-1,2754,2753,4099,-1,4099,2753,2752,-1,4099,2752,4100,-1,4100,2752,2724,-1,4100,2724,4101,-1,4101,2724,2723,-1,4101,2723,4082,-1,4082,2723,2733,-1,4082,2733,2734,-1,4102,2744,4096,-1,4096,2744,2745,-1,4096,2745,2746,-1,2732,2731,4097,-1,4097,2731,2730,-1,4097,2730,4103,-1,2738,2739,4088,-1,4088,2739,2740,-1,4088,2740,4104,-1,2740,2741,4104,-1,4104,2741,2742,-1,4104,2742,4102,-1,4102,2742,2743,-1,4102,2743,2744,-1,2730,2729,4103,-1,4103,2729,2728,-1,4103,2728,4105,-1,2728,2727,4105,-1,4105,2727,2726,-1,4105,2726,4106,-1,4106,2726,2725,-1,4106,2725,4107,-1,4107,2725,2751,-1,4107,2751,4084,-1,4084,2751,2759,-1,4084,2759,2760,-1,4108,2828,4109,-1,4109,2828,2829,-1,4109,2829,4110,-1,4111,4112,2788,-1,4113,4114,2814,-1,4115,2826,4108,-1,4108,2826,2827,-1,4108,2827,2828,-1,2829,2830,4110,-1,4110,2830,2812,-1,4110,2812,4116,-1,2788,2789,4111,-1,4111,2789,2790,-1,4111,2790,4117,-1,2790,2791,4117,-1,4117,2791,2792,-1,4117,2792,4118,-1,4119,2802,4120,-1,4120,2802,2803,-1,4120,2803,4121,-1,2814,2815,4113,-1,4113,2815,2816,-1,4113,2816,4122,-1,2816,2817,4122,-1,4122,2817,2818,-1,4122,2818,4123,-1,4124,2824,4115,-1,4115,2824,2825,-1,4115,2825,2826,-1,2812,2811,4116,-1,4116,2811,2810,-1,4116,2810,4125,-1,4126,2800,4119,-1,4119,2800,2801,-1,4119,2801,2802,-1,2803,2804,4121,-1,4121,2804,2786,-1,4121,2786,4127,-1,2818,2819,4123,-1,4123,2819,2820,-1,4123,2820,4128,-1,2820,2821,4128,-1,4128,2821,2822,-1,4128,2822,4124,-1,4124,2822,2823,-1,4124,2823,2824,-1,2810,2809,4125,-1,4125,2809,2808,-1,4125,2808,4129,-1,2808,2807,4129,-1,4129,2807,2806,-1,4129,2806,4130,-1,4130,2806,2778,-1,4130,2778,4131,-1,4131,2778,2777,-1,4131,2777,4112,-1,4112,2777,2787,-1,4112,2787,2788,-1,4132,2798,4126,-1,4126,2798,2799,-1,4126,2799,2800,-1,2786,2785,4127,-1,4127,2785,2784,-1,4127,2784,4133,-1,2792,2793,4118,-1,4118,2793,2794,-1,4118,2794,4134,-1,2794,2795,4134,-1,4134,2795,2796,-1,4134,2796,4132,-1,4132,2796,2797,-1,4132,2797,2798,-1,2784,2783,4133,-1,4133,2783,2782,-1,4133,2782,4135,-1,2782,2781,4135,-1,4135,2781,2780,-1,4135,2780,4136,-1,4136,2780,2779,-1,4136,2779,4137,-1,4137,2779,2805,-1,4137,2805,4114,-1,4114,2805,2813,-1,4114,2813,2814,-1,2946,2969,4138,-1,4139,4140,4141,-1,2979,3294,2969,-1,2969,3294,3293,-1,4142,4143,2884,-1,2980,2844,2979,-1,2979,2844,2843,-1,2979,2843,3294,-1,4139,4141,4144,-1,3339,3291,4138,-1,4138,3291,3290,-1,4138,3290,4145,-1,4145,3290,3300,-1,2918,2917,4146,-1,4146,2917,2915,-1,4146,2915,4138,-1,4138,2915,2914,-1,4138,2914,2946,-1,2884,2907,4142,-1,4142,2907,2928,-1,4142,2928,2927,-1,4147,2988,2995,-1,3018,4148,3014,-1,3014,4148,4147,-1,3293,3296,2969,-1,2969,3296,3298,-1,2969,3298,4138,-1,4138,3298,3297,-1,4138,3297,3339,-1,4149,4150,4151,-1,2995,3016,4147,-1,4147,3016,3015,-1,4147,3015,3014,-1,3947,4147,3943,-1,3943,4147,4152,-1,3943,4152,3944,-1,4153,4154,4155,-1,3947,3949,4147,-1,4147,3949,3950,-1,4147,3950,2988,-1,3950,3952,2988,-1,2988,3952,3953,-1,2988,3953,2980,-1,2980,3953,3955,-1,2980,3955,2844,-1,4156,4157,4158,-1,4149,4151,4141,-1,4141,4151,4159,-1,4141,4159,4160,-1,4161,4162,2933,-1,2933,4162,4163,-1,2933,4163,4164,-1,2918,4146,2963,-1,2963,4146,4156,-1,2963,4156,2932,-1,2932,4156,4158,-1,2932,4158,2933,-1,2933,4158,4165,-1,2933,4165,4161,-1,4166,4155,4167,-1,4167,4155,4168,-1,4169,4170,4153,-1,3018,3017,4148,-1,4148,3017,4171,-1,4148,4171,4172,-1,4172,4171,4173,-1,4172,4173,4174,-1,4175,4176,4144,-1,4144,4176,4177,-1,4144,4177,4178,-1,2927,2926,4142,-1,4142,2926,2930,-1,4142,2930,4164,-1,4164,2930,2929,-1,4164,2929,2933,-1,3017,3021,4171,-1,4171,3021,3020,-1,4171,3020,4179,-1,4179,3020,3051,-1,4179,3051,4180,-1,3083,4153,3079,-1,3079,4153,3080,-1,2867,4141,2868,-1,2868,4141,4140,-1,2868,4140,2864,-1,4160,4181,4141,-1,4141,4181,4182,-1,4141,4182,4144,-1,4144,4182,4183,-1,4144,4183,4175,-1,3051,3006,4180,-1,4180,3006,3005,-1,4180,3005,3003,-1,2867,2871,4141,-1,4141,2871,2870,-1,4141,2870,2901,-1,4166,4184,4155,-1,4155,4184,4185,-1,4155,4185,4153,-1,4153,4185,4186,-1,4153,4186,4169,-1,4170,4187,4153,-1,4153,4187,4188,-1,4153,4188,4189,-1,4189,4188,4190,-1,3083,3082,4153,-1,4153,3082,3113,-1,4153,3113,3068,-1,3003,3002,4180,-1,4180,3002,3034,-1,4180,3034,4191,-1,3034,3057,4191,-1,4191,3057,3078,-1,4191,3078,4192,-1,4192,3078,3077,-1,4192,3077,4153,-1,4153,3077,3076,-1,4153,3076,3080,-1,3068,3067,4153,-1,4153,3067,4193,-1,4153,4193,4154,-1,2901,2849,4141,-1,4141,2849,2848,-1,4141,2848,4194,-1,4194,2848,2846,-1,4194,2846,4143,-1,4143,2846,2845,-1,4143,2845,2884,-1,2863,2866,4140,-1,4140,2866,2865,-1,4140,2865,2864,-1,4140,4195,2863,-1,2863,4195,4196,-1,2863,4196,3096,-1,3067,3065,4193,-1,4193,3065,3064,-1,4193,3064,4197,-1,4197,3064,3096,-1,4197,3096,4198,-1,4198,3096,4196,-1,4199,4200,4201,-1,4201,4200,4202,-1,4203,4204,4205,-1,4206,4207,4208,-1,4208,4207,4209,-1,4210,4211,4212,-1,4212,4213,4210,-1,4210,4213,4214,-1,4210,4214,4209,-1,4209,4214,4215,-1,4209,4215,4208,-1,4216,4217,4218,-1,4218,4219,4216,-1,4216,4219,4220,-1,4216,4220,4211,-1,4211,4220,4221,-1,4211,4221,4212,-1,4205,4204,4222,-1,4204,4223,4222,-1,4222,4223,4224,-1,4222,4224,4217,-1,4217,4224,4225,-1,4217,4225,4218,-1,4203,4205,4226,-1,4226,4205,4227,-1,4226,4227,4228,-1,4228,4227,4229,-1,4228,4229,4230,-1,4230,4229,4231,-1,4231,4229,4232,-1,4231,4232,4233,-1,4233,4232,4234,-1,4233,4234,4235,-1,4236,4202,4237,-1,4237,4202,4238,-1,4237,4238,4239,-1,4239,4238,4240,-1,4239,4240,4241,-1,4241,4240,4242,-1,4241,4242,4243,-1,4243,4242,4244,-1,4243,4244,4245,-1,4245,4244,4246,-1,4245,4246,4247,-1,4247,4246,4248,-1,4247,4248,4249,-1,4249,4248,4250,-1,4249,4250,4251,-1,4251,4250,4252,-1,4251,4252,4253,-1,4253,4252,4254,-1,4253,4254,4255,-1,4255,4254,4256,-1,4255,4256,4257,-1,4257,4256,4258,-1,4207,4259,4209,-1,4209,4259,4260,-1,4209,4260,4210,-1,4210,4260,4261,-1,4210,4261,4211,-1,4211,4261,4262,-1,4211,4262,4216,-1,4216,4262,4263,-1,4216,4263,4217,-1,4217,4263,4264,-1,4217,4264,4222,-1,4222,4264,4265,-1,4222,4265,4205,-1,4205,4265,4266,-1,4205,4266,4227,-1,4227,4266,4267,-1,4227,4267,4229,-1,4229,4267,4268,-1,4229,4268,4232,-1,4232,4268,4269,-1,4232,4269,4234,-1,4234,4269,4270,-1,4259,4271,4260,-1,4260,4271,4272,-1,4260,4272,4261,-1,4261,4272,4273,-1,4261,4273,4262,-1,4262,4273,4274,-1,4262,4274,4263,-1,4263,4274,4275,-1,4263,4275,4264,-1,4264,4275,4276,-1,4264,4276,4265,-1,4265,4276,4277,-1,4265,4277,4266,-1,4266,4277,4278,-1,4266,4278,4267,-1,4267,4278,4279,-1,4267,4279,4268,-1,4268,4279,4280,-1,4268,4280,4269,-1,4269,4280,4281,-1,4269,4281,4270,-1,4270,4281,4282,-1,4271,4283,4272,-1,4272,4283,4284,-1,4272,4284,4273,-1,4273,4284,4285,-1,4273,4285,4274,-1,4274,4285,4286,-1,4274,4286,4275,-1,4275,4286,4287,-1,4275,4287,4276,-1,4276,4287,4288,-1,4276,4288,4277,-1,4277,4288,4289,-1,4277,4289,4278,-1,4278,4289,4290,-1,4278,4290,4279,-1,4279,4290,4291,-1,4279,4291,4280,-1,4280,4291,4292,-1,4280,4292,4281,-1,4281,4292,4293,-1,4281,4293,4282,-1,4282,4293,4294,-1,4283,4295,4284,-1,4284,4295,4296,-1,4284,4296,4285,-1,4285,4296,4297,-1,4285,4297,4286,-1,4286,4297,4298,-1,4286,4298,4287,-1,4287,4298,4299,-1,4287,4299,4288,-1,4288,4299,4300,-1,4288,4300,4289,-1,4289,4300,4301,-1,4289,4301,4290,-1,4290,4301,4302,-1,4290,4302,4291,-1,4291,4302,4303,-1,4291,4303,4292,-1,4292,4303,4304,-1,4292,4304,4293,-1,4293,4304,4305,-1,4293,4305,4294,-1,4294,4305,4306,-1,4295,4236,4296,-1,4296,4236,4237,-1,4296,4237,4297,-1,4297,4237,4239,-1,4297,4239,4298,-1,4298,4239,4241,-1,4298,4241,4299,-1,4299,4241,4243,-1,4299,4243,4300,-1,4300,4243,4245,-1,4300,4245,4301,-1,4301,4245,4247,-1,4301,4247,4302,-1,4302,4247,4249,-1,4302,4249,4303,-1,4303,4249,4251,-1,4303,4251,4304,-1,4304,4251,4253,-1,4304,4253,4305,-1,4305,4253,4255,-1,4305,4255,4306,-1,4306,4255,4257,-1,3125,3126,4307,-1,3171,3172,4308,-1,4307,3126,4309,-1,3138,3139,4310,-1,3158,3159,4311,-1,3163,3164,4312,-1,4313,4314,3174,-1,4310,3139,4315,-1,4311,3159,4316,-1,4312,3164,4317,-1,4308,3172,4314,-1,4314,3172,3173,-1,4314,3173,3174,-1,4318,4319,3178,-1,3178,3179,4318,-1,4318,3179,3180,-1,4318,3180,4320,-1,3129,4321,3128,-1,3128,4321,4309,-1,3128,4309,3127,-1,3127,4309,3126,-1,3129,3130,4321,-1,4321,3130,3131,-1,4321,3131,4322,-1,3139,3140,4315,-1,4315,3140,3141,-1,4315,3141,4323,-1,3164,3165,4317,-1,4317,3165,3166,-1,4317,3166,4324,-1,3174,3175,4313,-1,4313,3175,3176,-1,4313,3176,4319,-1,4319,3176,3177,-1,4319,3177,3178,-1,3180,3181,4320,-1,4320,3181,3182,-1,4320,3182,4325,-1,3125,4307,3124,-1,3124,4307,4326,-1,3124,4326,3123,-1,3123,4326,4327,-1,3123,4327,3122,-1,3131,3132,4322,-1,4322,3132,3133,-1,4322,3133,4328,-1,4329,4330,3145,-1,3145,3146,4329,-1,4329,3146,3147,-1,4329,3147,4331,-1,3159,3160,4316,-1,4316,3160,3161,-1,4316,3161,4312,-1,4312,3161,3162,-1,4312,3162,3163,-1,3166,3167,4324,-1,4324,3167,3168,-1,4324,3168,4332,-1,4332,3168,3169,-1,4332,3169,4308,-1,4308,3169,3170,-1,4308,3170,3171,-1,3182,3183,4325,-1,4325,3183,3184,-1,4325,3184,4333,-1,4333,3184,3119,-1,4333,3119,4334,-1,4334,3119,3120,-1,4334,3120,4327,-1,4327,3120,3121,-1,4327,3121,3122,-1,3133,3134,4328,-1,4328,3134,3135,-1,4328,3135,4335,-1,4335,3135,3136,-1,4335,3136,4310,-1,4310,3136,3137,-1,4310,3137,3138,-1,3141,3142,4323,-1,4323,3142,3143,-1,4323,3143,4330,-1,4330,3143,3144,-1,4330,3144,3145,-1,3158,4311,3157,-1,3157,4311,4336,-1,3157,4336,3156,-1,3156,4336,4337,-1,3156,4337,3155,-1,3147,3148,4331,-1,4331,3148,3149,-1,4331,3149,4338,-1,3149,3150,4338,-1,4338,3150,3151,-1,4338,3151,4339,-1,4339,3151,3152,-1,4339,3152,4340,-1,4340,3152,3153,-1,4340,3153,4337,-1,4337,3153,3154,-1,4337,3154,3155,-1,3191,3192,4341,-1,4341,3192,4342,-1,3204,3205,4343,-1,3224,3225,4344,-1,3237,3238,4345,-1,3195,4346,3194,-1,3194,4346,4342,-1,3194,4342,3193,-1,3193,4342,3192,-1,4343,3205,4347,-1,4344,3225,4348,-1,3229,3230,4349,-1,4350,4351,3240,-1,3191,4341,3190,-1,3190,4341,4352,-1,3190,4352,3189,-1,3189,4352,4353,-1,3189,4353,3188,-1,3195,3196,4346,-1,4346,3196,3197,-1,4346,3197,4354,-1,3205,3206,4347,-1,4347,3206,3207,-1,4347,3207,4355,-1,4349,3230,4356,-1,4345,3238,4351,-1,4351,3238,3239,-1,4351,3239,3240,-1,4357,4358,3244,-1,3244,3245,4357,-1,4357,3245,3246,-1,4357,3246,4359,-1,3197,3198,4354,-1,4354,3198,3199,-1,4354,3199,4360,-1,4361,4362,3211,-1,3211,3212,4361,-1,4361,3212,3213,-1,4361,3213,4363,-1,3225,3226,4348,-1,4348,3226,3227,-1,4348,3227,4349,-1,4349,3227,3228,-1,4349,3228,3229,-1,3230,3231,4356,-1,4356,3231,3232,-1,4356,3232,4364,-1,3240,3241,4350,-1,4350,3241,3242,-1,4350,3242,4358,-1,4358,3242,3243,-1,4358,3243,3244,-1,3246,3247,4359,-1,4359,3247,3248,-1,4359,3248,4365,-1,3199,3200,4360,-1,4360,3200,3201,-1,4360,3201,4366,-1,4366,3201,3202,-1,4366,3202,4343,-1,4343,3202,3203,-1,4343,3203,3204,-1,3207,3208,4355,-1,4355,3208,3209,-1,4355,3209,4362,-1,4362,3209,3210,-1,4362,3210,3211,-1,3224,4344,3223,-1,3223,4344,4367,-1,3223,4367,3222,-1,3222,4367,4368,-1,3222,4368,3221,-1,3232,3233,4364,-1,4364,3233,3234,-1,4364,3234,4369,-1,4369,3234,3235,-1,4369,3235,4345,-1,4345,3235,3236,-1,4345,3236,3237,-1,3248,3249,4365,-1,4365,3249,3250,-1,4365,3250,4370,-1,4370,3250,3185,-1,4370,3185,4371,-1,4371,3185,3186,-1,4371,3186,4353,-1,4353,3186,3187,-1,4353,3187,3188,-1,3213,3214,4363,-1,4363,3214,3215,-1,4363,3215,4372,-1,3215,3216,4372,-1,4372,3216,3217,-1,4372,3217,4373,-1,4373,3217,3218,-1,4373,3218,4374,-1,4374,3218,3219,-1,4374,3219,4368,-1,4368,3219,3220,-1,4368,3220,3221,-1,4375,4376,4377,-1,4378,4379,4380,-1,4380,4379,4381,-1,4378,4382,4379,-1,4379,4382,4383,-1,4379,4383,4384,-1,4384,4385,4379,-1,4379,4385,4386,-1,4379,4386,4387,-1,4388,4389,4390,-1,4377,4376,4391,-1,4390,4392,4388,-1,4388,4392,4393,-1,4388,4393,4394,-1,4394,4393,4379,-1,4394,4379,4395,-1,4395,4379,4387,-1,4388,4396,4389,-1,4389,4396,4199,-1,4389,4199,4376,-1,4376,4199,4201,-1,4376,4201,4391,-1,4375,4377,4397,-1,4397,4377,4398,-1,4397,4398,4399,-1,4399,4400,4397,-1,4397,4400,4401,-1,4397,4401,4402,-1,4401,4403,4404,-1,4402,4401,4405,-1,4405,4401,4404,-1,4405,4404,4406,-1,4407,4408,3269,-1,3255,4409,3269,-1,3269,4409,4410,-1,3269,4410,4411,-1,4412,4413,3269,-1,3269,4413,4414,-1,3269,4414,4407,-1,4407,4414,4415,-1,4411,4416,3269,-1,3269,4416,4417,-1,3269,4417,4412,-1,4418,4419,3340,-1,4419,4420,3340,-1,3340,4420,4421,-1,3340,4421,4422,-1,4422,4423,3340,-1,3340,4423,4424,-1,3340,4424,4425,-1,3468,2178,3467,-1,3467,2178,4426,-1,3467,4426,3466,-1,4426,4427,3466,-1,3466,4427,4428,-1,3466,4428,3465,-1,3465,4428,4429,-1,3465,4429,3464,-1,3464,4429,4430,-1,3464,4430,3463,-1,3463,4430,4431,-1,3340,2057,3454,-1,4432,4418,4433,-1,4433,4418,3340,-1,4433,3340,4434,-1,4434,3340,3454,-1,4434,3454,4435,-1,4435,3454,4436,-1,3454,3455,4436,-1,4436,3455,3456,-1,4436,3456,4437,-1,4437,3456,3457,-1,4437,3457,4438,-1,4438,3457,3458,-1,4438,3458,4439,-1,4439,3458,3459,-1,4439,3459,4440,-1,4440,3459,3460,-1,4440,3460,4441,-1,4441,3460,3461,-1,4441,3461,4431,-1,4431,3461,3462,-1,4431,3462,3463,-1,3453,3452,3349,-1,3349,3452,3451,-1,3349,3451,2095,-1,4145,3300,3354,-1,3354,3300,3301,-1,3301,3302,3354,-1,3354,3302,3308,-1,3354,3308,3344,-1,3344,3308,3307,-1,3307,3305,3344,-1,3344,3305,3311,-1,3344,3311,3346,-1,3346,3311,3310,-1,3310,3312,3346,-1,3346,3312,3314,-1,3346,3314,3316,-1,1714,3453,1730,-1,1730,3453,3349,-1,1730,3349,3321,-1,3321,3349,3348,-1,3321,3348,3320,-1,3320,3348,3346,-1,3320,3346,3318,-1,3318,3346,3316,-1,3354,3353,4145,-1,4145,3353,3351,-1,4145,3351,4138,-1,4138,3351,3350,-1,4138,3350,4146,-1,3350,3355,4146,-1,4146,3355,3357,-1,4146,3357,4156,-1,3357,3359,4156,-1,4156,3359,3360,-1,4156,3360,4157,-1,4157,3360,3362,-1,4157,3362,4442,-1,4442,3362,3363,-1,4442,3363,4443,-1,4443,3363,4444,-1,4445,4446,4447,-1,4447,4448,3366,-1,3366,4448,4449,-1,3366,4449,4450,-1,4451,3365,4452,-1,4452,3365,3366,-1,4452,3366,4453,-1,4453,3366,4450,-1,4451,4454,3365,-1,3365,4454,4455,-1,3365,4455,3363,-1,3363,4455,4456,-1,3363,4456,4444,-1,4447,3366,4445,-1,4445,3366,3368,-1,4445,3368,4457,-1,3372,4458,3371,-1,3371,4458,4457,-1,3371,4457,3369,-1,3369,4457,3368,-1,4425,4459,3340,-1,3340,4459,4460,-1,3340,4460,3341,-1,3341,4460,4461,-1,3341,4461,3380,-1,3380,4461,4462,-1,3372,3374,4458,-1,4458,3374,3376,-1,4458,3376,4463,-1,4463,3376,3377,-1,4463,3377,4464,-1,4464,3377,3379,-1,4464,3379,4465,-1,4465,3379,3380,-1,4465,3380,4466,-1,4466,3380,4462,-1,2328,3626,3516,-1,3516,3626,4426,-1,3510,3509,4426,-1,3509,3507,4426,-1,4426,3507,3505,-1,4426,3505,3503,-1,3495,4426,3625,-1,3625,4426,2178,-1,4426,3552,3551,-1,3551,3609,4426,-1,4426,3609,3511,-1,4426,3511,3513,-1,3503,3502,4426,-1,4426,3502,3550,-1,4426,3550,3552,-1,3513,3515,4426,-1,4426,3515,3517,-1,4426,3517,3516,-1,3495,3497,4426,-1,4426,3497,3501,-1,4426,3501,3500,-1,3500,3473,4426,-1,4426,3473,3472,-1,4426,3472,3563,-1,3563,3469,4426,-1,4426,3469,3471,-1,4426,3471,3510,-1,3715,3720,4467,-1,3771,2423,4467,-1,4467,2423,3705,-1,3705,3704,4467,-1,4467,3704,3703,-1,4467,3703,3702,-1,3735,4467,3709,-1,3709,4467,3710,-1,3660,3644,4467,-1,4467,3644,3643,-1,4467,3643,2590,-1,3702,3668,4467,-1,4467,3668,3770,-1,4467,3770,3710,-1,3735,3734,4467,-1,4467,3734,3714,-1,4467,3714,3712,-1,3712,3711,4467,-1,4467,3711,3716,-1,4467,3716,3715,-1,3720,3718,4467,-1,4467,3718,3717,-1,4467,3717,3667,-1,3667,3664,4467,-1,4467,3664,3663,-1,4467,3663,3660,-1,2590,3902,3901,-1,4468,4469,4470,-1,3792,3791,4471,-1,4472,3784,4473,-1,4473,3784,3792,-1,4473,3792,4474,-1,4474,3792,4471,-1,3791,3789,4471,-1,4471,3789,3787,-1,4471,3787,4475,-1,3787,3786,4475,-1,4475,3786,3793,-1,4475,3793,4476,-1,4477,3800,3801,-1,4478,3798,4479,-1,4479,3798,3800,-1,4479,3800,4480,-1,4480,3800,4477,-1,4478,4481,3798,-1,3798,4481,4482,-1,3798,4482,4483,-1,4483,4468,3798,-1,3798,4468,4470,-1,3798,4470,3797,-1,3797,4470,4476,-1,3797,4476,3795,-1,3795,4476,3793,-1,4484,4485,3801,-1,3801,4485,4486,-1,3801,4486,4477,-1,4172,4174,3803,-1,3803,4174,4487,-1,3803,4487,3801,-1,3801,4487,4488,-1,3801,4488,4484,-1,3803,3804,4172,-1,4172,3804,3806,-1,4172,3806,4148,-1,3806,3807,4148,-1,4148,3807,3809,-1,4148,3809,4147,-1,3933,3922,3818,-1,3922,3921,3818,-1,3818,3921,3934,-1,3818,3934,3817,-1,3817,3934,3936,-1,3817,3936,3919,-1,3919,3918,3817,-1,3817,3918,3938,-1,3817,3938,3815,-1,3815,3938,3940,-1,3815,3940,3942,-1,3809,3810,4147,-1,4147,3810,3812,-1,4147,3812,4152,-1,4152,3812,3813,-1,4152,3813,3944,-1,3944,3813,3815,-1,3944,3815,3946,-1,3946,3815,3942,-1,3778,3917,3779,-1,3779,3917,3931,-1,3779,3931,3818,-1,3818,3931,3932,-1,3818,3932,3933,-1,2609,3917,2611,-1,2611,3917,3778,-1,2611,3778,2612,-1,2612,3778,2459,-1,2612,2459,2604,-1,3889,4489,3890,-1,3890,4489,4490,-1,3890,4490,3891,-1,3891,4490,4491,-1,3891,4491,3892,-1,3892,4491,4492,-1,3892,4492,3893,-1,3893,4492,4493,-1,3893,4493,3894,-1,3894,4493,4494,-1,3894,4494,3895,-1,3895,4494,4495,-1,3895,4495,3896,-1,3896,4495,4496,-1,3896,4496,3897,-1,3897,4496,4497,-1,3897,4497,3898,-1,3898,4497,4498,-1,3898,4498,3899,-1,3899,4498,4499,-1,3899,4499,3900,-1,3900,4499,4500,-1,3900,4500,3901,-1,3901,4500,4501,-1,3901,4501,2590,-1,2590,4501,4467,-1,4472,4502,3784,-1,3784,4502,4503,-1,3784,4503,3785,-1,3785,4503,4504,-1,3785,4504,3781,-1,4504,4505,3781,-1,3781,4505,4506,-1,3781,4506,4507,-1,4507,4508,3781,-1,3781,4508,4509,-1,3781,4509,4510,-1,4510,4511,3781,-1,3781,4511,4512,-1,3781,4512,4513,-1,4514,4515,4513,-1,4513,4515,4489,-1,4513,4489,3781,-1,3781,4489,3889,-1,3781,3889,2497,-1,4006,4516,4008,-1,4008,4516,4517,-1,4008,4517,4010,-1,4010,4517,4518,-1,4010,4518,4012,-1,4012,4518,4519,-1,4012,4519,4014,-1,4014,4519,4520,-1,4014,4520,4016,-1,4016,4520,4521,-1,4016,4521,4018,-1,4018,4521,4522,-1,4018,4522,4020,-1,4020,4522,4523,-1,4020,4523,4022,-1,4022,4523,4524,-1,4022,4524,4024,-1,4024,4524,4525,-1,4024,4525,4026,-1,4026,4525,4526,-1,4026,4526,4028,-1,4028,4526,4077,-1,4513,4516,4514,-1,4514,4516,4006,-1,4527,4528,4529,-1,4530,4531,4532,-1,4533,4534,4535,-1,4174,4173,4487,-1,4487,4173,4536,-1,4487,4536,4488,-1,4488,4536,4537,-1,4488,4537,4484,-1,4484,4537,4485,-1,4485,4537,4538,-1,4485,4538,4486,-1,4539,4480,4538,-1,4538,4480,4477,-1,4538,4477,4486,-1,4540,4482,4481,-1,4482,4540,4483,-1,4483,4540,4541,-1,4483,4541,4468,-1,4542,4543,4544,-1,4544,4543,4545,-1,4479,4546,4478,-1,4478,4546,4547,-1,4478,4547,4481,-1,4481,4547,4544,-1,4481,4544,4540,-1,4540,4544,4545,-1,4540,4545,4541,-1,4548,4527,4549,-1,4549,4527,4529,-1,4549,4529,4550,-1,4550,4529,4551,-1,4550,4551,4552,-1,4552,4551,4553,-1,4552,4553,4554,-1,4554,4553,4555,-1,4554,4555,4556,-1,4556,4555,4557,-1,4556,4557,4558,-1,4558,4557,4559,-1,4558,4559,4180,-1,4180,4559,4179,-1,4534,4542,4535,-1,4535,4542,4544,-1,4535,4544,4560,-1,4560,4544,4547,-1,4560,4547,4539,-1,4539,4547,4546,-1,4539,4546,4480,-1,4480,4546,4479,-1,4528,4530,4529,-1,4529,4530,4532,-1,4529,4532,4551,-1,4551,4532,4561,-1,4551,4561,4553,-1,4553,4561,4562,-1,4553,4562,4555,-1,4555,4562,4563,-1,4555,4563,4557,-1,4557,4563,4564,-1,4557,4564,4559,-1,4559,4564,4565,-1,4559,4565,4179,-1,4179,4565,4171,-1,4531,4533,4532,-1,4532,4533,4535,-1,4532,4535,4561,-1,4561,4535,4560,-1,4561,4560,4562,-1,4562,4560,4539,-1,4562,4539,4563,-1,4563,4539,4538,-1,4563,4538,4564,-1,4564,4538,4537,-1,4564,4537,4565,-1,4565,4537,4536,-1,4565,4536,4171,-1,4171,4536,4173,-1,4566,4548,4549,-1,4566,4549,4567,-1,4567,4549,4550,-1,4567,4550,4568,-1,4568,4550,4552,-1,4568,4552,4569,-1,4569,4552,4554,-1,4569,4554,4570,-1,4570,4554,4556,-1,4570,4556,4571,-1,4571,4556,4558,-1,4571,4558,4572,-1,4572,4558,4180,-1,4572,4180,4191,-1,4573,4574,4575,-1,4576,4577,4578,-1,4578,4577,4579,-1,4575,4574,4580,-1,4574,4581,4580,-1,4580,4581,4582,-1,4580,4582,4577,-1,4577,4582,4583,-1,4577,4583,4579,-1,4573,4575,4584,-1,4584,4575,4585,-1,4584,4585,4586,-1,4586,4585,4587,-1,4586,4587,4588,-1,4588,4587,4589,-1,4589,4587,4590,-1,4589,4590,4591,-1,4591,4590,4592,-1,4592,4590,4593,-1,4592,4593,4594,-1,4594,4593,4595,-1,4595,4593,4596,-1,4595,4596,4597,-1,4597,4596,4598,-1,4598,4596,4599,-1,4598,4599,4600,-1,4600,4599,4601,-1,4601,4599,4602,-1,4601,4602,4603,-1,4603,4602,4604,-1,4604,4602,4605,-1,4604,4605,4606,-1,4606,4605,4607,-1,4607,4605,4608,-1,4607,4608,4609,-1,4609,4608,4610,-1,4610,4608,4611,-1,4610,4611,4612,-1,4612,4611,4613,-1,4613,4611,4614,-1,4613,4614,4615,-1,4616,4615,4617,-1,4617,4615,4614,-1,4617,4614,4618,-1,4619,4618,4620,-1,4621,4619,4622,-1,4623,4621,4624,-1,4625,4623,4626,-1,4106,4625,4627,-1,4106,4627,4105,-1,4105,4627,4628,-1,4105,4628,4103,-1,4103,4628,4629,-1,4103,4629,4097,-1,4097,4629,4630,-1,4097,4630,4091,-1,4091,4630,4631,-1,4091,4631,4090,-1,4090,4631,4632,-1,4090,4632,4089,-1,4089,4632,4633,-1,4089,4633,4096,-1,4096,4633,4634,-1,4096,4634,4102,-1,4102,4634,4635,-1,4102,4635,4104,-1,4104,4635,4636,-1,4104,4636,4088,-1,4088,4636,4637,-1,4088,4637,4087,-1,4087,4637,4638,-1,4087,4638,4081,-1,4081,4638,4639,-1,4081,4639,4082,-1,4082,4639,4640,-1,4082,4640,4101,-1,4101,4640,4641,-1,4101,4641,4100,-1,4625,4626,4627,-1,4627,4626,4642,-1,4627,4642,4628,-1,4628,4642,4643,-1,4628,4643,4629,-1,4629,4643,4644,-1,4629,4644,4630,-1,4630,4644,4645,-1,4630,4645,4631,-1,4631,4645,4646,-1,4631,4646,4632,-1,4632,4646,4647,-1,4632,4647,4633,-1,4633,4647,4648,-1,4633,4648,4634,-1,4634,4648,4649,-1,4634,4649,4635,-1,4635,4649,4650,-1,4635,4650,4636,-1,4636,4650,4651,-1,4636,4651,4637,-1,4637,4651,4652,-1,4637,4652,4638,-1,4638,4652,4653,-1,4638,4653,4639,-1,4639,4653,4654,-1,4639,4654,4640,-1,4640,4654,4655,-1,4640,4655,4641,-1,4623,4624,4626,-1,4626,4624,4656,-1,4626,4656,4642,-1,4642,4656,4657,-1,4642,4657,4643,-1,4643,4657,4658,-1,4643,4658,4644,-1,4644,4658,4659,-1,4644,4659,4645,-1,4645,4659,4660,-1,4645,4660,4646,-1,4646,4660,4661,-1,4646,4661,4647,-1,4647,4661,4662,-1,4647,4662,4648,-1,4648,4662,4663,-1,4648,4663,4649,-1,4649,4663,4664,-1,4649,4664,4650,-1,4650,4664,4665,-1,4650,4665,4651,-1,4651,4665,4666,-1,4651,4666,4652,-1,4652,4666,4667,-1,4652,4667,4653,-1,4653,4667,4668,-1,4653,4668,4654,-1,4654,4668,4669,-1,4654,4669,4655,-1,4621,4622,4624,-1,4624,4622,4670,-1,4624,4670,4656,-1,4656,4670,4671,-1,4656,4671,4657,-1,4657,4671,4672,-1,4657,4672,4658,-1,4658,4672,4673,-1,4658,4673,4659,-1,4659,4673,4674,-1,4659,4674,4660,-1,4660,4674,4675,-1,4660,4675,4661,-1,4661,4675,4676,-1,4661,4676,4662,-1,4662,4676,4677,-1,4662,4677,4663,-1,4663,4677,4678,-1,4663,4678,4664,-1,4664,4678,4679,-1,4664,4679,4665,-1,4665,4679,4680,-1,4665,4680,4666,-1,4666,4680,4681,-1,4666,4681,4667,-1,4667,4681,4682,-1,4667,4682,4668,-1,4668,4682,4683,-1,4668,4683,4669,-1,4619,4620,4622,-1,4622,4620,4684,-1,4622,4684,4670,-1,4670,4684,4685,-1,4670,4685,4671,-1,4671,4685,4686,-1,4671,4686,4672,-1,4672,4686,4687,-1,4672,4687,4673,-1,4673,4687,4688,-1,4673,4688,4674,-1,4674,4688,4689,-1,4674,4689,4675,-1,4675,4689,4690,-1,4675,4690,4676,-1,4676,4690,4691,-1,4676,4691,4677,-1,4677,4691,4692,-1,4677,4692,4678,-1,4678,4692,4693,-1,4678,4693,4679,-1,4679,4693,4694,-1,4679,4694,4680,-1,4680,4694,4695,-1,4680,4695,4681,-1,4681,4695,4696,-1,4681,4696,4682,-1,4682,4696,4697,-1,4682,4697,4683,-1,4618,4614,4620,-1,4620,4614,4611,-1,4620,4611,4684,-1,4684,4611,4608,-1,4684,4608,4685,-1,4685,4608,4605,-1,4685,4605,4686,-1,4686,4605,4602,-1,4686,4602,4687,-1,4687,4602,4599,-1,4687,4599,4688,-1,4688,4599,4596,-1,4688,4596,4689,-1,4689,4596,4593,-1,4689,4593,4690,-1,4690,4593,4590,-1,4690,4590,4691,-1,4691,4590,4587,-1,4691,4587,4692,-1,4692,4587,4585,-1,4692,4585,4693,-1,4693,4585,4575,-1,4693,4575,4694,-1,4694,4575,4580,-1,4694,4580,4695,-1,4695,4580,4577,-1,4695,4577,4696,-1,4696,4577,4576,-1,4696,4576,4697,-1,4698,4699,4700,-1,4701,4702,4703,-1,4566,4567,4704,-1,4704,4567,4705,-1,4704,4705,4706,-1,4706,4705,4707,-1,4707,4705,4708,-1,4707,4708,4709,-1,4709,4708,4710,-1,4710,4708,4711,-1,4710,4711,4712,-1,4712,4711,4713,-1,4713,4711,4714,-1,4713,4714,4715,-1,4715,4714,4716,-1,4716,4714,4702,-1,4716,4702,4717,-1,4717,4702,4701,-1,4717,4701,4718,-1,4698,4700,4719,-1,4720,4721,4722,-1,4722,4721,4723,-1,4722,4723,4724,-1,4724,4723,4719,-1,4725,4726,4720,-1,4720,4726,4727,-1,4720,4727,4721,-1,4720,4728,4725,-1,4725,4728,4729,-1,4725,4729,4730,-1,4189,4190,4729,-1,4729,4190,4731,-1,4729,4731,4730,-1,4191,4192,4572,-1,4572,4192,4732,-1,4572,4732,4571,-1,4571,4732,4733,-1,4571,4733,4570,-1,4570,4733,4734,-1,4570,4734,4569,-1,4569,4734,4735,-1,4192,4153,4732,-1,4732,4153,4736,-1,4732,4736,4733,-1,4733,4736,4737,-1,4733,4737,4734,-1,4734,4737,4738,-1,4734,4738,4735,-1,4735,4738,4739,-1,4153,4189,4736,-1,4736,4189,4729,-1,4736,4729,4737,-1,4737,4729,4728,-1,4737,4728,4738,-1,4738,4728,4720,-1,4738,4720,4739,-1,4739,4720,4722,-1,4719,4700,4724,-1,4724,4700,4740,-1,4724,4740,4722,-1,4722,4740,4741,-1,4722,4741,4739,-1,4739,4741,4742,-1,4739,4742,4735,-1,4735,4742,4568,-1,4735,4568,4569,-1,4703,4702,4699,-1,4699,4702,4714,-1,4699,4714,4700,-1,4700,4714,4711,-1,4700,4711,4740,-1,4740,4711,4708,-1,4740,4708,4741,-1,4741,4708,4705,-1,4741,4705,4742,-1,4742,4705,4567,-1,4742,4567,4568,-1,4743,4744,4745,-1,4617,4746,4616,-1,4616,4746,4747,-1,4745,4744,4748,-1,4744,4749,4748,-1,4748,4749,4750,-1,4748,4750,4746,-1,4746,4750,4751,-1,4746,4751,4747,-1,4743,4745,4752,-1,4752,4745,4753,-1,4752,4753,4754,-1,4754,4753,4755,-1,4754,4755,4756,-1,4756,4755,4757,-1,4757,4755,4758,-1,4757,4758,4759,-1,4759,4758,4760,-1,4760,4758,4761,-1,4760,4761,4762,-1,4762,4761,4763,-1,4763,4761,4764,-1,4763,4764,4765,-1,4765,4764,4766,-1,4766,4764,4767,-1,4766,4767,4768,-1,4768,4767,4769,-1,4769,4767,4770,-1,4769,4770,4771,-1,4771,4770,4772,-1,4772,4770,4773,-1,4772,4773,4774,-1,4774,4773,4775,-1,4775,4773,4776,-1,4775,4776,4777,-1,4777,4776,4778,-1,4778,4776,4779,-1,4778,4779,4780,-1,4780,4779,4781,-1,4781,4779,4782,-1,4781,4782,4783,-1,4578,4783,4576,-1,4576,4783,4782,-1,4576,4782,4697,-1,4683,4697,4784,-1,4669,4683,4785,-1,4655,4669,4786,-1,4641,4655,4787,-1,4100,4641,4788,-1,4100,4788,4099,-1,4099,4788,4789,-1,4099,4789,4095,-1,4095,4789,4790,-1,4095,4790,4086,-1,4086,4790,4791,-1,4086,4791,4080,-1,4080,4791,4792,-1,4080,4792,4079,-1,4079,4792,4793,-1,4079,4793,4078,-1,4078,4793,4794,-1,4078,4794,4085,-1,4085,4794,4795,-1,4085,4795,4094,-1,4094,4795,4796,-1,4094,4796,4098,-1,4098,4796,4797,-1,4098,4797,4093,-1,4093,4797,4798,-1,4093,4798,4092,-1,4092,4798,4799,-1,4092,4799,4083,-1,4083,4799,4800,-1,4083,4800,4084,-1,4084,4800,4801,-1,4084,4801,4107,-1,4107,4801,4625,-1,4107,4625,4106,-1,4641,4787,4788,-1,4788,4787,4802,-1,4788,4802,4789,-1,4789,4802,4803,-1,4789,4803,4790,-1,4790,4803,4804,-1,4790,4804,4791,-1,4791,4804,4805,-1,4791,4805,4792,-1,4792,4805,4806,-1,4792,4806,4793,-1,4793,4806,4807,-1,4793,4807,4794,-1,4794,4807,4808,-1,4794,4808,4795,-1,4795,4808,4809,-1,4795,4809,4796,-1,4796,4809,4810,-1,4796,4810,4797,-1,4797,4810,4811,-1,4797,4811,4798,-1,4798,4811,4812,-1,4798,4812,4799,-1,4799,4812,4813,-1,4799,4813,4800,-1,4800,4813,4814,-1,4800,4814,4801,-1,4801,4814,4623,-1,4801,4623,4625,-1,4655,4786,4787,-1,4787,4786,4815,-1,4787,4815,4802,-1,4802,4815,4816,-1,4802,4816,4803,-1,4803,4816,4817,-1,4803,4817,4804,-1,4804,4817,4818,-1,4804,4818,4805,-1,4805,4818,4819,-1,4805,4819,4806,-1,4806,4819,4820,-1,4806,4820,4807,-1,4807,4820,4821,-1,4807,4821,4808,-1,4808,4821,4822,-1,4808,4822,4809,-1,4809,4822,4823,-1,4809,4823,4810,-1,4810,4823,4824,-1,4810,4824,4811,-1,4811,4824,4825,-1,4811,4825,4812,-1,4812,4825,4826,-1,4812,4826,4813,-1,4813,4826,4827,-1,4813,4827,4814,-1,4814,4827,4621,-1,4814,4621,4623,-1,4669,4785,4786,-1,4786,4785,4828,-1,4786,4828,4815,-1,4815,4828,4829,-1,4815,4829,4816,-1,4816,4829,4830,-1,4816,4830,4817,-1,4817,4830,4831,-1,4817,4831,4818,-1,4818,4831,4832,-1,4818,4832,4819,-1,4819,4832,4833,-1,4819,4833,4820,-1,4820,4833,4834,-1,4820,4834,4821,-1,4821,4834,4835,-1,4821,4835,4822,-1,4822,4835,4836,-1,4822,4836,4823,-1,4823,4836,4837,-1,4823,4837,4824,-1,4824,4837,4838,-1,4824,4838,4825,-1,4825,4838,4839,-1,4825,4839,4826,-1,4826,4839,4840,-1,4826,4840,4827,-1,4827,4840,4619,-1,4827,4619,4621,-1,4683,4784,4785,-1,4785,4784,4841,-1,4785,4841,4828,-1,4828,4841,4842,-1,4828,4842,4829,-1,4829,4842,4843,-1,4829,4843,4830,-1,4830,4843,4844,-1,4830,4844,4831,-1,4831,4844,4845,-1,4831,4845,4832,-1,4832,4845,4846,-1,4832,4846,4833,-1,4833,4846,4847,-1,4833,4847,4834,-1,4834,4847,4848,-1,4834,4848,4835,-1,4835,4848,4849,-1,4835,4849,4836,-1,4836,4849,4850,-1,4836,4850,4837,-1,4837,4850,4851,-1,4837,4851,4838,-1,4838,4851,4852,-1,4838,4852,4839,-1,4839,4852,4853,-1,4839,4853,4840,-1,4840,4853,4618,-1,4840,4618,4619,-1,4697,4782,4784,-1,4784,4782,4779,-1,4784,4779,4841,-1,4841,4779,4776,-1,4841,4776,4842,-1,4842,4776,4773,-1,4842,4773,4843,-1,4843,4773,4770,-1,4843,4770,4844,-1,4844,4770,4767,-1,4844,4767,4845,-1,4845,4767,4764,-1,4845,4764,4846,-1,4846,4764,4761,-1,4846,4761,4847,-1,4847,4761,4758,-1,4847,4758,4848,-1,4848,4758,4755,-1,4848,4755,4849,-1,4849,4755,4753,-1,4849,4753,4850,-1,4850,4753,4745,-1,4850,4745,4851,-1,4851,4745,4748,-1,4851,4748,4852,-1,4852,4748,4746,-1,4852,4746,4853,-1,4853,4746,4617,-1,4853,4617,4618,-1,4854,4855,4856,-1,4857,4858,4859,-1,4860,4861,4862,-1,4863,4864,4865,-1,4866,4867,4868,-1,4869,4870,4871,-1,4168,4155,4872,-1,4872,4155,4873,-1,4872,4873,4874,-1,4874,4873,4875,-1,4876,4877,4878,-1,4878,4877,4879,-1,4878,4879,4880,-1,4881,4882,4876,-1,4876,4882,4883,-1,4876,4883,4877,-1,4884,4885,4886,-1,4886,4885,4887,-1,4870,4869,4888,-1,4888,4869,4889,-1,4888,4889,4887,-1,4887,4889,4890,-1,4887,4890,4886,-1,4891,4871,4892,-1,4892,4871,4870,-1,4892,4870,4893,-1,4893,4870,4888,-1,4893,4888,4894,-1,4894,4888,4895,-1,4896,4854,4897,-1,4897,4854,4856,-1,4897,4856,4898,-1,4898,4856,4899,-1,4898,4899,4900,-1,4900,4899,4901,-1,4900,4901,4902,-1,4902,4901,4903,-1,4902,4903,4904,-1,4904,4903,4905,-1,4904,4905,4906,-1,4906,4905,4907,-1,4906,4907,4198,-1,4198,4907,4197,-1,4867,4895,4868,-1,4868,4895,4888,-1,4868,4888,4908,-1,4908,4888,4887,-1,4908,4887,4881,-1,4881,4887,4885,-1,4881,4885,4882,-1,4882,4885,4884,-1,4864,4866,4865,-1,4865,4866,4868,-1,4865,4868,4909,-1,4909,4868,4908,-1,4909,4908,4910,-1,4910,4908,4881,-1,4910,4881,4911,-1,4911,4881,4876,-1,4911,4876,4875,-1,4875,4876,4878,-1,4875,4878,4874,-1,4874,4878,4880,-1,4855,4857,4856,-1,4856,4857,4859,-1,4856,4859,4899,-1,4899,4859,4912,-1,4899,4912,4901,-1,4901,4912,4913,-1,4901,4913,4903,-1,4903,4913,4914,-1,4903,4914,4905,-1,4905,4914,4915,-1,4905,4915,4907,-1,4907,4915,4916,-1,4907,4916,4197,-1,4197,4916,4193,-1,4858,4860,4859,-1,4859,4860,4862,-1,4859,4862,4912,-1,4912,4862,4917,-1,4912,4917,4913,-1,4913,4917,4918,-1,4913,4918,4914,-1,4914,4918,4919,-1,4914,4919,4915,-1,4915,4919,4920,-1,4915,4920,4916,-1,4916,4920,4921,-1,4916,4921,4193,-1,4193,4921,4154,-1,4861,4863,4862,-1,4862,4863,4865,-1,4862,4865,4917,-1,4917,4865,4909,-1,4917,4909,4918,-1,4918,4909,4910,-1,4918,4910,4919,-1,4919,4910,4911,-1,4919,4911,4920,-1,4920,4911,4875,-1,4920,4875,4921,-1,4921,4875,4873,-1,4921,4873,4154,-1,4154,4873,4155,-1,4922,4896,4897,-1,4922,4897,4923,-1,4923,4897,4898,-1,4923,4898,4924,-1,4924,4898,4900,-1,4924,4900,4925,-1,4925,4900,4902,-1,4925,4902,4926,-1,4926,4902,4904,-1,4926,4904,4927,-1,4927,4904,4906,-1,4927,4906,4928,-1,4928,4906,4198,-1,4928,4198,4196,-1,4929,4930,4931,-1,4932,4933,4934,-1,4934,4933,4935,-1,4931,4930,4936,-1,4930,4937,4936,-1,4936,4937,4938,-1,4936,4938,4933,-1,4933,4938,4939,-1,4933,4939,4935,-1,4929,4931,4940,-1,4940,4931,4941,-1,4940,4941,4942,-1,4942,4941,4943,-1,4942,4943,4944,-1,4944,4943,4945,-1,4945,4943,4946,-1,4945,4946,4947,-1,4947,4946,4948,-1,4948,4946,4949,-1,4948,4949,4950,-1,4950,4949,4951,-1,4951,4949,4952,-1,4951,4952,4953,-1,4953,4952,4954,-1,4954,4952,4955,-1,4954,4955,4956,-1,4956,4955,4957,-1,4957,4955,4958,-1,4957,4958,4959,-1,4959,4958,4960,-1,4960,4958,4961,-1,4960,4961,4962,-1,4962,4961,4963,-1,4963,4961,4964,-1,4963,4964,4965,-1,4965,4964,4966,-1,4966,4964,4967,-1,4966,4967,4968,-1,4968,4967,4969,-1,4969,4967,4970,-1,4969,4970,4971,-1,4972,4971,4973,-1,4973,4971,4970,-1,4973,4970,4974,-1,4975,4974,4976,-1,4977,4975,4978,-1,4979,4977,4980,-1,4981,4979,4982,-1,4130,4981,4983,-1,4130,4983,4129,-1,4129,4983,4984,-1,4129,4984,4125,-1,4125,4984,4985,-1,4125,4985,4116,-1,4116,4985,4986,-1,4116,4986,4110,-1,4110,4986,4987,-1,4110,4987,4109,-1,4109,4987,4988,-1,4109,4988,4108,-1,4108,4988,4989,-1,4108,4989,4115,-1,4115,4989,4990,-1,4115,4990,4124,-1,4124,4990,4991,-1,4124,4991,4128,-1,4128,4991,4992,-1,4128,4992,4123,-1,4123,4992,4993,-1,4123,4993,4122,-1,4122,4993,4994,-1,4122,4994,4113,-1,4113,4994,4995,-1,4113,4995,4114,-1,4114,4995,4996,-1,4114,4996,4137,-1,4137,4996,4997,-1,4137,4997,4136,-1,4981,4982,4983,-1,4983,4982,4998,-1,4983,4998,4984,-1,4984,4998,4999,-1,4984,4999,4985,-1,4985,4999,5000,-1,4985,5000,4986,-1,4986,5000,5001,-1,4986,5001,4987,-1,4987,5001,5002,-1,4987,5002,4988,-1,4988,5002,5003,-1,4988,5003,4989,-1,4989,5003,5004,-1,4989,5004,4990,-1,4990,5004,5005,-1,4990,5005,4991,-1,4991,5005,5006,-1,4991,5006,4992,-1,4992,5006,5007,-1,4992,5007,4993,-1,4993,5007,5008,-1,4993,5008,4994,-1,4994,5008,5009,-1,4994,5009,4995,-1,4995,5009,5010,-1,4995,5010,4996,-1,4996,5010,5011,-1,4996,5011,4997,-1,4979,4980,4982,-1,4982,4980,5012,-1,4982,5012,4998,-1,4998,5012,5013,-1,4998,5013,4999,-1,4999,5013,5014,-1,4999,5014,5000,-1,5000,5014,5015,-1,5000,5015,5001,-1,5001,5015,5016,-1,5001,5016,5002,-1,5002,5016,5017,-1,5002,5017,5003,-1,5003,5017,5018,-1,5003,5018,5004,-1,5004,5018,5019,-1,5004,5019,5005,-1,5005,5019,5020,-1,5005,5020,5006,-1,5006,5020,5021,-1,5006,5021,5007,-1,5007,5021,5022,-1,5007,5022,5008,-1,5008,5022,5023,-1,5008,5023,5009,-1,5009,5023,5024,-1,5009,5024,5010,-1,5010,5024,5025,-1,5010,5025,5011,-1,4977,4978,4980,-1,4980,4978,5026,-1,4980,5026,5012,-1,5012,5026,5027,-1,5012,5027,5013,-1,5013,5027,5028,-1,5013,5028,5014,-1,5014,5028,5029,-1,5014,5029,5015,-1,5015,5029,5030,-1,5015,5030,5016,-1,5016,5030,5031,-1,5016,5031,5017,-1,5017,5031,5032,-1,5017,5032,5018,-1,5018,5032,5033,-1,5018,5033,5019,-1,5019,5033,5034,-1,5019,5034,5020,-1,5020,5034,5035,-1,5020,5035,5021,-1,5021,5035,5036,-1,5021,5036,5022,-1,5022,5036,5037,-1,5022,5037,5023,-1,5023,5037,5038,-1,5023,5038,5024,-1,5024,5038,5039,-1,5024,5039,5025,-1,4975,4976,4978,-1,4978,4976,5040,-1,4978,5040,5026,-1,5026,5040,5041,-1,5026,5041,5027,-1,5027,5041,5042,-1,5027,5042,5028,-1,5028,5042,5043,-1,5028,5043,5029,-1,5029,5043,5044,-1,5029,5044,5030,-1,5030,5044,5045,-1,5030,5045,5031,-1,5031,5045,5046,-1,5031,5046,5032,-1,5032,5046,5047,-1,5032,5047,5033,-1,5033,5047,5048,-1,5033,5048,5034,-1,5034,5048,5049,-1,5034,5049,5035,-1,5035,5049,5050,-1,5035,5050,5036,-1,5036,5050,5051,-1,5036,5051,5037,-1,5037,5051,5052,-1,5037,5052,5038,-1,5038,5052,5053,-1,5038,5053,5039,-1,4974,4970,4976,-1,4976,4970,4967,-1,4976,4967,5040,-1,5040,4967,4964,-1,5040,4964,5041,-1,5041,4964,4961,-1,5041,4961,5042,-1,5042,4961,4958,-1,5042,4958,5043,-1,5043,4958,4955,-1,5043,4955,5044,-1,5044,4955,4952,-1,5044,4952,5045,-1,5045,4952,4949,-1,5045,4949,5046,-1,5046,4949,4946,-1,5046,4946,5047,-1,5047,4946,4943,-1,5047,4943,5048,-1,5048,4943,4941,-1,5048,4941,5049,-1,5049,4941,4931,-1,5049,4931,5050,-1,5050,4931,4936,-1,5050,4936,5051,-1,5051,4936,4933,-1,5051,4933,5052,-1,5052,4933,4932,-1,5052,4932,5053,-1,5054,5055,5056,-1,4973,5057,4972,-1,4972,5057,5058,-1,5056,5055,5059,-1,5055,5060,5059,-1,5059,5060,5061,-1,5059,5061,5057,-1,5057,5061,5062,-1,5057,5062,5058,-1,5054,5056,5063,-1,5063,5056,5064,-1,5063,5064,5065,-1,5065,5064,5066,-1,5065,5066,5067,-1,5067,5066,5068,-1,5068,5066,5069,-1,5068,5069,5070,-1,5070,5069,5071,-1,5071,5069,5072,-1,5071,5072,5073,-1,5073,5072,5074,-1,5074,5072,5075,-1,5074,5075,5076,-1,5076,5075,5077,-1,5077,5075,5078,-1,5077,5078,5079,-1,5079,5078,5080,-1,5080,5078,5081,-1,5080,5081,5082,-1,5082,5081,5083,-1,5083,5081,5084,-1,5083,5084,5085,-1,5085,5084,5086,-1,5086,5084,5087,-1,5086,5087,5088,-1,5088,5087,5089,-1,5089,5087,5090,-1,5089,5090,5091,-1,5091,5090,5092,-1,5092,5090,5093,-1,5092,5093,5094,-1,4934,5094,4932,-1,4932,5094,5093,-1,4932,5093,5053,-1,5039,5053,5095,-1,5025,5039,5096,-1,5011,5025,5097,-1,4997,5011,5098,-1,4136,4997,5099,-1,4136,5099,4135,-1,4135,5099,5100,-1,4135,5100,4133,-1,4133,5100,5101,-1,4133,5101,4127,-1,4127,5101,5102,-1,4127,5102,4121,-1,4121,5102,5103,-1,4121,5103,4120,-1,4120,5103,5104,-1,4120,5104,4119,-1,4119,5104,5105,-1,4119,5105,4126,-1,4126,5105,5106,-1,4126,5106,4132,-1,4132,5106,5107,-1,4132,5107,4134,-1,4134,5107,5108,-1,4134,5108,4118,-1,4118,5108,5109,-1,4118,5109,4117,-1,4117,5109,5110,-1,4117,5110,4111,-1,4111,5110,5111,-1,4111,5111,4112,-1,4112,5111,5112,-1,4112,5112,4131,-1,4131,5112,4981,-1,4131,4981,4130,-1,4997,5098,5099,-1,5099,5098,5113,-1,5099,5113,5100,-1,5100,5113,5114,-1,5100,5114,5101,-1,5101,5114,5115,-1,5101,5115,5102,-1,5102,5115,5116,-1,5102,5116,5103,-1,5103,5116,5117,-1,5103,5117,5104,-1,5104,5117,5118,-1,5104,5118,5105,-1,5105,5118,5119,-1,5105,5119,5106,-1,5106,5119,5120,-1,5106,5120,5107,-1,5107,5120,5121,-1,5107,5121,5108,-1,5108,5121,5122,-1,5108,5122,5109,-1,5109,5122,5123,-1,5109,5123,5110,-1,5110,5123,5124,-1,5110,5124,5111,-1,5111,5124,5125,-1,5111,5125,5112,-1,5112,5125,4979,-1,5112,4979,4981,-1,5011,5097,5098,-1,5098,5097,5126,-1,5098,5126,5113,-1,5113,5126,5127,-1,5113,5127,5114,-1,5114,5127,5128,-1,5114,5128,5115,-1,5115,5128,5129,-1,5115,5129,5116,-1,5116,5129,5130,-1,5116,5130,5117,-1,5117,5130,5131,-1,5117,5131,5118,-1,5118,5131,5132,-1,5118,5132,5119,-1,5119,5132,5133,-1,5119,5133,5120,-1,5120,5133,5134,-1,5120,5134,5121,-1,5121,5134,5135,-1,5121,5135,5122,-1,5122,5135,5136,-1,5122,5136,5123,-1,5123,5136,5137,-1,5123,5137,5124,-1,5124,5137,5138,-1,5124,5138,5125,-1,5125,5138,4977,-1,5125,4977,4979,-1,5025,5096,5097,-1,5097,5096,5139,-1,5097,5139,5126,-1,5126,5139,5140,-1,5126,5140,5127,-1,5127,5140,5141,-1,5127,5141,5128,-1,5128,5141,5142,-1,5128,5142,5129,-1,5129,5142,5143,-1,5129,5143,5130,-1,5130,5143,5144,-1,5130,5144,5131,-1,5131,5144,5145,-1,5131,5145,5132,-1,5132,5145,5146,-1,5132,5146,5133,-1,5133,5146,5147,-1,5133,5147,5134,-1,5134,5147,5148,-1,5134,5148,5135,-1,5135,5148,5149,-1,5135,5149,5136,-1,5136,5149,5150,-1,5136,5150,5137,-1,5137,5150,5151,-1,5137,5151,5138,-1,5138,5151,4975,-1,5138,4975,4977,-1,5039,5095,5096,-1,5096,5095,5152,-1,5096,5152,5139,-1,5139,5152,5153,-1,5139,5153,5140,-1,5140,5153,5154,-1,5140,5154,5141,-1,5141,5154,5155,-1,5141,5155,5142,-1,5142,5155,5156,-1,5142,5156,5143,-1,5143,5156,5157,-1,5143,5157,5144,-1,5144,5157,5158,-1,5144,5158,5145,-1,5145,5158,5159,-1,5145,5159,5146,-1,5146,5159,5160,-1,5146,5160,5147,-1,5147,5160,5161,-1,5147,5161,5148,-1,5148,5161,5162,-1,5148,5162,5149,-1,5149,5162,5163,-1,5149,5163,5150,-1,5150,5163,5164,-1,5150,5164,5151,-1,5151,5164,4974,-1,5151,4974,4975,-1,5053,5093,5095,-1,5095,5093,5090,-1,5095,5090,5152,-1,5152,5090,5087,-1,5152,5087,5153,-1,5153,5087,5084,-1,5153,5084,5154,-1,5154,5084,5081,-1,5154,5081,5155,-1,5155,5081,5078,-1,5155,5078,5156,-1,5156,5078,5075,-1,5156,5075,5157,-1,5157,5075,5072,-1,5157,5072,5158,-1,5158,5072,5069,-1,5158,5069,5159,-1,5159,5069,5066,-1,5159,5066,5160,-1,5160,5066,5064,-1,5160,5064,5161,-1,5161,5064,5056,-1,5161,5056,5162,-1,5162,5056,5059,-1,5162,5059,5163,-1,5163,5059,5057,-1,5163,5057,5164,-1,5164,5057,4973,-1,5164,4973,4974,-1,5165,5166,5167,-1,5168,5169,5170,-1,5171,5172,5173,-1,4922,4923,5174,-1,5174,4923,5175,-1,5174,5175,5176,-1,5176,5175,5177,-1,5177,5175,5178,-1,5177,5178,5179,-1,5179,5178,5180,-1,5180,5178,5181,-1,5180,5181,5182,-1,5182,5181,5183,-1,5183,5181,5184,-1,5183,5184,5185,-1,5185,5184,5186,-1,5186,5184,5187,-1,5186,5187,5188,-1,5188,5187,5189,-1,5189,5187,5190,-1,5189,5190,5191,-1,5191,5190,5192,-1,5192,5190,5172,-1,5192,5172,5193,-1,5193,5172,5171,-1,5193,5171,5194,-1,5195,5196,5197,-1,5197,5196,5198,-1,5197,5198,5199,-1,5195,5200,5201,-1,5201,5200,5202,-1,5201,5202,5169,-1,5168,5170,5203,-1,5203,5204,5205,-1,5205,5204,5206,-1,5205,5206,5166,-1,5165,5167,4178,-1,4178,5167,4144,-1,4144,5167,5207,-1,4144,5207,4139,-1,4139,5207,5208,-1,4139,5208,4140,-1,4140,5208,5209,-1,4140,5209,4195,-1,4195,5209,4928,-1,4195,4928,4196,-1,5166,5206,5167,-1,5167,5206,5210,-1,5167,5210,5207,-1,5207,5210,5211,-1,5207,5211,5208,-1,5208,5211,5212,-1,5208,5212,5209,-1,5209,5212,4927,-1,5209,4927,4928,-1,5203,5170,5204,-1,5204,5170,5213,-1,5204,5213,5206,-1,5206,5213,5214,-1,5206,5214,5210,-1,5210,5214,5215,-1,5210,5215,5211,-1,5211,5215,5216,-1,5211,5216,5212,-1,5212,5216,4926,-1,5212,4926,4927,-1,5169,5202,5170,-1,5170,5202,5217,-1,5170,5217,5213,-1,5213,5217,5218,-1,5213,5218,5214,-1,5214,5218,5219,-1,5214,5219,5215,-1,5215,5219,5220,-1,5215,5220,5216,-1,5216,5220,4925,-1,5216,4925,4926,-1,5195,5197,5200,-1,5200,5197,5221,-1,5200,5221,5202,-1,5202,5221,5222,-1,5202,5222,5217,-1,5217,5222,5223,-1,5217,5223,5218,-1,5218,5223,5224,-1,5218,5224,5219,-1,5219,5224,5225,-1,5219,5225,5220,-1,5220,5225,4924,-1,5220,4924,4925,-1,5173,5172,5199,-1,5199,5172,5190,-1,5199,5190,5197,-1,5197,5190,5187,-1,5197,5187,5221,-1,5221,5187,5184,-1,5221,5184,5222,-1,5222,5184,5181,-1,5222,5181,5223,-1,5223,5181,5178,-1,5223,5178,5224,-1,5224,5178,5175,-1,5224,5175,5225,-1,5225,5175,4923,-1,5225,4923,4924,-1,5226,5227,5228,-1,5229,5230,5231,-1,5232,5233,5234,-1,4150,4149,5235,-1,5235,4149,5236,-1,5235,5236,5237,-1,5237,5236,5238,-1,5239,5240,5241,-1,5241,5240,5242,-1,5241,5242,5243,-1,5244,5245,5246,-1,5247,5245,5248,-1,5248,5245,5244,-1,5248,5244,5249,-1,5249,5244,5228,-1,5250,5251,5227,-1,5227,5251,5252,-1,5227,5252,5228,-1,5228,5252,5253,-1,5228,5253,5249,-1,5254,5229,5255,-1,5255,5229,5231,-1,5255,5231,5256,-1,5256,5231,5257,-1,5256,5257,5258,-1,5258,5257,5259,-1,5258,5259,5260,-1,5260,5259,5261,-1,5260,5261,5262,-1,5262,5261,5263,-1,5262,5263,5264,-1,5264,5263,5265,-1,5264,5265,4143,-1,4143,5265,4194,-1,5266,5226,5267,-1,5267,5226,5228,-1,5267,5228,5268,-1,5268,5228,5244,-1,5268,5244,5269,-1,5269,5244,5246,-1,5268,5239,5267,-1,5267,5239,5241,-1,5267,5241,5266,-1,5266,5241,5243,-1,5266,5243,5270,-1,5270,5243,5271,-1,5270,5271,5238,-1,5238,5271,5272,-1,5238,5272,5237,-1,5230,5232,5231,-1,5231,5232,5234,-1,5231,5234,5257,-1,5257,5234,5273,-1,5257,5273,5259,-1,5259,5273,5274,-1,5259,5274,5261,-1,5261,5274,5275,-1,5261,5275,5263,-1,5263,5275,5276,-1,5263,5276,5265,-1,5265,5276,5277,-1,5265,5277,4194,-1,4194,5277,4141,-1,5233,5250,5234,-1,5234,5250,5227,-1,5234,5227,5273,-1,5273,5227,5226,-1,5273,5226,5274,-1,5274,5226,5266,-1,5274,5266,5275,-1,5275,5266,5270,-1,5275,5270,5276,-1,5276,5270,5238,-1,5276,5238,5277,-1,5277,5238,5236,-1,5277,5236,4141,-1,4141,5236,4149,-1,5278,5254,5255,-1,5278,5255,5279,-1,5279,5255,5256,-1,5279,5256,5280,-1,5280,5256,5258,-1,5280,5258,5281,-1,5281,5258,5260,-1,5281,5260,5282,-1,5282,5260,5262,-1,5282,5262,5283,-1,5283,5262,5264,-1,5283,5264,5284,-1,5284,5264,4143,-1,5284,4143,4142,-1,4443,4444,5285,-1,4456,4455,5286,-1,5278,5279,5287,-1,5287,5279,5288,-1,5287,5288,5289,-1,5289,5288,5290,-1,5290,5288,5291,-1,5290,5291,5292,-1,5292,5291,5293,-1,5293,5291,5294,-1,5293,5294,5295,-1,5295,5294,5296,-1,5296,5294,5297,-1,5296,5297,5298,-1,5298,5297,5299,-1,5299,5297,5300,-1,5299,5300,5301,-1,4447,5301,4448,-1,4448,5301,5300,-1,4448,5300,4449,-1,4449,5300,4450,-1,4454,4451,5302,-1,5302,4451,4452,-1,5302,4452,4453,-1,4456,5286,4444,-1,4443,5285,4442,-1,4157,4442,4158,-1,4158,4442,5303,-1,4158,5303,4165,-1,4165,5303,5304,-1,4165,5304,4161,-1,4161,5304,4162,-1,4162,5304,5305,-1,4162,5305,4163,-1,4163,5305,4164,-1,4164,5305,5284,-1,4164,5284,4142,-1,4442,5285,5303,-1,5303,5285,5306,-1,5303,5306,5304,-1,5304,5306,5307,-1,5304,5307,5305,-1,5305,5307,5283,-1,5305,5283,5284,-1,4444,5286,5285,-1,5285,5286,5308,-1,5285,5308,5306,-1,5306,5308,5309,-1,5306,5309,5307,-1,5307,5309,5282,-1,5307,5282,5283,-1,4454,5302,4455,-1,4455,5302,5310,-1,4455,5310,5286,-1,5286,5310,5311,-1,5286,5311,5308,-1,5308,5311,5312,-1,5308,5312,5309,-1,5309,5312,5281,-1,5309,5281,5282,-1,4453,5313,5302,-1,5302,5313,5314,-1,5302,5314,5310,-1,5310,5314,5315,-1,5310,5315,5311,-1,5311,5315,5316,-1,5311,5316,5312,-1,5312,5316,5280,-1,5312,5280,5281,-1,4450,5300,4453,-1,4453,5300,5297,-1,4453,5297,5313,-1,5313,5297,5294,-1,5313,5294,5314,-1,5314,5294,5291,-1,5314,5291,5315,-1,5315,5291,5288,-1,5315,5288,5316,-1,5316,5288,5279,-1,5316,5279,5280,-1,5317,4418,4258,-1,4258,4418,4432,-1,4202,4200,4238,-1,4238,4200,5318,-1,4238,5318,4240,-1,4240,5318,5319,-1,4240,5319,4242,-1,4242,5319,5320,-1,4242,5320,4244,-1,4244,5320,5321,-1,4244,5321,4246,-1,4246,5321,5322,-1,4246,5322,4248,-1,4248,5322,5323,-1,4248,5323,4250,-1,4250,5323,5324,-1,4250,5324,4252,-1,4252,5324,5325,-1,4252,5325,4254,-1,4254,5325,5326,-1,4254,5326,4256,-1,4256,5326,5327,-1,4256,5327,4258,-1,4258,5327,5317,-1,5328,5329,5330,-1,5330,5329,5331,-1,5331,5329,5332,-1,5332,5329,5333,-1,5332,5333,5334,-1,5334,5333,5335,-1,5335,5333,5336,-1,5335,5336,5337,-1,5337,5336,5338,-1,5338,5336,5339,-1,5338,5339,5340,-1,5340,5339,5341,-1,5341,5339,5342,-1,5341,5342,5343,-1,5343,5342,5344,-1,5343,5344,5345,-1,5346,5347,5348,-1,5348,5347,5349,-1,5348,5349,5344,-1,5344,5349,5350,-1,5344,5350,5345,-1,5351,5352,5346,-1,5346,5352,5353,-1,5346,5353,5347,-1,5354,5355,5351,-1,5351,5355,5356,-1,5351,5356,5352,-1,5357,5358,5359,-1,5359,5358,5360,-1,5359,5360,5361,-1,5361,5360,5362,-1,5361,5362,5354,-1,5354,5362,5363,-1,5354,5363,5355,-1,5357,5359,5364,-1,5364,5359,5365,-1,5364,5365,5366,-1,5366,5365,5367,-1,5366,5367,5368,-1,5368,5367,5369,-1,5369,5367,5370,-1,5369,5370,5371,-1,5371,5370,5372,-1,5372,5370,5373,-1,5372,5373,5374,-1,5375,5374,5376,-1,5376,5374,5373,-1,5376,5373,5377,-1,5378,5377,5379,-1,5380,5378,5381,-1,5382,5380,5383,-1,5384,5382,5385,-1,4339,5384,5386,-1,4339,5386,4338,-1,4338,5386,5387,-1,4338,5387,4331,-1,4331,5387,5388,-1,4331,5388,4329,-1,4329,5388,5389,-1,4329,5389,4330,-1,4330,5389,5390,-1,4330,5390,4323,-1,4323,5390,5391,-1,4323,5391,4315,-1,4315,5391,5392,-1,4315,5392,4310,-1,4310,5392,5393,-1,4310,5393,4335,-1,4335,5393,5394,-1,4335,5394,4328,-1,4328,5394,5395,-1,4328,5395,4322,-1,4322,5395,5396,-1,4322,5396,4321,-1,4321,5396,5397,-1,4321,5397,4309,-1,4309,5397,5398,-1,4309,5398,4307,-1,4307,5398,5399,-1,4307,5399,4326,-1,4326,5399,5400,-1,4326,5400,4327,-1,4327,5400,5401,-1,4327,5401,4334,-1,4334,5401,5402,-1,4334,5402,4333,-1,5384,5385,5386,-1,5386,5385,5403,-1,5386,5403,5387,-1,5387,5403,5404,-1,5387,5404,5388,-1,5388,5404,5405,-1,5388,5405,5389,-1,5389,5405,5406,-1,5389,5406,5390,-1,5390,5406,5407,-1,5390,5407,5391,-1,5391,5407,5408,-1,5391,5408,5392,-1,5392,5408,5409,-1,5392,5409,5393,-1,5393,5409,5410,-1,5393,5410,5394,-1,5394,5410,5411,-1,5394,5411,5395,-1,5395,5411,5412,-1,5395,5412,5396,-1,5396,5412,5413,-1,5396,5413,5397,-1,5397,5413,5414,-1,5397,5414,5398,-1,5398,5414,5415,-1,5398,5415,5399,-1,5399,5415,5416,-1,5399,5416,5400,-1,5400,5416,5417,-1,5400,5417,5401,-1,5401,5417,5418,-1,5401,5418,5402,-1,5382,5383,5385,-1,5385,5383,5419,-1,5385,5419,5403,-1,5403,5419,5420,-1,5403,5420,5404,-1,5404,5420,5421,-1,5404,5421,5405,-1,5405,5421,5422,-1,5405,5422,5406,-1,5406,5422,5423,-1,5406,5423,5407,-1,5407,5423,5424,-1,5407,5424,5408,-1,5408,5424,5425,-1,5408,5425,5409,-1,5409,5425,5426,-1,5409,5426,5410,-1,5410,5426,5427,-1,5410,5427,5411,-1,5411,5427,5428,-1,5411,5428,5412,-1,5412,5428,5429,-1,5412,5429,5413,-1,5413,5429,5430,-1,5413,5430,5414,-1,5414,5430,5431,-1,5414,5431,5415,-1,5415,5431,5432,-1,5415,5432,5416,-1,5416,5432,5433,-1,5416,5433,5417,-1,5417,5433,5434,-1,5417,5434,5418,-1,5380,5381,5383,-1,5383,5381,5435,-1,5383,5435,5419,-1,5419,5435,5436,-1,5419,5436,5420,-1,5420,5436,5437,-1,5420,5437,5421,-1,5421,5437,5438,-1,5421,5438,5422,-1,5422,5438,5439,-1,5422,5439,5423,-1,5423,5439,5440,-1,5423,5440,5424,-1,5424,5440,5441,-1,5424,5441,5425,-1,5425,5441,5442,-1,5425,5442,5426,-1,5426,5442,5443,-1,5426,5443,5427,-1,5427,5443,5444,-1,5427,5444,5428,-1,5428,5444,5445,-1,5428,5445,5429,-1,5429,5445,5446,-1,5429,5446,5430,-1,5430,5446,5447,-1,5430,5447,5431,-1,5431,5447,5448,-1,5431,5448,5432,-1,5432,5448,5449,-1,5432,5449,5433,-1,5433,5449,5450,-1,5433,5450,5434,-1,5378,5379,5381,-1,5381,5379,5451,-1,5381,5451,5435,-1,5435,5451,5452,-1,5435,5452,5436,-1,5436,5452,5453,-1,5436,5453,5437,-1,5437,5453,5454,-1,5437,5454,5438,-1,5438,5454,5455,-1,5438,5455,5439,-1,5439,5455,5456,-1,5439,5456,5440,-1,5440,5456,5457,-1,5440,5457,5441,-1,5441,5457,5458,-1,5441,5458,5442,-1,5442,5458,5459,-1,5442,5459,5443,-1,5443,5459,5460,-1,5443,5460,5444,-1,5444,5460,5461,-1,5444,5461,5445,-1,5445,5461,5462,-1,5445,5462,5446,-1,5446,5462,5463,-1,5446,5463,5447,-1,5447,5463,5464,-1,5447,5464,5448,-1,5448,5464,5465,-1,5448,5465,5449,-1,5449,5465,5466,-1,5449,5466,5450,-1,5377,5373,5379,-1,5379,5373,5370,-1,5379,5370,5451,-1,5451,5370,5367,-1,5451,5367,5452,-1,5452,5367,5365,-1,5452,5365,5453,-1,5453,5365,5359,-1,5453,5359,5454,-1,5454,5359,5361,-1,5454,5361,5455,-1,5455,5361,5354,-1,5455,5354,5456,-1,5456,5354,5351,-1,5456,5351,5457,-1,5457,5351,5346,-1,5457,5346,5458,-1,5458,5346,5348,-1,5458,5348,5459,-1,5459,5348,5344,-1,5459,5344,5460,-1,5460,5344,5342,-1,5460,5342,5461,-1,5461,5342,5339,-1,5461,5339,5462,-1,5462,5339,5336,-1,5462,5336,5463,-1,5463,5336,5333,-1,5463,5333,5464,-1,5464,5333,5329,-1,5464,5329,5465,-1,5465,5329,5328,-1,5465,5328,5466,-1,5376,5467,5375,-1,5375,5467,5468,-1,5468,5467,5469,-1,5469,5467,5470,-1,5469,5470,5471,-1,5471,5470,5472,-1,5472,5470,5473,-1,5472,5473,5474,-1,5474,5473,5475,-1,5475,5473,5476,-1,5475,5476,5477,-1,5477,5476,5478,-1,5478,5476,5479,-1,5478,5479,5480,-1,5480,5479,5481,-1,5480,5481,5482,-1,5483,5484,5485,-1,5485,5484,5486,-1,5485,5486,5481,-1,5481,5486,5487,-1,5481,5487,5482,-1,5488,5489,5483,-1,5483,5489,5490,-1,5483,5490,5484,-1,5491,5492,5488,-1,5488,5492,5493,-1,5488,5493,5489,-1,5494,5495,5496,-1,5496,5495,5497,-1,5496,5497,5498,-1,5498,5497,5499,-1,5498,5499,5491,-1,5491,5499,5500,-1,5491,5500,5492,-1,5494,5496,5501,-1,5501,5496,5502,-1,5501,5502,5503,-1,5503,5502,5504,-1,5503,5504,5505,-1,5505,5504,5506,-1,5506,5504,5507,-1,5506,5507,5508,-1,5508,5507,5509,-1,5509,5507,5510,-1,5509,5510,5511,-1,5330,5511,5328,-1,5328,5511,5510,-1,5328,5510,5466,-1,5450,5466,5512,-1,5434,5450,5513,-1,5418,5434,5514,-1,5402,5418,5515,-1,4333,5402,5516,-1,4333,5516,4325,-1,4325,5516,5517,-1,4325,5517,4320,-1,4320,5517,5518,-1,4320,5518,4318,-1,4318,5518,5519,-1,4318,5519,4319,-1,4319,5519,5520,-1,4319,5520,4313,-1,4313,5520,5521,-1,4313,5521,4314,-1,4314,5521,5522,-1,4314,5522,4308,-1,4308,5522,5523,-1,4308,5523,4332,-1,4332,5523,5524,-1,4332,5524,4324,-1,4324,5524,5525,-1,4324,5525,4317,-1,4317,5525,5526,-1,4317,5526,4312,-1,4312,5526,5527,-1,4312,5527,4316,-1,4316,5527,5528,-1,4316,5528,4311,-1,4311,5528,5529,-1,4311,5529,4336,-1,4336,5529,5530,-1,4336,5530,4337,-1,4337,5530,5531,-1,4337,5531,4340,-1,4340,5531,5384,-1,4340,5384,4339,-1,5402,5515,5516,-1,5516,5515,5532,-1,5516,5532,5517,-1,5517,5532,5533,-1,5517,5533,5518,-1,5518,5533,5534,-1,5518,5534,5519,-1,5519,5534,5535,-1,5519,5535,5520,-1,5520,5535,5536,-1,5520,5536,5521,-1,5521,5536,5537,-1,5521,5537,5522,-1,5522,5537,5538,-1,5522,5538,5523,-1,5523,5538,5539,-1,5523,5539,5524,-1,5524,5539,5540,-1,5524,5540,5525,-1,5525,5540,5541,-1,5525,5541,5526,-1,5526,5541,5542,-1,5526,5542,5527,-1,5527,5542,5543,-1,5527,5543,5528,-1,5528,5543,5544,-1,5528,5544,5529,-1,5529,5544,5545,-1,5529,5545,5530,-1,5530,5545,5546,-1,5530,5546,5531,-1,5531,5546,5382,-1,5531,5382,5384,-1,5418,5514,5515,-1,5515,5514,5547,-1,5515,5547,5532,-1,5532,5547,5548,-1,5532,5548,5533,-1,5533,5548,5549,-1,5533,5549,5534,-1,5534,5549,5550,-1,5534,5550,5535,-1,5535,5550,5551,-1,5535,5551,5536,-1,5536,5551,5552,-1,5536,5552,5537,-1,5537,5552,5553,-1,5537,5553,5538,-1,5538,5553,5554,-1,5538,5554,5539,-1,5539,5554,5555,-1,5539,5555,5540,-1,5540,5555,5556,-1,5540,5556,5541,-1,5541,5556,5557,-1,5541,5557,5542,-1,5542,5557,5558,-1,5542,5558,5543,-1,5543,5558,5559,-1,5543,5559,5544,-1,5544,5559,5560,-1,5544,5560,5545,-1,5545,5560,5561,-1,5545,5561,5546,-1,5546,5561,5380,-1,5546,5380,5382,-1,5434,5513,5514,-1,5514,5513,5562,-1,5514,5562,5547,-1,5547,5562,5563,-1,5547,5563,5548,-1,5548,5563,5564,-1,5548,5564,5549,-1,5549,5564,5565,-1,5549,5565,5550,-1,5550,5565,5566,-1,5550,5566,5551,-1,5551,5566,5567,-1,5551,5567,5552,-1,5552,5567,5568,-1,5552,5568,5553,-1,5553,5568,5569,-1,5553,5569,5554,-1,5554,5569,5570,-1,5554,5570,5555,-1,5555,5570,5571,-1,5555,5571,5556,-1,5556,5571,5572,-1,5556,5572,5557,-1,5557,5572,5573,-1,5557,5573,5558,-1,5558,5573,5574,-1,5558,5574,5559,-1,5559,5574,5575,-1,5559,5575,5560,-1,5560,5575,5576,-1,5560,5576,5561,-1,5561,5576,5378,-1,5561,5378,5380,-1,5450,5512,5513,-1,5513,5512,5577,-1,5513,5577,5562,-1,5562,5577,5578,-1,5562,5578,5563,-1,5563,5578,5579,-1,5563,5579,5564,-1,5564,5579,5580,-1,5564,5580,5565,-1,5565,5580,5581,-1,5565,5581,5566,-1,5566,5581,5582,-1,5566,5582,5567,-1,5567,5582,5583,-1,5567,5583,5568,-1,5568,5583,5584,-1,5568,5584,5569,-1,5569,5584,5585,-1,5569,5585,5570,-1,5570,5585,5586,-1,5570,5586,5571,-1,5571,5586,5587,-1,5571,5587,5572,-1,5572,5587,5588,-1,5572,5588,5573,-1,5573,5588,5589,-1,5573,5589,5574,-1,5574,5589,5590,-1,5574,5590,5575,-1,5575,5590,5591,-1,5575,5591,5576,-1,5576,5591,5377,-1,5576,5377,5378,-1,5466,5510,5512,-1,5512,5510,5507,-1,5512,5507,5577,-1,5577,5507,5504,-1,5577,5504,5578,-1,5578,5504,5502,-1,5578,5502,5579,-1,5579,5502,5496,-1,5579,5496,5580,-1,5580,5496,5498,-1,5580,5498,5581,-1,5581,5498,5491,-1,5581,5491,5582,-1,5582,5491,5488,-1,5582,5488,5583,-1,5583,5488,5483,-1,5583,5483,5584,-1,5584,5483,5485,-1,5584,5485,5585,-1,5585,5485,5481,-1,5585,5481,5586,-1,5586,5481,5479,-1,5586,5479,5587,-1,5587,5479,5476,-1,5587,5476,5588,-1,5588,5476,5473,-1,5588,5473,5589,-1,5589,5473,5470,-1,5589,5470,5590,-1,5590,5470,5467,-1,5590,5467,5591,-1,5591,5467,5376,-1,5591,5376,5377,-1,5592,5593,5594,-1,5594,5593,5595,-1,5595,5593,5596,-1,5596,5593,5597,-1,5596,5597,5598,-1,5598,5597,5599,-1,5599,5597,5600,-1,5599,5600,5601,-1,5601,5600,5602,-1,5602,5600,5603,-1,5602,5603,5604,-1,5604,5603,5605,-1,5605,5603,5606,-1,5605,5606,5607,-1,5607,5606,5608,-1,5607,5608,5609,-1,5610,5611,5612,-1,5612,5611,5613,-1,5612,5613,5608,-1,5608,5613,5614,-1,5608,5614,5609,-1,5615,5616,5610,-1,5610,5616,5617,-1,5610,5617,5611,-1,5618,5619,5615,-1,5615,5619,5620,-1,5615,5620,5616,-1,5621,5622,5623,-1,5623,5622,5624,-1,5623,5624,5625,-1,5625,5624,5626,-1,5625,5626,5618,-1,5618,5626,5627,-1,5618,5627,5619,-1,5621,5623,5628,-1,5628,5623,5629,-1,5628,5629,5630,-1,5630,5629,5631,-1,5630,5631,5632,-1,5632,5631,5633,-1,5633,5631,5634,-1,5633,5634,5635,-1,5635,5634,5636,-1,5636,5634,5637,-1,5636,5637,5638,-1,5639,5638,5640,-1,5640,5638,5637,-1,5640,5637,5641,-1,5642,5641,5643,-1,5644,5642,5645,-1,5646,5644,5647,-1,5648,5646,5649,-1,4373,5648,5650,-1,4373,5650,4372,-1,4372,5650,5651,-1,4372,5651,4363,-1,4363,5651,5652,-1,4363,5652,4361,-1,4361,5652,5653,-1,4361,5653,4362,-1,4362,5653,5654,-1,4362,5654,4355,-1,4355,5654,5655,-1,4355,5655,4347,-1,4347,5655,5656,-1,4347,5656,4343,-1,4343,5656,5657,-1,4343,5657,4366,-1,4366,5657,5658,-1,4366,5658,4360,-1,4360,5658,5659,-1,4360,5659,4354,-1,4354,5659,5660,-1,4354,5660,4346,-1,4346,5660,5661,-1,4346,5661,4342,-1,4342,5661,5662,-1,4342,5662,4341,-1,4341,5662,5663,-1,4341,5663,4352,-1,4352,5663,5664,-1,4352,5664,4353,-1,4353,5664,5665,-1,4353,5665,4371,-1,4371,5665,5666,-1,4371,5666,4370,-1,5648,5649,5650,-1,5650,5649,5667,-1,5650,5667,5651,-1,5651,5667,5668,-1,5651,5668,5652,-1,5652,5668,5669,-1,5652,5669,5653,-1,5653,5669,5670,-1,5653,5670,5654,-1,5654,5670,5671,-1,5654,5671,5655,-1,5655,5671,5672,-1,5655,5672,5656,-1,5656,5672,5673,-1,5656,5673,5657,-1,5657,5673,5674,-1,5657,5674,5658,-1,5658,5674,5675,-1,5658,5675,5659,-1,5659,5675,5676,-1,5659,5676,5660,-1,5660,5676,5677,-1,5660,5677,5661,-1,5661,5677,5678,-1,5661,5678,5662,-1,5662,5678,5679,-1,5662,5679,5663,-1,5663,5679,5680,-1,5663,5680,5664,-1,5664,5680,5681,-1,5664,5681,5665,-1,5665,5681,5682,-1,5665,5682,5666,-1,5646,5647,5649,-1,5649,5647,5683,-1,5649,5683,5667,-1,5667,5683,5684,-1,5667,5684,5668,-1,5668,5684,5685,-1,5668,5685,5669,-1,5669,5685,5686,-1,5669,5686,5670,-1,5670,5686,5687,-1,5670,5687,5671,-1,5671,5687,5688,-1,5671,5688,5672,-1,5672,5688,5689,-1,5672,5689,5673,-1,5673,5689,5690,-1,5673,5690,5674,-1,5674,5690,5691,-1,5674,5691,5675,-1,5675,5691,5692,-1,5675,5692,5676,-1,5676,5692,5693,-1,5676,5693,5677,-1,5677,5693,5694,-1,5677,5694,5678,-1,5678,5694,5695,-1,5678,5695,5679,-1,5679,5695,5696,-1,5679,5696,5680,-1,5680,5696,5697,-1,5680,5697,5681,-1,5681,5697,5698,-1,5681,5698,5682,-1,5644,5645,5647,-1,5647,5645,5699,-1,5647,5699,5683,-1,5683,5699,5700,-1,5683,5700,5684,-1,5684,5700,5701,-1,5684,5701,5685,-1,5685,5701,5702,-1,5685,5702,5686,-1,5686,5702,5703,-1,5686,5703,5687,-1,5687,5703,5704,-1,5687,5704,5688,-1,5688,5704,5705,-1,5688,5705,5689,-1,5689,5705,5706,-1,5689,5706,5690,-1,5690,5706,5707,-1,5690,5707,5691,-1,5691,5707,5708,-1,5691,5708,5692,-1,5692,5708,5709,-1,5692,5709,5693,-1,5693,5709,5710,-1,5693,5710,5694,-1,5694,5710,5711,-1,5694,5711,5695,-1,5695,5711,5712,-1,5695,5712,5696,-1,5696,5712,5713,-1,5696,5713,5697,-1,5697,5713,5714,-1,5697,5714,5698,-1,5642,5643,5645,-1,5645,5643,5715,-1,5645,5715,5699,-1,5699,5715,5716,-1,5699,5716,5700,-1,5700,5716,5717,-1,5700,5717,5701,-1,5701,5717,5718,-1,5701,5718,5702,-1,5702,5718,5719,-1,5702,5719,5703,-1,5703,5719,5720,-1,5703,5720,5704,-1,5704,5720,5721,-1,5704,5721,5705,-1,5705,5721,5722,-1,5705,5722,5706,-1,5706,5722,5723,-1,5706,5723,5707,-1,5707,5723,5724,-1,5707,5724,5708,-1,5708,5724,5725,-1,5708,5725,5709,-1,5709,5725,5726,-1,5709,5726,5710,-1,5710,5726,5727,-1,5710,5727,5711,-1,5711,5727,5728,-1,5711,5728,5712,-1,5712,5728,5729,-1,5712,5729,5713,-1,5713,5729,5730,-1,5713,5730,5714,-1,5641,5637,5643,-1,5643,5637,5634,-1,5643,5634,5715,-1,5715,5634,5631,-1,5715,5631,5716,-1,5716,5631,5629,-1,5716,5629,5717,-1,5717,5629,5623,-1,5717,5623,5718,-1,5718,5623,5625,-1,5718,5625,5719,-1,5719,5625,5618,-1,5719,5618,5720,-1,5720,5618,5615,-1,5720,5615,5721,-1,5721,5615,5610,-1,5721,5610,5722,-1,5722,5610,5612,-1,5722,5612,5723,-1,5723,5612,5608,-1,5723,5608,5724,-1,5724,5608,5606,-1,5724,5606,5725,-1,5725,5606,5603,-1,5725,5603,5726,-1,5726,5603,5600,-1,5726,5600,5727,-1,5727,5600,5597,-1,5727,5597,5728,-1,5728,5597,5593,-1,5728,5593,5729,-1,5729,5593,5592,-1,5729,5592,5730,-1,5640,5731,5639,-1,5639,5731,5732,-1,5732,5731,5733,-1,5733,5731,5734,-1,5733,5734,5735,-1,5735,5734,5736,-1,5736,5734,5737,-1,5736,5737,5738,-1,5738,5737,5739,-1,5739,5737,5740,-1,5739,5740,5741,-1,5741,5740,5742,-1,5742,5740,5743,-1,5742,5743,5744,-1,5744,5743,5745,-1,5744,5745,5746,-1,5747,5748,5749,-1,5749,5748,5750,-1,5749,5750,5745,-1,5745,5750,5751,-1,5745,5751,5746,-1,5752,5753,5747,-1,5747,5753,5754,-1,5747,5754,5748,-1,5755,5756,5752,-1,5752,5756,5757,-1,5752,5757,5753,-1,5758,5759,5760,-1,5760,5759,5761,-1,5760,5761,5762,-1,5762,5761,5763,-1,5762,5763,5755,-1,5755,5763,5764,-1,5755,5764,5756,-1,5758,5760,5765,-1,5765,5760,5766,-1,5765,5766,5767,-1,5767,5766,5768,-1,5767,5768,5769,-1,5769,5768,5770,-1,5770,5768,5771,-1,5770,5771,5772,-1,5772,5771,5773,-1,5773,5771,5774,-1,5773,5774,5775,-1,5594,5775,5592,-1,5592,5775,5774,-1,5592,5774,5730,-1,5714,5730,5776,-1,5698,5714,5777,-1,5682,5698,5778,-1,5666,5682,5779,-1,4370,5666,5780,-1,4370,5780,4365,-1,4365,5780,5781,-1,4365,5781,4359,-1,4359,5781,5782,-1,4359,5782,4357,-1,4357,5782,5783,-1,4357,5783,4358,-1,4358,5783,5784,-1,4358,5784,4350,-1,4350,5784,5785,-1,4350,5785,4351,-1,4351,5785,5786,-1,4351,5786,4345,-1,4345,5786,5787,-1,4345,5787,4369,-1,4369,5787,5788,-1,4369,5788,4364,-1,4364,5788,5789,-1,4364,5789,4356,-1,4356,5789,5790,-1,4356,5790,4349,-1,4349,5790,5791,-1,4349,5791,4348,-1,4348,5791,5792,-1,4348,5792,4344,-1,4344,5792,5793,-1,4344,5793,4367,-1,4367,5793,5794,-1,4367,5794,4368,-1,4368,5794,5795,-1,4368,5795,4374,-1,4374,5795,5648,-1,4374,5648,4373,-1,5666,5779,5780,-1,5780,5779,5796,-1,5780,5796,5781,-1,5781,5796,5797,-1,5781,5797,5782,-1,5782,5797,5798,-1,5782,5798,5783,-1,5783,5798,5799,-1,5783,5799,5784,-1,5784,5799,5800,-1,5784,5800,5785,-1,5785,5800,5801,-1,5785,5801,5786,-1,5786,5801,5802,-1,5786,5802,5787,-1,5787,5802,5803,-1,5787,5803,5788,-1,5788,5803,5804,-1,5788,5804,5789,-1,5789,5804,5805,-1,5789,5805,5790,-1,5790,5805,5806,-1,5790,5806,5791,-1,5791,5806,5807,-1,5791,5807,5792,-1,5792,5807,5808,-1,5792,5808,5793,-1,5793,5808,5809,-1,5793,5809,5794,-1,5794,5809,5810,-1,5794,5810,5795,-1,5795,5810,5646,-1,5795,5646,5648,-1,5682,5778,5779,-1,5779,5778,5811,-1,5779,5811,5796,-1,5796,5811,5812,-1,5796,5812,5797,-1,5797,5812,5813,-1,5797,5813,5798,-1,5798,5813,5814,-1,5798,5814,5799,-1,5799,5814,5815,-1,5799,5815,5800,-1,5800,5815,5816,-1,5800,5816,5801,-1,5801,5816,5817,-1,5801,5817,5802,-1,5802,5817,5818,-1,5802,5818,5803,-1,5803,5818,5819,-1,5803,5819,5804,-1,5804,5819,5820,-1,5804,5820,5805,-1,5805,5820,5821,-1,5805,5821,5806,-1,5806,5821,5822,-1,5806,5822,5807,-1,5807,5822,5823,-1,5807,5823,5808,-1,5808,5823,5824,-1,5808,5824,5809,-1,5809,5824,5825,-1,5809,5825,5810,-1,5810,5825,5644,-1,5810,5644,5646,-1,5698,5777,5778,-1,5778,5777,5826,-1,5778,5826,5811,-1,5811,5826,5827,-1,5811,5827,5812,-1,5812,5827,5828,-1,5812,5828,5813,-1,5813,5828,5829,-1,5813,5829,5814,-1,5814,5829,5830,-1,5814,5830,5815,-1,5815,5830,5831,-1,5815,5831,5816,-1,5816,5831,5832,-1,5816,5832,5817,-1,5817,5832,5833,-1,5817,5833,5818,-1,5818,5833,5834,-1,5818,5834,5819,-1,5819,5834,5835,-1,5819,5835,5820,-1,5820,5835,5836,-1,5820,5836,5821,-1,5821,5836,5837,-1,5821,5837,5822,-1,5822,5837,5838,-1,5822,5838,5823,-1,5823,5838,5839,-1,5823,5839,5824,-1,5824,5839,5840,-1,5824,5840,5825,-1,5825,5840,5642,-1,5825,5642,5644,-1,5714,5776,5777,-1,5777,5776,5841,-1,5777,5841,5826,-1,5826,5841,5842,-1,5826,5842,5827,-1,5827,5842,5843,-1,5827,5843,5828,-1,5828,5843,5844,-1,5828,5844,5829,-1,5829,5844,5845,-1,5829,5845,5830,-1,5830,5845,5846,-1,5830,5846,5831,-1,5831,5846,5847,-1,5831,5847,5832,-1,5832,5847,5848,-1,5832,5848,5833,-1,5833,5848,5849,-1,5833,5849,5834,-1,5834,5849,5850,-1,5834,5850,5835,-1,5835,5850,5851,-1,5835,5851,5836,-1,5836,5851,5852,-1,5836,5852,5837,-1,5837,5852,5853,-1,5837,5853,5838,-1,5838,5853,5854,-1,5838,5854,5839,-1,5839,5854,5855,-1,5839,5855,5840,-1,5840,5855,5641,-1,5840,5641,5642,-1,5730,5774,5776,-1,5776,5774,5771,-1,5776,5771,5841,-1,5841,5771,5768,-1,5841,5768,5842,-1,5842,5768,5766,-1,5842,5766,5843,-1,5843,5766,5760,-1,5843,5760,5844,-1,5844,5760,5762,-1,5844,5762,5845,-1,5845,5762,5755,-1,5845,5755,5846,-1,5846,5755,5752,-1,5846,5752,5847,-1,5847,5752,5747,-1,5847,5747,5848,-1,5848,5747,5749,-1,5848,5749,5849,-1,5849,5749,5745,-1,5849,5745,5850,-1,5850,5745,5743,-1,5850,5743,5851,-1,5851,5743,5740,-1,5851,5740,5852,-1,5852,5740,5737,-1,5852,5737,5853,-1,5853,5737,5734,-1,5853,5734,5854,-1,5854,5734,5731,-1,5854,5731,5855,-1,5855,5731,5640,-1,5855,5640,5641,-1,5856,5857,5858,-1,5859,5860,4376,-1,4376,5860,5861,-1,4376,5861,5862,-1,4376,5863,5856,-1,5856,5858,4376,-1,4376,5858,5864,-1,4376,5864,5859,-1,5862,5865,4376,-1,4376,5865,5866,-1,4376,5866,4389,-1,5867,4408,4407,-1,5868,5869,4407,-1,5867,4407,5870,-1,4407,5871,5872,-1,5869,5873,4407,-1,4407,5873,5874,-1,4407,5874,5875,-1,5872,5876,4407,-1,4407,5876,5877,-1,4407,5877,5868,-1,5875,5878,4407,-1,4407,5878,5879,-1,4407,5879,5880,-1,5880,5881,4407,-1,4407,5881,5882,-1,4407,5882,5870,-1,5883,5884,5885,-1,5885,5884,5886,-1,5887,5888,5889,-1,5889,5888,5890,-1,5889,5890,5891,-1,5891,5890,5892,-1,5891,5892,5886,-1,5886,5892,5893,-1,5886,5893,5885,-1,5894,5895,5896,-1,5896,5897,5894,-1,5894,5897,5898,-1,5894,5898,5899,-1,5899,5898,5900,-1,5899,5900,5889,-1,5889,5900,5901,-1,5889,5901,5887,-1,5894,5902,5895,-1,5895,5902,5903,-1,5895,5903,5904,-1,5904,5903,5905,-1,5904,5905,5906,-1,5906,5905,5907,-1,5907,5905,5908,-1,5908,5905,5909,-1,5908,5909,5910,-1,5910,5909,5911,-1,5910,5911,5912,-1,5913,5914,5915,-1,5914,5916,5915,-1,5915,5916,5917,-1,5915,5917,5918,-1,5918,5917,5919,-1,5918,5919,5911,-1,5911,5919,5920,-1,5911,5920,5912,-1,5921,5922,5923,-1,5923,5922,5924,-1,5923,5924,5915,-1,5915,5924,5925,-1,5915,5925,5913,-1,4201,4202,4391,-1,4391,4202,4236,-1,4391,4236,4377,-1,4377,4236,4398,-1,4398,4236,4295,-1,4398,4295,4399,-1,4399,4295,4400,-1,4400,4295,4283,-1,4400,4283,4401,-1,4401,4283,4403,-1,4403,4283,4271,-1,4403,4271,4404,-1,4404,4271,4406,-1,4406,4271,4259,-1,4406,4259,4405,-1,4405,4259,4402,-1,4402,4259,4207,-1,4402,4207,4397,-1,4397,4207,4206,-1,4397,4206,4375,-1,5926,5927,4235,-1,5926,4235,5928,-1,5928,4235,4234,-1,5928,4234,5929,-1,5929,4234,4270,-1,5929,4270,5930,-1,5931,5932,4282,-1,4282,5932,5933,-1,4282,5933,4270,-1,4270,5933,5934,-1,4270,5934,5930,-1,5931,4282,5935,-1,5935,4282,4294,-1,5935,4294,5936,-1,5936,4294,5937,-1,5937,4294,4306,-1,5937,4306,5938,-1,5938,4306,5939,-1,5939,4306,4257,-1,5939,4257,5940,-1,5940,4257,4258,-1,5940,4258,4432,-1,5928,5929,5941,-1,5934,5933,5942,-1,5937,5943,5944,-1,5939,5940,5945,-1,4427,4426,5946,-1,4427,5946,4428,-1,4428,5946,5947,-1,4428,5947,4429,-1,4429,5947,5948,-1,4429,5948,4430,-1,4430,5948,5949,-1,4430,5949,4431,-1,4431,5949,5950,-1,4431,5950,4441,-1,4441,5950,4440,-1,4440,5950,5951,-1,4440,5951,4439,-1,4439,5951,4438,-1,4438,5951,5952,-1,4438,5952,4437,-1,4437,5952,4436,-1,4436,5952,5953,-1,4436,5953,4435,-1,4435,5953,4434,-1,4434,5953,5945,-1,4434,5945,4433,-1,4433,5945,5940,-1,4433,5940,4432,-1,5932,5931,5954,-1,5954,5931,5935,-1,5954,5935,5955,-1,5934,5942,5930,-1,5928,5941,5926,-1,5926,5941,5956,-1,5926,5956,5927,-1,5957,5958,5959,-1,5957,5959,5960,-1,5959,5961,5960,-1,5960,5961,5962,-1,5960,5962,5941,-1,5941,5962,5963,-1,5941,5963,5956,-1,5958,5957,5964,-1,5964,5957,5965,-1,5964,5965,5966,-1,5967,5968,5965,-1,5965,5968,5969,-1,5965,5969,5966,-1,5970,5971,5972,-1,5972,5971,5973,-1,5972,5973,5967,-1,5967,5973,5974,-1,5967,5974,5968,-1,5970,5972,5975,-1,5975,5972,5976,-1,5975,5976,5977,-1,5977,5976,5978,-1,5977,5978,5979,-1,5979,5978,5980,-1,5980,5978,5981,-1,5980,5981,5982,-1,5946,5983,5947,-1,5947,5983,5984,-1,5947,5984,5948,-1,5948,5984,5985,-1,5948,5985,5949,-1,5949,5985,5986,-1,5949,5986,5950,-1,5950,5986,5987,-1,5950,5987,5951,-1,5951,5987,5988,-1,5951,5988,5952,-1,5952,5988,5989,-1,5952,5989,5953,-1,5953,5989,5990,-1,5953,5990,5945,-1,5945,5990,5944,-1,5945,5944,5939,-1,5939,5944,5943,-1,5983,5991,5984,-1,5984,5991,5992,-1,5984,5992,5985,-1,5985,5992,5993,-1,5985,5993,5986,-1,5986,5993,5994,-1,5986,5994,5987,-1,5987,5994,5995,-1,5987,5995,5988,-1,5988,5995,5996,-1,5988,5996,5989,-1,5989,5996,5997,-1,5989,5997,5990,-1,5990,5997,5998,-1,5990,5998,5944,-1,5944,5998,5954,-1,5944,5954,5937,-1,5937,5954,5955,-1,5991,5999,5992,-1,5992,5999,6000,-1,5992,6000,5993,-1,5993,6000,6001,-1,5993,6001,5994,-1,5994,6001,6002,-1,5994,6002,5995,-1,5995,6002,6003,-1,5995,6003,5996,-1,5996,6003,6004,-1,5996,6004,5997,-1,5997,6004,6005,-1,5997,6005,5998,-1,5998,6005,6006,-1,5998,6006,5954,-1,5954,6006,6007,-1,5954,6007,5932,-1,5999,6008,6000,-1,6000,6008,6009,-1,6000,6009,6001,-1,6001,6009,6010,-1,6001,6010,6002,-1,6002,6010,6011,-1,6002,6011,6003,-1,6003,6011,6012,-1,6003,6012,6004,-1,6004,6012,6013,-1,6004,6013,6005,-1,6005,6013,6014,-1,6005,6014,6006,-1,6006,6014,6015,-1,6006,6015,6007,-1,6007,6015,5942,-1,6007,5942,5932,-1,5932,5942,5933,-1,6008,5981,6009,-1,6009,5981,5978,-1,6009,5978,6010,-1,6010,5978,5976,-1,6010,5976,6011,-1,6011,5976,5972,-1,6011,5972,6012,-1,6012,5972,5967,-1,6012,5967,6013,-1,6013,5967,5965,-1,6013,5965,6014,-1,6014,5965,5957,-1,6014,5957,6015,-1,6015,5957,5960,-1,6015,5960,5942,-1,5942,5960,5941,-1,5942,5941,5930,-1,5930,5941,5929,-1,5981,6016,5982,-1,5982,6016,6017,-1,5982,6017,6018,-1,6008,5999,6019,-1,6019,6020,6008,-1,6008,6020,6021,-1,6008,6021,5981,-1,5981,6021,6022,-1,5981,6022,6016,-1,5991,5983,6023,-1,6023,6024,5991,-1,5991,6024,6025,-1,5991,6025,5999,-1,5999,6025,6026,-1,5999,6026,6019,-1,4426,3626,5946,-1,5946,3626,6027,-1,5946,6027,5983,-1,5983,6027,6028,-1,5983,6028,6023,-1,6029,6030,6031,-1,6032,6033,6034,-1,6018,6017,6035,-1,6035,6017,6016,-1,6035,6016,6022,-1,6036,6037,6038,-1,6038,6037,6039,-1,6038,6039,6033,-1,6032,6034,6040,-1,6040,6034,6041,-1,6040,6041,6042,-1,6030,6029,6043,-1,6029,6044,6043,-1,6043,6044,6045,-1,6043,6045,6046,-1,6046,6045,6047,-1,6046,6047,6048,-1,6048,6047,6049,-1,6048,6049,6042,-1,6050,4,6051,-1,6051,4,5,-1,2,4,3627,-1,3627,4,6050,-1,3627,6050,3632,-1,3632,6050,6052,-1,3632,6052,3631,-1,3631,6052,6053,-1,3631,6053,3630,-1,3630,6053,6054,-1,6027,3626,3628,-1,6027,3628,6028,-1,6028,3628,6055,-1,6028,6055,6023,-1,6023,6055,6056,-1,6023,6056,6024,-1,6024,6056,6025,-1,6025,6056,6057,-1,6025,6057,6026,-1,6026,6057,6019,-1,6019,6057,6039,-1,6019,6039,6020,-1,6020,6039,6021,-1,6021,6039,6037,-1,6021,6037,6022,-1,6022,6037,6036,-1,6022,6036,6035,-1,6051,6058,6050,-1,6050,6058,6031,-1,6050,6031,6052,-1,6052,6031,6030,-1,6052,6030,6053,-1,6053,6030,6043,-1,6053,6043,6054,-1,6054,6043,6046,-1,6042,6041,6048,-1,6048,6041,6059,-1,6048,6059,6046,-1,6046,6059,6060,-1,6046,6060,6054,-1,6054,6060,3629,-1,6054,3629,3630,-1,6033,6039,6034,-1,6034,6039,6057,-1,6034,6057,6041,-1,6041,6057,6056,-1,6041,6056,6059,-1,6059,6056,6055,-1,6059,6055,6060,-1,6060,6055,3628,-1,6060,3628,3629,-1,6061,6062,6063,-1,6064,6065,6066,-1,6067,6068,6069,-1,6070,6071,6072,-1,6072,6071,6073,-1,6072,6073,6068,-1,6068,6073,6074,-1,6068,6074,6069,-1,6075,6076,6070,-1,6070,6076,6077,-1,6070,6077,6071,-1,6078,6079,6080,-1,6080,6079,6081,-1,6080,6081,6075,-1,6075,6081,6082,-1,6075,6082,6076,-1,3771,6064,3772,-1,3772,6064,6066,-1,3772,6066,3777,-1,3777,6066,6083,-1,3777,6083,3776,-1,3776,6083,6084,-1,3776,6084,3775,-1,3775,6084,6085,-1,3775,6085,3774,-1,3774,6085,6086,-1,3774,6086,3773,-1,3773,6086,6087,-1,3773,6087,11,-1,11,6087,6,-1,7,6,6088,-1,6088,6,6087,-1,6088,6087,6089,-1,6089,6087,6086,-1,6089,6086,6090,-1,6091,6092,6093,-1,6093,6092,6094,-1,6095,6096,6097,-1,6097,6096,6098,-1,6097,6098,6099,-1,6068,6100,6072,-1,6072,6100,6101,-1,6072,6101,6070,-1,6070,6101,6102,-1,6102,6103,6070,-1,6070,6103,6063,-1,6070,6063,6075,-1,6075,6063,6062,-1,6075,6062,6080,-1,6102,6104,6103,-1,6103,6104,6095,-1,6103,6095,6063,-1,6063,6095,6097,-1,6063,6097,6061,-1,6061,6097,6099,-1,6061,6099,6094,-1,6094,6099,6105,-1,6094,6105,6093,-1,6065,6078,6066,-1,6066,6078,6080,-1,6066,6080,6083,-1,6083,6080,6062,-1,6083,6062,6084,-1,6084,6062,6061,-1,6084,6061,6085,-1,6085,6061,6094,-1,6085,6094,6086,-1,6086,6094,6092,-1,6086,6092,6090,-1,6090,6092,6091,-1,6067,6069,6106,-1,6106,6069,6107,-1,6069,6074,6107,-1,6107,6074,6073,-1,6107,6073,6108,-1,6073,6071,6108,-1,6108,6071,6077,-1,6108,6077,6109,-1,6077,6076,6109,-1,6109,6076,6082,-1,6109,6082,6110,-1,6082,6081,6110,-1,6110,6081,6079,-1,6110,6079,6111,-1,3771,4467,6064,-1,6064,4467,6112,-1,6064,6112,6065,-1,6065,6112,6111,-1,6065,6111,6078,-1,6078,6111,6079,-1,6113,6114,6115,-1,6116,6117,6118,-1,4489,4515,6119,-1,6119,4515,4514,-1,6119,4514,6120,-1,4489,6119,4490,-1,4490,6119,6121,-1,4490,6121,4491,-1,4491,6121,6122,-1,4491,6122,4492,-1,4492,6122,4493,-1,4493,6122,6123,-1,4493,6123,4494,-1,4494,6123,4495,-1,4495,6123,6124,-1,4495,6124,4496,-1,4496,6124,6125,-1,4496,6125,4497,-1,4497,6125,6126,-1,4497,6126,4498,-1,4498,6126,4499,-1,4499,6126,6127,-1,4499,6127,4500,-1,4500,6127,4501,-1,4501,6127,6112,-1,4501,6112,4467,-1,6128,6129,6107,-1,6107,6129,6106,-1,6130,6131,6128,-1,6128,6131,6132,-1,6128,6132,6129,-1,6133,6134,6135,-1,6135,6134,6136,-1,6135,6136,6130,-1,6130,6136,6137,-1,6130,6137,6131,-1,6133,6135,6138,-1,6138,6135,6139,-1,6138,6139,6140,-1,6140,6139,6141,-1,6141,6139,6142,-1,6141,6142,6143,-1,6144,6145,6146,-1,6146,6145,6147,-1,6146,6147,6148,-1,6148,6147,6149,-1,6148,6149,6142,-1,6142,6149,6150,-1,6142,6150,6143,-1,6151,6152,6153,-1,6154,6155,6156,-1,6156,6155,6157,-1,6144,6146,6158,-1,6158,6146,6156,-1,6158,6156,6153,-1,6153,6156,6157,-1,6153,6157,6151,-1,6159,6160,6161,-1,6162,6163,6164,-1,6164,6163,6165,-1,6113,6115,6166,-1,6120,6166,6119,-1,6119,6166,6115,-1,6119,6115,6121,-1,6121,6115,6167,-1,6121,6167,6122,-1,6122,6167,6168,-1,6122,6168,6123,-1,6123,6168,6169,-1,6123,6169,6124,-1,6124,6169,6170,-1,6124,6170,6125,-1,6125,6170,6171,-1,6125,6171,6126,-1,6126,6171,6172,-1,6126,6172,6127,-1,6127,6172,6173,-1,6127,6173,6112,-1,6112,6173,6111,-1,6114,6162,6115,-1,6115,6162,6164,-1,6115,6164,6167,-1,6167,6164,6174,-1,6167,6174,6168,-1,6168,6174,6175,-1,6168,6175,6169,-1,6169,6175,6176,-1,6169,6176,6170,-1,6170,6176,6177,-1,6170,6177,6171,-1,6171,6177,6178,-1,6171,6178,6172,-1,6172,6178,6179,-1,6172,6179,6173,-1,6173,6179,6180,-1,6173,6180,6111,-1,6111,6180,6110,-1,6165,6116,6164,-1,6164,6116,6118,-1,6164,6118,6174,-1,6174,6118,6181,-1,6174,6181,6175,-1,6175,6181,6182,-1,6175,6182,6176,-1,6176,6182,6183,-1,6176,6183,6177,-1,6177,6183,6184,-1,6177,6184,6178,-1,6178,6184,6185,-1,6178,6185,6179,-1,6179,6185,6186,-1,6179,6186,6180,-1,6180,6186,6187,-1,6180,6187,6110,-1,6110,6187,6109,-1,6117,6160,6118,-1,6118,6160,6159,-1,6118,6159,6181,-1,6181,6159,6188,-1,6181,6188,6182,-1,6182,6188,6189,-1,6182,6189,6183,-1,6183,6189,6190,-1,6183,6190,6184,-1,6184,6190,6191,-1,6184,6191,6185,-1,6185,6191,6192,-1,6185,6192,6186,-1,6186,6192,6193,-1,6186,6193,6187,-1,6187,6193,6194,-1,6187,6194,6109,-1,6109,6194,6108,-1,6161,6154,6159,-1,6159,6154,6156,-1,6159,6156,6188,-1,6188,6156,6146,-1,6188,6146,6189,-1,6189,6146,6148,-1,6189,6148,6190,-1,6190,6148,6142,-1,6190,6142,6191,-1,6191,6142,6139,-1,6191,6139,6192,-1,6192,6139,6135,-1,6192,6135,6193,-1,6193,6135,6130,-1,6193,6130,6194,-1,6194,6130,6128,-1,6194,6128,6108,-1,6108,6128,6107,-1,4006,4005,4514,-1,4514,4005,6195,-1,6195,4005,6166,-1,6166,4005,4065,-1,6166,4065,6113,-1,4053,6162,4065,-1,4065,6162,6114,-1,4065,6114,6113,-1,6117,6116,4041,-1,4041,6116,6165,-1,4041,6165,4053,-1,4053,6165,6196,-1,4053,6196,6162,-1,6155,6154,4029,-1,4029,6154,6161,-1,4029,6161,4041,-1,4041,6161,6160,-1,4041,6160,6117,-1,6155,4029,6157,-1,6157,4029,3973,-1,6157,3973,6151,-1,6151,3973,3972,-1,6151,3972,6152,-1,3270,4003,3271,-1,3271,4003,4002,-1,3271,4002,3272,-1,3272,4002,3273,-1,3273,4002,4040,-1,3273,4040,3274,-1,3274,4040,3275,-1,3275,4040,4052,-1,3275,4052,3276,-1,3276,4052,3277,-1,3277,4052,4064,-1,3277,4064,3278,-1,3278,4064,3279,-1,3279,4064,4076,-1,3279,4076,3280,-1,3280,4076,3281,-1,3281,4076,4027,-1,3281,4027,3282,-1,3282,4027,4028,-1,3282,4028,3283,-1,6197,6198,5873,-1,6199,6200,5870,-1,6200,6201,5870,-1,5870,6201,6202,-1,5870,6202,5867,-1,6203,6204,5881,-1,5870,5882,6199,-1,6199,5882,5881,-1,6199,5881,6205,-1,6205,5881,6204,-1,5881,5880,6203,-1,6203,5880,5879,-1,6203,5879,6206,-1,6206,5879,6207,-1,6207,5879,6208,-1,6208,5879,5878,-1,6208,5878,5875,-1,6209,6210,5875,-1,5875,6210,6211,-1,5875,6211,6208,-1,6209,5875,6198,-1,6198,5875,5874,-1,6198,5874,5873,-1,6212,6213,5873,-1,6213,6214,5873,-1,5873,6214,6215,-1,5873,6215,6197,-1,5868,6216,6217,-1,5873,5869,6212,-1,6212,5869,5868,-1,6212,5868,6218,-1,6218,5868,6217,-1,6216,5868,6219,-1,6219,5868,5877,-1,6219,5877,6220,-1,6220,5877,5876,-1,6220,5876,6221,-1,6221,5876,6222,-1,6222,5876,5872,-1,6222,5872,6223,-1,6224,5858,5857,-1,5856,6225,5857,-1,5857,6225,6226,-1,5857,6226,6224,-1,5858,6224,5864,-1,5864,6224,6227,-1,5864,6227,6228,-1,5861,5860,6228,-1,6228,5860,5859,-1,6228,5859,5864,-1,6228,6229,5861,-1,5861,6229,6230,-1,5861,6230,5862,-1,5862,6230,5865,-1,4390,4389,5866,-1,6231,6232,4393,-1,6230,6233,5865,-1,5865,6233,6234,-1,5865,6234,5866,-1,5866,6234,6235,-1,5866,6235,4390,-1,4390,6235,6231,-1,4390,6231,4392,-1,4392,6231,4393,-1,6232,6236,4393,-1,4393,6236,6237,-1,4393,6237,4379,-1,6238,6239,6240,-1,6240,6239,6241,-1,6240,6241,6242,-1,6238,6240,6243,-1,6243,6240,6244,-1,6243,6244,6245,-1,6246,6247,6245,-1,6245,6247,6248,-1,6245,6248,6243,-1,6249,6250,5871,-1,6246,6251,6247,-1,6247,6251,6252,-1,6247,6252,6253,-1,6253,6252,6254,-1,6253,6254,6255,-1,6255,6254,6256,-1,6255,6256,6257,-1,6257,6256,6258,-1,6257,6258,6259,-1,6259,6258,6260,-1,6259,6260,6261,-1,6261,6260,6262,-1,6261,6262,6263,-1,6263,6262,6249,-1,6263,6249,6264,-1,6264,6249,5871,-1,3253,6241,6265,-1,4409,6243,6248,-1,4409,6248,4410,-1,3253,6265,3267,-1,3267,6265,6238,-1,3267,6238,3268,-1,3268,6238,6243,-1,3268,6243,3254,-1,3254,6243,4409,-1,3254,4409,3255,-1,6266,4411,6253,-1,6253,4411,4410,-1,6253,4410,6267,-1,6267,4410,6248,-1,5871,4407,6264,-1,6264,4407,4415,-1,6264,4415,6268,-1,6268,4415,4414,-1,6268,4414,6261,-1,6261,4414,4413,-1,6261,4413,6269,-1,6269,4413,4412,-1,6269,4412,6257,-1,6257,4412,4417,-1,6257,4417,6266,-1,6266,4417,4416,-1,6266,4416,4411,-1,3284,4077,3256,-1,3256,4077,6270,-1,3256,6270,3266,-1,3266,6270,3257,-1,3257,6270,6271,-1,3257,6271,3258,-1,3258,6271,3259,-1,3259,6271,6272,-1,3259,6272,3260,-1,3260,6272,3261,-1,3261,6272,6273,-1,3261,6273,3262,-1,3262,6273,3263,-1,3263,6273,6274,-1,3263,6274,3264,-1,3264,6274,3265,-1,3265,6274,6275,-1,3265,6275,3251,-1,3251,6275,6276,-1,3251,6276,3252,-1,6277,6278,6279,-1,4516,6280,6281,-1,4516,6281,4517,-1,4517,6281,6282,-1,4517,6282,4518,-1,4518,6282,6283,-1,4518,6283,4519,-1,4519,6283,6284,-1,4519,6284,4520,-1,4520,6284,6285,-1,4520,6285,4521,-1,4521,6285,6286,-1,4521,6286,4522,-1,4522,6286,6287,-1,4522,6287,4523,-1,4523,6287,6288,-1,4523,6288,4524,-1,4524,6288,6289,-1,4524,6289,4525,-1,4525,6289,6290,-1,4525,6290,4526,-1,4526,6290,6270,-1,4526,6270,4077,-1,6275,6291,6276,-1,6276,6291,6292,-1,6293,6294,6295,-1,6295,6294,6296,-1,6295,6296,6297,-1,6297,6296,6298,-1,6297,6298,6291,-1,6291,6298,6299,-1,6291,6299,6292,-1,6293,6295,6300,-1,6300,6295,6301,-1,6300,6301,6302,-1,6279,6278,6301,-1,6301,6278,6303,-1,6301,6303,6302,-1,6277,6279,6304,-1,6304,6279,6305,-1,6304,6305,6306,-1,6306,6305,6307,-1,6306,6307,6308,-1,6308,6307,6309,-1,6309,6307,6310,-1,6309,6310,6311,-1,6312,6313,6314,-1,6312,6314,6315,-1,6314,6316,6315,-1,6315,6316,6317,-1,6315,6317,6310,-1,6310,6317,6318,-1,6310,6318,6311,-1,6319,6313,6320,-1,6320,6313,6312,-1,6320,6312,6321,-1,6322,6321,6323,-1,6324,6322,6325,-1,6326,6324,6327,-1,6280,6326,6328,-1,6280,6328,6281,-1,6281,6328,6329,-1,6281,6329,6282,-1,6282,6329,6330,-1,6282,6330,6283,-1,6283,6330,6331,-1,6283,6331,6284,-1,6284,6331,6332,-1,6284,6332,6285,-1,6285,6332,6333,-1,6285,6333,6286,-1,6286,6333,6334,-1,6286,6334,6287,-1,6287,6334,6335,-1,6287,6335,6288,-1,6288,6335,6336,-1,6288,6336,6289,-1,6289,6336,6337,-1,6289,6337,6290,-1,6290,6337,6271,-1,6290,6271,6270,-1,6326,6327,6328,-1,6328,6327,6338,-1,6328,6338,6329,-1,6329,6338,6339,-1,6329,6339,6330,-1,6330,6339,6340,-1,6330,6340,6331,-1,6331,6340,6341,-1,6331,6341,6332,-1,6332,6341,6342,-1,6332,6342,6333,-1,6333,6342,6343,-1,6333,6343,6334,-1,6334,6343,6344,-1,6334,6344,6335,-1,6335,6344,6345,-1,6335,6345,6336,-1,6336,6345,6346,-1,6336,6346,6337,-1,6337,6346,6272,-1,6337,6272,6271,-1,6324,6325,6327,-1,6327,6325,6347,-1,6327,6347,6338,-1,6338,6347,6348,-1,6338,6348,6339,-1,6339,6348,6349,-1,6339,6349,6340,-1,6340,6349,6350,-1,6340,6350,6341,-1,6341,6350,6351,-1,6341,6351,6342,-1,6342,6351,6352,-1,6342,6352,6343,-1,6343,6352,6353,-1,6343,6353,6344,-1,6344,6353,6354,-1,6344,6354,6345,-1,6345,6354,6355,-1,6345,6355,6346,-1,6346,6355,6273,-1,6346,6273,6272,-1,6322,6323,6325,-1,6325,6323,6356,-1,6325,6356,6347,-1,6347,6356,6357,-1,6347,6357,6348,-1,6348,6357,6358,-1,6348,6358,6349,-1,6349,6358,6359,-1,6349,6359,6350,-1,6350,6359,6360,-1,6350,6360,6351,-1,6351,6360,6361,-1,6351,6361,6352,-1,6352,6361,6362,-1,6352,6362,6353,-1,6353,6362,6363,-1,6353,6363,6354,-1,6354,6363,6364,-1,6354,6364,6355,-1,6355,6364,6274,-1,6355,6274,6273,-1,6321,6312,6323,-1,6323,6312,6315,-1,6323,6315,6356,-1,6356,6315,6310,-1,6356,6310,6357,-1,6357,6310,6307,-1,6357,6307,6358,-1,6358,6307,6305,-1,6358,6305,6359,-1,6359,6305,6279,-1,6359,6279,6360,-1,6360,6279,6301,-1,6360,6301,6361,-1,6361,6301,6295,-1,6361,6295,6362,-1,6362,6295,6297,-1,6362,6297,6363,-1,6363,6297,6291,-1,6363,6291,6364,-1,6364,6291,6275,-1,6364,6275,6274,-1,4474,6319,4473,-1,4473,6319,6320,-1,4473,6320,4472,-1,4472,6320,6321,-1,4505,4504,6322,-1,6322,4504,4503,-1,6322,4503,6321,-1,6321,4503,4502,-1,6321,4502,4472,-1,4505,6322,4506,-1,4506,6322,6324,-1,4506,6324,4507,-1,4507,6324,4508,-1,4508,6324,6326,-1,4508,6326,4509,-1,4509,6326,4510,-1,4510,6326,6280,-1,4510,6280,4511,-1,4511,6280,4512,-1,4512,6280,4516,-1,4512,4516,4513,-1,4548,6365,6366,-1,4548,6366,4527,-1,4527,6366,6367,-1,4527,6367,4528,-1,4528,6367,6368,-1,4528,6368,4530,-1,4530,6368,6369,-1,4530,6369,4531,-1,4531,6369,6370,-1,4531,6370,4533,-1,4533,6370,6371,-1,4533,6371,4534,-1,4534,6371,6372,-1,4534,6372,4542,-1,4542,6372,6373,-1,4542,6373,4543,-1,4543,6373,6374,-1,4543,6374,4545,-1,4545,6374,6375,-1,4545,6375,4541,-1,4541,6375,4469,-1,4541,4469,4468,-1,4566,6376,4548,-1,4548,6376,6365,-1,6376,4566,6377,-1,6377,4566,4704,-1,6377,4704,6378,-1,6378,4704,4706,-1,6378,4706,6379,-1,6379,4706,4707,-1,6379,4707,6380,-1,6380,4707,4709,-1,6380,4709,6381,-1,6381,4709,4710,-1,6381,4710,6382,-1,6382,4710,4712,-1,6382,4712,6383,-1,6383,4712,4713,-1,6383,4713,6384,-1,6384,4713,4715,-1,6384,4715,6385,-1,6385,4715,4716,-1,6385,4716,6386,-1,6386,4716,4717,-1,6386,4717,6387,-1,6387,4717,4718,-1,4891,6388,6389,-1,4872,4874,4574,-1,4574,4874,4880,-1,4574,4880,4581,-1,4581,4880,4879,-1,4879,4877,4581,-1,4581,4877,4883,-1,4581,4883,4882,-1,4588,4185,4586,-1,4586,4185,4184,-1,4586,4184,4584,-1,4584,4184,4166,-1,4584,4166,4573,-1,4573,4166,4167,-1,4573,4167,4574,-1,4574,4167,4168,-1,4574,4168,4872,-1,4592,4187,4591,-1,4591,4187,4170,-1,4591,4170,4589,-1,4589,4170,4169,-1,4589,4169,4588,-1,4588,4169,4186,-1,4588,4186,4185,-1,4726,4725,4595,-1,4595,4725,4730,-1,4595,4730,4594,-1,4730,4731,4594,-1,4594,4731,4190,-1,4594,4190,4592,-1,4592,4190,4188,-1,4592,4188,4187,-1,4718,4701,4598,-1,4598,4701,4703,-1,4703,4699,4598,-1,4598,4699,4698,-1,4598,4698,4597,-1,4597,4698,4719,-1,4719,4723,4597,-1,4597,4723,4721,-1,4597,4721,4595,-1,4595,4721,4727,-1,4595,4727,4726,-1,4882,4884,4581,-1,4581,4884,4886,-1,4581,4886,4582,-1,4582,4886,4890,-1,4582,4890,4583,-1,4890,4889,4583,-1,4583,4889,4869,-1,4583,4869,4871,-1,4871,4891,4583,-1,4583,4891,6389,-1,4583,6389,4579,-1,4579,6389,6390,-1,4579,6390,4578,-1,4604,6391,4603,-1,4603,6391,6392,-1,4603,6392,4601,-1,4601,6392,6393,-1,4601,6393,4600,-1,4600,6393,6394,-1,4600,6394,4598,-1,4598,6394,6395,-1,4598,6395,4718,-1,4718,6395,6387,-1,4610,6396,4609,-1,4609,6396,6397,-1,4609,6397,4607,-1,4607,6397,6398,-1,4607,6398,4606,-1,4606,6398,6399,-1,4606,6399,4604,-1,4604,6399,6400,-1,4604,6400,6391,-1,4616,6401,4615,-1,4615,6401,6402,-1,4615,6402,4613,-1,4613,6402,6403,-1,4613,6403,4612,-1,4612,6403,6404,-1,4612,6404,4610,-1,4610,6404,6405,-1,4610,6405,6396,-1,4749,6406,4750,-1,4750,6406,6407,-1,4750,6407,4751,-1,4751,6407,6408,-1,4751,6408,4747,-1,4747,6408,6401,-1,4747,6401,4616,-1,4754,6409,4752,-1,4752,6409,6410,-1,4752,6410,4743,-1,4743,6410,6411,-1,4743,6411,4744,-1,4744,6411,6412,-1,4744,6412,4749,-1,4749,6412,6413,-1,4749,6413,6406,-1,4760,6414,4759,-1,4759,6414,6415,-1,4759,6415,4757,-1,4757,6415,6416,-1,4757,6416,4756,-1,4756,6416,6417,-1,4756,6417,4754,-1,4754,6417,6418,-1,4754,6418,6409,-1,4766,6419,4765,-1,4765,6419,6420,-1,4765,6420,4763,-1,4763,6420,6421,-1,4763,6421,4762,-1,4762,6421,6422,-1,4762,6422,4760,-1,4760,6422,6423,-1,4760,6423,6414,-1,4772,6424,4771,-1,4771,6424,6425,-1,4771,6425,4769,-1,4769,6425,6426,-1,4769,6426,4768,-1,4768,6426,6427,-1,4768,6427,4766,-1,4766,6427,6428,-1,4766,6428,6419,-1,4778,6429,4777,-1,4777,6429,6430,-1,4777,6430,4775,-1,4775,6430,6431,-1,4775,6431,4774,-1,4774,6431,6432,-1,4774,6432,4772,-1,4772,6432,6433,-1,4772,6433,6424,-1,4578,6390,4783,-1,4783,6390,6434,-1,4783,6434,4781,-1,4781,6434,6435,-1,4781,6435,4780,-1,4780,6435,6436,-1,4780,6436,4778,-1,4778,6436,6437,-1,4778,6437,6429,-1,4896,6438,6439,-1,4896,6439,4854,-1,4854,6439,6440,-1,4854,6440,4855,-1,4855,6440,6441,-1,4855,6441,4857,-1,4857,6441,6442,-1,4857,6442,4858,-1,4858,6442,6443,-1,4858,6443,4860,-1,4860,6443,6444,-1,4860,6444,4861,-1,4861,6444,6445,-1,4861,6445,4863,-1,4863,6445,6446,-1,4863,6446,4864,-1,4864,6446,6447,-1,4864,6447,4866,-1,4866,6447,6448,-1,4866,6448,4867,-1,4867,6448,6449,-1,4867,6449,4895,-1,4895,6449,6450,-1,4895,6450,4894,-1,4894,6450,6451,-1,4894,6451,4893,-1,4893,6451,6452,-1,4893,6452,4892,-1,4892,6452,6388,-1,4892,6388,4891,-1,4922,6453,4896,-1,4896,6453,6438,-1,6453,4922,6454,-1,6454,4922,5174,-1,6454,5174,6455,-1,6455,5174,5176,-1,6455,5176,6456,-1,6456,5176,5177,-1,6456,5177,6457,-1,6457,5177,5179,-1,6457,5179,6458,-1,6458,5179,5180,-1,6458,5180,6459,-1,6459,5180,5182,-1,6459,5182,6460,-1,6460,5182,5183,-1,6460,5183,6461,-1,6461,5183,5185,-1,6461,5185,6462,-1,6462,5185,5186,-1,6462,5186,6463,-1,6463,5186,5188,-1,6463,5188,6464,-1,6464,5188,5189,-1,6464,5189,6465,-1,6465,5189,5191,-1,6465,5191,6466,-1,6466,5191,5192,-1,6466,5192,6467,-1,6467,5192,5193,-1,6467,5193,6468,-1,6468,5193,5194,-1,4937,6469,4938,-1,4938,6469,6470,-1,4938,6470,4939,-1,4939,6470,6471,-1,4939,6471,4935,-1,4935,6471,6472,-1,4935,6472,4934,-1,4942,6473,4940,-1,4940,6473,6474,-1,4940,6474,4929,-1,4929,6474,6475,-1,4929,6475,4930,-1,4930,6475,6476,-1,4930,6476,4937,-1,4937,6476,6477,-1,4937,6477,6469,-1,4948,6478,4947,-1,4947,6478,6479,-1,4947,6479,4945,-1,4945,6479,6480,-1,4945,6480,4944,-1,4944,6480,6481,-1,4944,6481,4942,-1,4942,6481,6482,-1,4942,6482,6473,-1,4954,6483,4953,-1,4953,6483,6484,-1,4953,6484,4951,-1,4951,6484,6485,-1,4951,6485,4950,-1,4950,6485,6486,-1,4950,6486,4948,-1,4948,6486,6487,-1,4948,6487,6478,-1,4960,6488,4959,-1,4959,6488,6489,-1,4959,6489,4957,-1,4957,6489,6490,-1,4957,6490,4956,-1,4956,6490,6491,-1,4956,6491,4954,-1,4954,6491,6492,-1,4954,6492,6483,-1,4966,6493,4965,-1,4965,6493,6494,-1,4965,6494,4963,-1,4963,6494,6495,-1,4963,6495,4962,-1,4962,6495,6496,-1,4962,6496,4960,-1,4960,6496,6497,-1,4960,6497,6488,-1,4972,6498,4971,-1,4971,6498,6499,-1,4971,6499,4969,-1,4969,6499,6500,-1,4969,6500,4968,-1,4968,6500,6501,-1,4968,6501,4966,-1,4966,6501,6502,-1,4966,6502,6493,-1,5247,6503,6504,-1,5237,5074,5235,-1,5235,5074,5076,-1,5080,4160,5079,-1,5079,4160,4159,-1,5079,4159,5077,-1,5077,4159,4151,-1,5077,4151,5076,-1,5076,4151,4150,-1,5076,4150,5235,-1,5085,4175,5083,-1,5083,4175,4183,-1,5083,4183,5082,-1,5082,4183,4182,-1,5082,4182,5080,-1,5080,4182,4181,-1,5080,4181,4160,-1,5089,5198,5196,-1,5196,5195,5089,-1,5089,5195,5201,-1,5089,5201,5169,-1,5169,5168,5089,-1,5089,5168,5203,-1,5089,5203,5088,-1,5088,5203,5205,-1,5088,5205,5166,-1,5166,5165,5088,-1,5088,5165,4178,-1,5088,4178,5086,-1,5086,4178,4177,-1,5086,4177,5085,-1,5085,4177,4176,-1,5085,4176,4175,-1,6468,5194,5092,-1,5194,5171,5092,-1,5092,5171,5173,-1,5092,5173,5199,-1,5198,5089,5199,-1,5199,5089,5091,-1,5199,5091,5092,-1,4934,6472,5094,-1,5094,6472,6505,-1,5094,6505,5092,-1,5092,6505,6506,-1,5092,6506,6468,-1,5237,5272,5074,-1,5074,5272,5271,-1,5074,5271,5073,-1,5073,5271,5243,-1,5073,5243,5242,-1,5242,5240,5073,-1,5073,5240,5239,-1,5073,5239,5071,-1,5071,5239,5268,-1,5071,5268,5269,-1,5269,5246,5071,-1,5071,5246,5245,-1,5071,5245,5247,-1,5060,6507,5061,-1,5061,6507,6508,-1,5061,6508,5062,-1,5062,6508,6509,-1,5062,6509,5058,-1,5058,6509,6498,-1,5058,6498,4972,-1,5065,6510,5063,-1,5063,6510,6511,-1,5063,6511,5054,-1,5054,6511,6512,-1,5054,6512,5055,-1,5055,6512,6513,-1,5055,6513,5060,-1,5060,6513,6514,-1,5060,6514,6507,-1,5247,6504,5071,-1,5071,6504,6515,-1,5071,6515,5070,-1,5070,6515,6516,-1,5070,6516,5068,-1,5068,6516,6517,-1,5068,6517,5067,-1,5067,6517,6518,-1,5067,6518,5065,-1,5065,6518,6519,-1,5065,6519,6510,-1,5254,6520,6521,-1,5254,6521,5229,-1,5229,6521,6522,-1,5229,6522,5230,-1,5230,6522,6523,-1,5230,6523,5232,-1,5232,6523,6524,-1,5232,6524,5233,-1,5233,6524,6525,-1,5233,6525,5250,-1,5250,6525,6526,-1,5250,6526,5251,-1,5251,6526,6527,-1,5251,6527,5252,-1,5252,6527,6528,-1,5252,6528,5253,-1,5253,6528,6529,-1,5253,6529,5249,-1,5249,6529,6530,-1,5249,6530,5248,-1,5248,6530,6503,-1,5248,6503,5247,-1,5278,6531,5254,-1,5254,6531,6520,-1,6531,5278,6532,-1,6532,5278,5287,-1,6532,5287,6533,-1,6533,5287,5289,-1,6533,5289,6534,-1,6534,5289,5290,-1,6534,5290,6535,-1,6535,5290,5292,-1,6535,5292,6536,-1,6536,5292,5293,-1,6536,5293,6537,-1,6537,5293,5295,-1,6537,5295,6538,-1,6538,5295,5296,-1,6538,5296,6539,-1,6539,5296,5298,-1,6539,5298,6540,-1,6540,5298,5299,-1,6540,5299,6541,-1,6541,5299,5301,-1,6541,5301,4446,-1,4446,5301,4447,-1,4460,4459,6542,-1,4418,5317,4419,-1,4419,5317,6543,-1,4419,6543,4420,-1,4420,6543,4421,-1,4421,6543,6544,-1,4421,6544,4422,-1,6542,4459,6545,-1,4459,4425,6545,-1,6545,4425,4424,-1,6545,4424,6544,-1,6544,4424,4423,-1,6544,4423,4422,-1,4465,4466,6546,-1,6546,4466,4462,-1,6546,4462,6542,-1,6542,4462,4461,-1,6542,4461,4460,-1,6546,6547,4465,-1,4465,6547,6548,-1,4465,6548,4464,-1,6549,6550,6551,-1,4200,6552,6553,-1,4200,6553,5318,-1,5318,6553,6554,-1,5318,6554,5319,-1,5319,6554,6555,-1,5319,6555,5320,-1,5320,6555,6556,-1,5320,6556,5321,-1,5321,6556,6557,-1,5321,6557,5322,-1,5322,6557,6558,-1,5322,6558,5323,-1,5323,6558,6559,-1,5323,6559,5324,-1,5324,6559,6560,-1,5324,6560,5325,-1,5325,6560,6561,-1,5325,6561,5326,-1,5326,6561,6562,-1,5326,6562,5327,-1,5327,6562,6543,-1,5327,6543,5317,-1,6547,6563,6548,-1,6548,6563,6564,-1,6565,6566,6567,-1,6567,6566,6568,-1,6567,6568,6569,-1,6569,6568,6570,-1,6569,6570,6563,-1,6563,6570,6571,-1,6563,6571,6564,-1,6565,6567,6572,-1,6572,6567,6573,-1,6572,6573,6574,-1,6551,6550,6573,-1,6573,6550,6575,-1,6573,6575,6574,-1,6549,6551,6576,-1,6576,6551,6577,-1,6576,6577,6578,-1,6578,6577,6579,-1,6578,6579,6580,-1,6580,6579,6581,-1,6581,6579,6582,-1,6581,6582,6583,-1,6584,6585,6586,-1,6584,6586,6587,-1,6586,6588,6587,-1,6587,6588,6589,-1,6587,6589,6582,-1,6582,6589,6590,-1,6582,6590,6583,-1,6591,6585,6592,-1,6592,6585,6584,-1,6592,6584,6593,-1,6594,6593,6595,-1,6596,6594,6597,-1,6598,6596,6599,-1,6552,6598,6600,-1,6552,6600,6553,-1,6553,6600,6601,-1,6553,6601,6554,-1,6554,6601,6602,-1,6554,6602,6555,-1,6555,6602,6603,-1,6555,6603,6556,-1,6556,6603,6604,-1,6556,6604,6557,-1,6557,6604,6605,-1,6557,6605,6558,-1,6558,6605,6606,-1,6558,6606,6559,-1,6559,6606,6607,-1,6559,6607,6560,-1,6560,6607,6608,-1,6560,6608,6561,-1,6561,6608,6609,-1,6561,6609,6562,-1,6562,6609,6544,-1,6562,6544,6543,-1,6598,6599,6600,-1,6600,6599,6610,-1,6600,6610,6601,-1,6601,6610,6611,-1,6601,6611,6602,-1,6602,6611,6612,-1,6602,6612,6603,-1,6603,6612,6613,-1,6603,6613,6604,-1,6604,6613,6614,-1,6604,6614,6605,-1,6605,6614,6615,-1,6605,6615,6606,-1,6606,6615,6616,-1,6606,6616,6607,-1,6607,6616,6617,-1,6607,6617,6608,-1,6608,6617,6618,-1,6608,6618,6609,-1,6609,6618,6545,-1,6609,6545,6544,-1,6596,6597,6599,-1,6599,6597,6619,-1,6599,6619,6610,-1,6610,6619,6620,-1,6610,6620,6611,-1,6611,6620,6621,-1,6611,6621,6612,-1,6612,6621,6622,-1,6612,6622,6613,-1,6613,6622,6623,-1,6613,6623,6614,-1,6614,6623,6624,-1,6614,6624,6615,-1,6615,6624,6625,-1,6615,6625,6616,-1,6616,6625,6626,-1,6616,6626,6617,-1,6617,6626,6627,-1,6617,6627,6618,-1,6618,6627,6542,-1,6618,6542,6545,-1,6594,6595,6597,-1,6597,6595,6628,-1,6597,6628,6619,-1,6619,6628,6629,-1,6619,6629,6620,-1,6620,6629,6630,-1,6620,6630,6621,-1,6621,6630,6631,-1,6621,6631,6622,-1,6622,6631,6632,-1,6622,6632,6623,-1,6623,6632,6633,-1,6623,6633,6624,-1,6624,6633,6634,-1,6624,6634,6625,-1,6625,6634,6635,-1,6625,6635,6626,-1,6626,6635,6636,-1,6626,6636,6627,-1,6627,6636,6546,-1,6627,6546,6542,-1,6593,6584,6595,-1,6595,6584,6587,-1,6595,6587,6628,-1,6628,6587,6582,-1,6628,6582,6629,-1,6629,6582,6579,-1,6629,6579,6630,-1,6630,6579,6577,-1,6630,6577,6631,-1,6631,6577,6551,-1,6631,6551,6632,-1,6632,6551,6573,-1,6632,6573,6633,-1,6633,6573,6567,-1,6633,6567,6634,-1,6634,6567,6569,-1,6634,6569,6635,-1,6635,6569,6563,-1,6635,6563,6636,-1,6636,6563,6547,-1,6636,6547,6546,-1,6592,6593,4383,-1,4383,4382,6592,-1,6592,4382,4378,-1,6592,4378,6591,-1,6591,4378,4380,-1,6591,4380,4381,-1,6594,6596,4387,-1,4387,4386,6594,-1,6594,4386,4385,-1,6594,4385,6593,-1,6593,4385,4384,-1,6593,4384,4383,-1,4396,4388,6598,-1,6598,4388,4394,-1,6598,4394,6596,-1,6596,4394,4395,-1,6596,4395,4387,-1,6598,6552,4396,-1,4396,6552,4200,-1,4396,4200,4199,-1,5334,5335,6637,-1,6637,6638,5334,-1,5334,6638,6639,-1,5334,6639,5332,-1,5332,6639,6640,-1,5332,6640,5331,-1,5331,6640,6641,-1,5331,6641,5330,-1,5347,6642,5349,-1,5349,6642,6643,-1,5349,6643,5350,-1,5350,6643,6644,-1,5350,6644,5345,-1,5345,6644,6645,-1,5345,6645,5343,-1,5343,6645,6646,-1,5343,6646,5341,-1,5341,6646,6647,-1,5341,6647,5340,-1,5340,6647,6648,-1,5340,6648,5338,-1,5338,6648,6649,-1,5338,6649,5337,-1,5337,6649,6650,-1,5337,6650,5335,-1,5335,6650,6651,-1,5335,6651,6637,-1,5356,6652,5352,-1,5352,6652,6653,-1,5352,6653,5353,-1,5353,6653,6654,-1,5353,6654,5347,-1,5347,6654,6655,-1,5347,6655,6642,-1,6656,6657,5362,-1,5362,6657,6658,-1,5362,6658,5363,-1,5363,6658,6659,-1,5363,6659,5355,-1,5355,6659,6660,-1,5355,6660,5356,-1,5356,6660,6661,-1,5356,6661,6652,-1,5362,5360,6656,-1,6656,5360,5358,-1,6656,5358,6662,-1,6662,5358,5357,-1,6662,5357,6663,-1,6663,5357,5364,-1,5369,6664,5368,-1,5368,6664,6665,-1,5368,6665,5366,-1,5366,6665,6666,-1,5366,6666,5364,-1,5364,6666,6667,-1,5364,6667,6663,-1,5375,6668,5374,-1,5374,6668,6669,-1,5374,6669,5372,-1,5372,6669,6670,-1,5372,6670,5371,-1,5371,6670,6671,-1,5371,6671,5369,-1,5369,6671,6672,-1,5369,6672,6664,-1,5471,5472,6673,-1,6673,6674,5471,-1,5471,6674,6675,-1,5471,6675,5469,-1,5469,6675,6676,-1,5469,6676,5468,-1,5468,6676,6668,-1,5468,6668,5375,-1,5484,6677,5486,-1,5486,6677,6678,-1,5486,6678,5487,-1,5487,6678,6679,-1,5487,6679,5482,-1,5482,6679,6680,-1,5482,6680,5480,-1,5480,6680,6681,-1,5480,6681,5478,-1,5478,6681,6682,-1,5478,6682,5477,-1,5477,6682,6683,-1,5477,6683,5475,-1,5475,6683,6684,-1,5475,6684,5474,-1,5474,6684,6685,-1,5474,6685,5472,-1,5472,6685,6686,-1,5472,6686,6673,-1,5493,6687,5489,-1,5489,6687,6688,-1,5489,6688,5490,-1,5490,6688,6689,-1,5490,6689,5484,-1,5484,6689,6690,-1,5484,6690,6677,-1,6691,6692,5499,-1,5499,6692,6693,-1,5499,6693,5500,-1,5500,6693,6694,-1,5500,6694,5492,-1,5492,6694,6695,-1,5492,6695,5493,-1,5493,6695,6696,-1,5493,6696,6687,-1,5499,5497,6691,-1,6691,5497,5495,-1,6691,5495,6697,-1,6697,5495,5494,-1,6697,5494,6698,-1,6698,5494,5501,-1,5506,6699,5505,-1,5505,6699,6700,-1,5505,6700,5503,-1,5503,6700,6701,-1,5503,6701,5501,-1,5501,6701,6702,-1,5501,6702,6698,-1,5330,6641,5511,-1,5511,6641,6703,-1,5511,6703,5509,-1,5509,6703,6704,-1,5509,6704,5508,-1,5508,6704,6705,-1,5508,6705,5506,-1,5506,6705,6706,-1,5506,6706,6699,-1,5598,5599,6707,-1,6707,6708,5598,-1,5598,6708,6709,-1,5598,6709,5596,-1,5596,6709,6710,-1,5596,6710,5595,-1,5595,6710,6711,-1,5595,6711,5594,-1,5611,6712,5613,-1,5613,6712,6713,-1,5613,6713,5614,-1,5614,6713,6714,-1,5614,6714,5609,-1,5609,6714,6715,-1,5609,6715,5607,-1,5607,6715,6716,-1,5607,6716,5605,-1,5605,6716,6717,-1,5605,6717,5604,-1,5604,6717,6718,-1,5604,6718,5602,-1,5602,6718,6719,-1,5602,6719,5601,-1,5601,6719,6720,-1,5601,6720,5599,-1,5599,6720,6721,-1,5599,6721,6707,-1,5620,6722,5616,-1,5616,6722,6723,-1,5616,6723,5617,-1,5617,6723,6724,-1,5617,6724,5611,-1,5611,6724,6725,-1,5611,6725,6712,-1,6726,6727,5626,-1,5626,6727,6728,-1,5626,6728,5627,-1,5627,6728,6729,-1,5627,6729,5619,-1,5619,6729,6730,-1,5619,6730,5620,-1,5620,6730,6731,-1,5620,6731,6722,-1,5626,5624,6726,-1,6726,5624,5622,-1,6726,5622,6732,-1,6732,5622,5621,-1,6732,5621,6733,-1,6733,5621,5628,-1,5633,6734,5632,-1,5632,6734,6735,-1,5632,6735,5630,-1,5630,6735,6736,-1,5630,6736,5628,-1,5628,6736,6737,-1,5628,6737,6733,-1,5639,6738,5638,-1,5638,6738,6739,-1,5638,6739,5636,-1,5636,6739,6740,-1,5636,6740,5635,-1,5635,6740,6741,-1,5635,6741,5633,-1,5633,6741,6742,-1,5633,6742,6734,-1,5735,5736,6743,-1,6743,6744,5735,-1,5735,6744,6745,-1,5735,6745,5733,-1,5733,6745,6746,-1,5733,6746,5732,-1,5732,6746,6738,-1,5732,6738,5639,-1,5748,6747,5750,-1,5750,6747,6748,-1,5750,6748,5751,-1,5751,6748,6749,-1,5751,6749,5746,-1,5746,6749,6750,-1,5746,6750,5744,-1,5744,6750,6751,-1,5744,6751,5742,-1,5742,6751,6752,-1,5742,6752,5741,-1,5741,6752,6753,-1,5741,6753,5739,-1,5739,6753,6754,-1,5739,6754,5738,-1,5738,6754,6755,-1,5738,6755,5736,-1,5736,6755,6756,-1,5736,6756,6743,-1,5757,6757,5753,-1,5753,6757,6758,-1,5753,6758,5754,-1,5754,6758,6759,-1,5754,6759,5748,-1,5748,6759,6760,-1,5748,6760,6747,-1,6761,6762,5763,-1,5763,6762,6763,-1,5763,6763,5764,-1,5764,6763,6764,-1,5764,6764,5756,-1,5756,6764,6765,-1,5756,6765,5757,-1,5757,6765,6766,-1,5757,6766,6757,-1,5763,5761,6761,-1,6761,5761,5759,-1,6761,5759,6767,-1,6767,5759,5758,-1,6767,5758,6768,-1,6768,5758,5765,-1,5770,6769,5769,-1,5769,6769,6770,-1,5769,6770,5767,-1,5767,6770,6771,-1,5767,6771,5765,-1,5765,6771,6772,-1,5765,6772,6768,-1,5594,6711,5775,-1,5775,6711,6773,-1,5775,6773,5773,-1,5773,6773,6774,-1,5773,6774,5772,-1,5772,6774,6775,-1,5772,6775,5770,-1,5770,6775,6776,-1,5770,6776,6769,-1,5923,5915,5891,-1,6225,5856,5884,-1,5884,5856,5863,-1,5884,5863,5886,-1,5886,5863,5891,-1,5891,5863,5921,-1,5891,5921,5923,-1,5915,5918,5891,-1,5891,5918,5911,-1,5891,5911,5909,-1,5905,5899,5909,-1,5909,5899,5889,-1,5909,5889,5891,-1,5905,5903,5899,-1,5899,5903,5902,-1,5899,5902,5894,-1,6225,6777,6778,-1,6225,6778,6226,-1,6226,6778,6779,-1,6226,6779,6780,-1,6780,6779,6781,-1,6780,6781,6227,-1,6227,6781,6782,-1,6227,6782,6783,-1,6783,6782,6784,-1,6783,6784,6229,-1,6229,6784,6785,-1,6229,6785,6786,-1,6787,6233,6786,-1,6786,6233,6788,-1,6786,6788,6229,-1,6789,6235,6790,-1,6790,6235,6791,-1,6790,6791,6792,-1,6792,6791,6233,-1,6792,6233,6793,-1,6793,6233,6787,-1,6794,6232,6789,-1,6789,6232,6795,-1,6789,6795,6235,-1,6794,6796,6232,-1,6232,6796,6797,-1,6232,6797,6798,-1,6798,6797,6799,-1,6798,6799,6237,-1,6250,6223,5871,-1,5871,6223,5872,-1,6800,6801,6802,-1,6252,6251,6803,-1,6245,6244,6804,-1,6805,6806,6807,-1,6808,6809,6810,-1,6811,6812,6813,-1,6813,6812,6814,-1,6813,6814,6815,-1,6808,6810,6816,-1,6816,6810,6817,-1,6816,6817,6818,-1,6818,6817,6819,-1,6819,6817,6820,-1,6819,6820,6821,-1,6821,6820,6822,-1,6821,6822,6823,-1,6823,6822,6824,-1,6823,6824,6825,-1,6825,6824,6826,-1,6825,6826,6827,-1,6827,6826,6828,-1,6827,6828,6829,-1,6806,6805,6828,-1,6828,6805,6830,-1,6828,6830,6829,-1,6244,6240,6804,-1,6804,6240,6242,-1,6804,6242,6807,-1,6831,6246,6245,-1,6246,6831,6251,-1,6256,6254,6832,-1,6832,6254,6252,-1,6260,6258,6833,-1,6833,6258,6256,-1,6249,6262,6834,-1,6834,6262,6260,-1,6250,6249,6835,-1,6835,6249,6834,-1,6835,6834,6836,-1,6836,6834,6837,-1,6836,6837,6838,-1,6838,6837,6839,-1,6839,6837,6840,-1,6839,6840,6841,-1,6801,6800,6840,-1,6840,6800,6842,-1,6840,6842,6841,-1,6843,6844,6845,-1,6845,6844,6846,-1,6845,6846,6847,-1,6848,6849,6850,-1,6850,6849,6851,-1,6850,6851,6852,-1,6853,6854,6855,-1,6855,6854,6856,-1,6855,6856,6857,-1,6858,6859,6860,-1,6860,6859,6861,-1,6860,6861,6862,-1,6862,6861,6863,-1,6815,6864,6813,-1,6813,6864,6865,-1,6813,6865,6811,-1,6811,6865,6866,-1,6260,6833,6834,-1,6834,6833,6867,-1,6834,6867,6837,-1,6837,6867,6868,-1,6837,6868,6840,-1,6840,6868,6844,-1,6840,6844,6801,-1,6801,6844,6843,-1,6801,6843,6802,-1,6256,6832,6833,-1,6833,6832,6869,-1,6833,6869,6867,-1,6867,6869,6870,-1,6867,6870,6868,-1,6868,6870,6871,-1,6868,6871,6844,-1,6844,6871,6849,-1,6844,6849,6846,-1,6846,6849,6848,-1,6846,6848,6847,-1,6252,6803,6832,-1,6832,6803,6872,-1,6832,6872,6869,-1,6869,6872,6873,-1,6869,6873,6870,-1,6870,6873,6874,-1,6870,6874,6871,-1,6871,6874,6875,-1,6871,6875,6849,-1,6849,6875,6854,-1,6849,6854,6851,-1,6851,6854,6853,-1,6851,6853,6852,-1,6251,6831,6803,-1,6803,6831,6876,-1,6803,6876,6872,-1,6872,6876,6877,-1,6872,6877,6873,-1,6873,6877,6878,-1,6873,6878,6874,-1,6874,6878,6879,-1,6874,6879,6875,-1,6875,6879,6880,-1,6875,6880,6854,-1,6854,6880,6859,-1,6854,6859,6856,-1,6856,6859,6858,-1,6856,6858,6857,-1,6245,6804,6831,-1,6831,6804,6881,-1,6831,6881,6876,-1,6876,6881,6882,-1,6876,6882,6877,-1,6877,6882,6883,-1,6877,6883,6878,-1,6878,6883,6884,-1,6878,6884,6879,-1,6879,6884,6885,-1,6879,6885,6880,-1,6880,6885,6886,-1,6880,6886,6859,-1,6859,6886,6811,-1,6859,6811,6861,-1,6861,6811,6866,-1,6861,6866,6863,-1,6807,6806,6804,-1,6804,6806,6828,-1,6804,6828,6881,-1,6881,6828,6826,-1,6881,6826,6882,-1,6882,6826,6824,-1,6882,6824,6883,-1,6883,6824,6822,-1,6883,6822,6884,-1,6884,6822,6820,-1,6884,6820,6885,-1,6885,6820,6817,-1,6885,6817,6886,-1,6886,6817,6810,-1,6886,6810,6811,-1,6811,6810,6809,-1,6811,6809,6812,-1,6068,6067,6018,-1,4206,4208,4235,-1,3270,3269,4003,-1,4003,3269,3972,-1,4003,3972,4004,-1,4004,3972,4000,-1,4376,4375,4206,-1,4208,4215,4235,-1,4235,4215,4214,-1,4235,4214,4233,-1,4225,4224,4230,-1,3980,3979,3978,-1,3974,3986,3972,-1,3972,3986,3985,-1,3972,3985,3984,-1,3984,3993,3972,-1,3972,3993,3992,-1,3972,3992,3991,-1,3991,3990,3972,-1,3972,3990,3998,-1,3972,3998,3997,-1,3997,3995,3972,-1,3972,3995,4001,-1,3972,4001,4000,-1,5956,5863,4376,-1,4206,4235,4376,-1,4376,4235,5927,-1,4376,5927,5956,-1,6049,6047,6089,-1,4204,4203,4226,-1,3987,3986,3978,-1,3978,3986,3974,-1,3978,3974,3980,-1,3980,3974,3981,-1,6887,5970,5975,-1,6047,6045,6089,-1,6089,6045,6044,-1,6089,6044,6029,-1,6090,6091,6018,-1,6018,6091,6093,-1,6018,6093,6105,-1,4213,4230,4214,-1,4214,4230,4231,-1,4214,4231,4233,-1,4224,4223,4230,-1,4230,4223,4204,-1,4230,4204,4228,-1,4228,4204,4226,-1,6029,6031,6089,-1,6089,6031,6058,-1,6089,6058,6088,-1,6088,6058,7,-1,6105,6099,6018,-1,6018,6099,6098,-1,6018,6098,6096,-1,6144,6158,4408,-1,4408,6158,6153,-1,4408,6153,3269,-1,3269,6153,6152,-1,3269,6152,3972,-1,6132,6888,6129,-1,6129,6888,6106,-1,6132,6131,6888,-1,6888,6131,6137,-1,6888,6137,6136,-1,4213,4212,4230,-1,4230,4212,4221,-1,4230,4221,4220,-1,4220,4219,4230,-1,4230,4219,4218,-1,4230,4218,4225,-1,5956,5963,5863,-1,5863,5963,5962,-1,5863,5962,5921,-1,5921,5962,5961,-1,5921,5961,5922,-1,5922,5961,5959,-1,5922,5959,5958,-1,6889,6890,5968,-1,5968,6890,5969,-1,6889,5968,6891,-1,6891,5968,5974,-1,6891,5974,6892,-1,3,8,5,-1,5,8,7,-1,5,7,6051,-1,6051,7,6058,-1,6143,6202,6893,-1,6143,6150,6202,-1,6202,6150,6149,-1,6202,6149,5867,-1,5867,6149,6147,-1,5867,6147,4408,-1,4408,6147,6145,-1,4408,6145,6144,-1,6890,6894,5969,-1,5969,6894,6895,-1,5969,6895,5966,-1,5966,6895,5922,-1,5966,5922,5964,-1,5964,5922,5958,-1,6892,5974,6896,-1,6896,5974,5973,-1,6896,5973,6887,-1,6887,5973,5971,-1,6887,5971,5970,-1,5975,5977,6887,-1,6887,5977,5979,-1,6887,5979,5980,-1,6036,6038,6089,-1,6089,6038,6033,-1,6089,6033,6032,-1,6032,6040,6089,-1,6089,6040,6042,-1,6089,6042,6049,-1,6096,6095,6018,-1,6018,6095,6104,-1,6018,6104,6102,-1,6102,6101,6018,-1,6018,6101,6100,-1,6018,6100,6068,-1,6136,6134,6888,-1,6888,6134,6133,-1,6888,6133,6897,-1,6897,6133,6138,-1,6897,6138,6898,-1,6898,6138,6140,-1,6898,6140,6893,-1,6893,6140,6141,-1,6893,6141,6143,-1,5980,5982,6887,-1,6887,5982,6018,-1,6887,6018,6888,-1,6888,6018,6067,-1,6888,6067,6106,-1,6090,6018,6089,-1,6089,6018,6035,-1,6089,6035,6036,-1,6241,3253,3252,-1,6899,6242,6241,-1,6237,6799,6900,-1,6899,6241,6901,-1,6900,6902,6237,-1,6237,6902,6903,-1,6237,6903,6904,-1,6319,4474,4471,-1,6645,4475,6646,-1,6646,4475,4476,-1,4475,6642,6655,-1,4470,6639,6638,-1,6311,6318,6654,-1,6645,6644,4475,-1,4475,6644,6643,-1,4475,6643,6642,-1,6650,6649,4470,-1,4470,6649,6648,-1,4470,6648,4476,-1,4476,6648,6647,-1,4476,6647,6646,-1,6664,6299,6298,-1,6729,6728,4458,-1,4458,6728,6727,-1,4458,6727,4457,-1,4457,6727,6726,-1,4457,6726,6732,-1,6548,6564,6731,-1,6564,6571,6731,-1,6731,6571,6570,-1,6731,6570,6568,-1,6583,6590,6721,-1,6638,6637,4470,-1,4470,6637,6651,-1,4470,6651,6650,-1,4470,4469,6639,-1,6639,4469,6375,-1,6639,6375,6374,-1,6374,6373,6639,-1,6639,6373,6372,-1,6639,6372,6371,-1,6318,6317,6654,-1,6654,6317,6316,-1,6654,6316,6314,-1,6371,6370,6639,-1,6639,6370,6369,-1,6639,6369,6368,-1,6438,6505,6389,-1,6663,6667,6303,-1,6661,6660,6304,-1,6304,6660,6277,-1,6655,6654,4475,-1,4475,6654,6314,-1,4475,6314,4471,-1,4471,6314,6313,-1,4471,6313,6319,-1,4464,6548,4463,-1,4463,6548,6731,-1,4463,6731,4458,-1,4458,6731,6730,-1,4458,6730,6729,-1,6491,6905,6492,-1,6492,6905,6483,-1,6663,6303,6662,-1,6300,6302,6665,-1,6665,6302,6303,-1,6665,6303,6666,-1,6666,6303,6667,-1,6661,6304,6652,-1,6652,6304,6306,-1,6652,6306,6653,-1,6653,6306,6308,-1,6653,6308,6654,-1,6654,6308,6309,-1,6654,6309,6311,-1,6583,6721,6581,-1,6581,6721,6720,-1,6581,6720,6580,-1,6590,6589,6721,-1,6721,6589,6588,-1,6721,6588,6707,-1,6422,6906,6423,-1,6423,6906,6414,-1,6422,6421,6906,-1,6906,6421,6420,-1,6906,6420,6419,-1,6475,6474,6906,-1,6906,6474,6473,-1,6486,6485,6905,-1,6905,6485,6484,-1,6905,6484,6483,-1,6298,6296,6664,-1,6664,6296,6294,-1,6664,6294,6665,-1,6665,6294,6293,-1,6665,6293,6300,-1,6660,6659,6277,-1,6277,6659,6658,-1,6277,6658,6278,-1,6278,6658,6657,-1,6278,6657,6303,-1,6303,6657,6656,-1,6303,6656,6662,-1,6722,6574,6723,-1,6723,6574,6575,-1,6723,6575,6724,-1,6724,6575,6550,-1,6724,6550,6725,-1,6725,6550,6549,-1,6725,6549,6712,-1,6712,6549,6576,-1,6712,6576,6713,-1,6578,6715,6576,-1,6576,6715,6714,-1,6576,6714,6713,-1,6417,6416,6906,-1,6906,6416,6415,-1,6906,6415,6414,-1,6906,6470,6469,-1,6473,6482,6906,-1,6906,6482,6481,-1,6906,6481,6480,-1,6480,6479,6906,-1,6906,6479,6478,-1,6906,6478,6905,-1,6905,6478,6487,-1,6905,6487,6486,-1,6491,6490,6905,-1,6905,6490,6489,-1,6905,6489,6907,-1,6907,6489,6488,-1,6907,6488,6908,-1,6908,6488,6497,-1,6908,6497,6909,-1,6497,6496,6909,-1,6909,6496,6495,-1,6909,6495,6910,-1,6910,6495,6494,-1,6910,6494,6911,-1,6911,6494,6493,-1,6911,6493,6912,-1,6912,6493,6502,-1,6912,6502,6913,-1,6913,6502,6501,-1,6913,6501,6914,-1,6914,6501,6500,-1,6914,6500,6915,-1,6915,6500,6499,-1,6915,6499,6916,-1,6508,6917,6509,-1,6509,6917,6916,-1,6509,6916,6498,-1,6498,6916,6499,-1,6568,6566,6731,-1,6731,6566,6565,-1,6731,6565,6722,-1,6722,6565,6572,-1,6722,6572,6574,-1,6918,6709,6708,-1,6378,6379,6705,-1,6368,6367,6639,-1,6639,6367,6366,-1,6639,6366,6640,-1,6640,6366,6365,-1,6640,6365,6641,-1,6641,6365,6376,-1,6641,6376,6703,-1,6703,6376,6704,-1,6470,6429,6437,-1,6437,6436,6470,-1,6470,6436,6435,-1,6470,6435,6434,-1,6505,6438,6506,-1,6469,6477,6906,-1,6906,6477,6476,-1,6906,6476,6475,-1,6757,6766,6511,-1,6580,6720,6578,-1,6578,6720,6719,-1,6578,6719,6718,-1,6718,6717,6578,-1,6578,6717,6716,-1,6578,6716,6715,-1,6707,6588,6708,-1,6708,6588,6586,-1,6708,6586,6918,-1,6419,6428,6906,-1,6906,6428,6427,-1,6906,6427,6470,-1,6470,6427,6426,-1,6470,6426,6425,-1,6425,6424,6470,-1,6470,6424,6433,-1,6470,6433,6432,-1,6432,6431,6470,-1,6470,6431,6430,-1,6470,6430,6429,-1,6768,6772,6917,-1,6752,6751,6516,-1,4445,6516,6515,-1,6586,6585,6918,-1,6918,6585,6591,-1,6918,6591,6919,-1,6919,6591,4381,-1,6919,4381,6904,-1,6904,4381,4379,-1,6904,4379,6237,-1,6704,6376,6705,-1,6705,6376,6377,-1,6705,6377,6378,-1,6391,6693,6692,-1,6678,6677,6399,-1,6772,6771,6917,-1,6917,6771,6770,-1,6917,6770,6769,-1,6769,6776,6917,-1,6917,6776,6775,-1,6917,6775,6774,-1,6774,6773,6917,-1,6917,6773,6711,-1,6917,6711,6918,-1,6918,6711,6710,-1,6918,6710,6709,-1,6513,6512,6761,-1,6761,6512,6511,-1,6761,6511,6762,-1,6762,6511,6763,-1,6516,6751,6517,-1,6517,6751,6750,-1,6517,6750,6518,-1,6755,6754,6516,-1,6516,6754,6753,-1,6516,6753,6752,-1,6379,6380,6705,-1,6705,6380,6381,-1,6705,6381,6382,-1,6391,6692,6392,-1,6677,6690,6399,-1,6399,6690,6689,-1,6399,6689,6688,-1,6761,6767,6513,-1,6513,6767,6768,-1,6513,6768,6514,-1,6514,6768,6917,-1,6514,6917,6507,-1,6507,6917,6508,-1,6747,6760,6510,-1,6510,6760,6759,-1,6510,6759,6511,-1,6511,6759,6758,-1,6511,6758,6757,-1,6766,6765,6511,-1,6511,6765,6764,-1,6511,6764,6763,-1,6524,6523,6522,-1,6382,6383,6705,-1,6705,6383,6384,-1,6705,6384,6385,-1,6701,6700,6394,-1,6394,6700,6699,-1,6394,6699,6395,-1,6395,6699,6706,-1,6395,6706,6387,-1,6387,6706,6705,-1,6387,6705,6386,-1,6386,6705,6385,-1,6692,6691,6392,-1,6392,6691,6697,-1,6392,6697,6393,-1,6393,6697,6698,-1,6393,6698,6394,-1,6394,6698,6702,-1,6394,6702,6701,-1,6688,6687,6399,-1,6399,6687,6696,-1,6399,6696,6400,-1,6400,6696,6695,-1,6400,6695,6391,-1,6391,6695,6694,-1,6391,6694,6693,-1,6397,6681,6398,-1,6398,6681,6680,-1,6398,6680,6399,-1,6399,6680,6679,-1,6399,6679,6678,-1,6671,6670,6920,-1,6921,6675,6674,-1,6921,6685,6684,-1,6417,6906,6418,-1,6418,6906,6922,-1,6418,6922,6409,-1,6409,6922,6923,-1,6409,6923,6410,-1,6410,6923,6924,-1,6410,6924,6411,-1,6411,6924,6925,-1,6411,6925,6412,-1,6412,6925,6926,-1,6412,6926,6413,-1,6413,6926,6927,-1,6413,6927,6406,-1,6406,6927,6928,-1,6406,6928,6407,-1,6407,6928,6929,-1,6407,6929,6408,-1,6408,6929,6930,-1,6408,6930,6401,-1,6401,6930,6931,-1,6401,6931,6402,-1,6402,6931,6921,-1,6402,6921,6403,-1,6460,6438,6459,-1,6459,6438,6458,-1,6389,6505,6390,-1,6390,6505,6472,-1,6390,6472,6434,-1,6434,6472,6471,-1,6434,6471,6470,-1,4445,6735,6734,-1,6516,6745,6744,-1,6684,6683,6921,-1,6921,6683,6682,-1,6921,6682,6681,-1,6397,6396,6681,-1,6681,6396,6405,-1,6681,6405,6921,-1,6921,6405,6404,-1,6921,6404,6403,-1,6455,6456,6454,-1,6454,6456,6453,-1,6460,6461,6438,-1,6438,6461,6462,-1,6438,6462,6463,-1,6463,6464,6438,-1,6438,6464,6465,-1,6438,6465,6466,-1,6466,6467,6438,-1,6438,6467,6468,-1,6438,6468,6506,-1,6388,6440,6389,-1,6389,6440,6439,-1,6389,6439,6438,-1,6388,6452,6440,-1,6440,6452,6451,-1,6440,6451,6450,-1,6444,6443,6442,-1,6518,6750,6519,-1,6519,6750,6749,-1,6519,6749,6510,-1,6510,6749,6748,-1,6510,6748,6747,-1,6534,4445,6533,-1,6533,4445,6532,-1,6534,6535,4445,-1,4445,6535,6536,-1,4445,6536,6537,-1,6732,6733,4457,-1,4457,6733,6737,-1,4457,6737,4445,-1,4445,6737,6736,-1,4445,6736,6735,-1,6734,6742,4445,-1,4445,6742,6741,-1,4445,6741,6740,-1,6674,6673,6921,-1,6921,6673,6686,-1,6921,6686,6685,-1,6453,6456,6438,-1,6438,6456,6457,-1,6438,6457,6458,-1,6450,6449,6440,-1,6440,6449,6448,-1,6440,6448,6441,-1,6441,6448,6442,-1,6538,6539,6540,-1,6537,6538,4445,-1,4445,6538,6540,-1,4445,6540,4446,-1,4446,6540,6541,-1,6744,6743,6516,-1,6516,6743,6756,-1,6516,6756,6755,-1,6670,6669,6920,-1,6920,6669,6668,-1,6920,6668,6921,-1,6921,6668,6676,-1,6921,6676,6675,-1,6515,6504,6522,-1,6522,6504,6503,-1,6503,6530,6522,-1,6522,6530,6529,-1,6522,6529,6528,-1,6522,6521,6515,-1,6515,6521,6520,-1,6515,6520,4445,-1,4445,6520,6531,-1,4445,6531,6532,-1,6740,6739,4445,-1,4445,6739,6738,-1,4445,6738,6516,-1,6516,6738,6746,-1,6516,6746,6745,-1,6920,6932,3252,-1,3252,6932,6933,-1,3252,6933,6241,-1,6241,6933,6934,-1,6241,6934,6901,-1,6664,6672,6299,-1,6299,6672,6671,-1,6299,6671,6292,-1,6292,6671,6920,-1,6292,6920,6276,-1,6276,6920,3252,-1,6448,6447,6442,-1,6442,6447,6446,-1,6442,6446,6444,-1,6444,6446,6445,-1,6528,6527,6522,-1,6522,6527,6526,-1,6522,6526,6524,-1,6524,6526,6525,-1,5883,6777,5884,-1,5884,6777,6225,-1,6784,6935,6785,-1,6782,6781,6936,-1,6937,6938,6939,-1,6940,6941,6942,-1,6942,6941,6943,-1,6942,6943,6944,-1,6944,6943,6945,-1,6938,6946,6939,-1,6939,6946,6947,-1,6939,6947,6948,-1,6948,6947,6949,-1,6948,6949,6950,-1,6951,6952,6953,-1,6954,6955,6956,-1,6956,6955,6957,-1,6956,6957,6958,-1,6958,6957,6959,-1,6959,6957,6960,-1,6959,6960,6961,-1,6961,6960,6962,-1,6961,6962,6963,-1,6963,6962,6964,-1,6964,6962,6965,-1,6964,6965,6966,-1,6966,6965,6967,-1,6967,6965,6968,-1,6967,6968,6969,-1,6969,6968,6970,-1,6969,6970,6971,-1,6971,6970,6972,-1,6971,6972,6973,-1,6973,6972,6974,-1,6973,6974,6975,-1,6975,6974,6976,-1,6976,6974,6977,-1,6976,6977,6978,-1,6778,6777,6977,-1,6977,6777,6979,-1,6977,6979,6978,-1,6785,6935,6786,-1,6786,6935,6980,-1,6786,6980,6787,-1,6793,6981,6792,-1,6792,6981,6982,-1,6792,6982,6790,-1,6790,6982,6789,-1,6789,6982,6983,-1,6789,6983,6794,-1,6796,6984,6797,-1,6797,6984,6944,-1,6797,6944,6799,-1,6799,6944,6945,-1,6796,6794,6984,-1,6984,6794,6983,-1,6984,6983,6944,-1,6944,6983,6985,-1,6944,6985,6942,-1,6942,6985,6950,-1,6942,6950,6940,-1,6940,6950,6949,-1,6793,6787,6981,-1,6981,6787,6980,-1,6981,6980,6982,-1,6982,6980,6986,-1,6982,6986,6983,-1,6983,6986,6987,-1,6983,6987,6985,-1,6985,6987,6988,-1,6985,6988,6950,-1,6950,6988,6989,-1,6950,6989,6948,-1,6948,6989,6990,-1,6948,6990,6939,-1,6939,6990,6991,-1,6939,6991,6937,-1,6937,6991,6953,-1,6937,6953,6992,-1,6992,6953,6952,-1,6784,6782,6935,-1,6935,6782,6936,-1,6935,6936,6980,-1,6980,6936,6993,-1,6980,6993,6986,-1,6986,6993,6994,-1,6986,6994,6987,-1,6987,6994,6995,-1,6987,6995,6988,-1,6988,6995,6996,-1,6988,6996,6989,-1,6989,6996,6997,-1,6989,6997,6990,-1,6990,6997,6998,-1,6990,6998,6991,-1,6991,6998,6999,-1,6991,6999,6953,-1,6953,6999,7000,-1,6953,7000,6951,-1,6951,7000,7001,-1,6781,6779,6936,-1,6936,6779,7002,-1,6936,7002,6993,-1,6993,7002,7003,-1,6993,7003,6994,-1,6994,7003,7004,-1,6994,7004,6995,-1,6995,7004,7005,-1,6995,7005,6996,-1,6996,7005,7006,-1,6996,7006,6997,-1,6997,7006,7007,-1,6997,7007,6998,-1,6998,7007,7008,-1,6998,7008,6999,-1,6999,7008,7009,-1,6999,7009,7000,-1,7000,7009,7010,-1,7000,7010,7001,-1,7001,7010,7011,-1,6779,6778,7002,-1,7002,6778,6977,-1,7002,6977,7003,-1,7003,6977,6974,-1,7003,6974,7004,-1,7004,6974,6972,-1,7004,6972,7005,-1,7005,6972,6970,-1,7005,6970,7006,-1,7006,6970,6968,-1,7006,6968,7007,-1,7007,6968,6965,-1,7007,6965,7008,-1,7008,6965,6962,-1,7008,6962,7009,-1,7009,6962,6960,-1,7009,6960,7010,-1,7010,6960,6957,-1,7010,6957,7011,-1,7011,6957,6955,-1,6917,6918,7012,-1,6917,7012,7013,-1,7013,7012,7014,-1,7013,7014,7015,-1,7015,7014,7016,-1,7015,7016,7017,-1,7017,7016,7018,-1,7017,7018,7019,-1,7019,7018,7020,-1,7019,7020,7021,-1,7021,7020,7022,-1,7021,7022,7023,-1,7023,7022,7024,-1,7023,7024,7025,-1,7026,7027,7028,-1,7028,7027,7029,-1,7029,7027,7030,-1,7030,7027,7031,-1,7030,7031,7032,-1,7032,7031,7033,-1,7033,7031,7034,-1,7033,7034,7035,-1,7035,7034,7036,-1,7035,7036,7037,-1,7037,7036,7038,-1,7038,7036,7039,-1,7038,7039,7040,-1,7040,7039,7041,-1,7041,7039,7042,-1,7041,7042,7043,-1,7043,7042,7044,-1,7044,7042,7045,-1,7044,7045,7046,-1,7046,7045,7047,-1,7046,7047,7048,-1,7048,7047,7049,-1,7049,7047,7050,-1,7049,7050,7051,-1,7051,7050,7052,-1,7052,7050,7053,-1,7052,7053,7054,-1,7025,7054,7023,-1,7023,7054,7053,-1,7023,7053,7021,-1,7019,7021,7055,-1,7017,7019,7056,-1,7015,7017,7057,-1,7013,7015,7058,-1,6917,7013,7059,-1,6917,7059,6916,-1,6916,7059,7060,-1,6916,7060,6915,-1,6915,7060,7061,-1,6915,7061,6914,-1,6914,7061,7062,-1,6914,7062,6913,-1,6913,7062,7063,-1,6913,7063,6912,-1,6912,7063,7064,-1,6912,7064,6911,-1,6911,7064,7065,-1,6911,7065,6910,-1,6910,7065,7066,-1,6910,7066,6909,-1,6909,7066,7067,-1,6909,7067,6908,-1,6908,7067,7068,-1,6908,7068,6907,-1,6907,7068,7069,-1,6907,7069,6905,-1,7013,7058,7059,-1,7059,7058,7070,-1,7059,7070,7060,-1,7060,7070,7071,-1,7060,7071,7061,-1,7061,7071,7072,-1,7061,7072,7062,-1,7062,7072,7073,-1,7062,7073,7063,-1,7063,7073,7074,-1,7063,7074,7064,-1,7064,7074,7075,-1,7064,7075,7065,-1,7065,7075,7076,-1,7065,7076,7066,-1,7066,7076,7077,-1,7066,7077,7067,-1,7067,7077,7078,-1,7067,7078,7068,-1,7068,7078,7079,-1,7068,7079,7069,-1,7015,7057,7058,-1,7058,7057,7080,-1,7058,7080,7070,-1,7070,7080,7081,-1,7070,7081,7071,-1,7071,7081,7082,-1,7071,7082,7072,-1,7072,7082,7083,-1,7072,7083,7073,-1,7073,7083,7084,-1,7073,7084,7074,-1,7074,7084,7085,-1,7074,7085,7075,-1,7075,7085,7086,-1,7075,7086,7076,-1,7076,7086,7087,-1,7076,7087,7077,-1,7077,7087,7088,-1,7077,7088,7078,-1,7078,7088,7089,-1,7078,7089,7079,-1,7017,7056,7057,-1,7057,7056,7090,-1,7057,7090,7080,-1,7080,7090,7091,-1,7080,7091,7081,-1,7081,7091,7092,-1,7081,7092,7082,-1,7082,7092,7093,-1,7082,7093,7083,-1,7083,7093,7094,-1,7083,7094,7084,-1,7084,7094,7095,-1,7084,7095,7085,-1,7085,7095,7096,-1,7085,7096,7086,-1,7086,7096,7097,-1,7086,7097,7087,-1,7087,7097,7098,-1,7087,7098,7088,-1,7088,7098,7099,-1,7088,7099,7089,-1,7019,7055,7056,-1,7056,7055,7100,-1,7056,7100,7090,-1,7090,7100,7101,-1,7090,7101,7091,-1,7091,7101,7102,-1,7091,7102,7092,-1,7092,7102,7103,-1,7092,7103,7093,-1,7093,7103,7104,-1,7093,7104,7094,-1,7094,7104,7105,-1,7094,7105,7095,-1,7095,7105,7106,-1,7095,7106,7096,-1,7096,7106,7107,-1,7096,7107,7097,-1,7097,7107,7108,-1,7097,7108,7098,-1,7098,7108,7109,-1,7098,7109,7099,-1,7021,7053,7055,-1,7055,7053,7050,-1,7055,7050,7100,-1,7100,7050,7047,-1,7100,7047,7101,-1,7101,7047,7045,-1,7101,7045,7102,-1,7102,7045,7042,-1,7102,7042,7103,-1,7103,7042,7039,-1,7103,7039,7104,-1,7104,7039,7036,-1,7104,7036,7105,-1,7105,7036,7034,-1,7105,7034,7106,-1,7106,7034,7031,-1,7106,7031,7107,-1,7107,7031,7027,-1,7107,7027,7108,-1,7108,7027,7026,-1,7108,7026,7109,-1,6906,6905,7069,-1,6906,7069,7110,-1,7110,7069,7079,-1,7110,7079,7111,-1,7111,7079,7089,-1,7111,7089,7112,-1,7112,7089,7099,-1,7112,7099,7113,-1,7113,7099,7109,-1,7113,7109,7114,-1,7114,7109,7026,-1,7114,7026,7115,-1,7115,7026,7028,-1,7115,7028,7116,-1,7117,7118,7119,-1,7119,7118,7120,-1,7120,7118,7121,-1,7121,7118,7122,-1,7121,7122,7123,-1,7123,7122,7124,-1,7124,7122,7125,-1,7124,7125,7126,-1,7126,7125,7127,-1,7126,7127,7128,-1,7128,7127,7129,-1,7129,7127,7130,-1,7129,7130,7131,-1,7131,7130,7132,-1,7132,7130,7133,-1,7132,7133,7134,-1,7134,7133,7135,-1,7135,7133,7136,-1,7135,7136,7137,-1,7137,7136,7138,-1,7137,7138,7139,-1,7139,7138,7140,-1,7140,7138,7141,-1,7140,7141,7142,-1,7142,7141,7143,-1,7143,7141,7144,-1,7143,7144,7145,-1,7116,7145,7115,-1,7115,7145,7144,-1,7115,7144,7114,-1,7113,7114,7146,-1,7112,7113,7147,-1,7111,7112,7148,-1,7110,7111,7149,-1,6906,7110,7150,-1,6906,7150,6922,-1,6922,7150,7151,-1,6922,7151,6923,-1,6923,7151,7152,-1,6923,7152,6924,-1,6924,7152,7153,-1,6924,7153,6925,-1,6925,7153,7154,-1,6925,7154,6926,-1,6926,7154,7155,-1,6926,7155,6927,-1,6927,7155,7156,-1,6927,7156,6928,-1,6928,7156,7157,-1,6928,7157,6929,-1,6929,7157,7158,-1,6929,7158,6930,-1,6930,7158,7159,-1,6930,7159,6931,-1,6931,7159,7160,-1,6931,7160,6921,-1,7110,7149,7150,-1,7150,7149,7161,-1,7150,7161,7151,-1,7151,7161,7162,-1,7151,7162,7152,-1,7152,7162,7163,-1,7152,7163,7153,-1,7153,7163,7164,-1,7153,7164,7154,-1,7154,7164,7165,-1,7154,7165,7155,-1,7155,7165,7166,-1,7155,7166,7156,-1,7156,7166,7167,-1,7156,7167,7157,-1,7157,7167,7168,-1,7157,7168,7158,-1,7158,7168,7169,-1,7158,7169,7159,-1,7159,7169,7170,-1,7159,7170,7160,-1,7111,7148,7149,-1,7149,7148,7171,-1,7149,7171,7161,-1,7161,7171,7172,-1,7161,7172,7162,-1,7162,7172,7173,-1,7162,7173,7163,-1,7163,7173,7174,-1,7163,7174,7164,-1,7164,7174,7175,-1,7164,7175,7165,-1,7165,7175,7176,-1,7165,7176,7166,-1,7166,7176,7177,-1,7166,7177,7167,-1,7167,7177,7178,-1,7167,7178,7168,-1,7168,7178,7179,-1,7168,7179,7169,-1,7169,7179,7180,-1,7169,7180,7170,-1,7112,7147,7148,-1,7148,7147,7181,-1,7148,7181,7171,-1,7171,7181,7182,-1,7171,7182,7172,-1,7172,7182,7183,-1,7172,7183,7173,-1,7173,7183,7184,-1,7173,7184,7174,-1,7174,7184,7185,-1,7174,7185,7175,-1,7175,7185,7186,-1,7175,7186,7176,-1,7176,7186,7187,-1,7176,7187,7177,-1,7177,7187,7188,-1,7177,7188,7178,-1,7178,7188,7189,-1,7178,7189,7179,-1,7179,7189,7190,-1,7179,7190,7180,-1,7113,7146,7147,-1,7147,7146,7191,-1,7147,7191,7181,-1,7181,7191,7192,-1,7181,7192,7182,-1,7182,7192,7193,-1,7182,7193,7183,-1,7183,7193,7194,-1,7183,7194,7184,-1,7184,7194,7195,-1,7184,7195,7185,-1,7185,7195,7196,-1,7185,7196,7186,-1,7186,7196,7197,-1,7186,7197,7187,-1,7187,7197,7198,-1,7187,7198,7188,-1,7188,7198,7199,-1,7188,7199,7189,-1,7189,7199,7200,-1,7189,7200,7190,-1,7114,7144,7146,-1,7146,7144,7141,-1,7146,7141,7191,-1,7191,7141,7138,-1,7191,7138,7192,-1,7192,7138,7136,-1,7192,7136,7193,-1,7193,7136,7133,-1,7193,7133,7194,-1,7194,7133,7130,-1,7194,7130,7195,-1,7195,7130,7127,-1,7195,7127,7196,-1,7196,7127,7125,-1,7196,7125,7197,-1,7197,7125,7122,-1,7197,7122,7198,-1,7198,7122,7118,-1,7198,7118,7199,-1,7199,7118,7117,-1,7199,7117,7200,-1,6920,6921,7160,-1,6920,7160,7201,-1,7201,7160,7170,-1,7201,7170,7202,-1,7202,7170,7180,-1,7202,7180,7203,-1,7203,7180,7190,-1,7203,7190,7204,-1,7204,7190,7200,-1,7204,7200,7205,-1,7205,7200,7117,-1,7205,7117,7206,-1,7206,7117,7119,-1,7206,7119,7207,-1,7208,7209,7210,-1,7211,7212,7213,-1,7214,7215,7216,-1,7217,7218,7219,-1,6207,7220,7221,-1,7222,7223,7224,-1,7225,7226,7227,-1,7228,7229,7230,-1,7231,7232,7233,-1,7233,7232,7234,-1,7235,7236,7231,-1,7231,7236,7237,-1,7231,7237,7232,-1,7238,7239,7240,-1,7239,7238,7241,-1,7241,7238,7242,-1,7241,7242,7243,-1,7243,7242,7244,-1,7244,7242,7245,-1,7244,7245,7246,-1,7247,7248,7249,-1,7249,7248,7250,-1,7249,7250,7251,-1,7252,7253,7247,-1,7247,7253,7254,-1,7247,7254,7248,-1,7255,7256,7257,-1,7257,7256,7258,-1,7257,7258,7259,-1,7259,7258,7260,-1,7261,7262,7263,-1,7263,7262,7260,-1,7263,7260,7264,-1,7265,7266,7267,-1,7267,7266,7261,-1,7268,7269,7265,-1,7270,7271,7268,-1,7268,7271,7272,-1,7268,7272,7269,-1,7273,7274,7275,-1,7275,7274,7276,-1,7275,7276,7268,-1,7268,7276,7277,-1,7268,7277,7270,-1,7275,7278,7273,-1,7273,7278,7279,-1,7273,7279,7280,-1,7280,7279,7281,-1,7280,7281,7282,-1,7282,7281,7283,-1,7282,7283,7284,-1,7230,7229,7283,-1,7283,7229,7285,-1,7283,7285,7284,-1,7225,7227,7286,-1,7222,7224,6223,-1,6219,6220,7224,-1,6220,6221,7224,-1,7224,6221,6222,-1,7224,6222,6223,-1,7224,7287,6219,-1,6219,7287,7288,-1,6219,7288,6216,-1,6216,7288,7289,-1,6216,7289,6217,-1,6217,7289,7290,-1,6217,7290,6218,-1,6198,6197,7291,-1,7291,6197,6215,-1,7291,6215,7292,-1,7292,6215,6214,-1,7292,6214,7293,-1,7293,6214,6213,-1,7293,6213,7290,-1,7290,6213,6212,-1,7290,6212,6218,-1,6198,7291,6209,-1,6209,7291,7294,-1,6209,7294,6210,-1,6210,7294,7295,-1,6210,7295,6211,-1,7220,6207,7295,-1,7295,6207,6208,-1,7295,6208,6211,-1,7296,6204,7297,-1,7297,6204,6203,-1,7297,6203,7221,-1,7221,6203,6206,-1,7221,6206,6207,-1,6201,6200,7298,-1,7298,6200,6199,-1,7298,6199,7296,-1,7296,6199,6205,-1,7296,6205,6204,-1,7299,7300,7301,-1,7217,7219,7302,-1,7211,7303,7304,-1,7212,7211,7305,-1,7305,7211,7304,-1,7305,7304,7306,-1,7215,7307,7216,-1,7216,7307,7308,-1,7216,7308,7309,-1,7291,7310,7294,-1,7294,7310,7311,-1,7294,7311,7295,-1,7295,7311,7312,-1,7295,7312,7220,-1,7220,7312,7313,-1,7220,7313,7221,-1,7221,7313,7314,-1,7221,7314,7297,-1,7297,7314,7315,-1,7297,7315,7296,-1,7296,7315,7316,-1,7296,7316,7298,-1,7298,7316,7299,-1,7298,7299,6201,-1,6201,7299,7301,-1,6201,7301,6202,-1,7255,7253,7256,-1,7256,7253,7252,-1,7256,7252,7258,-1,7258,7252,7317,-1,7251,7318,7249,-1,7249,7318,7319,-1,7249,7319,7247,-1,7247,7319,7320,-1,7247,7320,7252,-1,7252,7320,7321,-1,7252,7321,7317,-1,7317,7321,7322,-1,7251,7246,7318,-1,7318,7246,7245,-1,7318,7245,7319,-1,7319,7245,7323,-1,7319,7323,7320,-1,7320,7323,7324,-1,7320,7324,7321,-1,7321,7324,7325,-1,7321,7325,7322,-1,7322,7325,7326,-1,7322,7326,7327,-1,7260,7258,7264,-1,7264,7258,7317,-1,7264,7317,7328,-1,7328,7317,7322,-1,7328,7322,7329,-1,7329,7322,7327,-1,7329,7327,7330,-1,7240,7236,7238,-1,7238,7236,7235,-1,7238,7235,7242,-1,7242,7235,7331,-1,7242,7331,7245,-1,7245,7331,7332,-1,7245,7332,7323,-1,7323,7332,7333,-1,7323,7333,7324,-1,7324,7333,7334,-1,7324,7334,7325,-1,7325,7334,7335,-1,7325,7335,7326,-1,7326,7335,7336,-1,7326,7336,7327,-1,7327,7336,7337,-1,7327,7337,7330,-1,7330,7337,7338,-1,7330,7338,7339,-1,7261,7263,7267,-1,7267,7263,7264,-1,7267,7264,7340,-1,7340,7264,7328,-1,7340,7328,7341,-1,7341,7328,7329,-1,7341,7329,7342,-1,7342,7329,7330,-1,7342,7330,7210,-1,7210,7330,7339,-1,7210,7339,7208,-1,7265,7267,7268,-1,7268,7267,7340,-1,7268,7340,7275,-1,7275,7340,7341,-1,7275,7341,7278,-1,7278,7341,7342,-1,7278,7342,7279,-1,7279,7342,7210,-1,7279,7210,7281,-1,7281,7210,7209,-1,7281,7209,7283,-1,7234,7343,7233,-1,7233,7343,7214,-1,7233,7214,7231,-1,7231,7214,7216,-1,7231,7216,7235,-1,7235,7216,7309,-1,7235,7309,7331,-1,7331,7309,7344,-1,7331,7344,7332,-1,7332,7344,7345,-1,7332,7345,7333,-1,7333,7345,7346,-1,7333,7346,7334,-1,7334,7346,7347,-1,7334,7347,7335,-1,7335,7347,7348,-1,7335,7348,7336,-1,7336,7348,7349,-1,7336,7349,7337,-1,7337,7349,7350,-1,7337,7350,7338,-1,7338,7350,7351,-1,7338,7351,7339,-1,7339,7351,7352,-1,7339,7352,7208,-1,7208,7352,7353,-1,7208,7353,7209,-1,7209,7353,7354,-1,7209,7354,7283,-1,7283,7354,7355,-1,7283,7355,7230,-1,7307,7303,7308,-1,7308,7303,7211,-1,7308,7211,7309,-1,7309,7211,7213,-1,7309,7213,7344,-1,7344,7213,7356,-1,7344,7356,7345,-1,7345,7356,7357,-1,7345,7357,7346,-1,7346,7357,7358,-1,7346,7358,7347,-1,7347,7358,7359,-1,7347,7359,7348,-1,7348,7359,7360,-1,7348,7360,7349,-1,7349,7360,7361,-1,7349,7361,7350,-1,7350,7361,7362,-1,7350,7362,7351,-1,7351,7362,7363,-1,7351,7363,7352,-1,7352,7363,7364,-1,7352,7364,7353,-1,7353,7364,7365,-1,7353,7365,7354,-1,7354,7365,7366,-1,7354,7366,7355,-1,7355,7366,7367,-1,7355,7367,7230,-1,7230,7367,7368,-1,7230,7368,7228,-1,7228,7368,7369,-1,7306,7370,7305,-1,7305,7370,7371,-1,7305,7371,7212,-1,7212,7371,7372,-1,7212,7372,7213,-1,7213,7372,7373,-1,7213,7373,7356,-1,7356,7373,7374,-1,7356,7374,7357,-1,7357,7374,7375,-1,7357,7375,7358,-1,7358,7375,7376,-1,7358,7376,7359,-1,7359,7376,7377,-1,7359,7377,7360,-1,7360,7377,7378,-1,7360,7378,7361,-1,7361,7378,7379,-1,7361,7379,7362,-1,7362,7379,7380,-1,7362,7380,7363,-1,7363,7380,7381,-1,7363,7381,7364,-1,7364,7381,7382,-1,7364,7382,7365,-1,7365,7382,7383,-1,7365,7383,7366,-1,7366,7383,7384,-1,7366,7384,7367,-1,7367,7384,7385,-1,7367,7385,7368,-1,7368,7385,7386,-1,7368,7386,7369,-1,7369,7386,7387,-1,7370,7388,7371,-1,7371,7388,7389,-1,7371,7389,7372,-1,7372,7389,7390,-1,7372,7390,7373,-1,7373,7390,7391,-1,7373,7391,7374,-1,7374,7391,7392,-1,7374,7392,7375,-1,7375,7392,7393,-1,7375,7393,7376,-1,7376,7393,7394,-1,7376,7394,7377,-1,7377,7394,7395,-1,7377,7395,7378,-1,7378,7395,7396,-1,7378,7396,7379,-1,7379,7396,7397,-1,7379,7397,7380,-1,7380,7397,7398,-1,7380,7398,7381,-1,7381,7398,7399,-1,7381,7399,7382,-1,7382,7399,7400,-1,7382,7400,7383,-1,7383,7400,7401,-1,7383,7401,7384,-1,7384,7401,7402,-1,7384,7402,7385,-1,7385,7402,7403,-1,7385,7403,7386,-1,7386,7403,7227,-1,7386,7227,7387,-1,7387,7227,7226,-1,7388,7404,7389,-1,7389,7404,7405,-1,7389,7405,7390,-1,7390,7405,7406,-1,7390,7406,7391,-1,7391,7406,7407,-1,7391,7407,7392,-1,7392,7407,7408,-1,7392,7408,7393,-1,7393,7408,7409,-1,7393,7409,7394,-1,7394,7409,7410,-1,7394,7410,7395,-1,7395,7410,7411,-1,7395,7411,7396,-1,7396,7411,7412,-1,7396,7412,7397,-1,7397,7412,7413,-1,7397,7413,7398,-1,7398,7413,7414,-1,7398,7414,7399,-1,7399,7414,7415,-1,7399,7415,7400,-1,7400,7415,7416,-1,7400,7416,7401,-1,7401,7416,7417,-1,7401,7417,7402,-1,7402,7417,7418,-1,7402,7418,7403,-1,7403,7418,7419,-1,7403,7419,7227,-1,7227,7419,7420,-1,7227,7420,7286,-1,7404,7302,7405,-1,7405,7302,7219,-1,7405,7219,7406,-1,7406,7219,7421,-1,7406,7421,7407,-1,7407,7421,7422,-1,7407,7422,7408,-1,7408,7422,7423,-1,7408,7423,7409,-1,7409,7423,7424,-1,7409,7424,7410,-1,7410,7424,7425,-1,7410,7425,7411,-1,7411,7425,7426,-1,7411,7426,7412,-1,7412,7426,7427,-1,7412,7427,7413,-1,7413,7427,7428,-1,7413,7428,7414,-1,7414,7428,7429,-1,7414,7429,7415,-1,7415,7429,7430,-1,7415,7430,7416,-1,7416,7430,7431,-1,7416,7431,7417,-1,7417,7431,7432,-1,7417,7432,7418,-1,7418,7432,7433,-1,7418,7433,7419,-1,7419,7433,7434,-1,7419,7434,7420,-1,7420,7434,7435,-1,7420,7435,7286,-1,7286,7435,7436,-1,7218,7300,7219,-1,7219,7300,7299,-1,7219,7299,7421,-1,7421,7299,7316,-1,7421,7316,7422,-1,7422,7316,7315,-1,7422,7315,7423,-1,7423,7315,7314,-1,7423,7314,7424,-1,7424,7314,7313,-1,7424,7313,7425,-1,7425,7313,7312,-1,7425,7312,7426,-1,7426,7312,7311,-1,7426,7311,7427,-1,7427,7311,7310,-1,7427,7310,7428,-1,7428,7310,7291,-1,7428,7291,7429,-1,7429,7291,7292,-1,7429,7292,7430,-1,7430,7292,7293,-1,7430,7293,7431,-1,7431,7293,7290,-1,7431,7290,7432,-1,7432,7290,7289,-1,7432,7289,7433,-1,7433,7289,7288,-1,7433,7288,7434,-1,7434,7288,7287,-1,7434,7287,7435,-1,7435,7287,7224,-1,7435,7224,7436,-1,7436,7224,7223,-1,6865,6864,7271,-1,6865,7271,6866,-1,6223,6250,6835,-1,6223,6835,7222,-1,7222,6835,6836,-1,7222,6836,7223,-1,7223,6836,6838,-1,7223,6838,7436,-1,7436,6838,6839,-1,7436,6839,7286,-1,7286,6839,6841,-1,7286,6841,7225,-1,7225,6841,6842,-1,7225,6842,7226,-1,7369,6847,7228,-1,7228,6847,6848,-1,7228,6848,7229,-1,6842,6800,7226,-1,7226,6800,6802,-1,7226,6802,7387,-1,7387,6802,6843,-1,7387,6843,7369,-1,7369,6843,6845,-1,7369,6845,6847,-1,6848,6850,7229,-1,7229,6850,6852,-1,7229,6852,7285,-1,7285,6852,6853,-1,7285,6853,7284,-1,7284,6853,6855,-1,7284,6855,7282,-1,7282,6855,6857,-1,7282,6857,7280,-1,7280,6857,6858,-1,7280,6858,7273,-1,7273,6858,6860,-1,7273,6860,7274,-1,7274,6860,6862,-1,7274,6862,7276,-1,7276,6862,6863,-1,7276,6863,7277,-1,7277,6863,6866,-1,7277,6866,7270,-1,7270,6866,7271,-1,7437,7438,7439,-1,6932,6920,7440,-1,7440,6920,7201,-1,7440,7201,7441,-1,7441,7201,7202,-1,7441,7202,7442,-1,7442,7202,7203,-1,7442,7203,7443,-1,7443,7203,7204,-1,7443,7204,7444,-1,7444,7204,7205,-1,7444,7205,7445,-1,7445,7205,7206,-1,7445,7206,7446,-1,7446,7206,7207,-1,6242,6899,6807,-1,6807,6899,7447,-1,6807,7447,6805,-1,7448,6829,7447,-1,7447,6829,6830,-1,7447,6830,6805,-1,7449,6825,7448,-1,7448,6825,6827,-1,7448,6827,6829,-1,6818,6819,7450,-1,7450,6819,6821,-1,7450,6821,7449,-1,7449,6821,6823,-1,7449,6823,6825,-1,7451,6809,7452,-1,7452,6809,6808,-1,7452,6808,7450,-1,7450,6808,6816,-1,7450,6816,6818,-1,6815,6814,7451,-1,7451,6814,6812,-1,7451,6812,6809,-1,6864,6815,7453,-1,7453,6815,7451,-1,7453,7451,7454,-1,7454,7451,7455,-1,7456,7457,7458,-1,6899,6901,7447,-1,7447,6901,7459,-1,7447,7459,7448,-1,7448,7459,7460,-1,7448,7460,7449,-1,7449,7460,7461,-1,7449,7461,7450,-1,7450,7461,7462,-1,7450,7462,7452,-1,7452,7462,7463,-1,7452,7463,7451,-1,7451,7463,7464,-1,7451,7464,7455,-1,7455,7464,7465,-1,6901,6934,7459,-1,7459,6934,7466,-1,7459,7466,7460,-1,7460,7466,7467,-1,7460,7467,7461,-1,7461,7467,7468,-1,7461,7468,7462,-1,7462,7468,7469,-1,7462,7469,7463,-1,7463,7469,7470,-1,7463,7470,7464,-1,7464,7470,7439,-1,7464,7439,7465,-1,7465,7439,7438,-1,6934,6933,7466,-1,7466,6933,7471,-1,7466,7471,7467,-1,7467,7471,7472,-1,7467,7472,7468,-1,7468,7472,7473,-1,7468,7473,7469,-1,7469,7473,7474,-1,7469,7474,7470,-1,7470,7474,7475,-1,7470,7475,7439,-1,7439,7475,7458,-1,7439,7458,7437,-1,7437,7458,7457,-1,6933,6932,7471,-1,7471,6932,7440,-1,7471,7440,7472,-1,7472,7440,7441,-1,7472,7441,7473,-1,7473,7441,7442,-1,7473,7442,7474,-1,7474,7442,7443,-1,7474,7443,7475,-1,7475,7443,7444,-1,7475,7444,7458,-1,7458,7444,7445,-1,7458,7445,7456,-1,7456,7445,7446,-1,7476,7477,7478,-1,6888,6897,7479,-1,7479,6897,7480,-1,7479,7480,7481,-1,7481,7480,7482,-1,7481,7482,7483,-1,7483,7482,7484,-1,7483,7484,7485,-1,7485,7484,7486,-1,7486,7484,7487,-1,7486,7487,7488,-1,7488,7487,7489,-1,7488,7489,7490,-1,7490,7489,7491,-1,7491,7489,7478,-1,7491,7478,7492,-1,7492,7478,7493,-1,7493,7478,7477,-1,7493,7477,7494,-1,7495,7496,7497,-1,7234,7498,7343,-1,7343,7498,7499,-1,7343,7499,7214,-1,7214,7499,7215,-1,7215,7499,7307,-1,7307,7499,7500,-1,7307,7500,7303,-1,7501,7306,7500,-1,7500,7306,7304,-1,7500,7304,7303,-1,7502,7388,7501,-1,7501,7388,7370,-1,7501,7370,7306,-1,7218,7217,7503,-1,7503,7217,7302,-1,7503,7302,7502,-1,7502,7302,7404,-1,7502,7404,7388,-1,7218,7503,7300,-1,7300,7503,7504,-1,7300,7504,7301,-1,7301,7504,6893,-1,7301,6893,6202,-1,6897,6898,7480,-1,7480,6898,7505,-1,7480,7505,7482,-1,7482,7505,7506,-1,7482,7506,7484,-1,7484,7506,7507,-1,7484,7507,7487,-1,7487,7507,7508,-1,7487,7508,7489,-1,7489,7508,7509,-1,7489,7509,7478,-1,7478,7509,7497,-1,7478,7497,7476,-1,7476,7497,7496,-1,6898,6893,7505,-1,7505,6893,7504,-1,7505,7504,7506,-1,7506,7504,7503,-1,7506,7503,7507,-1,7507,7503,7502,-1,7507,7502,7508,-1,7508,7502,7501,-1,7508,7501,7509,-1,7509,7501,7500,-1,7509,7500,7497,-1,7497,7500,7499,-1,7497,7499,7495,-1,7495,7499,7498,-1,7494,7510,7511,-1,6887,6888,7512,-1,7512,6888,7479,-1,7512,7479,7513,-1,7513,7479,7481,-1,7513,7481,7514,-1,7514,7481,7515,-1,7515,7481,7483,-1,7515,7483,7516,-1,7516,7483,7485,-1,7516,7485,7517,-1,7517,7485,7486,-1,7517,7486,7518,-1,7518,7486,7519,-1,7519,7486,7488,-1,7519,7488,7520,-1,7520,7488,7490,-1,7520,7490,7521,-1,7521,7490,7491,-1,7521,7491,7522,-1,7522,7491,7492,-1,7522,7492,7511,-1,7511,7492,7493,-1,7511,7493,7494,-1,7523,6900,6799,-1,7524,7525,7526,-1,7527,7528,7529,-1,6918,6919,7012,-1,7012,6919,7530,-1,7012,7530,7014,-1,7014,7530,7531,-1,7014,7531,7016,-1,7016,7531,7532,-1,7016,7532,7018,-1,7018,7532,7533,-1,7018,7533,7020,-1,7020,7533,7534,-1,7020,7534,7022,-1,7022,7534,7529,-1,7022,7529,7024,-1,7024,7529,7528,-1,7535,7536,7537,-1,7538,7539,7540,-1,7540,7539,6955,-1,7540,6955,6954,-1,6952,6951,7541,-1,7541,6951,7001,-1,7541,7001,7539,-1,7539,7001,7011,-1,7539,7011,6955,-1,6946,6938,7542,-1,7542,6938,6937,-1,7542,6937,7541,-1,7541,6937,6992,-1,7541,6992,6952,-1,6946,7542,6947,-1,6947,7542,7543,-1,6947,7543,6949,-1,6949,7543,7544,-1,6949,7544,6940,-1,6799,6945,7523,-1,7523,6945,6943,-1,7523,6943,7544,-1,7544,6943,6941,-1,7544,6941,6940,-1,6919,6904,7530,-1,7530,6904,7545,-1,7530,7545,7531,-1,7531,7545,7546,-1,7531,7546,7532,-1,7532,7546,7547,-1,7532,7547,7533,-1,7533,7547,7548,-1,7533,7548,7534,-1,7534,7548,7549,-1,7534,7549,7529,-1,7529,7549,7537,-1,7529,7537,7527,-1,7527,7537,7536,-1,6904,6903,7545,-1,7545,6903,7550,-1,7545,7550,7546,-1,7546,7550,7551,-1,7546,7551,7547,-1,7547,7551,7552,-1,7547,7552,7548,-1,7548,7552,7553,-1,7548,7553,7549,-1,7549,7553,7554,-1,7549,7554,7537,-1,7537,7554,7555,-1,7537,7555,7535,-1,7535,7555,7556,-1,6903,6902,7550,-1,7550,6902,7557,-1,7550,7557,7551,-1,7551,7557,7558,-1,7551,7558,7552,-1,7552,7558,7559,-1,7552,7559,7553,-1,7553,7559,7560,-1,7553,7560,7554,-1,7554,7560,7561,-1,7554,7561,7555,-1,7555,7561,7526,-1,7555,7526,7556,-1,7556,7526,7525,-1,6902,6900,7557,-1,7557,6900,7523,-1,7557,7523,7558,-1,7558,7523,7544,-1,7558,7544,7559,-1,7559,7544,7543,-1,7559,7543,7560,-1,7560,7543,7542,-1,7560,7542,7561,-1,7561,7542,7541,-1,7561,7541,7526,-1,7526,7541,7539,-1,7526,7539,7524,-1,7524,7539,7538,-1,6979,6777,5883,-1,5883,7562,6979,-1,6979,7562,7563,-1,6979,7563,6978,-1,6973,6975,7564,-1,7563,7565,6978,-1,6978,7565,7566,-1,6978,7566,6976,-1,6976,7566,7567,-1,6976,7567,6975,-1,6975,7567,7568,-1,6975,7568,7564,-1,7564,7569,6973,-1,6973,7569,7570,-1,6973,7570,6971,-1,6971,7570,7571,-1,6971,7571,6969,-1,6969,7571,7572,-1,6969,7572,6967,-1,6967,7572,7573,-1,7573,7574,6967,-1,6967,7574,7575,-1,6967,7575,6966,-1,6966,7575,7576,-1,6966,7576,6964,-1,6964,7576,7577,-1,6964,7577,6963,-1,6963,7577,7578,-1,7578,7579,6963,-1,6963,7579,7580,-1,6963,7580,6961,-1,6961,7580,7581,-1,6961,7581,6959,-1,6959,7581,7582,-1,6959,7582,7583,-1,7583,7584,6959,-1,6959,7584,7585,-1,6959,7585,6958,-1,6958,7585,7586,-1,6958,7586,6956,-1,6956,7586,7587,-1,6956,7587,6954,-1,6954,7587,7588,-1,6954,7588,7589,-1,7590,7591,7592,-1,7593,7594,7595,-1,7596,7597,7598,-1,7598,7597,7599,-1,7593,7595,7600,-1,7601,7602,7603,-1,7604,7605,7606,-1,5924,5922,7607,-1,7607,5922,7608,-1,7607,7608,7609,-1,5924,7607,5925,-1,5925,7607,7610,-1,5925,7610,5913,-1,5913,7610,5914,-1,5914,7610,7611,-1,5914,7611,5916,-1,5916,7611,7612,-1,5916,7612,5917,-1,7613,5912,7614,-1,7614,5912,5920,-1,7614,5920,7612,-1,7612,5920,5919,-1,7612,5919,5917,-1,5904,5906,7615,-1,7615,5906,5907,-1,7615,5907,7616,-1,7616,5907,5908,-1,7616,5908,7613,-1,7613,5908,5910,-1,7613,5910,5912,-1,5895,7617,5896,-1,5896,7617,7618,-1,5896,7618,5897,-1,5897,7618,7619,-1,5897,7619,5898,-1,5898,7619,5900,-1,5900,7619,7620,-1,5900,7620,5901,-1,5901,7620,7621,-1,5901,7621,5887,-1,5887,7621,5888,-1,5888,7621,7622,-1,5888,7622,5890,-1,5893,5892,7623,-1,7623,7563,7562,-1,5893,7623,5885,-1,5885,7623,7562,-1,5885,7562,5883,-1,7588,7624,7589,-1,7589,7624,7625,-1,7626,7627,7628,-1,7628,7627,7629,-1,7630,7631,7626,-1,7632,7633,7634,-1,7634,7633,7635,-1,7636,7637,7638,-1,7638,7637,7639,-1,7640,7641,7642,-1,7642,7641,7643,-1,7644,7645,7646,-1,7646,7645,7647,-1,7646,7647,7641,-1,7641,7647,7648,-1,7641,7648,7643,-1,7599,7649,7598,-1,7598,7649,7650,-1,7598,7650,7651,-1,7652,7653,7654,-1,7654,7653,7655,-1,7654,7655,7656,-1,7588,7587,7624,-1,7624,7587,7586,-1,7624,7586,7657,-1,7583,7658,7584,-1,7584,7658,7657,-1,7584,7657,7585,-1,7585,7657,7586,-1,7583,7582,7658,-1,7658,7582,7581,-1,7658,7581,7659,-1,7659,7581,7580,-1,7659,7580,7660,-1,7580,7579,7660,-1,7660,7579,7578,-1,7660,7578,7661,-1,7661,7578,7577,-1,7574,7662,7575,-1,7575,7662,7663,-1,7575,7663,7576,-1,7574,7573,7662,-1,7662,7573,7572,-1,7662,7572,7664,-1,7664,7572,7571,-1,7664,7571,7665,-1,7571,7570,7665,-1,7665,7570,7569,-1,7665,7569,7666,-1,7666,7569,7564,-1,7666,7564,7667,-1,7667,7564,7568,-1,7568,7567,7667,-1,7667,7567,7566,-1,7667,7566,7623,-1,7623,7566,7565,-1,7623,7565,7563,-1,7577,7576,7661,-1,7661,7576,7663,-1,7661,7663,7668,-1,7668,7663,7662,-1,7668,7662,7669,-1,7669,7662,7664,-1,7669,7664,7670,-1,7670,7664,7665,-1,7670,7665,7671,-1,7671,7665,7666,-1,7671,7666,7672,-1,7672,7666,7667,-1,7672,7667,7673,-1,7673,7667,7623,-1,7673,7623,7622,-1,7622,7623,5892,-1,7622,5892,5890,-1,7626,7628,7630,-1,7630,7628,7674,-1,7630,7674,7675,-1,7675,7674,7676,-1,7675,7676,7677,-1,7677,7676,7678,-1,7677,7678,7679,-1,7590,7592,7680,-1,7680,7592,7681,-1,7680,7681,7682,-1,7682,7681,7683,-1,7682,7683,7684,-1,7684,7683,7685,-1,7684,7685,7686,-1,7686,7685,7687,-1,7686,7687,7688,-1,7688,7689,7686,-1,7686,7689,7690,-1,7686,7690,7684,-1,7684,7690,7691,-1,7684,7691,7682,-1,7682,7691,7692,-1,7682,7692,7680,-1,7680,7692,7693,-1,7680,7693,7590,-1,7631,7630,7632,-1,7632,7630,7675,-1,7632,7675,7633,-1,7633,7675,7677,-1,7633,7677,7694,-1,7694,7677,7679,-1,7694,7679,7695,-1,7695,7679,7696,-1,7695,7696,7697,-1,7697,7696,7698,-1,7697,7698,7699,-1,7699,7698,7700,-1,7699,7700,7701,-1,7701,7700,7702,-1,7701,7702,7703,-1,7703,7702,7704,-1,7703,7704,7705,-1,7705,7704,7706,-1,7705,7706,7707,-1,7678,7688,7679,-1,7679,7688,7687,-1,7679,7687,7696,-1,7696,7687,7685,-1,7696,7685,7698,-1,7698,7685,7683,-1,7698,7683,7700,-1,7700,7683,7681,-1,7700,7681,7702,-1,7702,7681,7592,-1,7702,7592,7704,-1,7704,7592,7591,-1,7704,7591,7706,-1,7635,7633,7708,-1,7708,7633,7694,-1,7708,7694,7709,-1,7709,7694,7695,-1,7709,7695,7710,-1,7710,7695,7697,-1,7710,7697,7711,-1,7711,7697,7699,-1,7711,7699,7712,-1,7712,7699,7701,-1,7712,7701,7713,-1,7713,7701,7703,-1,7713,7703,7714,-1,7714,7703,7705,-1,7714,7705,7655,-1,7655,7705,7707,-1,7655,7707,7656,-1,7652,7715,7716,-1,7716,7715,7717,-1,7716,7717,7718,-1,7718,7717,7719,-1,7718,7719,7720,-1,7720,7719,7721,-1,7720,7721,7722,-1,7722,7721,7723,-1,7722,7723,7724,-1,7724,7723,7725,-1,7724,7725,7726,-1,7726,7725,7727,-1,7726,7727,7728,-1,7728,7727,7729,-1,7728,7729,7730,-1,7730,7729,7731,-1,7730,7731,7732,-1,7732,7731,7733,-1,7732,7733,7734,-1,7652,7716,7653,-1,7653,7716,7718,-1,7653,7718,7655,-1,7655,7718,7720,-1,7655,7720,7714,-1,7714,7720,7722,-1,7714,7722,7713,-1,7713,7722,7724,-1,7713,7724,7712,-1,7712,7724,7726,-1,7712,7726,7711,-1,7711,7726,7728,-1,7711,7728,7710,-1,7710,7728,7730,-1,7710,7730,7709,-1,7709,7730,7732,-1,7709,7732,7708,-1,7708,7732,7734,-1,7708,7734,7635,-1,7636,7638,7735,-1,7735,7638,7736,-1,7735,7736,7642,-1,7642,7736,7737,-1,7642,7737,7640,-1,5895,5904,7617,-1,7617,5904,7615,-1,7617,7615,7738,-1,7738,7615,7616,-1,7738,7616,7739,-1,7739,7616,7613,-1,7739,7613,7740,-1,7740,7613,7614,-1,7740,7614,7741,-1,7741,7614,7612,-1,7741,7612,7742,-1,7742,7612,7611,-1,7737,7743,7640,-1,7640,7743,7744,-1,7640,7744,7641,-1,7641,7744,7745,-1,7641,7745,7646,-1,7646,7745,7746,-1,7646,7746,7644,-1,7644,7746,7651,-1,7644,7651,7747,-1,7747,7651,7650,-1,7743,7748,7744,-1,7744,7748,7749,-1,7744,7749,7745,-1,7745,7749,7750,-1,7745,7750,7746,-1,7746,7750,7751,-1,7746,7751,7651,-1,7651,7751,7752,-1,7651,7752,7598,-1,7598,7752,7753,-1,7598,7753,7596,-1,7596,7753,7754,-1,7748,7755,7749,-1,7749,7755,7756,-1,7749,7756,7750,-1,7750,7756,7757,-1,7750,7757,7751,-1,7751,7757,7758,-1,7751,7758,7752,-1,7752,7758,7759,-1,7752,7759,7753,-1,7753,7759,7760,-1,7753,7760,7754,-1,7754,7760,7761,-1,7755,7762,7756,-1,7756,7762,7763,-1,7756,7763,7757,-1,7757,7763,7764,-1,7757,7764,7758,-1,7758,7764,7765,-1,7758,7765,7759,-1,7759,7765,7766,-1,7759,7766,7760,-1,7760,7766,7595,-1,7760,7595,7761,-1,7761,7595,7594,-1,7602,7600,7603,-1,7603,7600,7595,-1,7603,7595,7767,-1,7767,7595,7766,-1,7767,7766,7768,-1,7768,7766,7765,-1,7768,7765,7769,-1,7769,7765,7764,-1,7769,7764,7770,-1,7770,7764,7763,-1,7770,7763,7715,-1,7715,7763,7762,-1,7715,7762,7717,-1,7717,7762,7755,-1,7717,7755,7719,-1,7719,7755,7748,-1,7719,7748,7721,-1,7721,7748,7743,-1,7721,7743,7723,-1,7723,7743,7737,-1,7723,7737,7725,-1,7725,7737,7736,-1,7725,7736,7727,-1,7727,7736,7638,-1,7727,7638,7729,-1,7729,7638,7639,-1,7729,7639,7731,-1,7693,7771,7590,-1,7590,7771,7772,-1,7590,7772,7591,-1,7591,7772,7773,-1,7591,7773,7706,-1,7706,7773,7774,-1,7706,7774,7707,-1,7707,7774,7775,-1,7707,7775,7656,-1,7656,7775,7776,-1,7656,7776,7654,-1,7654,7776,7777,-1,7654,7777,7652,-1,7652,7777,7778,-1,7652,7778,7715,-1,7715,7778,7779,-1,7715,7779,7770,-1,7770,7779,7780,-1,7770,7780,7769,-1,7769,7780,7781,-1,7769,7781,7768,-1,7768,7781,7782,-1,7768,7782,7767,-1,7767,7782,7783,-1,7767,7783,7603,-1,7603,7783,7606,-1,7603,7606,7601,-1,7601,7606,7605,-1,7771,7784,7772,-1,7772,7784,7785,-1,7772,7785,7773,-1,7773,7785,7786,-1,7773,7786,7774,-1,7774,7786,7787,-1,7774,7787,7775,-1,7775,7787,7788,-1,7775,7788,7776,-1,7776,7788,7789,-1,7776,7789,7777,-1,7777,7789,7790,-1,7777,7790,7778,-1,7778,7790,7791,-1,7778,7791,7779,-1,7779,7791,7792,-1,7779,7792,7780,-1,7780,7792,7793,-1,7780,7793,7781,-1,7781,7793,7794,-1,7781,7794,7782,-1,7782,7794,7795,-1,7782,7795,7783,-1,7783,7795,7796,-1,7783,7796,7606,-1,7606,7796,7797,-1,7606,7797,7604,-1,7609,7604,7607,-1,7607,7604,7797,-1,7607,7797,7610,-1,7610,7797,7796,-1,7610,7796,7611,-1,7611,7796,7795,-1,7611,7795,7742,-1,7742,7795,7794,-1,7742,7794,7741,-1,7741,7794,7793,-1,7741,7793,7740,-1,7740,7793,7792,-1,7740,7792,7739,-1,7739,7792,7791,-1,7739,7791,7738,-1,7738,7791,7790,-1,7738,7790,7617,-1,7617,7790,7789,-1,7617,7789,7618,-1,7618,7789,7788,-1,7618,7788,7619,-1,7619,7788,7787,-1,7619,7787,7620,-1,7620,7787,7786,-1,7620,7786,7621,-1,7621,7786,7785,-1,7621,7785,7622,-1,7622,7785,7784,-1,7622,7784,7673,-1,7673,7784,7771,-1,7673,7771,7672,-1,7672,7771,7693,-1,7672,7693,7671,-1,7671,7693,7692,-1,7671,7692,7670,-1,7670,7692,7691,-1,7670,7691,7669,-1,7669,7691,7690,-1,7669,7690,7668,-1,7668,7690,7689,-1,7668,7689,7661,-1,7661,7689,7688,-1,7661,7688,7660,-1,7660,7688,7678,-1,7660,7678,7659,-1,7659,7678,7676,-1,7659,7676,7658,-1,7658,7676,7674,-1,7658,7674,7657,-1,7657,7674,7628,-1,7657,7628,7624,-1,7624,7628,7629,-1,7624,7629,7625,-1,7798,7799,7800,-1,6895,6894,7801,-1,6890,6889,7802,-1,7511,7510,7803,-1,7511,7803,7522,-1,7522,7803,7804,-1,7522,7804,7521,-1,7521,7804,7520,-1,7520,7804,7805,-1,7520,7805,7519,-1,7519,7805,7518,-1,7518,7805,7806,-1,7518,7806,7517,-1,7517,7806,7516,-1,7516,7806,7807,-1,7516,7807,7515,-1,6891,6892,7808,-1,7808,6892,6896,-1,7515,7807,7514,-1,7514,7807,7809,-1,7514,7809,7513,-1,7513,7809,7808,-1,7513,7808,7512,-1,7512,7808,6896,-1,7512,6896,6887,-1,5922,6895,7608,-1,7608,6895,7801,-1,7608,7801,7609,-1,7609,7801,7810,-1,7609,7810,7604,-1,7604,7810,7605,-1,7605,7810,7601,-1,7601,7810,7811,-1,7601,7811,7602,-1,7602,7811,7600,-1,7600,7811,7812,-1,7600,7812,7593,-1,7593,7812,7594,-1,7594,7812,7813,-1,7594,7813,7761,-1,7761,7813,7754,-1,7754,7813,7800,-1,7754,7800,7596,-1,7596,7800,7597,-1,7597,7800,7799,-1,7597,7799,7599,-1,7814,7815,7816,-1,6894,6890,7801,-1,7801,6890,7802,-1,7801,7802,7810,-1,7810,7802,7817,-1,7810,7817,7811,-1,7811,7817,7818,-1,7811,7818,7812,-1,7812,7818,7819,-1,7812,7819,7813,-1,7813,7819,7820,-1,7813,7820,7800,-1,7800,7820,7816,-1,7800,7816,7798,-1,7798,7816,7815,-1,6889,6891,7802,-1,7802,6891,7808,-1,7802,7808,7817,-1,7817,7808,7809,-1,7817,7809,7818,-1,7818,7809,7807,-1,7818,7807,7819,-1,7819,7807,7806,-1,7819,7806,7820,-1,7820,7806,7805,-1,7820,7805,7816,-1,7816,7805,7804,-1,7816,7804,7814,-1,7814,7804,7803,-1,7024,7821,7025,-1,7025,7821,7822,-1,7823,7028,7824,-1,7824,7028,7029,-1,7824,7029,7825,-1,7825,7029,7030,-1,7825,7030,7826,-1,7826,7030,7032,-1,7826,7032,7827,-1,7827,7032,7033,-1,7827,7033,7828,-1,7828,7033,7035,-1,7828,7035,7829,-1,7829,7035,7037,-1,7829,7037,7830,-1,7830,7037,7038,-1,7830,7038,7831,-1,7831,7038,7040,-1,7831,7040,7832,-1,7832,7040,7041,-1,7832,7041,7833,-1,7833,7041,7043,-1,7833,7043,7834,-1,7834,7043,7044,-1,7834,7044,7835,-1,7835,7044,7046,-1,7835,7046,7836,-1,7836,7046,7048,-1,7836,7048,7837,-1,7837,7048,7049,-1,7837,7049,7838,-1,7838,7049,7051,-1,7838,7051,7839,-1,7839,7051,7052,-1,7839,7052,7840,-1,7840,7052,7054,-1,7840,7054,7822,-1,7822,7054,7025,-1,7028,7823,7116,-1,7116,7823,7841,-1,7842,7119,7843,-1,7843,7119,7120,-1,7843,7120,7844,-1,7844,7120,7121,-1,7844,7121,7845,-1,7845,7121,7123,-1,7845,7123,7846,-1,7846,7123,7124,-1,7846,7124,7847,-1,7847,7124,7126,-1,7847,7126,7848,-1,7848,7126,7128,-1,7848,7128,7849,-1,7849,7128,7129,-1,7849,7129,7850,-1,7850,7129,7131,-1,7850,7131,7851,-1,7851,7131,7132,-1,7851,7132,7852,-1,7852,7132,7134,-1,7852,7134,7853,-1,7853,7134,7135,-1,7853,7135,7854,-1,7854,7135,7137,-1,7854,7137,7855,-1,7855,7137,7139,-1,7855,7139,7856,-1,7856,7139,7140,-1,7856,7140,7857,-1,7857,7140,7142,-1,7857,7142,7858,-1,7858,7142,7143,-1,7858,7143,7859,-1,7859,7143,7145,-1,7859,7145,7841,-1,7841,7145,7116,-1,7119,7842,7207,-1,7207,7842,7860,-1,7239,7241,7861,-1,7861,7241,7862,-1,7241,7243,7862,-1,7862,7243,7244,-1,7862,7244,7863,-1,7863,7244,7246,-1,7246,7251,7863,-1,7863,7251,7250,-1,7863,7250,7248,-1,7248,7254,7863,-1,7863,7254,7253,-1,7863,7253,7255,-1,7255,7257,7863,-1,7863,7257,7259,-1,7863,7259,7260,-1,7260,7262,7863,-1,7863,7262,7261,-1,7863,7261,7266,-1,7266,7265,7863,-1,7863,7265,7269,-1,7863,7269,7272,-1,7271,6864,7453,-1,7237,7861,7232,-1,7232,7861,7864,-1,7237,7236,7861,-1,7861,7236,7240,-1,7861,7240,7239,-1,7865,7494,7866,-1,7866,7494,7477,-1,7866,7477,7867,-1,7867,7477,7476,-1,7867,7476,7868,-1,7868,7476,7496,-1,7868,7496,7869,-1,7869,7496,7495,-1,7869,7495,7870,-1,7870,7495,7498,-1,7870,7498,7864,-1,7864,7498,7234,-1,7864,7234,7232,-1,7272,7271,7863,-1,7863,7271,7453,-1,7863,7453,7871,-1,7871,7453,7454,-1,7871,7454,7872,-1,7872,7454,7455,-1,7872,7455,7873,-1,7873,7455,7465,-1,7873,7465,7874,-1,7874,7465,7438,-1,7874,7438,7875,-1,7875,7438,7437,-1,7875,7437,7876,-1,7876,7437,7457,-1,7876,7457,7877,-1,7877,7457,7456,-1,7877,7456,7878,-1,7878,7456,7446,-1,7878,7446,7860,-1,7860,7446,7207,-1,7494,7865,7510,-1,7510,7865,7879,-1,7589,7625,7880,-1,7880,7625,7629,-1,7880,7629,7627,-1,7627,7626,7880,-1,7880,7626,7631,-1,7880,7631,7632,-1,7632,7634,7880,-1,7880,7634,7635,-1,7880,7635,7734,-1,7734,7733,7880,-1,7880,7733,7731,-1,7880,7731,7639,-1,7639,7637,7880,-1,7880,7637,7636,-1,7880,7636,7735,-1,7735,7642,7880,-1,7880,7642,7643,-1,7880,7643,7881,-1,7882,7803,7883,-1,7883,7803,7510,-1,7883,7510,7879,-1,7644,7747,7884,-1,7643,7648,7881,-1,7881,7648,7647,-1,7881,7647,7884,-1,7884,7647,7645,-1,7884,7645,7644,-1,7747,7650,7884,-1,7884,7650,7649,-1,7884,7649,7885,-1,7885,7649,7599,-1,7885,7599,7886,-1,7886,7599,7799,-1,7886,7799,7887,-1,7887,7799,7798,-1,7887,7798,7888,-1,7888,7798,7815,-1,7888,7815,7882,-1,7882,7815,7814,-1,7882,7814,7803,-1,7821,7024,7889,-1,7889,7024,7528,-1,7889,7528,7890,-1,7890,7528,7527,-1,7890,7527,7891,-1,7891,7527,7536,-1,7891,7536,7892,-1,7892,7536,7535,-1,7892,7535,7893,-1,7893,7535,7556,-1,7893,7556,7894,-1,7894,7556,7525,-1,7894,7525,7895,-1,7895,7525,7524,-1,7895,7524,7896,-1,7896,7524,7538,-1,7896,7538,7880,-1,7880,7538,7540,-1,7880,7540,7589,-1,7589,7540,6954,-1,7897,7898,7899,-1,7897,7899,7900,-1,7900,7899,7901,-1,7900,7901,7902,-1,7902,7901,7903,-1,7902,7903,7904,-1,7904,7903,7905,-1,7904,7905,7906,-1,7906,7905,7907,-1,7906,7907,7908,-1,7908,7907,7909,-1,7908,7909,7910,-1,7910,7909,7822,-1,7910,7822,7821,-1,7911,7912,7913,-1,7822,7909,7914,-1,7915,7839,7914,-1,7914,7839,7840,-1,7914,7840,7822,-1,7834,7835,7916,-1,7916,7835,7836,-1,7916,7836,7917,-1,7917,7836,7837,-1,7917,7837,7915,-1,7915,7837,7838,-1,7915,7838,7839,-1,7834,7916,7833,-1,7833,7916,7918,-1,7833,7918,7832,-1,7832,7918,7919,-1,7832,7919,7831,-1,7831,7919,7830,-1,7830,7919,7920,-1,7830,7920,7829,-1,7829,7920,7921,-1,7829,7921,7828,-1,7828,7921,7827,-1,7827,7921,7922,-1,7827,7922,7826,-1,7826,7922,7825,-1,7825,7922,7923,-1,7825,7923,7824,-1,7824,7923,7924,-1,7824,7924,7823,-1,7911,7913,7925,-1,7925,7913,7926,-1,7925,7926,7927,-1,7927,7926,7928,-1,7927,7928,7929,-1,7929,7928,7930,-1,7929,7930,7931,-1,7931,7930,7932,-1,7931,7932,7933,-1,7933,7932,7934,-1,7933,7934,7935,-1,7935,7934,7936,-1,7935,7936,7937,-1,7937,7936,7938,-1,7937,7938,7939,-1,7939,7938,7940,-1,7939,7940,7941,-1,7941,7940,7942,-1,7941,7942,7943,-1,7898,7943,7899,-1,7899,7943,7942,-1,7899,7942,7901,-1,7903,7901,7944,-1,7905,7903,7945,-1,7907,7905,7946,-1,7909,7907,7947,-1,7909,7947,7914,-1,7914,7947,7948,-1,7914,7948,7915,-1,7915,7948,7949,-1,7915,7949,7917,-1,7917,7949,7950,-1,7917,7950,7916,-1,7916,7950,7951,-1,7916,7951,7918,-1,7918,7951,7952,-1,7918,7952,7919,-1,7919,7952,7953,-1,7919,7953,7920,-1,7920,7953,7954,-1,7920,7954,7921,-1,7921,7954,7955,-1,7921,7955,7922,-1,7922,7955,7956,-1,7922,7956,7923,-1,7923,7956,7957,-1,7923,7957,7924,-1,7907,7946,7947,-1,7947,7946,7958,-1,7947,7958,7948,-1,7948,7958,7959,-1,7948,7959,7949,-1,7949,7959,7960,-1,7949,7960,7950,-1,7950,7960,7961,-1,7950,7961,7951,-1,7951,7961,7962,-1,7951,7962,7952,-1,7952,7962,7963,-1,7952,7963,7953,-1,7953,7963,7964,-1,7953,7964,7954,-1,7954,7964,7965,-1,7954,7965,7955,-1,7955,7965,7966,-1,7955,7966,7956,-1,7956,7966,7967,-1,7956,7967,7957,-1,7905,7945,7946,-1,7946,7945,7968,-1,7946,7968,7958,-1,7958,7968,7969,-1,7958,7969,7959,-1,7959,7969,7970,-1,7959,7970,7960,-1,7960,7970,7971,-1,7960,7971,7961,-1,7961,7971,7972,-1,7961,7972,7962,-1,7962,7972,7973,-1,7962,7973,7963,-1,7963,7973,7974,-1,7963,7974,7964,-1,7964,7974,7975,-1,7964,7975,7965,-1,7965,7975,7976,-1,7965,7976,7966,-1,7966,7976,7977,-1,7966,7977,7967,-1,7903,7944,7945,-1,7945,7944,7978,-1,7945,7978,7968,-1,7968,7978,7979,-1,7968,7979,7969,-1,7969,7979,7980,-1,7969,7980,7970,-1,7970,7980,7981,-1,7970,7981,7971,-1,7971,7981,7982,-1,7971,7982,7972,-1,7972,7982,7983,-1,7972,7983,7973,-1,7973,7983,7984,-1,7973,7984,7974,-1,7974,7984,7985,-1,7974,7985,7975,-1,7975,7985,7986,-1,7975,7986,7976,-1,7976,7986,7987,-1,7976,7987,7977,-1,7901,7942,7944,-1,7944,7942,7940,-1,7944,7940,7978,-1,7978,7940,7938,-1,7978,7938,7979,-1,7979,7938,7936,-1,7979,7936,7980,-1,7980,7936,7934,-1,7980,7934,7981,-1,7981,7934,7932,-1,7981,7932,7982,-1,7982,7932,7930,-1,7982,7930,7983,-1,7983,7930,7928,-1,7983,7928,7984,-1,7984,7928,7926,-1,7984,7926,7985,-1,7985,7926,7913,-1,7985,7913,7986,-1,7986,7913,7912,-1,7986,7912,7987,-1,7911,7988,7989,-1,7911,7989,7912,-1,7912,7989,7990,-1,7912,7990,7987,-1,7987,7990,7991,-1,7987,7991,7977,-1,7977,7991,7992,-1,7977,7992,7967,-1,7967,7992,7993,-1,7967,7993,7957,-1,7957,7993,7994,-1,7957,7994,7924,-1,7924,7994,7841,-1,7924,7841,7823,-1,7995,7996,7997,-1,7841,7994,7998,-1,7999,7858,7998,-1,7998,7858,7859,-1,7998,7859,7841,-1,7853,7854,8000,-1,8000,7854,7855,-1,8000,7855,8001,-1,8001,7855,7856,-1,8001,7856,7999,-1,7999,7856,7857,-1,7999,7857,7858,-1,7853,8000,7852,-1,7852,8000,8002,-1,7852,8002,7851,-1,7851,8002,8003,-1,7851,8003,7850,-1,7850,8003,7849,-1,7849,8003,8004,-1,7849,8004,7848,-1,7848,8004,8005,-1,7848,8005,7847,-1,7847,8005,7846,-1,7846,8005,8006,-1,7846,8006,7845,-1,7845,8006,7844,-1,7844,8006,8007,-1,7844,8007,7843,-1,7843,8007,8008,-1,7843,8008,7842,-1,7995,7997,8009,-1,8009,7997,8010,-1,8009,8010,8011,-1,8011,8010,8012,-1,8011,8012,8013,-1,8013,8012,8014,-1,8013,8014,8015,-1,8015,8014,8016,-1,8015,8016,8017,-1,8017,8016,8018,-1,8017,8018,8019,-1,8019,8018,8020,-1,8019,8020,8021,-1,8021,8020,8022,-1,8021,8022,8023,-1,8023,8022,8024,-1,8023,8024,8025,-1,8025,8024,8026,-1,8025,8026,8027,-1,7988,8027,7989,-1,7989,8027,8026,-1,7989,8026,7990,-1,7991,7990,8028,-1,7992,7991,8029,-1,7993,7992,8030,-1,7994,7993,8031,-1,7994,8031,7998,-1,7998,8031,8032,-1,7998,8032,7999,-1,7999,8032,8033,-1,7999,8033,8001,-1,8001,8033,8034,-1,8001,8034,8000,-1,8000,8034,8035,-1,8000,8035,8002,-1,8002,8035,8036,-1,8002,8036,8003,-1,8003,8036,8037,-1,8003,8037,8004,-1,8004,8037,8038,-1,8004,8038,8005,-1,8005,8038,8039,-1,8005,8039,8006,-1,8006,8039,8040,-1,8006,8040,8007,-1,8007,8040,8041,-1,8007,8041,8008,-1,7993,8030,8031,-1,8031,8030,8042,-1,8031,8042,8032,-1,8032,8042,8043,-1,8032,8043,8033,-1,8033,8043,8044,-1,8033,8044,8034,-1,8034,8044,8045,-1,8034,8045,8035,-1,8035,8045,8046,-1,8035,8046,8036,-1,8036,8046,8047,-1,8036,8047,8037,-1,8037,8047,8048,-1,8037,8048,8038,-1,8038,8048,8049,-1,8038,8049,8039,-1,8039,8049,8050,-1,8039,8050,8040,-1,8040,8050,8051,-1,8040,8051,8041,-1,7992,8029,8030,-1,8030,8029,8052,-1,8030,8052,8042,-1,8042,8052,8053,-1,8042,8053,8043,-1,8043,8053,8054,-1,8043,8054,8044,-1,8044,8054,8055,-1,8044,8055,8045,-1,8045,8055,8056,-1,8045,8056,8046,-1,8046,8056,8057,-1,8046,8057,8047,-1,8047,8057,8058,-1,8047,8058,8048,-1,8048,8058,8059,-1,8048,8059,8049,-1,8049,8059,8060,-1,8049,8060,8050,-1,8050,8060,8061,-1,8050,8061,8051,-1,7991,8028,8029,-1,8029,8028,8062,-1,8029,8062,8052,-1,8052,8062,8063,-1,8052,8063,8053,-1,8053,8063,8064,-1,8053,8064,8054,-1,8054,8064,8065,-1,8054,8065,8055,-1,8055,8065,8066,-1,8055,8066,8056,-1,8056,8066,8067,-1,8056,8067,8057,-1,8057,8067,8068,-1,8057,8068,8058,-1,8058,8068,8069,-1,8058,8069,8059,-1,8059,8069,8070,-1,8059,8070,8060,-1,8060,8070,8071,-1,8060,8071,8061,-1,7990,8026,8028,-1,8028,8026,8024,-1,8028,8024,8062,-1,8062,8024,8022,-1,8062,8022,8063,-1,8063,8022,8020,-1,8063,8020,8064,-1,8064,8020,8018,-1,8064,8018,8065,-1,8065,8018,8016,-1,8065,8016,8066,-1,8066,8016,8014,-1,8066,8014,8067,-1,8067,8014,8012,-1,8067,8012,8068,-1,8068,8012,8010,-1,8068,8010,8069,-1,8069,8010,7997,-1,8069,7997,8070,-1,8070,7997,7996,-1,8070,7996,8071,-1,7995,8072,8073,-1,7995,8073,7996,-1,7996,8073,8074,-1,7996,8074,8071,-1,8071,8074,8075,-1,8071,8075,8061,-1,8061,8075,8076,-1,8061,8076,8051,-1,8051,8076,8077,-1,8051,8077,8041,-1,8041,8077,8078,-1,8041,8078,8008,-1,8008,8078,7860,-1,8008,7860,7842,-1,8079,8080,8081,-1,7860,8078,8082,-1,8083,7877,8082,-1,8082,7877,7878,-1,8082,7878,7860,-1,7872,7873,8084,-1,8084,7873,7874,-1,8084,7874,8085,-1,8085,7874,7875,-1,8085,7875,8083,-1,8083,7875,7876,-1,8083,7876,7877,-1,7872,8084,7871,-1,7871,8084,8086,-1,7871,8086,7863,-1,7863,8086,8087,-1,7863,8087,7862,-1,7862,8087,7861,-1,7861,8087,8088,-1,7861,8088,7864,-1,7864,8088,8089,-1,7864,8089,7870,-1,7870,8089,7869,-1,7869,8089,8090,-1,7869,8090,7868,-1,7868,8090,7867,-1,7867,8090,8091,-1,7867,8091,7866,-1,7866,8091,8092,-1,7866,8092,7865,-1,8079,8081,8093,-1,8093,8081,8094,-1,8093,8094,8095,-1,8095,8094,8096,-1,8095,8096,8097,-1,8097,8096,8098,-1,8097,8098,8099,-1,8099,8098,8100,-1,8099,8100,8101,-1,8101,8100,8102,-1,8101,8102,8103,-1,8103,8102,8104,-1,8103,8104,8105,-1,8105,8104,8106,-1,8105,8106,8107,-1,8107,8106,8108,-1,8107,8108,8109,-1,8109,8108,8110,-1,8109,8110,8111,-1,8072,8111,8073,-1,8073,8111,8110,-1,8073,8110,8074,-1,8075,8074,8112,-1,8076,8075,8113,-1,8077,8076,8114,-1,8078,8077,8115,-1,8078,8115,8082,-1,8082,8115,8116,-1,8082,8116,8083,-1,8083,8116,8117,-1,8083,8117,8085,-1,8085,8117,8118,-1,8085,8118,8084,-1,8084,8118,8119,-1,8084,8119,8086,-1,8086,8119,8120,-1,8086,8120,8087,-1,8087,8120,8121,-1,8087,8121,8088,-1,8088,8121,8122,-1,8088,8122,8089,-1,8089,8122,8123,-1,8089,8123,8090,-1,8090,8123,8124,-1,8090,8124,8091,-1,8091,8124,8125,-1,8091,8125,8092,-1,8077,8114,8115,-1,8115,8114,8126,-1,8115,8126,8116,-1,8116,8126,8127,-1,8116,8127,8117,-1,8117,8127,8128,-1,8117,8128,8118,-1,8118,8128,8129,-1,8118,8129,8119,-1,8119,8129,8130,-1,8119,8130,8120,-1,8120,8130,8131,-1,8120,8131,8121,-1,8121,8131,8132,-1,8121,8132,8122,-1,8122,8132,8133,-1,8122,8133,8123,-1,8123,8133,8134,-1,8123,8134,8124,-1,8124,8134,8135,-1,8124,8135,8125,-1,8076,8113,8114,-1,8114,8113,8136,-1,8114,8136,8126,-1,8126,8136,8137,-1,8126,8137,8127,-1,8127,8137,8138,-1,8127,8138,8128,-1,8128,8138,8139,-1,8128,8139,8129,-1,8129,8139,8140,-1,8129,8140,8130,-1,8130,8140,8141,-1,8130,8141,8131,-1,8131,8141,8142,-1,8131,8142,8132,-1,8132,8142,8143,-1,8132,8143,8133,-1,8133,8143,8144,-1,8133,8144,8134,-1,8134,8144,8145,-1,8134,8145,8135,-1,8075,8112,8113,-1,8113,8112,8146,-1,8113,8146,8136,-1,8136,8146,8147,-1,8136,8147,8137,-1,8137,8147,8148,-1,8137,8148,8138,-1,8138,8148,8149,-1,8138,8149,8139,-1,8139,8149,8150,-1,8139,8150,8140,-1,8140,8150,8151,-1,8140,8151,8141,-1,8141,8151,8152,-1,8141,8152,8142,-1,8142,8152,8153,-1,8142,8153,8143,-1,8143,8153,8154,-1,8143,8154,8144,-1,8144,8154,8155,-1,8144,8155,8145,-1,8074,8110,8112,-1,8112,8110,8108,-1,8112,8108,8146,-1,8146,8108,8106,-1,8146,8106,8147,-1,8147,8106,8104,-1,8147,8104,8148,-1,8148,8104,8102,-1,8148,8102,8149,-1,8149,8102,8100,-1,8149,8100,8150,-1,8150,8100,8098,-1,8150,8098,8151,-1,8151,8098,8096,-1,8151,8096,8152,-1,8152,8096,8094,-1,8152,8094,8153,-1,8153,8094,8081,-1,8153,8081,8154,-1,8154,8081,8080,-1,8154,8080,8155,-1,8079,8156,8157,-1,8079,8157,8080,-1,8080,8157,8158,-1,8080,8158,8155,-1,8155,8158,8159,-1,8155,8159,8145,-1,8145,8159,8160,-1,8145,8160,8135,-1,8135,8160,8161,-1,8135,8161,8125,-1,8125,8161,8162,-1,8125,8162,8092,-1,8092,8162,7879,-1,8092,7879,7865,-1,7897,7900,8163,-1,7879,8162,8164,-1,8165,7882,8164,-1,8164,7882,7883,-1,8164,7883,7879,-1,7884,7885,8166,-1,8166,7885,7886,-1,8166,7886,8167,-1,8167,7886,7887,-1,8167,7887,8165,-1,8165,7887,7888,-1,8165,7888,7882,-1,7884,8166,7881,-1,7881,8166,8168,-1,7881,8168,7880,-1,7880,8168,8169,-1,7880,8169,7896,-1,7896,8169,7895,-1,7895,8169,8170,-1,7895,8170,7894,-1,7894,8170,8171,-1,7894,8171,7893,-1,7893,8171,7892,-1,7892,8171,8172,-1,7892,8172,7891,-1,7891,8172,7890,-1,7890,8172,8173,-1,7890,8173,7889,-1,7889,8173,7910,-1,7889,7910,7821,-1,7897,8163,8174,-1,8174,8163,8175,-1,8174,8175,8176,-1,8176,8175,8177,-1,8176,8177,8178,-1,8178,8177,8179,-1,8178,8179,8180,-1,8180,8179,8181,-1,8180,8181,8182,-1,8182,8181,8183,-1,8182,8183,8184,-1,8184,8183,8185,-1,8184,8185,8186,-1,8186,8185,8187,-1,8186,8187,8188,-1,8188,8187,8189,-1,8188,8189,8190,-1,8190,8189,8191,-1,8190,8191,8192,-1,8156,8192,8157,-1,8157,8192,8191,-1,8157,8191,8158,-1,8159,8158,8193,-1,8160,8159,8194,-1,8161,8160,8195,-1,8162,8161,8196,-1,8162,8196,8164,-1,8164,8196,8197,-1,8164,8197,8165,-1,8165,8197,8198,-1,8165,8198,8167,-1,8167,8198,8199,-1,8167,8199,8166,-1,8166,8199,8200,-1,8166,8200,8168,-1,8168,8200,8201,-1,8168,8201,8169,-1,8169,8201,8202,-1,8169,8202,8170,-1,8170,8202,8203,-1,8170,8203,8171,-1,8171,8203,8204,-1,8171,8204,8172,-1,8172,8204,8205,-1,8172,8205,8173,-1,8173,8205,7908,-1,8173,7908,7910,-1,8161,8195,8196,-1,8196,8195,8206,-1,8196,8206,8197,-1,8197,8206,8207,-1,8197,8207,8198,-1,8198,8207,8208,-1,8198,8208,8199,-1,8199,8208,8209,-1,8199,8209,8200,-1,8200,8209,8210,-1,8200,8210,8201,-1,8201,8210,8211,-1,8201,8211,8202,-1,8202,8211,8212,-1,8202,8212,8203,-1,8203,8212,8213,-1,8203,8213,8204,-1,8204,8213,8214,-1,8204,8214,8205,-1,8205,8214,7906,-1,8205,7906,7908,-1,8160,8194,8195,-1,8195,8194,8215,-1,8195,8215,8206,-1,8206,8215,8216,-1,8206,8216,8207,-1,8207,8216,8217,-1,8207,8217,8208,-1,8208,8217,8218,-1,8208,8218,8209,-1,8209,8218,8219,-1,8209,8219,8210,-1,8210,8219,8220,-1,8210,8220,8211,-1,8211,8220,8221,-1,8211,8221,8212,-1,8212,8221,8222,-1,8212,8222,8213,-1,8213,8222,8223,-1,8213,8223,8214,-1,8214,8223,7904,-1,8214,7904,7906,-1,8159,8193,8194,-1,8194,8193,8224,-1,8194,8224,8215,-1,8215,8224,8225,-1,8215,8225,8216,-1,8216,8225,8226,-1,8216,8226,8217,-1,8217,8226,8227,-1,8217,8227,8218,-1,8218,8227,8228,-1,8218,8228,8219,-1,8219,8228,8229,-1,8219,8229,8220,-1,8220,8229,8230,-1,8220,8230,8221,-1,8221,8230,8231,-1,8221,8231,8222,-1,8222,8231,8232,-1,8222,8232,8223,-1,8223,8232,7902,-1,8223,7902,7904,-1,8158,8191,8193,-1,8193,8191,8189,-1,8193,8189,8224,-1,8224,8189,8187,-1,8224,8187,8225,-1,8225,8187,8185,-1,8225,8185,8226,-1,8226,8185,8183,-1,8226,8183,8227,-1,8227,8183,8181,-1,8227,8181,8228,-1,8228,8181,8179,-1,8228,8179,8229,-1,8229,8179,8177,-1,8229,8177,8230,-1,8230,8177,8175,-1,8230,8175,8231,-1,8231,8175,8163,-1,8231,8163,8232,-1,8232,8163,7900,-1,8232,7900,7902,-1,8079,8233,8234,-1,8235,8072,8236,-1,8236,8072,7995,-1,8236,7995,8237,-1,7988,7911,8237,-1,8237,7911,8238,-1,8237,7995,7988,-1,7988,7995,8009,-1,7988,8009,8027,-1,8192,8156,8174,-1,8174,8156,7897,-1,8239,7898,8240,-1,8240,7898,7897,-1,8240,7897,8234,-1,8234,7897,8156,-1,8234,8156,8079,-1,8235,8233,8072,-1,8072,8233,8079,-1,8072,8079,8111,-1,8111,8079,8093,-1,8111,8093,8109,-1,8095,8097,8105,-1,8239,8238,7898,-1,7898,8238,7911,-1,7898,7911,7943,-1,7943,7911,7925,-1,7943,7925,7941,-1,8021,8023,8009,-1,8009,8023,8025,-1,8009,8025,8027,-1,8095,8105,8093,-1,8093,8105,8107,-1,8093,8107,8109,-1,8186,8188,8174,-1,8174,8188,8190,-1,8174,8190,8192,-1,8097,8099,8105,-1,8105,8099,8101,-1,8105,8101,8103,-1,7927,7929,7937,-1,8009,8011,8021,-1,8021,8011,8013,-1,8021,8013,8019,-1,8019,8013,8015,-1,8019,8015,8017,-1,8174,8176,8186,-1,8186,8176,8178,-1,8186,8178,8184,-1,8184,8178,8180,-1,8184,8180,8182,-1,7927,7937,7925,-1,7925,7937,7939,-1,7925,7939,7941,-1,7929,7931,7937,-1,7937,7931,7933,-1,7937,7933,7935,-1,8241,8242,8243,-1,8243,8242,8244,-1,8245,8246,8247,-1,8247,8246,8248,-1,8249,8250,8251,-1,8251,8250,8252,-1,8251,8252,8253,-1,8253,8252,8254,-1,8253,8254,8255,-1,8255,8254,8256,-1,8255,8256,8257,-1,8257,8256,8258,-1,8257,8258,8259,-1,8259,8258,8260,-1,8259,8260,8261,-1,8261,8260,8262,-1,8261,8262,8263,-1,8263,8262,8264,-1,8265,8266,8267,-1,8268,8269,8270,-1,8270,8269,8271,-1,8270,8271,8272,-1,8273,8274,8275,-1,8268,8265,8269,-1,8269,8265,8267,-1,8269,8267,8276,-1,8276,8267,8277,-1,8278,8279,8280,-1,8280,8279,8271,-1,8280,8271,8281,-1,8281,8271,8269,-1,8275,8282,8273,-1,8273,8282,8283,-1,8273,8283,8267,-1,8267,8283,8284,-1,8267,8284,8277,-1,8238,8285,8237,-1,8237,8285,8286,-1,8239,8287,8238,-1,8238,8287,8285,-1,8240,8288,8239,-1,8239,8288,8287,-1,8234,8289,8240,-1,8240,8289,8288,-1,8233,8290,8234,-1,8234,8290,8289,-1,8235,8291,8233,-1,8233,8291,8290,-1,8236,8292,8235,-1,8235,8292,8291,-1,8237,8286,8236,-1,8236,8286,8292,-1,8293,8294,8295,-1,8296,8297,8298,-1,8299,8300,8301,-1,8302,8303,8304,-1,8304,8303,8305,-1,8304,8305,8301,-1,8301,8305,8306,-1,8301,8306,8299,-1,8307,8308,8309,-1,8309,8308,8310,-1,8309,8310,8299,-1,8299,8310,8311,-1,8299,8311,8300,-1,8297,8312,8298,-1,8298,8312,8313,-1,8298,8313,8314,-1,8315,8316,8317,-1,8317,8316,8318,-1,8317,8318,8319,-1,8320,8321,8322,-1,8322,8321,8323,-1,8322,8323,8324,-1,8324,8323,8325,-1,8324,8325,8326,-1,8326,8325,8327,-1,8327,8325,8328,-1,8327,8328,8329,-1,8329,8328,8330,-1,8329,8330,8331,-1,8331,8330,8332,-1,8331,8332,8333,-1,8333,8332,8334,-1,8334,8332,8295,-1,8334,8295,8335,-1,8335,8295,8336,-1,8336,8295,8294,-1,8336,8294,8337,-1,8303,8338,8305,-1,8305,8338,8339,-1,8305,8339,8306,-1,8306,8339,8340,-1,8306,8340,8341,-1,8341,8340,8342,-1,8341,8342,8343,-1,8321,8315,8323,-1,8323,8315,8317,-1,8323,8317,8325,-1,8325,8317,8319,-1,8325,8319,8328,-1,8328,8319,8344,-1,8328,8344,8330,-1,8330,8344,8345,-1,8330,8345,8332,-1,8332,8345,8346,-1,8332,8346,8295,-1,8295,8346,8347,-1,8295,8347,8293,-1,8293,8347,8348,-1,8318,8296,8319,-1,8319,8296,8298,-1,8319,8298,8344,-1,8344,8298,8314,-1,8344,8314,8345,-1,8345,8314,8349,-1,8345,8349,8346,-1,8346,8349,8350,-1,8346,8350,8347,-1,8347,8350,8351,-1,8347,8351,8348,-1,8348,8351,8352,-1,8313,8307,8314,-1,8314,8307,8309,-1,8314,8309,8349,-1,8349,8309,8299,-1,8349,8299,8350,-1,8350,8299,8306,-1,8350,8306,8351,-1,8351,8306,8341,-1,8351,8341,8352,-1,8352,8341,8343,-1,8353,8354,8355,-1,8355,8354,8356,-1,8241,8243,8357,-1,8358,8359,8360,-1,8361,8362,8363,-1,8363,8362,8241,-1,8241,8357,8363,-1,8363,8357,8364,-1,8363,8364,8360,-1,8364,8365,8360,-1,8360,8365,8366,-1,8360,8366,8367,-1,8367,8368,8360,-1,8360,8368,8369,-1,8360,8369,8358,-1,8242,8241,8370,-1,8370,8241,8362,-1,8242,8370,8244,-1,8244,8370,8371,-1,8372,8245,8373,-1,8373,8245,8247,-1,8245,8372,8246,-1,8246,8372,8374,-1,8375,8376,8355,-1,8374,8377,8246,-1,8246,8377,8353,-1,8355,8376,8353,-1,8353,8376,8378,-1,8353,8378,8246,-1,8246,8378,8379,-1,8246,8379,8248,-1,8380,8381,8355,-1,8355,8381,8382,-1,8382,8383,8355,-1,8355,8383,8384,-1,8355,8384,8375,-1,8385,8354,8377,-1,8377,8354,8353,-1,8363,8386,8361,-1,8361,8386,8387,-1,8386,8363,8388,-1,8388,8363,8360,-1,8389,8390,8391,-1,8392,8393,8394,-1,8392,8394,8395,-1,8396,8397,8394,-1,8394,8397,8398,-1,8394,8398,8395,-1,8399,8400,8401,-1,8401,8400,8402,-1,8401,8402,8403,-1,8404,8405,8406,-1,8406,8405,8407,-1,8406,8407,8408,-1,8408,8407,8409,-1,8410,8411,8412,-1,8412,8411,8413,-1,8412,8413,8414,-1,8414,8413,8415,-1,8414,8415,8409,-1,8409,8415,8416,-1,8409,8416,8408,-1,8417,8418,8410,-1,8410,8418,8419,-1,8410,8419,8411,-1,8420,8421,8417,-1,8417,8421,8422,-1,8417,8422,8418,-1,8423,8424,8417,-1,8417,8424,8425,-1,8417,8425,8420,-1,8426,8427,8428,-1,8428,8427,8429,-1,8428,8429,8430,-1,8431,8432,8433,-1,8432,8431,8434,-1,8434,8431,8435,-1,8434,8435,8436,-1,8437,8438,8439,-1,8439,8438,8440,-1,8439,8440,8441,-1,8441,8440,8393,-1,8393,8440,8403,-1,8393,8403,8394,-1,8394,8403,8402,-1,8394,8402,8396,-1,8442,8399,8443,-1,8443,8399,8401,-1,8443,8401,8444,-1,8444,8401,8403,-1,8444,8403,8445,-1,8445,8403,8440,-1,8445,8440,8435,-1,8435,8440,8438,-1,8435,8438,8436,-1,8436,8438,8437,-1,8390,8442,8391,-1,8391,8442,8443,-1,8391,8443,8446,-1,8446,8443,8444,-1,8446,8444,8447,-1,8447,8444,8445,-1,8447,8445,8448,-1,8448,8445,8435,-1,8448,8435,8429,-1,8429,8435,8431,-1,8429,8431,8430,-1,8430,8431,8433,-1,8405,8389,8407,-1,8407,8389,8391,-1,8407,8391,8409,-1,8409,8391,8446,-1,8409,8446,8414,-1,8414,8446,8447,-1,8414,8447,8412,-1,8412,8447,8448,-1,8412,8448,8410,-1,8410,8448,8429,-1,8410,8429,8417,-1,8417,8429,8427,-1,8417,8427,8423,-1,8423,8427,8426,-1,8449,8450,8451,-1,8452,8453,8451,-1,8451,8453,8454,-1,8451,8454,8449,-1,8449,8455,8450,-1,8450,8455,8456,-1,8450,8456,8457,-1,8457,8456,8458,-1,8457,8458,8459,-1,8460,8461,8462,-1,8463,8464,8460,-1,8460,8464,8465,-1,8460,8465,8461,-1,8466,8467,8468,-1,8468,8467,8460,-1,8468,8460,8469,-1,8469,8460,8462,-1,8466,8263,8467,-1,8467,8263,8264,-1,8467,8264,8470,-1,8471,8472,8249,-1,8263,8466,8261,-1,8261,8466,8473,-1,8249,8251,8471,-1,8471,8251,8253,-1,8471,8253,8474,-1,8253,8255,8474,-1,8474,8255,8257,-1,8474,8257,8473,-1,8473,8257,8259,-1,8473,8259,8261,-1,8475,8476,8477,-1,8477,8476,8478,-1,8477,8478,8479,-1,8479,8480,8477,-1,8477,8480,8481,-1,8477,8481,8482,-1,8250,8249,8483,-1,8483,8249,8472,-1,8475,8477,8472,-1,8472,8477,8484,-1,8472,8484,8483,-1,8357,8485,8364,-1,8364,8485,8486,-1,8365,8364,8395,-1,8395,8364,8486,-1,8395,8486,8487,-1,8379,8357,8244,-1,8244,8357,8243,-1,8248,8379,8247,-1,8247,8379,8244,-1,8247,8244,8373,-1,8373,8244,8371,-1,8378,8376,8488,-1,8488,8376,8302,-1,8488,8302,8489,-1,8490,8379,8488,-1,8488,8379,8378,-1,
        ]
    }
}
Shape{
    appearance Appearance {
        material  Material 	{
            diffuseColor 0.7529411764705882 0.7529411764705882 0.7529411764705882
            specularColor 0.3764705882352941 0.3764705882352941 0.3764705882352941
            ambientIntensity 0.7529
            transparency 0.0
            shininess 0.5
        }
    }
    geometry IndexedFaceSet {
        ccw TRUE
        solid FALSE
        coord DEF co Coordinate {
            point [
                -4.0677 1.7673 6.5989, -4.6835 1.795 6.5989, -4.6823 1.7673 6.5989, -4.0665 1.795 6.5989, -4.0677 1.8227 6.5989, -4.6823 1.8227 6.5989, -4.0838 1.8969 6.5989, -4.1175 1.965 6.5989, -4.6662 1.6931 6.5989, -4.1175 1.625 6.5989, -4.0838 1.6931 6.5989, -4.1669 2.0227 6.5989, -4.2288 2.0667 6.5989, -4.2996 2.0941 6.5989, -4.6325 1.625 6.5989, -4.5831 1.5673 6.5989, -4.5212 1.5233 6.5989, -4.375 2.1035 6.5989, -4.4504 2.0941 6.5989, -4.5212 2.0667 6.5989, -4.375 1.4865 6.5989, -4.2996 1.4959 6.5989, -4.2288 1.5233 6.5989, -4.5831 2.0227 6.5989, -4.6325 1.965 6.5989, -4.6662 1.8969 6.5989, -4.4504 1.4959 6.5989, -4.1669 1.5673 6.5989, -4.0665 1.795 4.2004, -4.0677 1.8227 4.2004, -4.6835 1.795 4.2004, -4.078 1.8699 4.2004, -4.0838 1.8969 4.2004, -4.1053 1.9402 4.2004, -4.1175 1.965 4.2004, -4.1489 2.0017 4.2004, -4.1669 2.0227 4.2004, -4.2063 2.0507 4.2004, -4.2288 2.0667 4.2004, -4.2739 2.0842 4.2004, -4.2996 2.0941 4.2004, -4.3476 2.1001 4.2004, -4.375 2.1035 4.2004, -4.4024 2.1001 4.2004, -4.4504 2.0941 4.2004, -4.4761 2.0842 4.2004, -4.5212 2.0667 4.2004, -4.5437 2.0507 4.2004, -4.5831 2.0227 4.2004, -4.6011 2.0017 4.2004, -4.6325 1.965 4.2004, -4.6447 1.9402 4.2004, -4.6662 1.8969 4.2004, -4.672 1.8699 4.2004, -4.6823 1.8227 4.2004, -2.3338 1.6931 6.5989, -2.3177 1.7673 6.5989, -2.9323 1.7673 6.5989, -2.3165 1.795 6.5989, -2.9335 1.795 6.5989, -2.3177 1.8227 6.5989, -2.9323 1.8227 6.5989, -2.3338 1.8969 6.5989, -2.3675 1.965 6.5989, -2.4169 2.0227 6.5989, -2.4788 2.0667 6.5989, -2.5496 2.0941 6.5989, -2.625 2.1035 6.5989, -2.9162 1.8969 6.5989, -2.9162 1.6931 6.5989, -2.8825 1.625 6.5989, -2.625 1.4865 6.5989, -2.7004 2.0941 6.5989, -2.7712 2.0667 6.5989, -2.5496 1.4959 6.5989, -2.4788 1.5233 6.5989, -2.8331 2.0227 6.5989, -2.8825 1.965 6.5989, -2.8331 1.5673 6.5989, -2.7712 1.5233 6.5989, -2.7004 1.4959 6.5989, -2.4169 1.5673 6.5989, -2.3675 1.625 6.5989, -2.3165 1.795 4.2004, -2.3177 1.8227 4.2004, -2.9335 1.795 4.2004, -2.328 1.8699 4.2004, -2.3338 1.8969 4.2004, -2.3553 1.9402 4.2004, -2.3675 1.965 4.2004, -2.3989 2.0017 4.2004, -2.4169 2.0227 4.2004, -2.4563 2.0507 4.2004, -2.4788 2.0667 4.2004, -2.5239 2.0842 4.2004, -2.5496 2.0941 4.2004, -2.5976 2.1001 4.2004, -2.625 2.1035 4.2004, -2.6524 2.1001 4.2004, -2.7004 2.0941 4.2004, -2.7261 2.0842 4.2004, -2.7712 2.0667 4.2004, -2.7937 2.0507 4.2004, -2.8331 2.0227 4.2004, -2.8511 2.0017 4.2004, -2.8825 1.965 4.2004, -2.8947 1.9402 4.2004, -2.9162 1.8969 4.2004, -2.922 1.8699 4.2004, -2.9323 1.8227 4.2004, -1.1325 1.625 6.5989, -1.0831 1.5673 6.5989, -0.6669 1.5673 6.5989, -0.6175 1.625 6.5989, -0.5838 1.6931 6.5989, -1.1823 1.7673 6.5989, -0.5677 1.7673 6.5989, -1.1835 1.795 6.5989, -0.6175 1.965 6.5989, -0.6669 2.0227 6.5989, -1.1823 1.8227 6.5989, -0.7288 2.0667 6.5989, -0.7996 2.0941 6.5989, -0.875 2.1035 6.5989, -0.5665 1.795 6.5989, -0.5677 1.8227 6.5989, -0.5838 1.8969 6.5989, -1.1662 1.6931 6.5989, -0.7288 1.5233 6.5989, -0.7996 1.4959 6.5989, -0.875 1.4865 6.5989, -0.9504 2.0941 6.5989, -1.0212 2.0667 6.5989, -1.1662 1.8969 6.5989, -1.0831 2.0227 6.5989, -1.1325 1.965 6.5989, -1.0212 1.5233 6.5989, -0.9504 1.4959 6.5989, -0.5665 1.795 4.2004, -0.5677 1.8227 4.2004, -1.1835 1.795 4.2004, -0.578 1.8699 4.2004, -0.5838 1.8969 4.2004, -0.6053 1.9402 4.2004, -0.6175 1.965 4.2004, -0.6489 2.0017 4.2004, -0.6669 2.0227 4.2004, -0.7063 2.0507 4.2004, -0.7288 2.0667 4.2004, -0.7739 2.0842 4.2004, -0.7996 2.0941 4.2004, -0.8476 2.1001 4.2004, -0.875 2.1035 4.2004, -0.9024 2.1001 4.2004, -0.9504 2.0941 4.2004, -0.9761 2.0842 4.2004, -1.0212 2.0667 4.2004, -1.0437 2.0507 4.2004, -1.0831 2.0227 4.2004, -1.1011 2.0017 4.2004, -1.1325 1.965 4.2004, -1.1447 1.9402 4.2004, -1.1662 1.8969 4.2004, -1.172 1.8699 4.2004, -1.1823 1.8227 4.2004, 0.5677 1.7673 6.5989, 1.1835 1.795 6.5989, 0.5665 1.795 6.5989, 1.1823 1.8227 6.5989, 0.5677 1.8227 6.5989, 0.5838 1.8969 6.5989, 0.6175 1.625 6.5989, 0.6669 1.5673 6.5989, 1.0831 1.5673 6.5989, 1.1325 1.625 6.5989, 1.1662 1.6931 6.5989, 1.1823 1.7673 6.5989, 1.1662 1.8969 6.5989, 1.1325 1.965 6.5989, 1.0831 2.0227 6.5989, 0.9504 2.0941 6.5989, 0.875 2.1035 6.5989, 0.7996 2.0941 6.5989, 0.7288 2.0667 6.5989, 0.5838 1.6931 6.5989, 1.0212 1.5233 6.5989, 0.9504 1.4959 6.5989, 0.875 1.4865 6.5989, 0.6669 2.0227 6.5989, 0.6175 1.965 6.5989, 0.7288 1.5233 6.5989, 0.7996 1.4959 6.5989, 1.0212 2.0667 6.5989, 1.1835 1.795 4.2004, 1.1823 1.8227 4.2004, 0.5665 1.795 4.2004, 1.172 1.8699 4.2004, 1.1662 1.8969 4.2004, 1.1447 1.9402 4.2004, 1.1325 1.965 4.2004, 1.1011 2.0017 4.2004, 1.0831 2.0227 4.2004, 1.0437 2.0507 4.2004, 1.0212 2.0667 4.2004, 0.9761 2.0842 4.2004, 0.9504 2.0941 4.2004, 0.9024 2.1001 4.2004, 0.875 2.1035 4.2004, 0.8476 2.1001 4.2004, 0.7996 2.0941 4.2004, 0.7739 2.0842 4.2004, 0.7288 2.0667 4.2004, 0.7063 2.0507 4.2004, 0.6669 2.0227 4.2004, 0.6489 2.0017 4.2004, 0.6175 1.965 4.2004, 0.6053 1.9402 4.2004, 0.5838 1.8969 4.2004, 0.578 1.8699 4.2004, 0.5677 1.8227 4.2004, 2.9162 1.6931 6.5989, 2.9323 1.7673 6.5989, 2.3177 1.7673 6.5989, 2.9335 1.795 6.5989, 2.3165 1.795 6.5989, 2.9323 1.8227 6.5989, 2.3177 1.8227 6.5989, 2.9162 1.8969 6.5989, 2.8825 1.965 6.5989, 2.8331 2.0227 6.5989, 2.7712 2.0667 6.5989, 2.7004 2.0941 6.5989, 2.625 2.1035 6.5989, 2.3338 1.8969 6.5989, 2.3338 1.6931 6.5989, 2.3675 1.625 6.5989, 2.625 1.4865 6.5989, 2.5496 2.0941 6.5989, 2.4788 2.0667 6.5989, 2.7004 1.4959 6.5989, 2.7712 1.5233 6.5989, 2.4169 2.0227 6.5989, 2.3675 1.965 6.5989, 2.4169 1.5673 6.5989, 2.4788 1.5233 6.5989, 2.5496 1.4959 6.5989, 2.8331 1.5673 6.5989, 2.8825 1.625 6.5989, 2.9335 1.795 4.2004, 2.9323 1.8227 4.2004, 2.3165 1.795 4.2004, 2.922 1.8699 4.2004, 2.9162 1.8969 4.2004, 2.8947 1.9402 4.2004, 2.8825 1.965 4.2004, 2.8511 2.0017 4.2004, 2.8331 2.0227 4.2004, 2.7937 2.0507 4.2004, 2.7712 2.0667 4.2004, 2.7261 2.0842 4.2004, 2.7004 2.0941 4.2004, 2.6524 2.1001 4.2004, 2.625 2.1035 4.2004, 2.5976 2.1001 4.2004, 2.5496 2.0941 4.2004, 2.5239 2.0842 4.2004, 2.4788 2.0667 4.2004, 2.4563 2.0507 4.2004, 2.4169 2.0227 4.2004, 2.3989 2.0017 4.2004, 2.3675 1.965 4.2004, 2.3553 1.9402 4.2004, 2.3338 1.8969 4.2004, 2.328 1.8699 4.2004, 2.3177 1.8227 4.2004, 4.0677 1.8227 6.5989, 4.0665 1.795 6.5989, 4.6835 1.795 6.5989, 4.0677 1.7673 6.5989, 4.6823 1.7673 6.5989, 4.0838 1.6931 6.5989, 4.6325 1.625 6.5989, 4.6662 1.6931 6.5989, 4.6823 1.8227 6.5989, 4.6662 1.8969 6.5989, 4.6325 1.965 6.5989, 4.1175 1.625 6.5989, 4.1669 1.5673 6.5989, 4.2288 1.5233 6.5989, 4.5831 2.0227 6.5989, 4.5212 2.0667 6.5989, 4.4504 2.0941 6.5989, 4.375 1.4865 6.5989, 4.4504 1.4959 6.5989, 4.5212 1.5233 6.5989, 4.375 2.1035 6.5989, 4.2996 2.0941 6.5989, 4.2288 2.0667 6.5989, 4.2996 1.4959 6.5989, 4.5831 1.5673 6.5989, 4.1669 2.0227 6.5989, 4.1175 1.965 6.5989, 4.0838 1.8969 6.5989, 4.6835 1.795 4.2004, 4.6823 1.8227 4.2004, 4.0665 1.795 4.2004, 4.672 1.8699 4.2004, 4.6662 1.8969 4.2004, 4.6447 1.9402 4.2004, 4.6325 1.965 4.2004, 4.6011 2.0017 4.2004, 4.5831 2.0227 4.2004, 4.5437 2.0507 4.2004, 4.5212 2.0667 4.2004, 4.4761 2.0842 4.2004, 4.4504 2.0941 4.2004, 4.4024 2.1001 4.2004, 4.375 2.1035 4.2004, 4.3476 2.1001 4.2004, 4.2996 2.0941 4.2004, 4.2739 2.0842 4.2004, 4.2288 2.0667 4.2004, 4.2063 2.0507 4.2004, 4.1669 2.0227 4.2004, 4.1489 2.0017 4.2004, 4.1175 1.965 4.2004, 4.1053 1.9402 4.2004, 4.0838 1.8969 4.2004, 4.078 1.8699 4.2004, 4.0677 1.8227 4.2004, -4.0677 -1.8227 6.5989, -4.6835 -1.795 6.5989, -4.6823 -1.8227 6.5989, -4.6662 -1.8969 6.5989, -4.1175 -1.965 6.5989, -4.0838 -1.8969 6.5989, -4.0665 -1.795 6.5989, -4.0677 -1.7673 6.5989, -4.6823 -1.7673 6.5989, -4.0838 -1.6931 6.5989, -4.1175 -1.625 6.5989, -4.2996 -1.4959 6.5989, -4.375 -1.4865 6.5989, -4.4504 -1.4959 6.5989, -4.5212 -1.5233 6.5989, -4.6325 -1.965 6.5989, -4.5831 -2.0227 6.5989, -4.5212 -2.0667 6.5989, -4.1669 -1.5673 6.5989, -4.2288 -1.5233 6.5989, -4.5831 -1.5673 6.5989, -4.6325 -1.625 6.5989, -4.6662 -1.6931 6.5989, -4.1669 -2.0227 6.5989, -4.2288 -2.0667 6.5989, -4.2996 -2.0941 6.5989, -4.4504 -2.0941 6.5989, -4.375 -2.1035 6.5989, -4.0665 -1.795 4.2004, -4.0677 -1.7673 4.2004, -4.6835 -1.795 4.2004, -4.078 -1.7201 4.2004, -4.0838 -1.6931 4.2004, -4.1053 -1.6498 4.2004, -4.1175 -1.625 4.2004, -4.1489 -1.5883 4.2004, -4.1669 -1.5673 4.2004, -4.2063 -1.5393 4.2004, -4.2288 -1.5233 4.2004, -4.2739 -1.5058 4.2004, -4.2996 -1.4959 4.2004, -4.3476 -1.4899 4.2004, -4.375 -1.4865 4.2004, -4.4024 -1.4899 4.2004, -4.4504 -1.4959 4.2004, -4.4761 -1.5058 4.2004, -4.5212 -1.5233 4.2004, -4.5437 -1.5393 4.2004, -4.5831 -1.5673 4.2004, -4.6011 -1.5883 4.2004, -4.6325 -1.625 4.2004, -4.6447 -1.6498 4.2004, -4.6662 -1.6931 4.2004, -4.672 -1.7201 4.2004, -4.6823 -1.7673 4.2004, -2.3338 -1.6931 6.5989, -2.9323 -1.7673 6.5989, -2.3177 -1.7673 6.5989, -2.9335 -1.795 6.5989, -2.3165 -1.795 6.5989, -2.9323 -1.8227 6.5989, -2.3177 -1.8227 6.5989, -2.9162 -1.8969 6.5989, -2.3675 -1.625 6.5989, -2.4169 -1.5673 6.5989, -2.4788 -1.5233 6.5989, -2.5496 -1.4959 6.5989, -2.625 -1.4865 6.5989, -2.9162 -1.6931 6.5989, -2.7004 -1.4959 6.5989, -2.7712 -1.5233 6.5989, -2.8825 -1.965 6.5989, -2.8331 -2.0227 6.5989, -2.7712 -2.0667 6.5989, -2.3338 -1.8969 6.5989, -2.4788 -2.0667 6.5989, -2.3675 -1.965 6.5989, -2.4169 -2.0227 6.5989, -2.8331 -1.5673 6.5989, -2.8825 -1.625 6.5989, -2.7004 -2.0941 6.5989, -2.625 -2.1035 6.5989, -2.5496 -2.0941 6.5989, -2.3165 -1.795 4.2004, -2.3177 -1.7673 4.2004, -2.9335 -1.795 4.2004, -2.328 -1.7201 4.2004, -2.3338 -1.6931 4.2004, -2.3553 -1.6498 4.2004, -2.3675 -1.625 4.2004, -2.3989 -1.5883 4.2004, -2.4169 -1.5673 4.2004, -2.4563 -1.5393 4.2004, -2.4788 -1.5233 4.2004, -2.5239 -1.5058 4.2004, -2.5496 -1.4959 4.2004, -2.5976 -1.4899 4.2004, -2.625 -1.4865 4.2004, -2.6524 -1.4899 4.2004, -2.7004 -1.4959 4.2004, -2.7261 -1.5058 4.2004, -2.7712 -1.5233 4.2004, -2.7937 -1.5393 4.2004, -2.8331 -1.5673 4.2004, -2.8511 -1.5883 4.2004, -2.8825 -1.625 4.2004, -2.8947 -1.6498 4.2004, -2.9162 -1.6931 4.2004, -2.922 -1.7201 4.2004, -2.9323 -1.7673 4.2004, -1.1823 -1.7673 6.5989, -1.1835 -1.795 6.5989, -0.5677 -1.7673 6.5989, -1.1823 -1.8227 6.5989, -0.5677 -1.8227 6.5989, -0.5665 -1.795 6.5989, -0.7996 -1.4959 6.5989, -0.875 -1.4865 6.5989, -0.7288 -2.0667 6.5989, -0.6669 -2.0227 6.5989, -0.5838 -1.6931 6.5989, -0.6175 -1.625 6.5989, -0.6669 -1.5673 6.5989, -0.7996 -2.0941 6.5989, -0.6175 -1.965 6.5989, -0.5838 -1.8969 6.5989, -0.7288 -1.5233 6.5989, -0.9504 -1.4959 6.5989, -1.0212 -1.5233 6.5989, -1.0831 -1.5673 6.5989, -1.0212 -2.0667 6.5989, -0.9504 -2.0941 6.5989, -1.0831 -2.0227 6.5989, -0.875 -2.1035 6.5989, -1.1325 -1.965 6.5989, -1.1325 -1.625 6.5989, -1.1662 -1.6931 6.5989, -1.1662 -1.8969 6.5989, -0.5665 -1.795 4.2004, -0.5677 -1.7673 4.2004, -1.1835 -1.795 4.2004, -0.578 -1.7201 4.2004, -0.5838 -1.6931 4.2004, -0.6053 -1.6498 4.2004, -0.6175 -1.625 4.2004, -0.6489 -1.5883 4.2004, -0.6669 -1.5673 4.2004, -0.7063 -1.5393 4.2004, -0.7288 -1.5233 4.2004, -0.7739 -1.5058 4.2004, -0.7996 -1.4959 4.2004, -0.8476 -1.4899 4.2004, -0.875 -1.4865 4.2004, -0.9024 -1.4899 4.2004, -0.9504 -1.4959 4.2004, -0.9761 -1.5058 4.2004, -1.0212 -1.5233 4.2004, -1.0437 -1.5393 4.2004, -1.0831 -1.5673 4.2004, -1.1011 -1.5883 4.2004, -1.1325 -1.625 4.2004, -1.1447 -1.6498 4.2004, -1.1662 -1.6931 4.2004, -1.172 -1.7201 4.2004, -1.1823 -1.7673 4.2004, 0.5677 -1.8227 6.5989, 1.1835 -1.795 6.5989, 0.5665 -1.795 6.5989, 1.1823 -1.7673 6.5989, 0.5677 -1.7673 6.5989, 0.5838 -1.6931 6.5989, 0.9504 -2.0941 6.5989, 1.0212 -2.0667 6.5989, 1.0831 -2.0227 6.5989, 1.1325 -1.965 6.5989, 1.1662 -1.8969 6.5989, 1.1823 -1.8227 6.5989, 1.1662 -1.6931 6.5989, 1.1325 -1.625 6.5989, 1.0831 -1.5673 6.5989, 0.9504 -1.4959 6.5989, 0.875 -1.4865 6.5989, 0.7996 -1.4959 6.5989, 0.7288 -1.5233 6.5989, 0.7288 -2.0667 6.5989, 0.7996 -2.0941 6.5989, 0.6669 -2.0227 6.5989, 0.875 -2.1035 6.5989, 0.6175 -1.965 6.5989, 0.6669 -1.5673 6.5989, 0.6175 -1.625 6.5989, 0.5838 -1.8969 6.5989, 1.0212 -1.5233 6.5989, 1.1835 -1.795 4.2004, 1.1823 -1.7673 4.2004, 0.5665 -1.795 4.2004, 1.172 -1.7201 4.2004, 1.1662 -1.6931 4.2004, 1.1447 -1.6498 4.2004, 1.1325 -1.625 4.2004, 1.1011 -1.5883 4.2004, 1.0831 -1.5673 4.2004, 1.0437 -1.5393 4.2004, 1.0212 -1.5233 4.2004, 0.9761 -1.5058 4.2004, 0.9504 -1.4959 4.2004, 0.9024 -1.4899 4.2004, 0.875 -1.4865 4.2004, 0.8476 -1.4899 4.2004, 0.7996 -1.4959 4.2004, 0.7739 -1.5058 4.2004, 0.7288 -1.5233 4.2004, 0.7063 -1.5393 4.2004, 0.6669 -1.5673 4.2004, 0.6489 -1.5883 4.2004, 0.6175 -1.625 4.2004, 0.6053 -1.6498 4.2004, 0.5838 -1.6931 4.2004, 0.578 -1.7201 4.2004, 0.5677 -1.7673 4.2004, 2.9162 -1.6931 6.5989, 2.3177 -1.7673 6.5989, 2.9323 -1.7673 6.5989, 2.3165 -1.795 6.5989, 2.9335 -1.795 6.5989, 2.3177 -1.8227 6.5989, 2.9323 -1.8227 6.5989, 2.3338 -1.8969 6.5989, 2.8825 -1.625 6.5989, 2.8331 -1.5673 6.5989, 2.7712 -1.5233 6.5989, 2.7004 -1.4959 6.5989, 2.625 -1.4865 6.5989, 2.3338 -1.6931 6.5989, 2.5496 -1.4959 6.5989, 2.4788 -1.5233 6.5989, 2.3675 -1.965 6.5989, 2.4169 -2.0227 6.5989, 2.4788 -2.0667 6.5989, 2.9162 -1.8969 6.5989, 2.7712 -2.0667 6.5989, 2.8825 -1.965 6.5989, 2.8331 -2.0227 6.5989, 2.4169 -1.5673 6.5989, 2.3675 -1.625 6.5989, 2.5496 -2.0941 6.5989, 2.625 -2.1035 6.5989, 2.7004 -2.0941 6.5989, 2.9335 -1.795 4.2004, 2.9323 -1.7673 4.2004, 2.3165 -1.795 4.2004, 2.922 -1.7201 4.2004, 2.9162 -1.6931 4.2004, 2.8947 -1.6498 4.2004, 2.8825 -1.625 4.2004, 2.8511 -1.5883 4.2004, 2.8331 -1.5673 4.2004, 2.7937 -1.5393 4.2004, 2.7712 -1.5233 4.2004, 2.7261 -1.5058 4.2004, 2.7004 -1.4959 4.2004, 2.6524 -1.4899 4.2004, 2.625 -1.4865 4.2004, 2.5976 -1.4899 4.2004, 2.5496 -1.4959 4.2004, 2.5239 -1.5058 4.2004, 2.4788 -1.5233 4.2004, 2.4563 -1.5393 4.2004, 2.4169 -1.5673 4.2004, 2.3989 -1.5883 4.2004, 2.3675 -1.625 4.2004, 2.3553 -1.6498 4.2004, 2.3338 -1.6931 4.2004, 2.328 -1.7201 4.2004, 2.3177 -1.7673 4.2004, 4.0677 -1.7673 6.5989, 4.0665 -1.795 6.5989, 4.6835 -1.795 6.5989, 4.0677 -1.8227 6.5989, 4.6823 -1.8227 6.5989, 4.0838 -1.8969 6.5989, 4.6325 -1.965 6.5989, 4.6662 -1.8969 6.5989, 4.1175 -1.965 6.5989, 4.1669 -2.0227 6.5989, 4.2288 -2.0667 6.5989, 4.6823 -1.7673 6.5989, 4.6662 -1.6931 6.5989, 4.6325 -1.625 6.5989, 4.4504 -1.4959 6.5989, 4.375 -1.4865 6.5989, 4.2996 -1.4959 6.5989, 4.2288 -1.5233 6.5989, 4.5831 -2.0227 6.5989, 4.5212 -2.0667 6.5989, 4.4504 -2.0941 6.5989, 4.5831 -1.5673 6.5989, 4.5212 -1.5233 6.5989, 4.1669 -1.5673 6.5989, 4.1175 -1.625 6.5989, 4.0838 -1.6931 6.5989, 4.2996 -2.0941 6.5989, 4.375 -2.1035 6.5989, 4.6835 -1.795 4.2004, 4.6823 -1.7673 4.2004, 4.0665 -1.795 4.2004, 4.672 -1.7201 4.2004, 4.6662 -1.6931 4.2004, 4.6447 -1.6498 4.2004, 4.6325 -1.625 4.2004, 4.6011 -1.5883 4.2004, 4.5831 -1.5673 4.2004, 4.5437 -1.5393 4.2004, 4.5212 -1.5233 4.2004, 4.4761 -1.5058 4.2004, 4.4504 -1.4959 4.2004, 4.4024 -1.4899 4.2004, 4.375 -1.4865 4.2004, 4.3476 -1.4899 4.2004, 4.2996 -1.4959 4.2004, 4.2739 -1.5058 4.2004, 4.2288 -1.5233 4.2004, 4.2063 -1.5393 4.2004, 4.1669 -1.5673 4.2004, 4.1489 -1.5883 4.2004, 4.1175 -1.625 4.2004, 4.1053 -1.6498 4.2004, 4.0838 -1.6931 4.2004, 4.078 -1.7201 4.2004, 4.0677 -1.7673 4.2004
            ]
        }
        coordIndex [
            0,1,2,-1,0,3,1,-1,1,3,4,-1,1,4,5,-1,5,4,6,-1,5,6,7,-1,8,9,2,-1,2,9,10,-1,2,10,0,-1,7,11,5,-1,5,11,12,-1,5,12,13,-1,8,14,9,-1,9,14,15,-1,9,15,16,-1,13,17,5,-1,5,17,18,-1,5,18,19,-1,20,21,22,-1,19,23,5,-1,5,23,24,-1,5,24,25,-1,16,26,9,-1,9,26,20,-1,9,20,27,-1,27,20,22,-1,3,28,29,-1,30,1,5,-1,3,29,4,-1,4,29,31,-1,4,31,6,-1,31,32,6,-1,6,32,33,-1,6,33,7,-1,33,34,7,-1,7,34,35,-1,7,35,11,-1,35,36,11,-1,11,36,37,-1,11,37,12,-1,37,38,12,-1,12,38,39,-1,12,39,13,-1,39,40,13,-1,13,40,41,-1,13,41,17,-1,41,42,17,-1,17,42,43,-1,17,43,18,-1,43,44,18,-1,18,44,45,-1,18,45,19,-1,45,46,19,-1,19,46,47,-1,19,47,23,-1,47,48,23,-1,23,48,49,-1,23,49,24,-1,49,50,24,-1,24,50,51,-1,24,51,25,-1,51,52,25,-1,25,52,53,-1,25,53,5,-1,5,53,54,-1,5,54,30,-1,55,56,57,-1,57,56,58,-1,57,58,59,-1,59,58,60,-1,59,60,61,-1,61,60,62,-1,62,63,61,-1,61,63,64,-1,61,64,65,-1,65,66,61,-1,61,66,67,-1,61,67,68,-1,69,70,71,-1,67,72,73,-1,69,71,57,-1,57,71,74,-1,57,74,75,-1,73,76,67,-1,67,76,77,-1,67,77,68,-1,70,78,71,-1,71,78,79,-1,71,79,80,-1,75,81,57,-1,57,81,82,-1,57,82,55,-1,58,83,84,-1,85,59,61,-1,58,84,60,-1,60,84,86,-1,60,86,62,-1,86,87,62,-1,62,87,88,-1,62,88,63,-1,88,89,63,-1,63,89,90,-1,63,90,64,-1,90,91,64,-1,64,91,92,-1,64,92,65,-1,92,93,65,-1,65,93,94,-1,65,94,66,-1,94,95,66,-1,66,95,96,-1,66,96,67,-1,96,97,67,-1,67,97,98,-1,67,98,72,-1,98,99,72,-1,72,99,100,-1,72,100,73,-1,100,101,73,-1,73,101,102,-1,73,102,76,-1,102,103,76,-1,76,103,104,-1,76,104,77,-1,104,105,77,-1,77,105,106,-1,77,106,68,-1,106,107,68,-1,68,107,108,-1,68,108,61,-1,61,108,109,-1,61,109,85,-1,110,111,112,-1,113,114,115,-1,115,114,116,-1,115,116,117,-1,118,119,120,-1,119,121,120,-1,120,121,122,-1,120,122,123,-1,116,124,117,-1,117,124,125,-1,117,125,120,-1,120,125,126,-1,120,126,118,-1,113,115,112,-1,112,115,127,-1,112,127,110,-1,128,112,129,-1,129,112,130,-1,123,131,120,-1,120,131,132,-1,120,132,133,-1,133,132,134,-1,133,134,135,-1,111,136,112,-1,112,136,137,-1,112,137,130,-1,124,138,139,-1,140,117,120,-1,124,139,125,-1,125,139,141,-1,125,141,126,-1,141,142,126,-1,126,142,143,-1,126,143,118,-1,143,144,118,-1,118,144,145,-1,118,145,119,-1,145,146,119,-1,119,146,147,-1,119,147,121,-1,147,148,121,-1,121,148,149,-1,121,149,122,-1,149,150,122,-1,122,150,151,-1,122,151,123,-1,151,152,123,-1,123,152,153,-1,123,153,131,-1,153,154,131,-1,131,154,155,-1,131,155,132,-1,155,156,132,-1,132,156,157,-1,132,157,134,-1,157,158,134,-1,134,158,159,-1,134,159,135,-1,159,160,135,-1,135,160,161,-1,135,161,133,-1,161,162,133,-1,133,162,163,-1,133,163,120,-1,120,163,164,-1,120,164,140,-1,165,166,167,-1,167,166,168,-1,167,168,169,-1,169,168,170,-1,171,172,173,-1,174,175,165,-1,165,175,176,-1,165,176,166,-1,177,178,179,-1,180,181,168,-1,168,181,182,-1,168,182,183,-1,174,165,173,-1,173,165,184,-1,173,184,171,-1,185,173,186,-1,186,173,187,-1,183,188,168,-1,168,188,189,-1,168,189,170,-1,172,190,173,-1,173,190,191,-1,173,191,187,-1,177,179,168,-1,168,179,192,-1,168,192,180,-1,166,193,194,-1,195,167,169,-1,166,194,168,-1,168,194,196,-1,168,196,177,-1,196,197,177,-1,177,197,198,-1,177,198,178,-1,198,199,178,-1,178,199,200,-1,178,200,179,-1,200,201,179,-1,179,201,202,-1,179,202,192,-1,202,203,192,-1,192,203,204,-1,192,204,180,-1,204,205,180,-1,180,205,206,-1,180,206,181,-1,206,207,181,-1,181,207,208,-1,181,208,182,-1,208,209,182,-1,182,209,210,-1,182,210,183,-1,210,211,183,-1,183,211,212,-1,183,212,188,-1,212,213,188,-1,188,213,214,-1,188,214,189,-1,214,215,189,-1,189,215,216,-1,189,216,170,-1,216,217,170,-1,170,217,218,-1,170,218,169,-1,169,218,219,-1,169,219,195,-1,220,221,222,-1,222,221,223,-1,222,223,224,-1,224,223,225,-1,224,225,226,-1,226,225,227,-1,227,228,226,-1,226,228,229,-1,226,229,230,-1,230,231,226,-1,226,231,232,-1,226,232,233,-1,234,235,236,-1,232,237,238,-1,234,236,222,-1,222,236,239,-1,222,239,240,-1,238,241,232,-1,232,241,242,-1,232,242,233,-1,235,243,236,-1,236,243,244,-1,236,244,245,-1,240,246,222,-1,222,246,247,-1,222,247,220,-1,223,248,249,-1,250,224,226,-1,223,249,225,-1,225,249,251,-1,225,251,227,-1,251,252,227,-1,227,252,253,-1,227,253,228,-1,253,254,228,-1,228,254,255,-1,228,255,229,-1,255,256,229,-1,229,256,257,-1,229,257,230,-1,257,258,230,-1,230,258,259,-1,230,259,231,-1,259,260,231,-1,231,260,261,-1,231,261,232,-1,261,262,232,-1,232,262,263,-1,232,263,237,-1,263,264,237,-1,237,264,265,-1,237,265,238,-1,265,266,238,-1,238,266,267,-1,238,267,241,-1,267,268,241,-1,241,268,269,-1,241,269,242,-1,269,270,242,-1,242,270,271,-1,242,271,233,-1,271,272,233,-1,233,272,273,-1,233,273,226,-1,226,273,274,-1,226,274,250,-1,275,276,277,-1,277,276,278,-1,277,278,279,-1,280,281,278,-1,278,281,282,-1,278,282,279,-1,277,283,275,-1,275,283,284,-1,275,284,285,-1,280,286,281,-1,281,286,287,-1,281,287,288,-1,285,289,275,-1,275,289,290,-1,275,290,291,-1,292,293,294,-1,291,295,275,-1,275,295,296,-1,275,296,297,-1,288,298,281,-1,281,298,292,-1,281,292,299,-1,299,292,294,-1,297,300,275,-1,275,300,301,-1,275,301,302,-1,277,303,304,-1,305,276,275,-1,277,304,283,-1,283,304,306,-1,283,306,284,-1,306,307,284,-1,284,307,308,-1,284,308,285,-1,308,309,285,-1,285,309,310,-1,285,310,289,-1,310,311,289,-1,289,311,312,-1,289,312,290,-1,312,313,290,-1,290,313,314,-1,290,314,291,-1,314,315,291,-1,291,315,316,-1,291,316,295,-1,316,317,295,-1,295,317,318,-1,295,318,296,-1,318,319,296,-1,296,319,320,-1,296,320,297,-1,320,321,297,-1,297,321,322,-1,297,322,300,-1,322,323,300,-1,300,323,324,-1,300,324,301,-1,324,325,301,-1,301,325,326,-1,301,326,302,-1,326,327,302,-1,302,327,328,-1,302,328,275,-1,275,328,329,-1,275,329,305,-1,330,331,332,-1,333,334,332,-1,332,334,335,-1,332,335,330,-1,330,336,331,-1,331,336,337,-1,331,337,338,-1,338,337,339,-1,338,339,340,-1,341,342,338,-1,338,342,343,-1,338,343,344,-1,333,345,334,-1,334,345,346,-1,334,346,347,-1,340,348,338,-1,338,348,349,-1,338,349,341,-1,344,350,338,-1,338,350,351,-1,338,351,352,-1,353,334,354,-1,354,334,355,-1,347,356,334,-1,334,356,357,-1,334,357,355,-1,336,358,359,-1,360,331,338,-1,336,359,337,-1,337,359,361,-1,337,361,339,-1,361,362,339,-1,339,362,363,-1,339,363,340,-1,363,364,340,-1,340,364,365,-1,340,365,348,-1,365,366,348,-1,348,366,367,-1,348,367,349,-1,367,368,349,-1,349,368,369,-1,349,369,341,-1,369,370,341,-1,341,370,371,-1,341,371,342,-1,371,372,342,-1,342,372,373,-1,342,373,343,-1,373,374,343,-1,343,374,375,-1,343,375,344,-1,375,376,344,-1,344,376,377,-1,344,377,350,-1,377,378,350,-1,350,378,379,-1,350,379,351,-1,379,380,351,-1,351,380,381,-1,351,381,352,-1,381,382,352,-1,352,382,383,-1,352,383,338,-1,338,383,384,-1,338,384,360,-1,385,386,387,-1,387,386,388,-1,387,388,389,-1,389,388,390,-1,389,390,391,-1,391,390,392,-1,385,393,386,-1,386,393,394,-1,386,394,395,-1,395,396,386,-1,386,396,397,-1,386,397,398,-1,397,399,400,-1,392,401,391,-1,391,401,402,-1,391,402,403,-1,404,405,406,-1,406,405,407,-1,400,408,397,-1,397,408,409,-1,397,409,398,-1,403,410,391,-1,391,410,411,-1,391,411,404,-1,404,411,412,-1,404,412,405,-1,389,413,414,-1,415,388,386,-1,389,414,387,-1,387,414,416,-1,387,416,385,-1,416,417,385,-1,385,417,418,-1,385,418,393,-1,418,419,393,-1,393,419,420,-1,393,420,394,-1,420,421,394,-1,394,421,422,-1,394,422,395,-1,422,423,395,-1,395,423,424,-1,395,424,396,-1,424,425,396,-1,396,425,426,-1,396,426,397,-1,426,427,397,-1,397,427,428,-1,397,428,399,-1,428,429,399,-1,399,429,430,-1,399,430,400,-1,430,431,400,-1,400,431,432,-1,400,432,408,-1,432,433,408,-1,408,433,434,-1,408,434,409,-1,434,435,409,-1,409,435,436,-1,409,436,398,-1,436,437,398,-1,398,437,438,-1,398,438,386,-1,386,438,439,-1,386,439,415,-1,440,441,442,-1,443,444,441,-1,441,444,445,-1,441,445,442,-1,446,447,442,-1,448,449,443,-1,450,451,452,-1,448,443,453,-1,449,454,443,-1,443,454,455,-1,443,455,444,-1,450,452,442,-1,442,452,456,-1,442,456,446,-1,447,457,442,-1,442,457,458,-1,442,458,459,-1,460,461,462,-1,462,461,463,-1,462,463,464,-1,459,465,442,-1,442,465,466,-1,442,466,440,-1,453,443,463,-1,463,443,467,-1,463,467,464,-1,445,468,469,-1,470,441,440,-1,445,469,442,-1,442,469,471,-1,442,471,450,-1,471,472,450,-1,450,472,473,-1,450,473,451,-1,473,474,451,-1,451,474,475,-1,451,475,452,-1,475,476,452,-1,452,476,477,-1,452,477,456,-1,477,478,456,-1,456,478,479,-1,456,479,446,-1,479,480,446,-1,446,480,481,-1,446,481,447,-1,481,482,447,-1,447,482,483,-1,447,483,457,-1,483,484,457,-1,457,484,485,-1,457,485,458,-1,485,486,458,-1,458,486,487,-1,458,487,459,-1,487,488,459,-1,459,488,489,-1,459,489,465,-1,489,490,465,-1,465,490,491,-1,465,491,466,-1,491,492,466,-1,466,492,493,-1,466,493,440,-1,440,493,494,-1,440,494,470,-1,495,496,497,-1,497,496,498,-1,497,498,499,-1,499,498,500,-1,501,502,495,-1,495,502,503,-1,495,503,504,-1,504,505,495,-1,495,505,506,-1,495,506,496,-1,507,508,509,-1,510,511,498,-1,498,511,512,-1,498,512,513,-1,514,515,516,-1,516,515,517,-1,516,517,518,-1,513,519,498,-1,498,519,520,-1,498,520,500,-1,501,495,517,-1,517,495,521,-1,517,521,518,-1,507,509,498,-1,498,509,522,-1,498,522,510,-1,496,523,524,-1,525,497,499,-1,496,524,498,-1,498,524,526,-1,498,526,507,-1,526,527,507,-1,507,527,528,-1,507,528,508,-1,528,529,508,-1,508,529,530,-1,508,530,509,-1,530,531,509,-1,509,531,532,-1,509,532,522,-1,532,533,522,-1,522,533,534,-1,522,534,510,-1,534,535,510,-1,510,535,536,-1,510,536,511,-1,536,537,511,-1,511,537,538,-1,511,538,512,-1,538,539,512,-1,512,539,540,-1,512,540,513,-1,540,541,513,-1,513,541,542,-1,513,542,519,-1,542,543,519,-1,519,543,544,-1,519,544,520,-1,544,545,520,-1,520,545,546,-1,520,546,500,-1,546,547,500,-1,500,547,548,-1,500,548,499,-1,499,548,549,-1,499,549,525,-1,550,551,552,-1,552,551,553,-1,552,553,554,-1,554,553,555,-1,554,555,556,-1,556,555,557,-1,550,558,551,-1,551,558,559,-1,551,559,560,-1,560,561,551,-1,551,561,562,-1,551,562,563,-1,562,564,565,-1,557,566,556,-1,556,566,567,-1,556,567,568,-1,569,570,571,-1,571,570,572,-1,565,573,562,-1,562,573,574,-1,562,574,563,-1,568,575,556,-1,556,575,576,-1,556,576,569,-1,569,576,577,-1,569,577,570,-1,554,578,579,-1,580,553,551,-1,554,579,552,-1,552,579,581,-1,552,581,550,-1,581,582,550,-1,550,582,583,-1,550,583,558,-1,583,584,558,-1,558,584,585,-1,558,585,559,-1,585,586,559,-1,559,586,587,-1,559,587,560,-1,587,588,560,-1,560,588,589,-1,560,589,561,-1,589,590,561,-1,561,590,591,-1,561,591,562,-1,591,592,562,-1,562,592,593,-1,562,593,564,-1,593,594,564,-1,564,594,595,-1,564,595,565,-1,595,596,565,-1,565,596,597,-1,565,597,573,-1,597,598,573,-1,573,598,599,-1,573,599,574,-1,599,600,574,-1,574,600,601,-1,574,601,563,-1,601,602,563,-1,563,602,603,-1,563,603,551,-1,551,603,604,-1,551,604,580,-1,605,606,607,-1,607,606,608,-1,607,608,609,-1,610,611,608,-1,608,611,612,-1,608,612,609,-1,610,613,611,-1,611,613,614,-1,611,614,615,-1,607,616,605,-1,605,616,617,-1,605,617,618,-1,619,620,605,-1,605,620,621,-1,605,621,622,-1,623,611,624,-1,624,611,625,-1,618,626,605,-1,605,626,627,-1,605,627,619,-1,622,628,605,-1,605,628,629,-1,605,629,630,-1,615,631,611,-1,611,631,632,-1,611,632,625,-1,607,633,634,-1,635,606,605,-1,607,634,616,-1,616,634,636,-1,616,636,617,-1,636,637,617,-1,617,637,638,-1,617,638,618,-1,638,639,618,-1,618,639,640,-1,618,640,626,-1,640,641,626,-1,626,641,642,-1,626,642,627,-1,642,643,627,-1,627,643,644,-1,627,644,619,-1,644,645,619,-1,619,645,646,-1,619,646,620,-1,646,647,620,-1,620,647,648,-1,620,648,621,-1,648,649,621,-1,621,649,650,-1,621,650,622,-1,650,651,622,-1,622,651,652,-1,622,652,628,-1,652,653,628,-1,628,653,654,-1,628,654,629,-1,654,655,629,-1,629,655,656,-1,629,656,630,-1,656,657,630,-1,630,657,658,-1,630,658,605,-1,605,658,659,-1,605,659,635,-1,
        ]
    }
}
Shape{
    appearance Appearance {
        material  Material 	{
            diffuseColor 1.0 1.0 1.0
            specularColor 0.5019607843137255 0.5019607843137255 0.5019607843137255
            ambientIntensity 1.0
            transparency 0.0
            shininess 0.5
        }
    }
    geometry IndexedFaceSet {
        ccw TRUE
        solid FALSE
        coord DEF co Coordinate {
            point [
                4.5422 2.6032 4.0989, 4.5422 2.5585 4.0989, 4.5422 2.6032 4.0239, 4.5422 2.5585 4.0239, 4.5319 2.5138 4.0989, 4.5319 2.5138 4.0239, 4.5115 2.4691 4.0989, 4.5115 2.4691 4.0239, 4.4809 2.4394 4.0989, 4.4809 2.4394 4.0239, 4.4503 2.4245 4.0989, 4.4503 2.4245 4.0239, 4.3788 2.4245 4.0989, 4.3788 2.4245 4.0239, 4.3482 2.4394 4.0989, 4.3482 2.4394 4.0239, 4.3176 2.4691 4.0989, 4.3176 2.4691 4.0239, 4.2972 2.5138 4.0989, 4.2972 2.5138 4.0239, 4.2869 2.5585 4.0989, 4.2869 2.5585 4.0239, 4.2869 2.6032 4.0989, 4.2869 2.6032 4.0239, 4.2972 2.6479 4.0989, 4.2972 2.6479 4.0239, 4.3176 2.6777 4.0989, 4.3176 2.6777 4.0239, 4.3482 2.7074 4.0989, 4.3482 2.7074 4.0239, 4.3788 2.7223 4.0989, 4.3788 2.7223 4.0239, 4.4503 2.7223 4.0989, 4.4503 2.7223 4.0239, 4.4809 2.7074 4.0989, 4.4809 2.7074 4.0239, 4.5115 2.6777 4.0989, 4.5115 2.6777 4.0239, 4.5319 2.6479 4.0989, 4.5319 2.6479 4.0239, 10.3586 1.3279 6.0489, 10.6357 1.1507 6.0489, 11.3282 2.5539 6.0489, 11.1485 0.3269 6.0489, 11.185 -0.0 6.0489, 11.3282 -2.5539 6.0489, 11.1485 -0.3269 6.0489, 11.0406 -0.6376 6.0489, 10.8668 -0.9168 6.0489, 10.6357 -1.1507 6.0489, 10.3586 -1.3279 6.0489, -10.3586 -1.3279 6.0489, -10.6357 -1.1507 6.0489, -11.3282 -2.5539 6.0489, -10.8668 -0.9168 6.0489, -11.0406 -0.6376 6.0489, -11.1485 -0.3269 6.0489, -11.185 0.0 6.0489, -11.3282 2.5539 6.0489, -11.1485 0.3269 6.0489, -11.0406 0.6376 6.0489, -10.8668 0.9168 6.0489, -10.6357 1.1507 6.0489, -10.3586 1.3279 6.0489, 10.8668 0.9168 6.0489, 11.0406 0.6376 6.0489, 10.1888 -1.7834 6.0492, 10.1142 -2.2012 6.0492, 9.9804 -2.6039 6.0492, 9.7902 -2.9833 6.0492, -10.1888 1.7834 6.0492, -10.1142 2.2012 6.0492, -9.9804 2.6039 6.0492, -9.7902 2.9833 6.0492, 10.205 -1.393 6.049, 10.205 -1.475 6.049, -10.205 1.393 6.049, -10.205 1.475 6.049, -6.0584 -5.9138 6.0492, -6.4762 -5.8392 6.0492, -7.2689 -6.6132 6.0489, -6.8789 -5.7054 6.0492, -7.2583 -5.5152 6.0492, -9.5476 -3.3315 6.0492, -9.7902 -2.9833 6.0492, -9.9804 -2.6039 6.0492, -10.1142 -2.2012 6.0492, 9.5476 3.3315 6.0492, 9.7902 2.9833 6.0492, 9.9804 2.6039 6.0492, 10.1142 2.2012 6.0492, 6.0584 5.9138 6.0492, 6.4762 5.8392 6.0492, 7.2689 6.6132 6.0489, 6.8789 5.7054 6.0492, 7.2583 5.5152 6.0492, -7.6065 5.2726 6.0492, -7.2583 5.5152 6.0492, -7.2689 6.6132 6.0489, -6.8789 5.7054 6.0492, -6.4762 5.8392 6.0492, 7.6065 -5.2726 6.0492, 7.2583 -5.5152 6.0492, 7.2689 -6.6132 6.0489, 6.8789 -5.7054 6.0492, 6.4762 -5.8392 6.0492, -10.205 -1.393 6.049, -10.205 -1.475 6.049, -10.1888 -1.7834 6.0492, 10.205 1.393 6.049, 10.205 1.475 6.049, 10.1888 1.7834 6.0492, -7.6065 -5.2726 6.0492, -7.836 -5.066 6.049, -9.341 -3.561 6.049, -9.5476 3.3315 6.0492, -9.341 3.561 6.049, -7.836 5.066 6.049, 9.5476 -3.3315 6.0492, 9.341 -3.561 6.049, 7.836 -5.066 6.049, -6.0584 5.9138 6.0492, -5.75 5.93 6.049, 5.75 5.93 6.049, 7.6065 5.2726 6.0492, 7.836 5.066 6.049, 9.341 3.561 6.049, 6.0584 -5.9138 6.0492, 5.75 -5.93 6.049, -5.75 -5.93 6.049, -10.4271 0.065 6.0489, -10.43 -0.0 6.0489, -8.98 0.0 6.0489, -8.9829 -0.065 6.0489, -10.3893 -0.2395 6.0489, -9.2159 -0.5351 6.0489, -9.0999 -0.3994 6.0489, -9.0207 0.2395 6.0489, -10.1941 0.5351 6.0489, -10.3101 0.3994 6.0489, -10.4271 -0.065 6.0489, -9.0207 -0.2395 6.0489, -8.9829 0.065 6.0489, -10.3893 0.2395 6.0489, -9.5279 -0.703 6.0489, -10.1941 -0.5351 6.0489, -9.705 -0.725 6.0489, -10.0486 -0.6384 6.0489, -9.8821 -0.703 6.0489, -9.8821 0.703 6.0489, -9.2159 0.5351 6.0489, -9.705 0.725 6.0489, -9.3614 0.6384 6.0489, -9.5279 0.703 6.0489, -10.3101 -0.3994 6.0489, -9.3614 -0.6384 6.0489, -9.0999 0.3994 6.0489, -10.0486 0.6384 6.0489, 10.4271 -0.065 6.0489, 10.43 0.0 6.0489, 8.98 -0.0 6.0489, 8.9829 0.065 6.0489, 10.3893 0.2395 6.0489, 9.2159 0.5351 6.0489, 9.0999 0.3994 6.0489, 9.0207 -0.2395 6.0489, 10.1941 -0.5351 6.0489, 10.3101 -0.3994 6.0489, 10.4271 0.065 6.0489, 9.0207 0.2395 6.0489, 8.9829 -0.065 6.0489, 10.3893 -0.2395 6.0489, 9.5279 0.703 6.0489, 10.1941 0.5351 6.0489, 9.705 0.725 6.0489, 10.0486 0.6384 6.0489, 9.8821 0.703 6.0489, 9.8821 -0.703 6.0489, 9.2159 -0.5351 6.0489, 9.705 -0.725 6.0489, 9.3614 -0.6384 6.0489, 9.5279 -0.703 6.0489, 10.3101 0.3994 6.0489, 9.3614 0.6384 6.0489, 9.0999 -0.3994 6.0489, 10.0486 -0.6384 6.0489, -6.2953 -3.3656 11.127, -6.3184 -3.3662 11.135, -6.1813 -3.5144 11.1362, -6.3414 -3.3669 11.1429, -6.3631 -3.3673 11.1453, -6.2062 -3.5395 11.1468, -6.1182 -3.4509 10.9989, -6.2027 -3.3621 10.9989, -6.1197 -3.4524 11.024, -6.204 -3.3622 11.0159, -5.6415 -3.8128 11.024, -5.6467 -3.822 11.0594, -5.5311 -3.8714 11.0282, -5.5319 -3.8677 10.9989, -5.6405 -3.8109 10.9989, -5.5312 -3.8709 11.024, -5.5312 -3.8709 11.024, -5.5221 -3.908 11.0906, -5.5234 -3.9029 11.0861, -5.6559 -3.8386 11.0911, -5.528 -3.8842 11.0593, -5.5284 -3.8827 11.0571, -5.5221 -3.9081 11.0907, -5.6687 -3.8614 11.1172, -5.5161 -3.932 11.1118, -5.6841 -3.889 11.1362, -5.5139 -3.9407 11.1164, -5.5139 -3.9407 11.1164, -5.7014 -3.9199 11.1468, -5.504 -3.9796 11.1358, -5.5048 -3.9764 11.1351, -5.4844 -4.054 11.1489, -5.4918 -4.0264 11.1472, -5.7136 -3.9419 11.1489, -5.4926 -4.0233 11.1464, -5.4927 -4.0232 11.1464, -6.2239 -3.5573 11.1489, -6.3632 -3.3673 11.1453, -6.3949 -3.3679 11.1489, -6.3185 -3.3662 11.135, -6.1589 -3.4919 11.1172, -6.2781 -3.365 11.1163, -6.2781 -3.365 11.1163, -6.2297 -3.3634 11.0751, -6.2447 -3.3639 11.0904, -6.1405 -3.4734 11.0911, -6.2448 -3.3639 11.0904, -6.258 -3.3644 11.1038, -6.2204 -3.363 11.059, -6.1272 -3.46 11.0594, -6.2203 -3.363 11.059, -6.2062 -3.3624 11.0239, -6.2063 -3.3624 11.0239, -6.2123 -3.3627 11.0452, -5.8916 -3.6472 10.9989, -5.8929 -3.6489 11.024, -5.8993 -3.6574 11.0594, -5.9107 -3.6725 11.0911, -5.9264 -3.6934 11.1172, -5.9455 -3.7187 11.1362, -5.9668 -3.747 11.1468, -5.9819 -3.767 11.1489, 5.0199 -3.6966 11.1292, 5.0029 -3.6974 11.1348, 5.2717 -4.0448 11.1338, 4.9332 -3.7047 11.1489, 5.2473 -4.1214 11.1489, 5.2555 -4.0958 11.1473, 4.9614 -3.7004 11.1458, 5.2566 -4.0923 11.1464, 5.2566 -4.0923 11.1464, 4.9717 -3.6988 11.1447, 4.973 -3.6987 11.1446, 5.2697 -4.051 11.1354, 5.2811 -4.0142 11.1163, 5.2843 -4.0041 11.1105, 5.0435 -3.6995 11.1158, 5.2811 -4.0142 11.1163, 5.0817 -3.7073 11.0901, 5.068 -3.7024 11.1019, 5.0597 -3.7014 11.1066, 5.2906 -3.9832 11.0907, 5.2922 -3.9778 11.0856, 5.0869 -3.7091 11.0856, 5.1146 -3.719 11.0618, 5.2977 -3.9593 11.0576, 5.301 -3.9485 11.0282, 5.1166 -3.7206 11.0592, 5.2973 -3.9604 11.0593, 5.3021 -3.945 10.9989, 5.1615 -3.7584 10.9989, 5.3012 -3.948 11.024, 5.1522 -3.7473 11.0146, 5.1475 -3.7438 11.0205, 5.1449 -3.7418 11.0237, 5.1203 -3.7234 11.0546, 5.2906 -3.9832 11.0907, 5.4536 -3.9186 11.0911, 6.0621 -3.4733 10.9989, 6.0122 -3.5247 10.9989, 6.0136 -3.5263 11.024, 5.6775 -3.7631 10.9989, 5.4409 -3.8896 10.9989, 5.4417 -3.8916 11.024, 6.2489 -3.2808 10.9989, 6.3435 -3.1627 11.024, 6.2505 -3.2821 11.024, 6.3435 -3.1627 11.024, 6.2587 -3.2889 11.0594, 6.3441 -3.1627 11.0285, 6.3802 -3.1622 11.0907, 6.3749 -3.1623 11.0858, 6.2733 -3.301 11.0911, 6.3565 -3.1626 11.0593, 6.3555 -3.1626 11.0579, 6.3802 -3.1622 11.0907, 6.2934 -3.3177 11.1172, 6.4021 -3.1618 11.1105, 6.3177 -3.3379 11.1362, 6.4127 -3.1615 11.1163, 6.4126 -3.1615 11.1163, 6.345 -3.3605 11.1468, 6.4513 -3.1607 11.1354, 6.4444 -3.1609 11.1337, 6.5251 -3.1585 11.1489, 6.4979 -3.1594 11.1472, 6.3643 -3.3766 11.1489, 6.4945 -3.1595 11.1464, 6.4945 -3.1595 11.1464, 5.4769 -3.9716 11.1362, 5.4911 -4.004 11.1468, 5.5012 -4.027 11.1489, 5.4641 -3.9426 11.1172, 5.446 -3.9013 11.0594, 5.3012 -3.948 11.024, 6.1114 -3.6372 11.1489, 6.0948 -3.6184 11.1468, 6.0714 -3.5918 11.1362, 6.0504 -3.5681 11.1172, 6.0331 -3.5485 11.0911, 6.0206 -3.5343 11.0594, 6.3404 -3.1627 10.9989, 5.7407 -3.7293 10.9989, 5.7418 -3.7311 11.024, 5.7475 -3.7401 11.0594, 5.7577 -3.756 11.0911, 5.7718 -3.778 11.1172, 5.7888 -3.8047 11.1362, 5.8079 -3.8346 11.1468, 5.8214 -3.8557 11.1489, 6.211 -2.7418 11.1489, 6.2051 -2.7539 11.1484, 6.1993 -2.7677 11.1456, 6.1953 -2.7772 11.1437, 6.1882 -2.7943 11.1402, 6.1848 -2.8066 11.135, 6.1751 -2.8463 11.1165, 6.1759 -2.8384 11.1215, 6.1808 -2.8207 11.1291, 6.1766 -2.9222 11.0587, 6.172 -2.8911 11.0863, 6.1713 -2.8858 11.091, 6.1713 -2.8856 11.0911, 6.1736 -2.8622 11.1062, 6.1998 -2.9761 10.9989, 6.1905 -2.9577 11.0203, 6.1891 -2.9549 11.0236, 6.1782 -2.9331 11.0489, 6.4149 -1.9 11.1489, 6.4151 -1.8116 11.1489, 6.3829 -1.9 11.0802, 6.4151 1.8116 11.1489, 6.4149 1.9 11.1489, 6.3829 1.9 11.0802, 6.6121 -2.138 11.1463, 6.5807 -2.1326 11.1489, 6.575 -2.2 11.1489, 6.7778 -2.1665 10.9489, 6.7779 -2.1663 10.9489, 6.775 -2.1658 10.9826, 6.792 -2.1194 10.9489, 6.7922 -2.1189 10.9489, 6.7896 -2.1177 10.9826, 6.8173 -2.0771 10.9489, 6.8177 -2.0764 10.9489, 6.8155 -2.0747 10.9826, 6.8522 -2.0423 10.9489, 6.8529 -2.0416 10.9489, 6.8512 -2.0393 10.9826, 6.8944 -2.0171 10.9489, 6.8956 -2.0164 10.9489, 6.8945 -2.0138 10.9826, 6.975 -2.0 10.9489, 6.9414 -2.0 10.9809, 6.9432 -2.0026 10.9489, 6.9416 -2.003 10.9489, 6.941 -2.0 10.9812, 6.775 -2.2 10.9489, 6.7722 -2.2 10.9824, 6.7721 -2.2 10.9826, 6.7609 -2.1634 11.03, 6.701 -2.1532 11.1073, 6.7322 -2.2 11.0724, 6.7357 -2.1591 11.0725, 6.7328 -2.2 11.0718, 6.758 -2.2 11.0296, 6.659 -2.146 11.1325, 6.6557 -2.2 11.1319, 6.6979 -2.2 11.1067, 6.6068 -2.2 11.1462, 6.6085 -2.2 11.1461, 6.6543 -2.2 11.1323, 6.6286 -1.9999 11.1489, 6.6094 -2.0378 11.1489, 6.6355 -2.0 11.1488, 6.6385 -2.0507 11.1463, 6.6665 -2.0 11.1441, 6.7062 -2.0 11.1381, 6.6819 -2.07 11.1325, 6.7187 -2.0 11.133, 6.7247 -2.0 11.1306, 6.7226 -2.0026 11.1308, 6.7813 -2.0 11.1077, 6.7565 -2.0283 11.1073, 6.7841 -2.05 11.0725, 6.8164 -2.0 11.0831, 6.782 -2.0 11.1072, 6.8376 -2.0 11.0682, 6.8268 -2.0077 11.0725, 6.883 -2.0 11.0363, 6.8424 -2.028 11.03, 6.888 -2.0 11.0315, 6.8902 -2.0 11.0294, 6.8888 -2.0007 11.03, 6.8042 -2.0658 11.03, 6.721 -2.0873 11.1073, 6.7531 -2.1015 11.0725, 6.7765 -2.1119 11.03, 6.599 -1.9953 11.149, 6.6268 -1.9998 11.1489, 6.8617 -1.9972 11.7131, 6.8667 -1.9976 11.7107, 6.892 -2.0 11.6989, 6.5669 -1.99 11.1491, 6.8271 -1.9857 11.7292, 6.5475 -1.9815 11.1491, 6.8228 -1.9843 11.7312, 6.8189 -1.983 11.733, 6.5135 -1.9666 11.1491, 6.7834 -1.9596 11.7496, 6.501 -1.9567 11.1491, 6.7806 -1.9578 11.7509, 6.7734 -1.9498 11.7542, 6.4713 -1.9336 11.1489, 6.7491 -1.9229 11.7656, 6.4626 -1.9223 11.1489, 6.7429 -1.9115 11.7685, 6.441 -1.8943 11.149, 6.7386 -1.9036 11.7705, 6.4349 -1.8802 11.149, 6.7133 -1.8335 11.7822, 6.7108 -1.8 11.7834, 6.4193 -1.8 11.1583, 6.7262 -1.8807 11.7762, 6.7176 -1.8493 11.7802, 6.4222 -1.851 11.1489, 6.717 -1.8471 11.7805, 6.419 -1.8334 11.1489, 6.8424 2.028 11.03, 6.8903 2.0 11.0252, 6.8945 2.0138 10.9826, 6.9432 2.0026 10.9489, 6.9411 2.0 10.9794, 6.975 2.0 10.9489, 6.9416 2.003 10.9489, 6.8956 2.0164 10.9489, 6.575 2.2 11.1489, 6.5807 2.1326 11.1489, 6.6068 2.2 11.1462, 6.6121 2.138 11.1463, 6.6085 2.2 11.1461, 6.6557 2.2 11.1319, 6.659 2.146 11.1325, 6.701 2.1532 11.1073, 6.697 2.2 11.1072, 6.758 2.2 11.0296, 6.7578 2.2 11.03, 6.7609 2.1634 11.03, 6.7328 2.2 11.0718, 6.7721 2.2 10.9826, 6.775 2.1658 10.9826, 6.7722 2.2 10.9824, 6.7778 2.1665 10.9489, 6.775 2.2 10.9489, 6.7896 2.1177 10.9826, 6.792 2.1194 10.9489, 6.7779 2.1663 10.9489, 6.8155 2.0747 10.9826, 6.8173 2.0771 10.9489, 6.7922 2.1189 10.9489, 6.8944 2.0171 10.9489, 6.8529 2.0416 10.9489, 6.8512 2.0393 10.9826, 6.8522 2.0423 10.9489, 6.8177 2.0764 10.9489, 6.9397 2.0 10.9807, 6.8375 2.0 11.0721, 6.8394 2.0 11.071, 6.8835 2.0 11.0313, 6.6714 2.0 11.1456, 6.7182 2.0 11.1325, 6.7226 2.0027 11.1305, 6.7248 2.0 11.1306, 6.7565 2.0283 11.1073, 6.8268 2.0077 11.0725, 6.8181 2.0 11.0831, 6.7841 2.05 11.0725, 6.7823 2.0 11.1034, 6.7436 2.0 11.1254, 6.6819 2.07 11.1325, 6.6385 2.0507 11.1463, 6.666 2.0 11.1461, 6.6094 2.0378 11.1489, 6.6286 1.9999 11.1489, 6.6355 2.0 11.1488, 6.721 2.0873 11.1073, 6.7357 2.1591 11.0725, 6.7531 2.1015 11.0725, 6.8042 2.0658 11.03, 6.7765 2.1119 11.03, 6.6979 2.2 11.1067, 6.4193 1.8 11.1583, 6.4165 1.8242 11.1489, 6.7108 1.8 11.7834, 6.4189 1.8333 11.1489, 6.7133 1.8335 11.7822, 6.717 1.8471 11.7805, 6.4274 1.8664 11.149, 6.7176 1.8493 11.7802, 6.4349 1.8801 11.149, 6.7262 1.8807 11.7762, 6.7386 1.9036 11.7705, 6.4516 1.9104 11.1489, 6.7429 1.9115 11.7685, 6.4624 1.9223 11.1489, 6.7491 1.9229 11.7656, 6.4816 1.9433 11.1489, 6.7734 1.9498 11.7542, 6.5008 1.9568 11.149, 6.7806 1.9578 11.7509, 6.7834 1.9596 11.7496, 6.5192 1.9699 11.1492, 6.8189 1.983 11.733, 6.5474 1.9815 11.1491, 6.8228 1.9843 11.7312, 6.8271 1.9857 11.7292, 6.571 1.9912 11.1491, 6.8617 1.9972 11.7131, 6.892 2.0 11.6989, 6.8667 1.9976 11.7107, 6.599 1.9954 11.149, 6.892 1.8 11.8989, 7.385 1.8 11.8989, 7.385 1.8335 11.8961, 7.385 1.8807 11.8819, 6.892 1.8429 11.8932, 6.892 1.8335 11.8961, 7.385 1.9229 11.8567, 6.892 1.8857 11.8789, 6.892 1.8807 11.8819, 6.892 1.9578 11.8218, 6.892 1.9564 11.8232, 6.892 1.9229 11.8567, 7.385 1.9578 11.8218, 7.385 1.983 11.7796, 6.892 1.983 11.7796, 6.892 1.9943 11.7418, 7.385 1.9972 11.7324, 6.892 1.9972 11.7324, 7.385 2.0 11.6989, 6.8682 1.8 11.8966, 6.892 1.58 11.8989, 6.8537 1.58 11.8952, 6.7108 1.58 11.7834, 6.7166 1.8 11.7933, 6.7303 1.58 11.8166, 6.7303 1.8 11.8166, 6.7308 1.8 11.8171, 6.7644 1.58 11.8529, 6.7627 1.8 11.851, 6.8064 1.58 11.8796, 6.7649 1.8 11.8532, 6.7644 1.8 11.8529, 6.8537 1.8 11.8952, 6.835 1.8 11.889, 6.8064 1.8 11.8796, 7.2559 1.03 11.8989, 7.2559 1.58 11.8989, 7.025 1.03 11.4989, 7.025 1.58 11.4989, 7.585 1.03 11.8989, 7.585 1.03 11.0689, 7.025 1.03 11.0689, 7.585 -1.58 9.2489, 7.585 -1.58 11.0689, 7.585 -1.03 9.2489, 7.585 -1.03 11.0689, 7.585 1.58 11.0689, 7.585 1.58 9.2489, 7.585 1.03 9.2489, 7.585 1.03 6.6989, 7.585 -1.03 6.6989, 7.585 -1.03 11.8989, 7.2559 -1.03 11.8989, 7.025 -1.03 11.4989, 7.025 -1.03 11.0689, 7.2559 -1.58 11.8989, 7.025 -1.58 11.4989, 6.892 -1.8 11.8989, 6.892 -1.58 11.8989, 6.8682 -1.8 11.8966, 6.8537 -1.58 11.8952, 6.7308 -1.8 11.8171, 6.7644 -1.58 11.8529, 6.7303 -1.8 11.8166, 6.7303 -1.58 11.8166, 6.7166 -1.8 11.7933, 6.7108 -1.58 11.7834, 6.7627 -1.8 11.851, 6.7644 -1.8 11.8529, 6.8064 -1.58 11.8796, 6.7649 -1.8 11.8532, 6.8064 -1.8 11.8796, 6.835 -1.8 11.889, 6.8537 -1.8 11.8952, 7.385 -1.8807 11.8819, 6.892 -1.8807 11.8819, 6.892 -1.9229 11.8567, 7.385 -2.0 11.6989, 7.385 -1.9972 11.7324, 6.892 -1.8429 11.8932, 7.385 -1.8335 11.8961, 6.892 -1.8335 11.8961, 7.385 -1.8 11.8989, 6.892 -1.9243 11.8553, 7.385 -1.9578 11.8218, 7.385 -1.9229 11.8567, 6.892 -1.9578 11.8218, 6.892 -1.98 11.7846, 7.385 -1.983 11.7796, 6.892 -1.983 11.7796, 6.892 -1.9943 11.7418, 6.892 -1.9972 11.7324, -5.3417 -3.6153 6.6322, -5.3606 -3.6403 6.6506, -5.3417 -3.6153 10.7935, -5.3791 -3.665 6.6627, -5.4129 -3.7098 6.6847, -5.4369 -3.7417 6.6899, -5.4779 -3.796 6.6989, -5.5319 -3.8677 6.6989, -5.3729 -3.6567 10.8982, -5.4029 -3.6965 10.9989, -5.7041 -3.6706 6.6989, -5.7928 -3.7175 6.6989, -5.5712 -3.848 6.6989, -6.1487 -3.2905 6.6989, -6.2027 -3.3621 6.6989, -5.9658 -3.4734 6.6989, -6.0089 -3.5524 6.6989, -5.8891 -3.6439 6.6989, -6.0498 -3.1593 6.6637, -6.0125 -3.1098 6.6322, -6.0125 -3.1098 10.7935, -6.1162 -3.2473 6.6954, -6.1077 -3.2361 6.6918, -6.0584 -3.1707 6.671, -6.0737 -3.191 10.9989, -6.0437 -3.1512 10.8982, -6.0724 -2.9816 11.1458, -6.0777 -2.9699 11.1472, -6.0843 -2.9557 11.1489, -6.058 -3.0206 11.1348, -6.0611 -3.0114 11.138, -6.0675 -2.9921 11.1446, -6.0489 -3.0603 11.1158, -6.0502 -3.0522 11.1204, -6.0527 -3.0363 11.1294, -6.046 -3.0993 11.0901, -6.0455 -3.0917 11.0962, -6.045 -3.0842 11.1023, -6.0494 -3.1368 11.0591, -6.0483 -3.1338 11.0624, -6.0622 -3.1702 11.0237, -6.059 -3.1618 11.0326, -6.0653 -3.1784 11.015, -5.1738 -3.6418 11.1489, -5.3853 -3.6802 11.0236, -5.3788 -3.6742 11.0327, -5.367 -3.6633 11.0492, -5.3571 -3.6588 11.0587, -5.3496 -3.6554 11.0659, -5.3232 -3.6435 11.0911, -5.323 -3.6434 11.0913, -5.2842 -3.6361 11.1165, -5.2766 -3.6347 11.1214, -5.1849 -3.6398 11.1485, -5.1893 -3.6392 11.1477, -5.2019 -3.6377 11.1454, -5.2308 -3.6342 11.1401, -5.2434 -3.6343 11.135, -5.2765 -3.6347 11.1215, 4.575 -3.6 10.8489, -4.575 -3.6 10.8489, 4.575 -3.7399 11.1489, -4.575 -3.7399 11.1489, 6.1092 -2.6322 10.8483, 6.1092 -2.6322 6.2989, 6.0945 -2.6714 6.3558, 6.0865 -2.7351 10.8314, 6.0886 -2.7067 10.8367, 6.094 -2.6756 6.3611, 6.0897 -2.6909 10.8397, 6.0946 -2.6762 10.8418, 6.0999 -2.6603 10.8442, 6.0915 -2.7874 10.8203, 6.0873 -2.7351 6.4381, 6.0928 -2.7942 10.8188, 6.0852 -2.7536 6.462, 6.0941 -2.7938 6.5076, 6.0936 -2.679 6.3655, 6.0852 -2.7535 10.8279, 6.1012 -2.8261 6.5443, 6.1025 -2.8318 6.5508, 6.0971 -2.8172 10.8136, 6.1352 -2.8904 6.6095, 6.1352 -2.8904 10.7935, 6.1126 -2.8499 6.5689, 6.1225 -2.8719 10.799, 6.1225 -2.8719 10.799, 6.1124 -2.8502 10.8047, 6.1035 -2.8311 10.8099, 6.0071 -2.8159 6.2989, 5.9106 -2.9408 6.2989, 5.8223 -3.0551 6.2989, 5.8265 -3.0589 6.3659, 5.6185 -3.2393 6.2989, 5.5981 -3.2577 6.2989, 5.6015 -3.2622 6.3659, 5.2586 -3.4504 6.2989, 5.0607 -3.5291 6.2989, 5.0623 -3.5346 6.3659, 6.1462 -2.9051 6.6211, 6.1394 -2.8959 6.6139, 6.137 -2.899 6.6144, 6.0783 -2.8615 6.5448, 6.1741 -2.9421 6.6502, 5.9354 -3.1598 6.6144, 6.1939 -2.9683 6.6622, 5.9974 -3.2172 6.6649, 6.2348 -3.0225 6.6871, 6.0667 -3.2813 6.6932, 6.2535 -3.0474 6.6908, 6.1158 -3.3268 6.6989, 6.2959 -3.1036 6.6989, 5.2576 -3.886 6.6989, 5.5219 -3.7744 6.6989, 5.2151 -3.8296 6.6927, 5.4917 -3.7146 6.6932, 5.2112 -3.8243 6.6921, 5.4491 -3.6304 6.6649, 5.1553 -3.7501 6.6639, 5.1498 -3.7428 6.6611, 5.411 -3.555 6.6144, 5.1082 -3.6876 6.6205, 5.0848 -3.6101 6.5448, 5.0448 -3.6223 6.5443, 5.0495 -3.6248 6.5502, 5.1012 -3.6784 6.6137, 5.1047 -3.6768 6.6144, 5.097 -3.6727 6.6095, 5.0644 -3.6399 6.5688, 5.0155 -3.6066 6.5075, 5.0704 -3.5617 6.4602, 4.9789 -3.5869 6.4616, 4.961 -3.5839 6.4381, 4.9056 -3.5745 6.3655, 4.9021 -3.5739 6.3609, 4.8978 -3.5732 6.3553, 4.8597 -3.5758 6.2989, 4.856 -3.5766 6.2989, 6.0358 -2.8343 6.4602, 6.0119 -2.819 6.3659, 5.8843 -3.1125 6.5448, 5.8473 -3.0782 6.4602, 5.3415 -3.4174 6.2989, 5.3441 -3.4224 6.3659, 5.3568 -3.4477 6.4602, 5.3796 -3.4928 6.5448, 5.6185 -3.2848 6.4602, 5.6489 -3.3252 6.5448, 5.6908 -3.3808 6.6144, 5.7417 -3.4483 6.6649, 5.7985 -3.5236 6.6932, 5.8388 -3.5771 6.6989, 4.856 -3.5766 10.8483, 5.097 -3.6727 10.7935, 5.0816 -3.6565 10.7989, 5.0165 -3.6046 10.8189, 5.049 -3.6259 10.8098, 5.0589 -3.6325 10.8071, 5.0652 -3.6391 10.8048, 4.9613 -3.582 10.8316, 4.979 -3.5885 10.8277, 5.0084 -3.5992 10.8211, 4.9567 -3.5803 10.8326, 4.9333 -3.5776 10.8366, 4.8855 -3.5741 10.8444, 4.8966 -3.5732 10.843, 4.9021 -3.5738 10.842, 4.9281 -3.6356 10.9928, 4.8453 -3.5784 10.8489, 4.8886 -3.6419 10.9988, 5.0182 -3.6418 10.9619, 5.0842 -3.6723 10.9284, 5.1293 -3.7156 10.8962, 5.1149 -3.6986 10.9078, 5.048 -3.6522 10.9482, 4.9743 -3.6344 10.9788, 4.9318 -3.705 11.1489, 4.8894 -3.6432 11.0018, 6.3063 -1.9 6.5399, 6.3042 -1.9 6.5335, 6.2831 -2.1694 6.5324, 6.2233 -2.3384 6.4598, 6.2242 -2.3359 6.461, 6.2599 -2.1667 6.461, 6.2496 -2.1844 6.3989, 6.1928 -2.4221 6.3989, 6.193 -2.4218 6.4016, 6.1934 -2.4205 6.405, 6.1946 -2.4172 6.4102, 6.1983 -2.4072 6.4198, 6.2541 -2.1658 6.3989, 6.2809 -1.9 6.461, 6.275 -1.9 6.3989, 6.281 -1.9 6.462, 6.2848 -2.1693 6.5362, 6.337 -2.026 6.5946, 6.3432 -1.9 6.5988, 6.3497 -1.9 6.6093, 6.3755 -1.9203 6.6376, 6.3829 -1.9 6.6444, 6.2611 -2.2346 6.5097, 6.2801 -2.1822 6.531, 6.1928 -2.4221 10.8489, 6.288 -2.1606 10.923, 6.4629 -1.68 6.6989, 6.2489 -2.268 10.8789, 6.4107 -1.8236 6.6633, 6.3065 -2.1098 10.9439, 6.3672 -1.9429 11.0478, 6.4629 -1.68 11.2519, 6.3939 -2.177 11.1489, 6.1289 -2.585 10.8489, 6.1138 -2.6225 10.8489, 6.163 -2.6816 10.9988, 6.1854 -2.4446 10.8489, 6.3179 -2.4894 11.1489, 6.164 -2.6827 11.0018, 6.2117 -2.7405 11.1489, 6.146 -2.7178 10.9928, 6.1383 -2.878 10.9284, 6.1675 -2.9332 10.8962, 6.1551 -2.9147 10.9078, 6.1271 -2.8061 10.9619, 6.1289 -2.8376 10.9482, 6.1322 -2.7619 10.9788, 6.4629 1.58 6.6989, 6.4629 1.68 6.6989, 6.4106 1.8238 6.6634, 6.4629 -1.58 6.6989, 6.3504 1.9 6.6087, 6.3838 1.8975 6.6453, 6.3829 1.9 6.6444, 6.275 1.9 6.3989, 6.2808 1.9 6.461, 6.2811 1.9 6.4619, 6.3035 1.9 6.5338, 6.3069 1.9 6.5395, 6.3421 1.9 6.5995, 6.3369 2.0263 6.5943, 6.2496 2.1844 6.3989, 6.2541 2.1658 6.3989, 6.2599 2.1667 6.461, 6.1954 2.4151 6.4125, 6.1937 2.4197 6.4064, 6.1931 2.4215 6.4026, 6.1928 2.4221 6.3989, 6.2719 2.2048 6.5233, 6.2307 2.3181 6.47, 6.2803 2.1819 6.5324, 6.2822 2.1703 6.5338, 6.2846 2.1699 6.5372, 6.2297 2.3208 6.4687, 6.2245 2.335 6.4609, 6.2029 2.3945 6.4287, 6.3703 1.9345 11.054, 6.3889 2.2082 11.1489, 6.3093 2.1021 10.9477, 6.2777 2.1888 10.9116, 6.2491 2.2675 10.8788, 6.2586 2.6421 11.1489, 6.1928 2.4221 10.8489, 4.575 3.7399 11.1489, 4.575 3.6 10.8489, 4.8832 3.7139 11.1489, 4.8598 3.576 10.8489, 5.3171 3.5836 11.1489, 5.2606 3.4556 10.8489, 5.7059 3.3513 11.1489, 5.62 3.2409 10.8489, 6.0263 3.0309 11.1489, 5.9159 2.945 10.8489, 6.1306 2.5856 10.8489, 6.4629 1.68 11.2519
            ]
        }
        coordIndex [
            0,1,2,-1,2,1,3,-1,1,4,3,-1,3,4,5,-1,4,6,5,-1,5,6,7,-1,6,8,7,-1,7,8,9,-1,8,10,9,-1,9,10,11,-1,10,12,11,-1,11,12,13,-1,12,14,13,-1,13,14,15,-1,14,16,15,-1,15,16,17,-1,16,18,17,-1,17,18,19,-1,18,20,19,-1,19,20,21,-1,20,22,21,-1,21,22,23,-1,22,24,23,-1,23,24,25,-1,24,26,25,-1,25,26,27,-1,26,28,27,-1,27,28,29,-1,28,30,29,-1,29,30,31,-1,30,32,31,-1,31,32,33,-1,32,34,33,-1,33,34,35,-1,34,36,35,-1,35,36,37,-1,36,38,37,-1,37,38,39,-1,38,0,39,-1,39,0,2,-1,40,41,42,-1,42,43,44,-1,42,44,45,-1,45,44,46,-1,45,46,47,-1,47,48,45,-1,45,48,49,-1,45,49,50,-1,51,52,53,-1,53,52,54,-1,53,54,55,-1,55,56,53,-1,53,56,57,-1,53,57,58,-1,58,57,59,-1,58,59,60,-1,60,61,58,-1,58,61,62,-1,58,62,63,-1,41,64,42,-1,42,64,65,-1,42,65,43,-1,66,67,45,-1,45,67,68,-1,45,68,69,-1,70,71,58,-1,58,71,72,-1,58,72,73,-1,50,74,45,-1,45,74,75,-1,45,75,66,-1,63,76,58,-1,58,76,77,-1,58,77,70,-1,78,79,80,-1,80,79,81,-1,80,81,82,-1,83,84,53,-1,53,84,85,-1,53,85,86,-1,87,88,42,-1,42,88,89,-1,42,89,90,-1,91,92,93,-1,93,92,94,-1,93,94,95,-1,96,97,98,-1,98,97,99,-1,98,99,100,-1,101,102,103,-1,103,102,104,-1,103,104,105,-1,106,51,107,-1,107,51,53,-1,107,53,108,-1,108,53,86,-1,109,40,110,-1,110,40,42,-1,110,42,111,-1,111,42,90,-1,82,112,80,-1,80,112,113,-1,80,113,53,-1,53,113,114,-1,53,114,83,-1,73,115,58,-1,58,115,116,-1,58,116,98,-1,98,116,117,-1,98,117,96,-1,69,118,45,-1,45,118,119,-1,45,119,103,-1,103,119,120,-1,103,120,101,-1,100,121,98,-1,98,121,122,-1,98,122,93,-1,93,122,123,-1,93,123,91,-1,95,124,93,-1,93,124,125,-1,93,125,42,-1,42,125,126,-1,42,126,87,-1,105,127,103,-1,103,127,128,-1,103,128,80,-1,80,128,129,-1,80,129,78,-1,130,131,132,-1,132,131,133,-1,134,135,136,-1,137,138,139,-1,131,140,133,-1,133,140,134,-1,133,134,141,-1,141,134,136,-1,132,142,130,-1,130,142,137,-1,130,137,143,-1,143,137,139,-1,144,145,146,-1,146,145,147,-1,146,147,148,-1,149,150,151,-1,151,150,152,-1,151,152,153,-1,134,154,135,-1,135,154,145,-1,135,145,155,-1,155,145,144,-1,137,156,138,-1,138,156,150,-1,138,150,157,-1,157,150,149,-1,158,159,160,-1,160,159,161,-1,162,163,164,-1,165,166,167,-1,159,168,161,-1,161,168,162,-1,161,162,169,-1,169,162,164,-1,160,170,158,-1,158,170,165,-1,158,165,171,-1,171,165,167,-1,172,173,174,-1,174,173,175,-1,174,175,176,-1,177,178,179,-1,179,178,180,-1,179,180,181,-1,162,182,163,-1,163,182,173,-1,163,173,183,-1,183,173,172,-1,165,184,166,-1,166,184,178,-1,166,178,185,-1,185,178,177,-1,186,187,188,-1,189,190,191,-1,192,193,194,-1,194,193,195,-1,196,197,198,-1,199,200,201,-1,201,200,196,-1,201,196,202,-1,202,196,198,-1,203,204,205,-1,205,204,206,-1,205,206,197,-1,197,206,207,-1,197,207,198,-1,203,205,208,-1,208,205,209,-1,208,209,210,-1,211,212,209,-1,209,212,213,-1,209,213,210,-1,214,215,211,-1,211,215,216,-1,211,216,212,-1,217,218,219,-1,219,218,220,-1,219,220,214,-1,214,220,221,-1,214,221,215,-1,191,190,222,-1,222,190,223,-1,222,223,224,-1,188,187,191,-1,191,187,225,-1,191,225,189,-1,226,227,188,-1,188,227,228,-1,188,228,186,-1,229,230,231,-1,231,230,232,-1,231,232,226,-1,226,232,233,-1,226,233,227,-1,229,231,234,-1,234,231,235,-1,234,235,236,-1,195,237,194,-1,194,237,238,-1,194,238,235,-1,235,238,239,-1,235,239,236,-1,200,240,196,-1,196,240,241,-1,196,241,197,-1,197,241,242,-1,197,242,205,-1,205,242,243,-1,205,243,209,-1,209,243,244,-1,209,244,211,-1,211,244,245,-1,211,245,214,-1,214,245,246,-1,214,246,219,-1,219,246,247,-1,240,192,241,-1,241,192,194,-1,241,194,242,-1,242,194,235,-1,242,235,243,-1,243,235,231,-1,243,231,244,-1,244,231,226,-1,244,226,245,-1,245,226,188,-1,245,188,246,-1,246,188,191,-1,246,191,247,-1,247,191,222,-1,248,249,250,-1,251,252,253,-1,251,253,254,-1,253,255,254,-1,254,255,256,-1,254,256,257,-1,257,256,258,-1,258,256,249,-1,249,256,259,-1,249,259,250,-1,260,261,262,-1,248,250,262,-1,262,250,263,-1,262,263,260,-1,264,265,261,-1,261,265,266,-1,261,266,262,-1,261,267,264,-1,264,267,268,-1,264,268,269,-1,269,268,270,-1,271,272,273,-1,270,268,273,-1,273,268,274,-1,273,274,271,-1,275,276,277,-1,277,276,278,-1,278,279,277,-1,277,279,280,-1,277,280,272,-1,272,280,281,-1,272,281,273,-1,268,282,283,-1,284,285,286,-1,287,288,289,-1,284,286,290,-1,291,292,293,-1,293,292,294,-1,293,294,295,-1,296,297,298,-1,298,297,299,-1,298,299,294,-1,294,299,300,-1,294,300,295,-1,296,298,301,-1,301,298,302,-1,301,302,303,-1,304,305,302,-1,302,305,306,-1,302,306,303,-1,307,308,304,-1,304,308,309,-1,304,309,305,-1,310,311,312,-1,312,311,313,-1,312,313,307,-1,307,313,314,-1,307,314,308,-1,315,250,316,-1,316,250,259,-1,259,256,316,-1,316,256,255,-1,316,255,317,-1,317,255,253,-1,317,253,252,-1,283,282,318,-1,282,261,318,-1,318,261,260,-1,318,260,315,-1,315,260,263,-1,315,263,250,-1,268,283,274,-1,274,283,319,-1,274,319,271,-1,288,275,289,-1,289,275,320,-1,289,320,319,-1,319,320,272,-1,319,272,271,-1,321,312,322,-1,322,312,307,-1,322,307,323,-1,323,307,304,-1,323,304,324,-1,324,304,302,-1,324,302,325,-1,325,302,298,-1,325,298,326,-1,326,298,294,-1,326,294,286,-1,286,294,292,-1,286,292,290,-1,290,292,291,-1,290,291,327,-1,285,328,286,-1,286,328,329,-1,286,329,326,-1,326,329,330,-1,326,330,325,-1,325,330,331,-1,325,331,324,-1,324,331,332,-1,324,332,323,-1,323,332,333,-1,323,333,322,-1,322,333,334,-1,322,334,321,-1,321,334,335,-1,328,287,329,-1,329,287,289,-1,329,289,330,-1,330,289,319,-1,330,319,331,-1,331,319,283,-1,331,283,332,-1,332,283,318,-1,332,318,333,-1,333,318,315,-1,333,315,334,-1,334,315,316,-1,334,316,335,-1,335,316,317,-1,310,336,311,-1,311,336,337,-1,311,337,313,-1,313,337,338,-1,313,338,314,-1,338,339,314,-1,314,339,340,-1,314,340,308,-1,308,340,341,-1,308,341,309,-1,342,305,343,-1,343,305,309,-1,343,309,344,-1,344,309,341,-1,345,299,346,-1,346,299,297,-1,346,297,347,-1,347,297,348,-1,297,296,348,-1,348,296,301,-1,348,301,349,-1,349,301,303,-1,349,303,342,-1,342,303,306,-1,342,306,305,-1,350,327,351,-1,351,327,291,-1,351,291,352,-1,352,291,293,-1,352,293,353,-1,353,293,295,-1,353,295,345,-1,345,295,300,-1,345,300,299,-1,354,355,356,-1,357,358,359,-1,360,361,362,-1,363,364,365,-1,366,367,368,-1,369,370,371,-1,372,373,374,-1,375,376,377,-1,378,379,380,-1,380,379,381,-1,381,379,382,-1,381,382,376,-1,383,363,384,-1,384,363,365,-1,384,365,385,-1,385,365,386,-1,387,388,389,-1,389,388,390,-1,389,390,386,-1,386,390,391,-1,386,391,385,-1,392,393,387,-1,387,393,394,-1,387,394,388,-1,362,395,360,-1,360,395,396,-1,360,396,392,-1,392,396,397,-1,392,397,393,-1,398,399,400,-1,400,399,401,-1,400,401,402,-1,402,401,403,-1,403,401,404,-1,403,404,405,-1,406,407,408,-1,408,407,409,-1,410,411,409,-1,409,411,412,-1,409,412,408,-1,413,414,415,-1,415,414,416,-1,415,416,417,-1,376,382,377,-1,377,382,418,-1,377,418,419,-1,418,417,419,-1,419,417,416,-1,419,416,377,-1,377,416,374,-1,377,374,375,-1,375,374,373,-1,413,411,414,-1,414,411,410,-1,414,410,416,-1,416,410,420,-1,416,420,374,-1,374,420,371,-1,374,371,372,-1,372,371,370,-1,406,405,407,-1,407,405,404,-1,407,404,409,-1,409,404,421,-1,409,421,410,-1,410,421,422,-1,410,422,420,-1,420,422,423,-1,420,423,371,-1,371,423,368,-1,371,368,369,-1,369,368,367,-1,399,361,401,-1,401,361,360,-1,401,360,404,-1,404,360,392,-1,404,392,421,-1,421,392,387,-1,421,387,422,-1,422,387,389,-1,422,389,423,-1,423,389,386,-1,423,386,368,-1,368,386,365,-1,368,365,366,-1,366,365,364,-1,424,425,426,-1,426,425,398,-1,426,398,427,-1,427,398,400,-1,427,400,428,-1,424,426,429,-1,429,426,430,-1,429,430,431,-1,430,432,431,-1,431,432,433,-1,431,433,434,-1,434,433,435,-1,434,435,436,-1,435,437,436,-1,436,437,438,-1,436,438,439,-1,439,438,440,-1,439,440,441,-1,441,440,442,-1,441,442,443,-1,443,442,444,-1,443,444,445,-1,446,447,448,-1,444,449,445,-1,445,449,450,-1,445,450,451,-1,451,450,452,-1,451,452,453,-1,453,452,446,-1,453,446,355,-1,355,446,448,-1,454,455,456,-1,457,458,459,-1,460,461,456,-1,462,463,464,-1,464,463,465,-1,464,465,466,-1,466,465,467,-1,465,468,467,-1,467,468,469,-1,467,469,470,-1,471,472,473,-1,473,472,474,-1,475,476,477,-1,477,476,478,-1,477,478,479,-1,480,481,476,-1,476,481,482,-1,476,482,478,-1,483,484,480,-1,480,484,485,-1,480,485,481,-1,486,487,488,-1,488,487,489,-1,488,489,483,-1,483,489,490,-1,483,490,484,-1,457,460,458,-1,458,460,456,-1,458,456,491,-1,491,456,455,-1,492,493,454,-1,454,493,494,-1,454,494,455,-1,495,496,497,-1,497,496,498,-1,497,498,499,-1,492,500,501,-1,501,500,502,-1,501,502,503,-1,503,502,499,-1,503,499,504,-1,504,499,498,-1,505,506,507,-1,508,509,506,-1,506,509,510,-1,506,510,507,-1,463,508,465,-1,465,508,506,-1,465,506,468,-1,468,506,505,-1,468,505,469,-1,469,505,511,-1,469,511,512,-1,512,511,513,-1,507,495,505,-1,505,495,497,-1,505,497,511,-1,511,497,499,-1,511,499,513,-1,513,499,502,-1,492,454,500,-1,500,454,514,-1,500,514,502,-1,502,514,515,-1,502,515,513,-1,513,515,473,-1,513,473,512,-1,512,473,474,-1,512,474,469,-1,469,474,516,-1,469,516,470,-1,461,486,456,-1,456,486,488,-1,456,488,454,-1,454,488,483,-1,454,483,514,-1,514,483,480,-1,514,480,515,-1,515,480,476,-1,515,476,473,-1,473,476,475,-1,473,475,471,-1,357,517,518,-1,518,517,519,-1,518,519,520,-1,519,521,520,-1,520,521,522,-1,520,522,523,-1,523,522,524,-1,523,524,525,-1,524,526,525,-1,525,526,527,-1,525,527,528,-1,528,527,529,-1,528,529,530,-1,530,529,531,-1,530,531,532,-1,532,531,533,-1,532,533,534,-1,533,535,534,-1,534,535,536,-1,534,536,537,-1,537,536,538,-1,537,538,539,-1,538,540,539,-1,539,540,541,-1,539,541,542,-1,542,541,543,-1,544,510,545,-1,545,510,509,-1,545,509,543,-1,543,509,546,-1,543,546,542,-1,547,548,549,-1,550,551,549,-1,549,551,552,-1,549,552,547,-1,553,554,550,-1,550,554,555,-1,550,555,551,-1,556,557,553,-1,553,557,558,-1,553,558,554,-1,553,559,556,-1,556,559,560,-1,556,560,561,-1,561,560,562,-1,562,560,563,-1,562,563,564,-1,564,563,565,-1,564,565,544,-1,547,566,567,-1,567,566,568,-1,519,569,570,-1,570,569,571,-1,570,571,572,-1,572,571,573,-1,573,571,574,-1,573,574,575,-1,576,577,574,-1,574,577,578,-1,574,578,575,-1,566,579,568,-1,568,579,580,-1,568,580,576,-1,576,580,581,-1,576,581,577,-1,582,583,584,-1,584,583,585,-1,586,582,587,-1,587,582,584,-1,587,584,588,-1,589,590,591,-1,591,590,592,-1,593,594,587,-1,587,594,595,-1,596,597,595,-1,595,597,591,-1,595,591,587,-1,587,591,592,-1,587,592,586,-1,586,592,598,-1,599,598,600,-1,600,598,592,-1,600,592,601,-1,602,599,603,-1,603,599,600,-1,604,605,606,-1,606,605,607,-1,608,609,610,-1,610,609,611,-1,610,611,612,-1,612,611,613,-1,612,613,447,-1,608,614,609,-1,609,614,615,-1,609,615,616,-1,616,615,617,-1,617,618,616,-1,616,618,619,-1,616,619,607,-1,607,619,620,-1,607,620,606,-1,621,622,623,-1,428,624,625,-1,622,621,626,-1,626,621,627,-1,626,627,628,-1,628,627,629,-1,628,629,604,-1,630,631,623,-1,623,631,632,-1,623,632,621,-1,630,633,631,-1,631,633,634,-1,631,634,635,-1,634,636,635,-1,635,636,637,-1,635,637,625,-1,625,637,638,-1,625,638,428,-1,639,640,641,-1,641,640,642,-1,642,643,641,-1,641,643,644,-1,641,644,645,-1,645,646,641,-1,641,646,199,-1,641,199,647,-1,647,199,648,-1,649,650,645,-1,645,650,651,-1,645,651,646,-1,652,653,654,-1,654,653,655,-1,654,655,649,-1,649,655,656,-1,649,656,650,-1,657,658,659,-1,660,661,659,-1,659,661,662,-1,659,662,657,-1,193,653,663,-1,663,653,652,-1,660,659,652,-1,652,659,664,-1,652,664,663,-1,223,665,224,-1,224,665,666,-1,224,666,667,-1,225,668,189,-1,189,668,669,-1,223,190,665,-1,665,190,189,-1,665,189,670,-1,670,189,669,-1,228,671,186,-1,186,671,672,-1,225,187,668,-1,668,187,186,-1,668,186,673,-1,673,186,672,-1,232,674,233,-1,233,674,675,-1,228,227,671,-1,671,227,233,-1,671,233,676,-1,676,233,675,-1,229,234,677,-1,232,230,674,-1,674,230,229,-1,674,229,678,-1,678,229,677,-1,239,238,679,-1,234,236,677,-1,677,236,239,-1,677,239,680,-1,680,239,679,-1,195,193,663,-1,238,237,679,-1,679,237,195,-1,679,195,681,-1,681,195,663,-1,218,217,682,-1,683,648,199,-1,199,201,683,-1,683,201,202,-1,683,202,684,-1,684,202,198,-1,684,198,685,-1,685,198,686,-1,198,207,686,-1,686,207,206,-1,686,206,687,-1,687,206,204,-1,687,204,688,-1,204,203,688,-1,688,203,208,-1,688,208,689,-1,689,208,210,-1,689,210,690,-1,210,213,690,-1,690,213,212,-1,690,212,691,-1,691,212,216,-1,682,692,218,-1,218,692,693,-1,218,693,220,-1,220,693,694,-1,220,694,221,-1,221,694,695,-1,221,695,215,-1,215,695,696,-1,215,696,216,-1,216,696,697,-1,216,697,691,-1,698,699,700,-1,700,699,701,-1,702,703,704,-1,705,706,707,-1,706,708,707,-1,707,708,709,-1,707,709,704,-1,704,709,710,-1,704,710,702,-1,711,712,713,-1,713,712,714,-1,713,714,715,-1,707,716,705,-1,705,716,712,-1,705,712,717,-1,717,712,711,-1,715,718,713,-1,713,718,719,-1,713,719,720,-1,721,722,723,-1,723,722,724,-1,724,725,723,-1,723,725,726,-1,723,726,719,-1,719,726,727,-1,719,727,720,-1,704,703,728,-1,729,730,731,-1,732,733,734,-1,735,736,737,-1,738,739,740,-1,740,739,721,-1,740,721,741,-1,741,721,723,-1,741,723,719,-1,742,743,744,-1,744,743,745,-1,744,745,746,-1,746,745,747,-1,746,747,748,-1,748,747,749,-1,748,749,750,-1,751,752,753,-1,753,752,754,-1,753,754,755,-1,755,754,756,-1,755,756,757,-1,757,756,758,-1,758,756,759,-1,758,759,760,-1,761,762,763,-1,764,765,766,-1,766,765,761,-1,766,761,767,-1,767,761,763,-1,762,761,768,-1,768,761,769,-1,768,769,770,-1,770,769,771,-1,771,769,737,-1,771,737,772,-1,772,737,773,-1,773,737,736,-1,773,736,774,-1,774,736,775,-1,774,775,776,-1,729,731,728,-1,704,728,707,-1,719,718,741,-1,741,718,715,-1,741,715,777,-1,777,715,714,-1,777,714,778,-1,778,714,712,-1,778,712,716,-1,742,738,743,-1,743,738,740,-1,743,740,779,-1,779,740,741,-1,779,741,780,-1,780,741,777,-1,780,777,731,-1,731,777,778,-1,731,778,728,-1,728,778,716,-1,728,716,707,-1,781,735,782,-1,782,735,737,-1,782,737,783,-1,783,737,769,-1,783,769,784,-1,784,769,761,-1,784,761,759,-1,759,761,765,-1,759,765,760,-1,760,765,764,-1,730,732,731,-1,731,732,734,-1,731,734,780,-1,780,734,785,-1,780,785,779,-1,779,785,786,-1,779,786,743,-1,743,786,787,-1,743,787,745,-1,745,787,788,-1,745,788,747,-1,747,788,789,-1,747,789,749,-1,749,789,790,-1,733,781,734,-1,734,781,782,-1,734,782,785,-1,785,782,783,-1,785,783,786,-1,786,783,784,-1,786,784,787,-1,787,784,759,-1,787,759,788,-1,788,759,756,-1,788,756,789,-1,789,756,754,-1,789,754,790,-1,790,754,752,-1,774,776,791,-1,792,766,793,-1,793,766,767,-1,794,795,763,-1,763,795,796,-1,763,796,767,-1,767,796,797,-1,767,797,793,-1,798,799,768,-1,763,762,794,-1,794,762,768,-1,794,768,800,-1,800,768,799,-1,768,770,798,-1,798,770,771,-1,798,771,801,-1,801,771,772,-1,801,772,802,-1,802,772,773,-1,791,803,774,-1,774,803,804,-1,774,804,773,-1,773,804,805,-1,773,805,802,-1,804,803,806,-1,791,807,808,-1,262,266,809,-1,273,281,810,-1,276,811,278,-1,278,811,812,-1,278,812,279,-1,279,812,280,-1,270,273,813,-1,266,265,809,-1,809,265,264,-1,809,264,813,-1,813,264,269,-1,813,269,270,-1,806,258,814,-1,814,258,249,-1,814,249,248,-1,251,254,806,-1,806,254,257,-1,806,257,258,-1,815,251,816,-1,816,251,806,-1,816,806,808,-1,808,806,803,-1,808,803,791,-1,799,798,814,-1,798,801,814,-1,814,801,802,-1,814,802,806,-1,806,802,805,-1,806,805,804,-1,248,262,814,-1,814,262,809,-1,814,809,799,-1,799,809,813,-1,799,813,800,-1,273,810,813,-1,813,810,794,-1,813,794,800,-1,793,797,810,-1,797,796,810,-1,810,796,795,-1,810,795,794,-1,281,280,810,-1,810,280,812,-1,810,812,793,-1,793,812,811,-1,793,811,792,-1,807,698,808,-1,808,698,700,-1,808,700,816,-1,816,700,815,-1,817,818,819,-1,820,821,822,-1,823,824,825,-1,825,826,823,-1,823,826,827,-1,823,827,828,-1,828,820,823,-1,823,820,822,-1,823,822,829,-1,829,822,830,-1,829,830,831,-1,819,818,822,-1,822,818,832,-1,822,832,830,-1,833,834,835,-1,835,834,836,-1,836,834,837,-1,836,837,838,-1,821,839,822,-1,822,839,840,-1,822,840,819,-1,819,840,833,-1,819,833,817,-1,817,833,835,-1,825,824,841,-1,828,827,841,-1,841,827,826,-1,841,826,825,-1,842,843,844,-1,844,843,845,-1,844,845,841,-1,839,821,841,-1,841,821,820,-1,841,820,828,-1,842,846,843,-1,843,846,847,-1,843,847,356,-1,356,355,843,-1,843,355,448,-1,843,448,848,-1,845,838,841,-1,841,838,837,-1,841,837,834,-1,834,833,841,-1,841,833,840,-1,841,840,839,-1,354,356,849,-1,849,356,847,-1,850,851,852,-1,841,853,854,-1,854,853,850,-1,850,852,854,-1,854,852,855,-1,854,855,856,-1,847,846,849,-1,849,846,842,-1,849,842,854,-1,854,842,844,-1,854,844,841,-1,340,339,857,-1,720,727,858,-1,722,859,860,-1,727,726,858,-1,858,726,725,-1,858,725,860,-1,860,725,724,-1,860,724,722,-1,705,717,861,-1,861,717,711,-1,861,711,862,-1,862,711,713,-1,710,709,857,-1,857,709,708,-1,857,708,863,-1,863,708,706,-1,863,706,705,-1,852,851,702,-1,339,338,857,-1,857,338,337,-1,857,337,336,-1,702,710,852,-1,852,710,857,-1,852,857,855,-1,855,857,336,-1,855,336,856,-1,705,861,863,-1,863,861,349,-1,863,349,342,-1,342,343,863,-1,863,343,344,-1,863,344,857,-1,857,344,341,-1,857,341,340,-1,345,346,862,-1,862,346,347,-1,862,347,861,-1,861,347,348,-1,861,348,349,-1,353,345,858,-1,858,345,862,-1,858,862,720,-1,720,862,713,-1,353,858,352,-1,352,858,860,-1,352,860,351,-1,351,860,859,-1,351,859,350,-1,864,865,866,-1,845,843,867,-1,867,864,845,-1,845,864,866,-1,845,866,868,-1,868,866,869,-1,868,869,870,-1,871,831,872,-1,872,831,830,-1,872,830,873,-1,873,830,832,-1,873,832,874,-1,874,832,818,-1,874,818,875,-1,875,818,817,-1,875,817,876,-1,876,817,835,-1,876,835,868,-1,868,835,836,-1,868,836,845,-1,845,836,838,-1,868,870,877,-1,878,879,880,-1,881,882,878,-1,878,882,883,-1,878,883,884,-1,885,886,880,-1,885,880,887,-1,887,880,888,-1,887,888,889,-1,886,890,880,-1,880,890,891,-1,880,891,878,-1,878,891,892,-1,878,892,881,-1,888,874,889,-1,889,874,875,-1,889,875,877,-1,877,875,876,-1,877,876,868,-1,879,871,880,-1,880,871,872,-1,880,872,888,-1,888,872,873,-1,888,873,874,-1,359,358,893,-1,893,358,894,-1,893,894,895,-1,895,894,896,-1,896,894,897,-1,897,894,898,-1,897,898,899,-1,900,901,902,-1,902,901,903,-1,902,903,904,-1,904,903,905,-1,904,905,906,-1,906,905,907,-1,906,907,908,-1,908,907,909,-1,908,909,898,-1,898,909,910,-1,898,910,899,-1,899,884,883,-1,895,896,883,-1,883,896,897,-1,883,897,899,-1,882,881,911,-1,911,881,892,-1,865,911,866,-1,866,911,869,-1,882,911,883,-1,883,911,517,-1,883,517,357,-1,357,359,883,-1,883,359,893,-1,883,893,895,-1,892,891,911,-1,911,891,890,-1,911,890,886,-1,886,885,911,-1,911,885,887,-1,911,887,889,-1,889,877,911,-1,911,877,870,-1,911,870,869,-1,
        ]
    }
}
Shape{
    appearance Appearance {
        material  Material 	{
            diffuseColor 0.7529411764705882 0.7529411764705882 0.7529411764705882
            specularColor 0.3764705882352941 0.3764705882352941 0.3764705882352941
            ambientIntensity 0.7529
            transparency 0.0
            shininess 0.5
        }
    }
    geometry IndexedFaceSet {
        ccw TRUE
        solid FALSE
        coord DEF co Coordinate {
            point [
                -4.6835 1.795 6.5989, -4.6835 1.795 4.2004, -4.6801 1.7676 4.2004, -4.0665 1.795 4.2004, -4.0665 1.795 6.5989, -4.0677 1.7673 6.5989, -4.6823 1.7673 6.5989, -4.6741 1.7196 4.2004, -4.6662 1.6931 6.5989, -4.6642 1.6939 4.2004, -4.6467 1.6488 4.2004, -4.6325 1.625 6.5989, -4.6307 1.6263 4.2004, -4.6027 1.5869 4.2004, -4.5831 1.5673 6.5989, -4.5817 1.5689 4.2004, -4.545 1.5375 4.2004, -4.5212 1.5233 6.5989, -4.5202 1.5253 4.2004, -4.4769 1.5038 4.2004, -4.4504 1.4959 6.5989, -4.4499 1.498 4.2004, -4.4027 1.4877 4.2004, -4.375 1.4865 6.5989, -4.375 1.4865 4.2004, -4.3473 1.4877 4.2004, -4.2996 1.4959 6.5989, -4.3001 1.498 4.2004, -4.2731 1.5038 4.2004, -4.2288 1.5233 6.5989, -4.2298 1.5253 4.2004, -4.205 1.5375 4.2004, -4.1669 1.5673 6.5989, -4.1683 1.5689 4.2004, -4.1473 1.5869 4.2004, -4.1175 1.625 6.5989, -4.1193 1.6263 4.2004, -4.1033 1.6488 4.2004, -4.0838 1.6931 6.5989, -4.0858 1.6939 4.2004, -4.0759 1.7196 4.2004, -4.0699 1.7676 4.2004, -2.9335 1.795 6.5989, -2.9335 1.795 4.2004, -2.9301 1.7676 4.2004, -2.3165 1.795 4.2004, -2.3165 1.795 6.5989, -2.3177 1.7673 6.5989, -2.9323 1.7673 6.5989, -2.9241 1.7196 4.2004, -2.9162 1.6931 6.5989, -2.9142 1.6939 4.2004, -2.8967 1.6488 4.2004, -2.8825 1.625 6.5989, -2.8807 1.6263 4.2004, -2.8527 1.5869 4.2004, -2.8331 1.5673 6.5989, -2.8317 1.5689 4.2004, -2.795 1.5375 4.2004, -2.7712 1.5233 6.5989, -2.7702 1.5253 4.2004, -2.7269 1.5038 4.2004, -2.7004 1.4959 6.5989, -2.6999 1.498 4.2004, -2.6527 1.4877 4.2004, -2.625 1.4865 6.5989, -2.625 1.4865 4.2004, -2.5973 1.4877 4.2004, -2.5496 1.4959 6.5989, -2.5501 1.498 4.2004, -2.5231 1.5038 4.2004, -2.4788 1.5233 6.5989, -2.4798 1.5253 4.2004, -2.455 1.5375 4.2004, -2.4169 1.5673 6.5989, -2.4183 1.5689 4.2004, -2.3973 1.5869 4.2004, -2.3675 1.625 6.5989, -2.3693 1.6263 4.2004, -2.3533 1.6488 4.2004, -2.3338 1.6931 6.5989, -2.3358 1.6939 4.2004, -2.3259 1.7196 4.2004, -2.3199 1.7676 4.2004, -1.1835 1.795 6.5989, -1.1835 1.795 4.2004, -1.1801 1.7676 4.2004, -0.5665 1.795 4.2004, -0.5665 1.795 6.5989, -0.5677 1.7673 6.5989, -1.1823 1.7673 6.5989, -1.1741 1.7196 4.2004, -1.1662 1.6931 6.5989, -1.1642 1.6939 4.2004, -1.1467 1.6488 4.2004, -1.1325 1.625 6.5989, -1.1307 1.6263 4.2004, -1.1027 1.5869 4.2004, -1.0831 1.5673 6.5989, -1.0817 1.5689 4.2004, -1.045 1.5375 4.2004, -1.0212 1.5233 6.5989, -1.0202 1.5253 4.2004, -0.9769 1.5038 4.2004, -0.9504 1.4959 6.5989, -0.9499 1.498 4.2004, -0.9027 1.4877 4.2004, -0.875 1.4865 6.5989, -0.875 1.4865 4.2004, -0.8473 1.4877 4.2004, -0.7996 1.4959 6.5989, -0.8001 1.498 4.2004, -0.7731 1.5038 4.2004, -0.7288 1.5233 6.5989, -0.7298 1.5253 4.2004, -0.705 1.5375 4.2004, -0.6669 1.5673 6.5989, -0.6683 1.5689 4.2004, -0.6473 1.5869 4.2004, -0.6175 1.625 6.5989, -0.6193 1.6263 4.2004, -0.6033 1.6488 4.2004, -0.5838 1.6931 6.5989, -0.5858 1.6939 4.2004, -0.5759 1.7196 4.2004, -0.5699 1.7676 4.2004, 0.5665 1.795 6.5989, 0.5665 1.795 4.2004, 0.5699 1.7676 4.2004, 1.1835 1.795 4.2004, 1.1835 1.795 6.5989, 1.1823 1.7673 6.5989, 0.5677 1.7673 6.5989, 0.5759 1.7196 4.2004, 0.5838 1.6931 6.5989, 0.5858 1.6939 4.2004, 0.6033 1.6488 4.2004, 0.6175 1.625 6.5989, 0.6193 1.6263 4.2004, 0.6473 1.5869 4.2004, 0.6669 1.5673 6.5989, 0.6683 1.5689 4.2004, 0.705 1.5375 4.2004, 0.7288 1.5233 6.5989, 0.7298 1.5253 4.2004, 0.7731 1.5038 4.2004, 0.7996 1.4959 6.5989, 0.8001 1.498 4.2004, 0.8473 1.4877 4.2004, 0.875 1.4865 6.5989, 0.875 1.4865 4.2004, 0.9027 1.4877 4.2004, 0.9504 1.4959 6.5989, 0.9499 1.498 4.2004, 0.9769 1.5038 4.2004, 1.0212 1.5233 6.5989, 1.0202 1.5253 4.2004, 1.045 1.5375 4.2004, 1.0831 1.5673 6.5989, 1.0817 1.5689 4.2004, 1.1027 1.5869 4.2004, 1.1325 1.625 6.5989, 1.1307 1.6263 4.2004, 1.1467 1.6488 4.2004, 1.1662 1.6931 6.5989, 1.1642 1.6939 4.2004, 1.1741 1.7196 4.2004, 1.1801 1.7676 4.2004, 2.3165 1.795 6.5989, 2.3165 1.795 4.2004, 2.3199 1.7676 4.2004, 2.9335 1.795 4.2004, 2.9335 1.795 6.5989, 2.9323 1.7673 6.5989, 2.3177 1.7673 6.5989, 2.3259 1.7196 4.2004, 2.3338 1.6931 6.5989, 2.3358 1.6939 4.2004, 2.3533 1.6488 4.2004, 2.3675 1.625 6.5989, 2.3693 1.6263 4.2004, 2.3973 1.5869 4.2004, 2.4169 1.5673 6.5989, 2.4183 1.5689 4.2004, 2.455 1.5375 4.2004, 2.4788 1.5233 6.5989, 2.4798 1.5253 4.2004, 2.5231 1.5038 4.2004, 2.5496 1.4959 6.5989, 2.5501 1.498 4.2004, 2.5973 1.4877 4.2004, 2.625 1.4865 6.5989, 2.625 1.4865 4.2004, 2.6527 1.4877 4.2004, 2.7004 1.4959 6.5989, 2.6999 1.498 4.2004, 2.7269 1.5038 4.2004, 2.7712 1.5233 6.5989, 2.7702 1.5253 4.2004, 2.795 1.5375 4.2004, 2.8331 1.5673 6.5989, 2.8317 1.5689 4.2004, 2.8527 1.5869 4.2004, 2.8825 1.625 6.5989, 2.8807 1.6263 4.2004, 2.8967 1.6488 4.2004, 2.9162 1.6931 6.5989, 2.9142 1.6939 4.2004, 2.9241 1.7196 4.2004, 2.9301 1.7676 4.2004, 4.0665 1.795 6.5989, 4.0665 1.795 4.2004, 4.0699 1.7676 4.2004, 4.6835 1.795 4.2004, 4.6835 1.795 6.5989, 4.6823 1.7673 6.5989, 4.0677 1.7673 6.5989, 4.0759 1.7196 4.2004, 4.0838 1.6931 6.5989, 4.0858 1.6939 4.2004, 4.1033 1.6488 4.2004, 4.1175 1.625 6.5989, 4.1193 1.6263 4.2004, 4.1473 1.5869 4.2004, 4.1669 1.5673 6.5989, 4.1683 1.5689 4.2004, 4.205 1.5375 4.2004, 4.2288 1.5233 6.5989, 4.2298 1.5253 4.2004, 4.2731 1.5038 4.2004, 4.2996 1.4959 6.5989, 4.3001 1.498 4.2004, 4.3473 1.4877 4.2004, 4.375 1.4865 6.5989, 4.375 1.4865 4.2004, 4.4027 1.4877 4.2004, 4.4504 1.4959 6.5989, 4.4499 1.498 4.2004, 4.4769 1.5038 4.2004, 4.5212 1.5233 6.5989, 4.5202 1.5253 4.2004, 4.545 1.5375 4.2004, 4.5831 1.5673 6.5989, 4.5817 1.5689 4.2004, 4.6027 1.5869 4.2004, 4.6325 1.625 6.5989, 4.6307 1.6263 4.2004, 4.6467 1.6488 4.2004, 4.6662 1.6931 6.5989, 4.6642 1.6939 4.2004, 4.6741 1.7196 4.2004, 4.6801 1.7676 4.2004, -4.6835 -1.795 6.5989, -4.6835 -1.795 4.2004, -4.6801 -1.8224 4.2004, -4.0665 -1.795 4.2004, -4.0665 -1.795 6.5989, -4.0677 -1.8227 6.5989, -4.6823 -1.8227 6.5989, -4.6741 -1.8704 4.2004, -4.6662 -1.8969 6.5989, -4.6642 -1.8961 4.2004, -4.6467 -1.9412 4.2004, -4.6325 -1.965 6.5989, -4.6307 -1.9637 4.2004, -4.6027 -2.0031 4.2004, -4.5831 -2.0227 6.5989, -4.5817 -2.0211 4.2004, -4.545 -2.0525 4.2004, -4.5212 -2.0667 6.5989, -4.5202 -2.0647 4.2004, -4.4769 -2.0862 4.2004, -4.4504 -2.0941 6.5989, -4.4499 -2.092 4.2004, -4.4027 -2.1023 4.2004, -4.375 -2.1035 6.5989, -4.375 -2.1035 4.2004, -4.3473 -2.1023 4.2004, -4.2996 -2.0941 6.5989, -4.3001 -2.092 4.2004, -4.2731 -2.0862 4.2004, -4.2288 -2.0667 6.5989, -4.2298 -2.0647 4.2004, -4.205 -2.0525 4.2004, -4.1669 -2.0227 6.5989, -4.1683 -2.0211 4.2004, -4.1473 -2.0031 4.2004, -4.1175 -1.965 6.5989, -4.1193 -1.9637 4.2004, -4.1033 -1.9412 4.2004, -4.0838 -1.8969 6.5989, -4.0858 -1.8961 4.2004, -4.0759 -1.8704 4.2004, -4.0699 -1.8224 4.2004, -2.9335 -1.795 6.5989, -2.9335 -1.795 4.2004, -2.9301 -1.8224 4.2004, -2.3165 -1.795 4.2004, -2.3165 -1.795 6.5989, -2.3177 -1.8227 6.5989, -2.9323 -1.8227 6.5989, -2.9241 -1.8704 4.2004, -2.9162 -1.8969 6.5989, -2.9142 -1.8961 4.2004, -2.8967 -1.9412 4.2004, -2.8825 -1.965 6.5989, -2.8807 -1.9637 4.2004, -2.8527 -2.0031 4.2004, -2.8331 -2.0227 6.5989, -2.8317 -2.0211 4.2004, -2.795 -2.0525 4.2004, -2.7712 -2.0667 6.5989, -2.7702 -2.0647 4.2004, -2.7269 -2.0862 4.2004, -2.7004 -2.0941 6.5989, -2.6999 -2.092 4.2004, -2.6527 -2.1023 4.2004, -2.625 -2.1035 6.5989, -2.625 -2.1035 4.2004, -2.5973 -2.1023 4.2004, -2.5496 -2.0941 6.5989, -2.5501 -2.092 4.2004, -2.5231 -2.0862 4.2004, -2.4788 -2.0667 6.5989, -2.4798 -2.0647 4.2004, -2.455 -2.0525 4.2004, -2.4169 -2.0227 6.5989, -2.4183 -2.0211 4.2004, -2.3973 -2.0031 4.2004, -2.3675 -1.965 6.5989, -2.3693 -1.9637 4.2004, -2.3533 -1.9412 4.2004, -2.3338 -1.8969 6.5989, -2.3358 -1.8961 4.2004, -2.3259 -1.8704 4.2004, -2.3199 -1.8224 4.2004, -1.1835 -1.795 6.5989, -1.1835 -1.795 4.2004, -1.1801 -1.8224 4.2004, -0.5665 -1.795 4.2004, -0.5665 -1.795 6.5989, -0.5677 -1.8227 6.5989, -1.1823 -1.8227 6.5989, -1.1741 -1.8704 4.2004, -1.1662 -1.8969 6.5989, -1.1642 -1.8961 4.2004, -1.1467 -1.9412 4.2004, -1.1325 -1.965 6.5989, -1.1307 -1.9637 4.2004, -1.1027 -2.0031 4.2004, -1.0831 -2.0227 6.5989, -1.0817 -2.0211 4.2004, -1.045 -2.0525 4.2004, -1.0212 -2.0667 6.5989, -1.0202 -2.0647 4.2004, -0.9769 -2.0862 4.2004, -0.9504 -2.0941 6.5989, -0.9499 -2.092 4.2004, -0.9027 -2.1023 4.2004, -0.875 -2.1035 6.5989, -0.875 -2.1035 4.2004, -0.8473 -2.1023 4.2004, -0.7996 -2.0941 6.5989, -0.8001 -2.092 4.2004, -0.7731 -2.0862 4.2004, -0.7288 -2.0667 6.5989, -0.7298 -2.0647 4.2004, -0.705 -2.0525 4.2004, -0.6669 -2.0227 6.5989, -0.6683 -2.0211 4.2004, -0.6473 -2.0031 4.2004, -0.6175 -1.965 6.5989, -0.6193 -1.9637 4.2004, -0.6033 -1.9412 4.2004, -0.5838 -1.8969 6.5989, -0.5858 -1.8961 4.2004, -0.5759 -1.8704 4.2004, -0.5699 -1.8224 4.2004, 0.5665 -1.795 6.5989, 0.5665 -1.795 4.2004, 0.5699 -1.8224 4.2004, 1.1835 -1.795 4.2004, 1.1835 -1.795 6.5989, 1.1823 -1.8227 6.5989, 0.5677 -1.8227 6.5989, 0.5759 -1.8704 4.2004, 0.5838 -1.8969 6.5989, 0.5858 -1.8961 4.2004, 0.6033 -1.9412 4.2004, 0.6175 -1.965 6.5989, 0.6193 -1.9637 4.2004, 0.6473 -2.0031 4.2004, 0.6669 -2.0227 6.5989, 0.6683 -2.0211 4.2004, 0.705 -2.0525 4.2004, 0.7288 -2.0667 6.5989, 0.7298 -2.0647 4.2004, 0.7731 -2.0862 4.2004, 0.7996 -2.0941 6.5989, 0.8001 -2.092 4.2004, 0.8473 -2.1023 4.2004, 0.875 -2.1035 6.5989, 0.875 -2.1035 4.2004, 0.9027 -2.1023 4.2004, 0.9504 -2.0941 6.5989, 0.9499 -2.092 4.2004, 0.9769 -2.0862 4.2004, 1.0212 -2.0667 6.5989, 1.0202 -2.0647 4.2004, 1.045 -2.0525 4.2004, 1.0831 -2.0227 6.5989, 1.0817 -2.0211 4.2004, 1.1027 -2.0031 4.2004, 1.1325 -1.965 6.5989, 1.1307 -1.9637 4.2004, 1.1467 -1.9412 4.2004, 1.1662 -1.8969 6.5989, 1.1642 -1.8961 4.2004, 1.1741 -1.8704 4.2004, 1.1801 -1.8224 4.2004, 2.3165 -1.795 6.5989, 2.3165 -1.795 4.2004, 2.3199 -1.8224 4.2004, 2.9335 -1.795 4.2004, 2.9335 -1.795 6.5989, 2.9323 -1.8227 6.5989, 2.3177 -1.8227 6.5989, 2.3259 -1.8704 4.2004, 2.3338 -1.8969 6.5989, 2.3358 -1.8961 4.2004, 2.3533 -1.9412 4.2004, 2.3675 -1.965 6.5989, 2.3693 -1.9637 4.2004, 2.3973 -2.0031 4.2004, 2.4169 -2.0227 6.5989, 2.4183 -2.0211 4.2004, 2.455 -2.0525 4.2004, 2.4788 -2.0667 6.5989, 2.4798 -2.0647 4.2004, 2.5231 -2.0862 4.2004, 2.5496 -2.0941 6.5989, 2.5501 -2.092 4.2004, 2.5973 -2.1023 4.2004, 2.625 -2.1035 6.5989, 2.625 -2.1035 4.2004, 2.6527 -2.1023 4.2004, 2.7004 -2.0941 6.5989, 2.6999 -2.092 4.2004, 2.7269 -2.0862 4.2004, 2.7712 -2.0667 6.5989, 2.7702 -2.0647 4.2004, 2.795 -2.0525 4.2004, 2.8331 -2.0227 6.5989, 2.8317 -2.0211 4.2004, 2.8527 -2.0031 4.2004, 2.8825 -1.965 6.5989, 2.8807 -1.9637 4.2004, 2.8967 -1.9412 4.2004, 2.9162 -1.8969 6.5989, 2.9142 -1.8961 4.2004, 2.9241 -1.8704 4.2004, 2.9301 -1.8224 4.2004, 4.0665 -1.795 6.5989, 4.0665 -1.795 4.2004, 4.0699 -1.8224 4.2004, 4.6835 -1.795 4.2004, 4.6835 -1.795 6.5989, 4.6823 -1.8227 6.5989, 4.0677 -1.8227 6.5989, 4.0759 -1.8704 4.2004, 4.0838 -1.8969 6.5989, 4.0858 -1.8961 4.2004, 4.1033 -1.9412 4.2004, 4.1175 -1.965 6.5989, 4.1193 -1.9637 4.2004, 4.1473 -2.0031 4.2004, 4.1669 -2.0227 6.5989, 4.1683 -2.0211 4.2004, 4.205 -2.0525 4.2004, 4.2288 -2.0667 6.5989, 4.2298 -2.0647 4.2004, 4.2731 -2.0862 4.2004, 4.2996 -2.0941 6.5989, 4.3001 -2.092 4.2004, 4.3473 -2.1023 4.2004, 4.375 -2.1035 6.5989, 4.375 -2.1035 4.2004, 4.4027 -2.1023 4.2004, 4.4504 -2.0941 6.5989, 4.4499 -2.092 4.2004, 4.4769 -2.0862 4.2004, 4.5212 -2.0667 6.5989, 4.5202 -2.0647 4.2004, 4.545 -2.0525 4.2004, 4.5831 -2.0227 6.5989, 4.5817 -2.0211 4.2004, 4.6027 -2.0031 4.2004, 4.6325 -1.965 6.5989, 4.6307 -1.9637 4.2004, 4.6467 -1.9412 4.2004, 4.6662 -1.8969 6.5989, 4.6642 -1.8961 4.2004, 4.6741 -1.8704 4.2004, 4.6801 -1.8224 4.2004
            ]
        }
        coordIndex [
            0,1,2,-1,3,4,5,-1,0,2,6,-1,6,2,7,-1,6,7,8,-1,7,9,8,-1,8,9,10,-1,8,10,11,-1,10,12,11,-1,11,12,13,-1,11,13,14,-1,13,15,14,-1,14,15,16,-1,14,16,17,-1,16,18,17,-1,17,18,19,-1,17,19,20,-1,19,21,20,-1,20,21,22,-1,20,22,23,-1,22,24,23,-1,23,24,25,-1,23,25,26,-1,25,27,26,-1,26,27,28,-1,26,28,29,-1,28,30,29,-1,29,30,31,-1,29,31,32,-1,31,33,32,-1,32,33,34,-1,32,34,35,-1,34,36,35,-1,35,36,37,-1,35,37,38,-1,37,39,38,-1,38,39,40,-1,38,40,5,-1,5,40,41,-1,5,41,3,-1,42,43,44,-1,45,46,47,-1,42,44,48,-1,48,44,49,-1,48,49,50,-1,49,51,50,-1,50,51,52,-1,50,52,53,-1,52,54,53,-1,53,54,55,-1,53,55,56,-1,55,57,56,-1,56,57,58,-1,56,58,59,-1,58,60,59,-1,59,60,61,-1,59,61,62,-1,61,63,62,-1,62,63,64,-1,62,64,65,-1,64,66,65,-1,65,66,67,-1,65,67,68,-1,67,69,68,-1,68,69,70,-1,68,70,71,-1,70,72,71,-1,71,72,73,-1,71,73,74,-1,73,75,74,-1,74,75,76,-1,74,76,77,-1,76,78,77,-1,77,78,79,-1,77,79,80,-1,79,81,80,-1,80,81,82,-1,80,82,47,-1,47,82,83,-1,47,83,45,-1,84,85,86,-1,87,88,89,-1,84,86,90,-1,90,86,91,-1,90,91,92,-1,91,93,92,-1,92,93,94,-1,92,94,95,-1,94,96,95,-1,95,96,97,-1,95,97,98,-1,97,99,98,-1,98,99,100,-1,98,100,101,-1,100,102,101,-1,101,102,103,-1,101,103,104,-1,103,105,104,-1,104,105,106,-1,104,106,107,-1,106,108,107,-1,107,108,109,-1,107,109,110,-1,109,111,110,-1,110,111,112,-1,110,112,113,-1,112,114,113,-1,113,114,115,-1,113,115,116,-1,115,117,116,-1,116,117,118,-1,116,118,119,-1,118,120,119,-1,119,120,121,-1,119,121,122,-1,121,123,122,-1,122,123,124,-1,122,124,89,-1,89,124,125,-1,89,125,87,-1,126,127,128,-1,129,130,131,-1,126,128,132,-1,132,128,133,-1,132,133,134,-1,133,135,134,-1,134,135,136,-1,134,136,137,-1,136,138,137,-1,137,138,139,-1,137,139,140,-1,139,141,140,-1,140,141,142,-1,140,142,143,-1,142,144,143,-1,143,144,145,-1,143,145,146,-1,145,147,146,-1,146,147,148,-1,146,148,149,-1,148,150,149,-1,149,150,151,-1,149,151,152,-1,151,153,152,-1,152,153,154,-1,152,154,155,-1,154,156,155,-1,155,156,157,-1,155,157,158,-1,157,159,158,-1,158,159,160,-1,158,160,161,-1,160,162,161,-1,161,162,163,-1,161,163,164,-1,163,165,164,-1,164,165,166,-1,164,166,131,-1,131,166,167,-1,131,167,129,-1,168,169,170,-1,171,172,173,-1,168,170,174,-1,174,170,175,-1,174,175,176,-1,175,177,176,-1,176,177,178,-1,176,178,179,-1,178,180,179,-1,179,180,181,-1,179,181,182,-1,181,183,182,-1,182,183,184,-1,182,184,185,-1,184,186,185,-1,185,186,187,-1,185,187,188,-1,187,189,188,-1,188,189,190,-1,188,190,191,-1,190,192,191,-1,191,192,193,-1,191,193,194,-1,193,195,194,-1,194,195,196,-1,194,196,197,-1,196,198,197,-1,197,198,199,-1,197,199,200,-1,199,201,200,-1,200,201,202,-1,200,202,203,-1,202,204,203,-1,203,204,205,-1,203,205,206,-1,205,207,206,-1,206,207,208,-1,206,208,173,-1,173,208,209,-1,173,209,171,-1,210,211,212,-1,213,214,215,-1,210,212,216,-1,216,212,217,-1,216,217,218,-1,217,219,218,-1,218,219,220,-1,218,220,221,-1,220,222,221,-1,221,222,223,-1,221,223,224,-1,223,225,224,-1,224,225,226,-1,224,226,227,-1,226,228,227,-1,227,228,229,-1,227,229,230,-1,229,231,230,-1,230,231,232,-1,230,232,233,-1,232,234,233,-1,233,234,235,-1,233,235,236,-1,235,237,236,-1,236,237,238,-1,236,238,239,-1,238,240,239,-1,239,240,241,-1,239,241,242,-1,241,243,242,-1,242,243,244,-1,242,244,245,-1,244,246,245,-1,245,246,247,-1,245,247,248,-1,247,249,248,-1,248,249,250,-1,248,250,215,-1,215,250,251,-1,215,251,213,-1,252,253,254,-1,255,256,257,-1,252,254,258,-1,258,254,259,-1,258,259,260,-1,259,261,260,-1,260,261,262,-1,260,262,263,-1,262,264,263,-1,263,264,265,-1,263,265,266,-1,265,267,266,-1,266,267,268,-1,266,268,269,-1,268,270,269,-1,269,270,271,-1,269,271,272,-1,271,273,272,-1,272,273,274,-1,272,274,275,-1,274,276,275,-1,275,276,277,-1,275,277,278,-1,277,279,278,-1,278,279,280,-1,278,280,281,-1,280,282,281,-1,281,282,283,-1,281,283,284,-1,283,285,284,-1,284,285,286,-1,284,286,287,-1,286,288,287,-1,287,288,289,-1,287,289,290,-1,289,291,290,-1,290,291,292,-1,290,292,257,-1,257,292,293,-1,257,293,255,-1,294,295,296,-1,297,298,299,-1,294,296,300,-1,300,296,301,-1,300,301,302,-1,301,303,302,-1,302,303,304,-1,302,304,305,-1,304,306,305,-1,305,306,307,-1,305,307,308,-1,307,309,308,-1,308,309,310,-1,308,310,311,-1,310,312,311,-1,311,312,313,-1,311,313,314,-1,313,315,314,-1,314,315,316,-1,314,316,317,-1,316,318,317,-1,317,318,319,-1,317,319,320,-1,319,321,320,-1,320,321,322,-1,320,322,323,-1,322,324,323,-1,323,324,325,-1,323,325,326,-1,325,327,326,-1,326,327,328,-1,326,328,329,-1,328,330,329,-1,329,330,331,-1,329,331,332,-1,331,333,332,-1,332,333,334,-1,332,334,299,-1,299,334,335,-1,299,335,297,-1,336,337,338,-1,339,340,341,-1,336,338,342,-1,342,338,343,-1,342,343,344,-1,343,345,344,-1,344,345,346,-1,344,346,347,-1,346,348,347,-1,347,348,349,-1,347,349,350,-1,349,351,350,-1,350,351,352,-1,350,352,353,-1,352,354,353,-1,353,354,355,-1,353,355,356,-1,355,357,356,-1,356,357,358,-1,356,358,359,-1,358,360,359,-1,359,360,361,-1,359,361,362,-1,361,363,362,-1,362,363,364,-1,362,364,365,-1,364,366,365,-1,365,366,367,-1,365,367,368,-1,367,369,368,-1,368,369,370,-1,368,370,371,-1,370,372,371,-1,371,372,373,-1,371,373,374,-1,373,375,374,-1,374,375,376,-1,374,376,341,-1,341,376,377,-1,341,377,339,-1,378,379,380,-1,381,382,383,-1,378,380,384,-1,384,380,385,-1,384,385,386,-1,385,387,386,-1,386,387,388,-1,386,388,389,-1,388,390,389,-1,389,390,391,-1,389,391,392,-1,391,393,392,-1,392,393,394,-1,392,394,395,-1,394,396,395,-1,395,396,397,-1,395,397,398,-1,397,399,398,-1,398,399,400,-1,398,400,401,-1,400,402,401,-1,401,402,403,-1,401,403,404,-1,403,405,404,-1,404,405,406,-1,404,406,407,-1,406,408,407,-1,407,408,409,-1,407,409,410,-1,409,411,410,-1,410,411,412,-1,410,412,413,-1,412,414,413,-1,413,414,415,-1,413,415,416,-1,415,417,416,-1,416,417,418,-1,416,418,383,-1,383,418,419,-1,383,419,381,-1,420,421,422,-1,423,424,425,-1,420,422,426,-1,426,422,427,-1,426,427,428,-1,427,429,428,-1,428,429,430,-1,428,430,431,-1,430,432,431,-1,431,432,433,-1,431,433,434,-1,433,435,434,-1,434,435,436,-1,434,436,437,-1,436,438,437,-1,437,438,439,-1,437,439,440,-1,439,441,440,-1,440,441,442,-1,440,442,443,-1,442,444,443,-1,443,444,445,-1,443,445,446,-1,445,447,446,-1,446,447,448,-1,446,448,449,-1,448,450,449,-1,449,450,451,-1,449,451,452,-1,451,453,452,-1,452,453,454,-1,452,454,455,-1,454,456,455,-1,455,456,457,-1,455,457,458,-1,457,459,458,-1,458,459,460,-1,458,460,425,-1,425,460,461,-1,425,461,423,-1,462,463,464,-1,465,466,467,-1,462,464,468,-1,468,464,469,-1,468,469,470,-1,469,471,470,-1,470,471,472,-1,470,472,473,-1,472,474,473,-1,473,474,475,-1,473,475,476,-1,475,477,476,-1,476,477,478,-1,476,478,479,-1,478,480,479,-1,479,480,481,-1,479,481,482,-1,481,483,482,-1,482,483,484,-1,482,484,485,-1,484,486,485,-1,485,486,487,-1,485,487,488,-1,487,489,488,-1,488,489,490,-1,488,490,491,-1,490,492,491,-1,491,492,493,-1,491,493,494,-1,493,495,494,-1,494,495,496,-1,494,496,497,-1,496,498,497,-1,497,498,499,-1,497,499,500,-1,499,501,500,-1,500,501,502,-1,500,502,467,-1,467,502,503,-1,467,503,465,-1,
        ]
    }
}
Shape{
    appearance Appearance {
        material  Material 	{
            diffuseColor 1.0 1.0 1.0
            specularColor 0.5019607843137255 0.5019607843137255 0.5019607843137255
            ambientIntensity 1.0
            transparency 0.0
            shininess 0.5
        }
    }
    geometry IndexedFaceSet {
        ccw TRUE
        solid FALSE
        coord DEF co Coordinate {
            point [
                -4.4094 2.35 4.0239, -4.3482 2.35 4.0239, -4.4094 2.9309 4.0239, -4.3482 3.05 4.0239, -4.4094 3.05 4.0239, -4.4707 2.9457 4.0239, -4.4707 2.8266 4.0239, 4.5217 2.8862 4.0239, 4.5728 2.8862 4.0239, 4.5626 2.9309 4.0239, 4.5013 2.9309 4.0239, 4.5319 2.9904 4.0239, 4.4707 2.9606 4.0239, 4.4809 3.0351 4.0239, 4.4401 2.9755 4.0239, 4.4299 3.05 4.0239, 4.3788 2.9755 4.0239, 4.389 3.05 4.0239, 4.3482 2.9606 4.0239, 4.338 3.0351 4.0239, 4.3176 2.9309 4.0239, 4.2869 2.9904 4.0239, 4.2972 2.8862 4.0239, 4.2563 2.9309 4.0239, 4.2869 2.8415 4.0239, 4.2359 2.8564 4.0239, 4.2767 2.7521 4.0239, 4.2257 2.7521 4.0239, 4.2767 2.7223 4.0239, 4.2257 2.6479 4.0239, 4.2359 2.5436 4.0239, 4.3176 2.6777 4.0239, 4.338 2.7819 4.0239, 4.3482 2.7074 4.0239, 4.389 2.7968 4.0239, 4.3788 2.7223 4.0239, 4.4401 2.7968 4.0239, 4.4503 2.7223 4.0239, 4.4911 2.7819 4.0239, 4.4809 2.7074 4.0239, 4.5422 2.7372 4.0239, 4.5115 2.6777 4.0239, 4.5728 2.6926 4.0239, 4.5319 2.6479 4.0239, 4.5932 2.6181 4.0239, 4.5422 2.6032 4.0239, 4.5932 2.5436 4.0239, 4.5422 2.5585 4.0239, 4.5728 2.4691 4.0239, 4.5319 2.5138 4.0239, 4.5422 2.4096 4.0239, 4.5115 2.4691 4.0239, 4.4911 2.3649 4.0239, 4.4809 2.4394 4.0239, 4.4401 2.35 4.0239, 4.4503 2.4245 4.0239, 4.389 2.35 4.0239, 4.3788 2.4245 4.0239, 4.338 2.3649 4.0239, 4.3482 2.4394 4.0239, 4.2869 2.4096 4.0239, 4.3176 2.4691 4.0239, 4.2563 2.4691 4.0239, 4.2972 2.5138 4.0239, 4.2869 2.5585 4.0239, 4.2869 2.6032 4.0239, 4.2972 2.6479 4.0239, -4.6019 -1.25 4.0239, -4.5494 -1.25 4.0239, -4.6019 -0.6691 4.0239, -4.5494 -0.55 4.0239, -4.6019 -0.55 4.0239, -4.6544 -0.6543 4.0239, -4.6544 -0.7734 4.0239, -4.4707 -0.7138 4.0239, -4.4269 -0.7138 4.0239, -4.4619 -0.6543 4.0239, -4.4094 -0.6691 4.0239, -4.4269 -0.5947 4.0239, -4.3832 -0.6394 4.0239, -4.3919 -0.5649 4.0239, -4.3394 -0.6245 4.0239, -4.2607 -0.6394 4.0239, -4.2432 -0.5649 4.0239, -4.3044 -0.6245 4.0239, -4.2957 -0.55 4.0239, -4.3307 -0.55 4.0239, -4.1644 -1.25 4.0239, -4.1644 -1.1755 4.0239, -4.4794 -1.25 4.0239, -4.4094 -1.1755 4.0239, -4.4794 -1.1755 4.0239, -4.2344 -0.8032 4.0239, -4.1907 -0.8479 4.0239, -4.1732 -0.8032 4.0239, -4.2169 -0.7436 4.0239, -4.1644 -0.7436 4.0239, -4.2169 -0.7138 4.0239, -4.1644 -0.7138 4.0239, -4.2344 -0.6691 4.0239, -4.1732 -0.6543 4.0239, -4.2082 -0.5947 4.0239, 4.2257 -0.55 4.0239, 4.2257 -0.6245 4.0239, 4.5932 -0.55 4.0239, 4.5319 -0.6245 4.0239, 4.5932 -0.6245 4.0239, 4.3278 -1.25 4.0239, 4.389 -1.25 4.0239, -4.575 3.6 10.8489, 4.575 3.6 10.8489, -4.575 3.7399 11.1489, 4.575 3.7399 11.1489
            ]
        }
        coordIndex [
            0,1,2,-1,2,1,3,-1,3,4,2,-1,2,4,5,-1,2,5,6,-1,7,8,9,-1,7,9,10,-1,10,9,11,-1,10,11,12,-1,12,11,13,-1,12,13,14,-1,14,13,15,-1,14,15,16,-1,16,15,17,-1,16,17,18,-1,18,17,19,-1,18,19,20,-1,20,19,21,-1,20,21,22,-1,22,21,23,-1,22,23,24,-1,24,23,25,-1,24,25,26,-1,26,25,27,-1,26,27,28,-1,28,27,29,-1,28,29,30,-1,28,31,32,-1,32,31,33,-1,32,33,34,-1,34,33,35,-1,34,35,36,-1,36,35,37,-1,36,37,38,-1,38,37,39,-1,38,39,40,-1,40,39,41,-1,40,41,42,-1,42,41,43,-1,42,43,44,-1,44,43,45,-1,44,45,46,-1,46,45,47,-1,46,47,48,-1,48,47,49,-1,48,49,50,-1,50,49,51,-1,50,51,52,-1,52,51,53,-1,52,53,54,-1,54,53,55,-1,54,55,56,-1,56,55,57,-1,56,57,58,-1,58,57,59,-1,58,59,60,-1,60,59,61,-1,60,61,62,-1,62,61,63,-1,62,63,30,-1,63,64,30,-1,30,64,65,-1,30,65,28,-1,28,65,66,-1,28,66,31,-1,67,68,69,-1,69,68,70,-1,70,71,69,-1,69,71,72,-1,69,72,73,-1,74,75,76,-1,76,75,77,-1,76,77,78,-1,78,77,79,-1,78,79,80,-1,80,79,81,-1,82,83,84,-1,84,83,85,-1,84,85,81,-1,81,85,86,-1,81,86,80,-1,87,88,89,-1,89,88,90,-1,89,90,91,-1,91,90,92,-1,90,93,92,-1,92,93,94,-1,92,94,95,-1,95,94,96,-1,95,96,97,-1,97,96,98,-1,97,98,99,-1,99,98,100,-1,99,100,82,-1,82,100,101,-1,82,101,83,-1,102,103,104,-1,104,103,105,-1,104,105,106,-1,106,105,107,-1,106,107,108,-1,109,110,111,-1,111,110,112,-1,
        ]
    }
}
Shape{
    appearance Appearance {
        material  Material 	{
            diffuseColor 0.9098039215686274 0.44313725490196076 0.03137254901960784
            specularColor 0.4549019607843137 0.2235294117647059 0.01568627450980392
            ambientIntensity 0.5357
            transparency 0.0
            shininess 0.5
        }
    }
    geometry IndexedFaceSet {
        ccw TRUE
        solid FALSE
        coord DEF co Coordinate {
            point [
                -9.4962 -2.8895 6.3489, -9.53 -2.8286 6.3489, -9.5758 -2.8557 6.3447, -9.6409 -2.6288 6.3489, -9.6997 -2.4876 6.3489, -9.7499 -2.5084 6.3447, -9.7555 -2.3533 6.3489, -9.8211 -2.1266 6.3489, -9.8724 -2.1397 6.3447, -10.205 -1.475 6.049, -10.1888 -1.7834 6.0492, -10.2008 -1.475 6.0994, -10.1846 -1.7829 6.0994, -10.1795 -1.475 6.17, -10.1635 -1.7807 6.17, -10.1417 -1.475 6.2334, -10.1259 -1.7767 6.2334, -10.0895 -1.475 6.2856, -10.074 -1.7713 6.2856, -10.0261 -1.475 6.3234, -10.011 -1.7647 6.3234, -9.9555 -1.475 6.3447, -9.9407 -1.7573 6.3447, -9.9052 -1.475 6.3489, -9.8383 -2.0669 6.3489, -9.8885 -1.7727 6.3489, -9.8897 -1.752 6.3489, -9.3231 -3.1324 6.3489, -9.129 -3.349 6.3489, -9.3141 -3.1424 6.3489, -9.1645 -3.3845 6.3447, -9.3537 -3.1745 6.3447, -9.2145 -3.4345 6.3234, -9.4086 -3.2189 6.3234, -9.2593 -3.4793 6.2856, -9.4578 -3.2588 6.2856, -9.2962 -3.5162 6.2334, -9.4984 -3.2917 6.2334, -9.323 -3.543 6.17, -9.5278 -3.3155 6.17, -9.338 -3.558 6.0994, -9.5443 -3.3288 6.0994, -9.341 -3.561 6.049, -9.5476 -3.3315 6.0492, -9.6365 -2.8919 6.3234, -9.691 -2.9243 6.2856, -9.7358 -2.9509 6.2334, -9.7684 -2.9703 6.17, -9.7866 -2.9811 6.0994, -9.7902 -2.9833 6.0492, -9.8152 -2.5355 6.3234, -9.8737 -2.5597 6.2856, -9.922 -2.5797 6.2334, -9.9569 -2.5942 6.17, -9.9765 -2.6023 6.0994, -9.9804 -2.6039 6.0492, -9.9409 -2.1571 6.3234, -10.0023 -2.1727 6.2856, -10.0529 -2.1856 6.2334, -10.0896 -2.1949 6.17, -10.1101 -2.2001 6.0994, -10.1142 -2.2012 6.0492, -7.836 -5.066 6.049, -7.833 -5.063 6.0994, -7.818 -5.048 6.17, -7.7912 -5.0212 6.2334, -7.7543 -4.9843 6.2856, -7.7095 -4.9395 6.3234, -7.6595 -4.8895 6.3447, -7.624 -4.854 6.3489, -6.3346 -5.565 6.3489, -6.4015 -5.5458 6.3489, -6.4147 -5.5974 6.3447, -6.6213 -5.483 6.3489, -6.7626 -5.4246 6.3489, -6.7834 -5.4749 6.3447, -6.8971 -5.3692 6.3489, -7.1037 -5.2552 6.3489, -7.1307 -5.3008 6.3447, -7.6065 -5.2726 6.0492, -7.6038 -5.2693 6.0994, -7.5905 -5.2528 6.17, -7.5667 -5.2234 6.2334, -7.5338 -5.1828 6.2856, -7.4939 -5.1336 6.3234, -7.4495 -5.0787 6.3447, -7.1581 -5.2252 6.3489, -7.4017 -5.0527 6.3489, -7.4171 -5.0388 6.3489, -6.0404 -5.6143 6.3489, -5.75 -5.6303 6.3489, -6.027 -5.6151 6.3489, -5.75 -5.6805 6.3447, -6.0323 -5.6657 6.3447, -5.75 -5.7511 6.3234, -6.0397 -5.736 6.3234, -5.75 -5.8145 6.2856, -6.0463 -5.799 6.2856, -5.75 -5.8667 6.2334, -6.0517 -5.8509 6.2334, -5.75 -5.9045 6.17, -6.0557 -5.8885 6.17, -5.75 -5.9258 6.0994, -6.0579 -5.9096 6.0994, -5.75 -5.93 6.049, -6.0584 -5.9138 6.0492, -6.4321 -5.6659 6.3234, -6.4477 -5.7273 6.2856, -6.4606 -5.7779 6.2334, -6.4699 -5.8146 6.17, -6.4751 -5.8351 6.0994, -6.4762 -5.8392 6.0492, -6.8105 -5.5402 6.3234, -6.8347 -5.5987 6.2856, -6.8547 -5.647 6.2334, -6.8692 -5.6819 6.17, -6.8773 -5.7015 6.0994, -6.8789 -5.7054 6.0492, -7.1669 -5.3615 6.3234, -7.1993 -5.416 6.2856, -7.2259 -5.4608 6.2334, -7.2453 -5.4934 6.17, -7.2561 -5.5116 6.0994, -7.2583 -5.5152 6.0492, 5.75 -5.93 6.049, 5.75 -5.9258 6.0994, 5.75 -5.9045 6.17, 5.75 -5.8667 6.2334, 5.75 -5.8145 6.2856, 5.75 -5.7511 6.3234, 5.75 -5.6805 6.3447, 5.75 -5.6303 6.3489, 7.1645 -5.2212 6.3489, 7.1036 -5.255 6.3489, 7.1307 -5.3008 6.3447, 6.9038 -5.3659 6.3489, 6.7626 -5.4247 6.3489, 6.7834 -5.4749 6.3447, 6.6283 -5.4805 6.3489, 6.4016 -5.5461 6.3489, 6.4147 -5.5974 6.3447, 6.0584 -5.9138 6.0492, 6.0579 -5.9096 6.0994, 6.0557 -5.8885 6.17, 6.0517 -5.8509 6.2334, 6.0463 -5.799 6.2856, 6.0397 -5.736 6.3234, 6.0323 -5.6657 6.3447, 6.3419 -5.5633 6.3489, 6.0477 -5.6135 6.3489, 6.027 -5.6147 6.3489, 7.4074 -5.0481 6.3489, 7.624 -4.854 6.3489, 7.4174 -5.0391 6.3489, 7.6595 -4.8895 6.3447, 7.4495 -5.0787 6.3447, 7.7095 -4.9395 6.3234, 7.4939 -5.1336 6.3234, 7.7543 -4.9843 6.2856, 7.5338 -5.1828 6.2856, 7.7912 -5.0212 6.2334, 7.5667 -5.2234 6.2334, 7.818 -5.048 6.17, 7.5905 -5.2528 6.17, 7.833 -5.063 6.0994, 7.6038 -5.2693 6.0994, 7.836 -5.066 6.049, 7.6065 -5.2726 6.0492, 7.1669 -5.3615 6.3234, 7.1993 -5.416 6.2856, 7.2259 -5.4608 6.2334, 7.2453 -5.4934 6.17, 7.2561 -5.5116 6.0994, 7.2583 -5.5152 6.0492, 6.8105 -5.5402 6.3234, 6.8347 -5.5987 6.2856, 6.8547 -5.647 6.2334, 6.8692 -5.6819 6.17, 6.8773 -5.7015 6.0994, 6.8789 -5.7054 6.0492, 6.4321 -5.6659 6.3234, 6.4477 -5.7273 6.2856, 6.4606 -5.7779 6.2334, 6.4699 -5.8146 6.17, 6.4751 -5.8351 6.0994, 6.4762 -5.8392 6.0492, 9.341 -3.561 6.049, 9.338 -3.558 6.0994, 9.323 -3.543 6.17, 9.2962 -3.5162 6.2334, 9.2593 -3.4793 6.2856, 9.2145 -3.4345 6.3234, 9.1645 -3.3845 6.3447, 9.129 -3.349 6.3489, 9.84 -2.0596 6.3489, 9.8208 -2.1265 6.3489, 9.8724 -2.1397 6.3447, 9.758 -2.3463 6.3489, 9.6996 -2.4876 6.3489, 9.7499 -2.5084 6.3447, 9.6442 -2.6221 6.3489, 9.5302 -2.8287 6.3489, 9.5758 -2.8557 6.3447, 9.5476 -3.3315 6.0492, 9.5443 -3.3288 6.0994, 9.5278 -3.3155 6.17, 9.4984 -3.2917 6.2334, 9.4578 -3.2588 6.2856, 9.4086 -3.2189 6.3234, 9.3537 -3.1745 6.3447, 9.5002 -2.8831 6.3489, 9.3277 -3.1267 6.3489, 9.3138 -3.1421 6.3489, 9.8893 -1.7654 6.3489, 9.9052 -1.475 6.3489, 9.8901 -1.752 6.3489, 9.9555 -1.475 6.3447, 9.9407 -1.7573 6.3447, 10.0261 -1.475 6.3234, 10.011 -1.7647 6.3234, 10.0895 -1.475 6.2856, 10.074 -1.7713 6.2856, 10.1417 -1.475 6.2334, 10.1259 -1.7767 6.2334, 10.1795 -1.475 6.17, 10.1635 -1.7807 6.17, 10.2008 -1.475 6.0994, 10.1846 -1.7829 6.0994, 10.205 -1.475 6.049, 10.1888 -1.7834 6.0492, 9.9409 -2.1571 6.3234, 10.0023 -2.1727 6.2856, 10.0529 -2.1856 6.2334, 10.0896 -2.1949 6.17, 10.1101 -2.2001 6.0994, 10.1142 -2.2012 6.0492, 9.8152 -2.5355 6.3234, 9.8737 -2.5597 6.2856, 9.922 -2.5797 6.2334, 9.9569 -2.5942 6.17, 9.9765 -2.6023 6.0994, 9.9804 -2.6039 6.0492, 9.6365 -2.8919 6.3234, 9.691 -2.9243 6.2856, 9.7358 -2.9509 6.2334, 9.7684 -2.9703 6.17, 9.7866 -2.9811 6.0994, 9.7902 -2.9833 6.0492, 10.1405 -1.3466 6.2324, 10.1404 -1.3466 6.2325, 10.0695 -1.2942 6.2998, 10.0249 -1.2597 6.3211, 10.205 -1.393 6.049, 10.2038 -1.3921 6.0763, 10.0021 -1.2421 6.332, 9.9969 -1.238 6.3345, 9.9548 -1.2035 6.3411, 9.9544 -1.2032 6.3412, 9.9052 -1.1629 6.3489, 10.0247 -1.2595 6.3212, 10.0879 -1.3078 6.2839, 10.088 -1.3079 6.2839, 10.1295 -1.3387 6.2481, 10.1996 -1.3891 6.0989, 10.1996 -1.3891 6.0991, 10.194 -1.3851 6.1298, 10.1779 -1.3737 6.1692, 10.1779 -1.3737 6.1694, 10.1685 -1.367 6.1925, 10.1295 1.3387 6.248, 10.088 1.3077 6.2838, 10.3075 1.2242 6.2855, 9.9549 1.2035 6.3413, 9.9547 1.2033 6.3414, 9.9911 1.1965 6.3447, 10.2054 1.0687 6.3489, 10.2253 1.0573 6.3489, 10.2483 1.1038 6.3447, 10.7638 0.5212 6.3489, 10.769 0.508 6.3489, 10.8152 0.53 6.3447, 10.3075 -1.2242 6.2855, 10.204 1.3923 6.0732, 10.1994 1.3889 6.0989, 10.3567 1.3241 6.0992, 10.205 1.393 6.049, 10.3567 -1.3241 6.0992, 10.3586 1.3279 6.0489, 10.633 1.1475 6.0992, 10.6357 1.1507 6.0489, 10.8635 0.9142 6.0992, 10.8668 0.9168 6.0489, 11.0368 0.6357 6.0992, 11.0406 0.6376 6.0489, 11.1443 0.3259 6.0992, 11.1485 0.3269 6.0489, 11.1808 -0.0 6.0992, 11.185 -0.0 6.0489, 11.1443 -0.3259 6.0992, 11.1485 -0.3269 6.0489, 11.0368 -0.6357 6.0992, 11.0406 -0.6376 6.0489, 10.8635 -0.9142 6.0992, 10.8668 -0.9168 6.0489, 10.633 -1.1475 6.0992, 10.6357 -1.1507 6.0489, 10.3586 -1.3279 6.0489, 10.3473 -1.305 6.1699, 10.3306 -1.271 6.2333, 10.2795 -1.1673 6.3234, 10.2483 -1.1038 6.3447, 9.9911 -1.1965 6.3447, 9.9784 -1.1439 6.3489, 10.0981 -1.1127 6.3489, 10.2246 -1.0555 6.3489, 10.6708 -0.7621 6.3447, 10.5884 -0.7823 6.3489, 10.4786 -0.9566 6.3447, 10.4446 -0.9196 6.3489, 10.2793 -1.0308 6.3489, 10.7977 -0.4455 6.3489, 10.7666 -0.5066 6.3489, 10.8152 -0.53 6.3447, 10.7075 -0.6226 6.3489, 10.6284 -0.7287 6.3489, 10.8572 -0.2553 6.3489, 10.9049 -0.2717 6.3447, 10.8836 -0.0584 6.3489, 10.9353 -0.0 6.3447, 10.8816 -0.0001 6.3489, 10.8767 0.1409 6.3489, 10.9049 0.2717 6.3447, 10.852 0.2598 6.3489, 10.8364 0.3354 6.3489, 10.6613 0.6913 6.3489, 10.6708 0.7621 6.3447, 10.629 0.7289 6.3489, 10.5313 0.8426 6.3489, 10.4786 0.9566 6.3447, 10.4445 0.9144 6.3489, 10.3782 0.9692 6.3489, 10.019 1.1375 6.3489, 9.9791 1.1464 6.3489, 9.9052 1.1629 6.3489, 10.069 1.2936 6.3002, 10.025 1.2594 6.3209, 10.2795 1.1673 6.3234, 10.0249 1.2593 6.321, 10.0021 1.2417 6.3317, 10.1693 1.3675 6.191, 10.1404 1.3466 6.2324, 10.3306 1.271 6.2333, 10.1404 1.3465 6.2325, 10.1994 1.3889 6.0991, 10.1936 1.3848 6.1309, 10.3473 1.305 6.1699, 10.1781 1.3737 6.1693, 10.178 1.3737 6.1694, 10.5231 -1.0116 6.3234, 10.7263 -0.8059 6.3234, 10.8791 -0.5605 6.3234, 10.9739 -0.2873 6.3234, 11.006 -0.0 6.3234, 10.9739 0.2873 6.3234, 10.8791 0.5605 6.3234, 10.7263 0.8059 6.3234, 10.5231 1.0116 6.3234, 9.9943 1.2356 6.3354, 10.563 -1.0609 6.2855, 10.7761 -0.8452 6.2855, 10.9363 -0.5878 6.2855, 11.0357 -0.3013 6.2855, 11.0694 -0.0 6.2855, 11.0357 0.3013 6.2855, 10.9363 0.5878 6.2855, 10.7761 0.8452 6.2855, 10.563 1.0609 6.2855, 10.5958 -1.1015 6.2333, 10.8171 -0.8775 6.2333, 10.9834 -0.6103 6.2333, 11.0867 -0.3129 6.2333, 11.1216 -0.0 6.2333, 11.0867 0.3129 6.2333, 10.9834 0.6103 6.2333, 10.8171 0.8775 6.2333, 10.5958 1.1015 6.2333, 10.6197 -1.1309 6.1699, 10.8468 -0.901 6.1699, 11.0176 -0.6266 6.1699, 11.1236 -0.3212 6.1699, 11.1595 -0.0 6.1699, 11.1236 0.3212 6.1699, 11.0176 0.6266 6.1699, 10.8468 0.901 6.1699, 10.6197 1.1309 6.1699, 10.205 1.475 6.049, 10.2008 1.475 6.0994, 10.1795 1.475 6.17, 10.1417 1.475 6.2334, 10.0895 1.475 6.2856, 10.0261 1.475 6.3234, 10.088 1.3077 6.2838, 9.9555 1.475 6.3447, 9.9052 1.475 6.3489, 9.4962 2.8895 6.3489, 9.53 2.8286 6.3489, 9.5758 2.8557 6.3447, 9.6409 2.6288 6.3489, 9.6997 2.4876 6.3489, 9.7499 2.5084 6.3447, 9.7555 2.3533 6.3489, 9.8211 2.1266 6.3489, 9.8724 2.1397 6.3447, 10.1888 1.7834 6.0492, 10.1846 1.7829 6.0994, 10.1635 1.7807 6.17, 10.1259 1.7767 6.2334, 10.074 1.7713 6.2856, 10.011 1.7647 6.3234, 9.9407 1.7573 6.3447, 9.8383 2.0669 6.3489, 9.8885 1.7727 6.3489, 9.8897 1.752 6.3489, 9.3231 3.1324 6.3489, 9.129 3.349 6.3489, 9.3141 3.1424 6.3489, 9.1645 3.3845 6.3447, 9.3537 3.1745 6.3447, 9.2145 3.4345 6.3234, 9.4086 3.2189 6.3234, 9.2593 3.4793 6.2856, 9.4578 3.2588 6.2856, 9.2962 3.5162 6.2334, 9.4984 3.2917 6.2334, 9.323 3.543 6.17, 9.5278 3.3155 6.17, 9.338 3.558 6.0994, 9.5443 3.3288 6.0994, 9.341 3.561 6.049, 9.5476 3.3315 6.0492, 9.6365 2.8919 6.3234, 9.691 2.9243 6.2856, 9.7358 2.9509 6.2334, 9.7684 2.9703 6.17, 9.7866 2.9811 6.0994, 9.7902 2.9833 6.0492, 9.8152 2.5355 6.3234, 9.8737 2.5597 6.2856, 9.922 2.5797 6.2334, 9.9569 2.5942 6.17, 9.9765 2.6023 6.0994, 9.9804 2.6039 6.0492, 9.9409 2.1571 6.3234, 10.0023 2.1727 6.2856, 10.0529 2.1856 6.2334, 10.0896 2.1949 6.17, 10.1101 2.2001 6.0994, 10.1142 2.2012 6.0492, 7.836 5.066 6.049, 7.833 5.063 6.0994, 7.818 5.048 6.17, 7.7912 5.0212 6.2334, 7.7543 4.9843 6.2856, 7.7095 4.9395 6.3234, 7.6595 4.8895 6.3447, 7.624 4.854 6.3489, 6.3346 5.565 6.3489, 6.4015 5.5458 6.3489, 6.4147 5.5974 6.3447, 6.6213 5.483 6.3489, 6.7626 5.4246 6.3489, 6.7834 5.4749 6.3447, 6.8971 5.3692 6.3489, 7.1037 5.2552 6.3489, 7.1307 5.3008 6.3447, 7.6065 5.2726 6.0492, 7.6038 5.2693 6.0994, 7.5905 5.2528 6.17, 7.5667 5.2234 6.2334, 7.5338 5.1828 6.2856, 7.4939 5.1336 6.3234, 7.4495 5.0787 6.3447, 7.1581 5.2252 6.3489, 7.4017 5.0527 6.3489, 7.4171 5.0388 6.3489, 6.0404 5.6143 6.3489, 5.75 5.6303 6.3489, 6.027 5.6151 6.3489, 5.75 5.6805 6.3447, 6.0323 5.6657 6.3447, 5.75 5.7511 6.3234, 6.0397 5.736 6.3234, 5.75 5.8145 6.2856, 6.0463 5.799 6.2856, 5.75 5.8667 6.2334, 6.0517 5.8509 6.2334, 5.75 5.9045 6.17, 6.0557 5.8885 6.17, 5.75 5.9258 6.0994, 6.0579 5.9096 6.0994, 5.75 5.93 6.049, 6.0584 5.9138 6.0492, 6.4321 5.6659 6.3234, 6.4477 5.7273 6.2856, 6.4606 5.7779 6.2334, 6.4699 5.8146 6.17, 6.4751 5.8351 6.0994, 6.4762 5.8392 6.0492, 6.8105 5.5402 6.3234, 6.8347 5.5987 6.2856, 6.8547 5.647 6.2334, 6.8692 5.6819 6.17, 6.8773 5.7015 6.0994, 6.8789 5.7054 6.0492, 7.1669 5.3615 6.3234, 7.1993 5.416 6.2856, 7.2259 5.4608 6.2334, 7.2453 5.4934 6.17, 7.2561 5.5116 6.0994, 7.2583 5.5152 6.0492, -5.75 5.93 6.049, -5.75 5.9258 6.0994, -5.75 5.9045 6.17, -5.75 5.8667 6.2334, -5.75 5.8145 6.2856, -5.75 5.7511 6.3234, -5.75 5.6805 6.3447, -5.75 5.6303 6.3489, -7.1645 5.2212 6.3489, -7.1036 5.255 6.3489, -7.1307 5.3008 6.3447, -6.9038 5.3659 6.3489, -6.7626 5.4247 6.3489, -6.7834 5.4749 6.3447, -6.6283 5.4805 6.3489, -6.4016 5.5461 6.3489, -6.4147 5.5974 6.3447, -6.0584 5.9138 6.0492, -6.0579 5.9096 6.0994, -6.0557 5.8885 6.17, -6.0517 5.8509 6.2334, -6.0463 5.799 6.2856, -6.0397 5.736 6.3234, -6.0323 5.6657 6.3447, -6.3419 5.5633 6.3489, -6.0477 5.6135 6.3489, -6.027 5.6147 6.3489, -7.4074 5.0481 6.3489, -7.624 4.854 6.3489, -7.4174 5.0391 6.3489, -7.6595 4.8895 6.3447, -7.4495 5.0787 6.3447, -7.7095 4.9395 6.3234, -7.4939 5.1336 6.3234, -7.7543 4.9843 6.2856, -7.5338 5.1828 6.2856, -7.7912 5.0212 6.2334, -7.5667 5.2234 6.2334, -7.818 5.048 6.17, -7.5905 5.2528 6.17, -7.833 5.063 6.0994, -7.6038 5.2693 6.0994, -7.836 5.066 6.049, -7.6065 5.2726 6.0492, -7.1669 5.3615 6.3234, -7.1993 5.416 6.2856, -7.2259 5.4608 6.2334, -7.2453 5.4934 6.17, -7.2561 5.5116 6.0994, -7.2583 5.5152 6.0492, -6.8105 5.5402 6.3234, -6.8347 5.5987 6.2856, -6.8547 5.647 6.2334, -6.8692 5.6819 6.17, -6.8773 5.7015 6.0994, -6.8789 5.7054 6.0492, -6.4321 5.6659 6.3234, -6.4477 5.7273 6.2856, -6.4606 5.7779 6.2334, -6.4699 5.8146 6.17, -6.4751 5.8351 6.0994, -6.4762 5.8392 6.0492, -9.341 3.561 6.049, -9.338 3.558 6.0994, -9.323 3.543 6.17, -9.2962 3.5162 6.2334, -9.2593 3.4793 6.2856, -9.2145 3.4345 6.3234, -9.1645 3.3845 6.3447, -9.129 3.349 6.3489, -9.84 2.0596 6.3489, -9.8208 2.1265 6.3489, -9.8724 2.1397 6.3447, -9.758 2.3463 6.3489, -9.6996 2.4876 6.3489, -9.7499 2.5084 6.3447, -9.6442 2.6221 6.3489, -9.5302 2.8287 6.3489, -9.5758 2.8557 6.3447, -9.5476 3.3315 6.0492, -9.5443 3.3288 6.0994, -9.5278 3.3155 6.17, -9.4984 3.2917 6.2334, -9.4578 3.2588 6.2856, -9.4086 3.2189 6.3234, -9.3537 3.1745 6.3447, -9.5002 2.8831 6.3489, -9.3277 3.1267 6.3489, -9.3138 3.1421 6.3489, -9.8893 1.7654 6.3489, -9.9052 1.475 6.3489, -9.8901 1.752 6.3489, -9.9555 1.475 6.3447, -9.9407 1.7573 6.3447, -10.0261 1.475 6.3234, -10.011 1.7647 6.3234, -10.0895 1.475 6.2856, -10.074 1.7713 6.2856, -10.1417 1.475 6.2334, -10.1259 1.7767 6.2334, -10.1795 1.475 6.17, -10.1635 1.7807 6.17, -10.2008 1.475 6.0994, -10.1846 1.7829 6.0994, -10.205 1.475 6.049, -10.1888 1.7834 6.0492, -9.9409 2.1571 6.3234, -10.0023 2.1727 6.2856, -10.0529 2.1856 6.2334, -10.0896 2.1949 6.17, -10.1101 2.2001 6.0994, -10.1142 2.2012 6.0492, -9.8152 2.5355 6.3234, -9.8737 2.5597 6.2856, -9.922 2.5797 6.2334, -9.9569 2.5942 6.17, -9.9765 2.6023 6.0994, -9.9804 2.6039 6.0492, -9.6365 2.8919 6.3234, -9.691 2.9243 6.2856, -9.7358 2.9509 6.2334, -9.7684 2.9703 6.17, -9.7866 2.9811 6.0994, -9.7902 2.9833 6.0492, -10.1405 1.3466 6.2324, -10.1404 1.3466 6.2325, -10.0695 1.2942 6.2998, -10.0249 1.2597 6.3211, -10.205 1.393 6.049, -10.2038 1.3921 6.0763, -10.0021 1.2421 6.332, -9.9969 1.238 6.3345, -9.9548 1.2035 6.3411, -9.9544 1.2032 6.3412, -9.9052 1.1629 6.3489, -10.0247 1.2595 6.3212, -10.0879 1.3078 6.2839, -10.088 1.3079 6.2839, -10.1295 1.3387 6.2481, -10.1996 1.3891 6.0989, -10.1996 1.3891 6.0991, -10.194 1.3851 6.1298, -10.1779 1.3737 6.1692, -10.1779 1.3737 6.1694, -10.1685 1.367 6.1925, -10.7638 -0.5212 6.3489, -10.769 -0.508 6.3489, -10.8152 -0.53 6.3447, -10.3075 1.2242 6.2855, -10.204 -1.3923 6.0732, -10.1994 -1.3889 6.0989, -10.3567 -1.3241 6.0992, -10.1295 -1.3387 6.248, -10.088 -1.3077 6.2838, -10.3075 -1.2242 6.2855, -9.9549 -1.2035 6.3413, -9.9547 -1.2033 6.3414, -9.9911 -1.1965 6.3447, -9.9052 -1.1629 6.3489, -10.069 -1.2936 6.3002, -10.025 -1.2594 6.3209, -10.2795 -1.1673 6.3234, -10.0249 -1.2593 6.321, -10.0021 -1.2417 6.3317, -10.1693 -1.3675 6.191, -10.1404 -1.3466 6.2324, -10.3306 -1.271 6.2333, -10.1404 -1.3465 6.2325, -10.1994 -1.3889 6.0991, -10.1936 -1.3848 6.1309, -10.3473 -1.305 6.1699, -10.1781 -1.3737 6.1693, -10.178 -1.3737 6.1694, -10.205 -1.393 6.049, -10.3567 1.3241 6.0992, -10.3586 -1.3279 6.0489, -10.633 -1.1475 6.0992, -10.6357 -1.1507 6.0489, -10.8635 -0.9142 6.0992, -10.8668 -0.9168 6.0489, -11.0368 -0.6357 6.0992, -11.0406 -0.6376 6.0489, -11.1443 -0.3259 6.0992, -11.1485 -0.3269 6.0489, -11.1808 0.0 6.0992, -11.185 0.0 6.0489, -11.1443 0.3259 6.0992, -11.1485 0.3269 6.0489, -11.0368 0.6357 6.0992, -11.0406 0.6376 6.0489, -10.8635 0.9142 6.0992, -10.8668 0.9168 6.0489, -10.633 1.1475 6.0992, -10.6357 1.1507 6.0489, -10.3586 1.3279 6.0489, -10.3473 1.305 6.1699, -10.3306 1.271 6.2333, -10.2795 1.1673 6.3234, -10.2483 1.1038 6.3447, -9.9911 1.1965 6.3447, -9.9784 1.1439 6.3489, -10.0981 1.1127 6.3489, -10.2246 1.0555 6.3489, -10.6708 0.7621 6.3447, -10.5884 0.7823 6.3489, -10.4786 0.9566 6.3447, -10.4446 0.9196 6.3489, -10.2793 1.0308 6.3489, -10.7977 0.4455 6.3489, -10.7666 0.5066 6.3489, -10.8152 0.53 6.3447, -10.7075 0.6226 6.3489, -10.6284 0.7287 6.3489, -10.8572 0.2553 6.3489, -10.9049 0.2717 6.3447, -10.8836 0.0584 6.3489, -10.9353 0.0 6.3447, -10.8816 0.0001 6.3489, -10.8767 -0.1409 6.3489, -10.9049 -0.2717 6.3447, -10.852 -0.2598 6.3489, -10.8364 -0.3354 6.3489, -10.6613 -0.6913 6.3489, -10.6708 -0.7621 6.3447, -10.629 -0.7289 6.3489, -10.5313 -0.8426 6.3489, -10.4786 -0.9566 6.3447, -10.4445 -0.9144 6.3489, -10.2483 -1.1038 6.3447, -10.2253 -1.0573 6.3489, -10.3782 -0.9692 6.3489, -9.9791 -1.1464 6.3489, -10.019 -1.1375 6.3489, -10.2054 -1.0687 6.3489, -10.5231 1.0116 6.3234, -10.7263 0.8059 6.3234, -10.8791 0.5605 6.3234, -10.9739 0.2873 6.3234, -11.006 0.0 6.3234, -10.9739 -0.2873 6.3234, -10.8791 -0.5605 6.3234, -10.7263 -0.8059 6.3234, -10.5231 -1.0116 6.3234, -9.9943 -1.2356 6.3354, -10.563 1.0609 6.2855, -10.7761 0.8452 6.2855, -10.9363 0.5878 6.2855, -11.0357 0.3013 6.2855, -11.0694 0.0 6.2855, -11.0357 -0.3013 6.2855, -10.9363 -0.5878 6.2855, -10.7761 -0.8452 6.2855, -10.563 -1.0609 6.2855, -10.5958 1.1015 6.2333, -10.8171 0.8775 6.2333, -10.9834 0.6103 6.2333, -11.0867 0.3129 6.2333, -11.1216 0.0 6.2333, -11.0867 -0.3129 6.2333, -10.9834 -0.6103 6.2333, -10.8171 -0.8775 6.2333, -10.5958 -1.1015 6.2333, -10.6197 1.1309 6.1699, -10.8468 0.901 6.1699, -11.0176 0.6266 6.1699, -11.1236 0.3212 6.1699, -11.1595 0.0 6.1699, -11.1236 -0.3212 6.1699, -11.0176 -0.6266 6.1699, -10.8468 -0.901 6.1699, -10.6197 -1.1309 6.1699, -10.088 -1.3077 6.2838, -10.7281 -0.0627 6.3489, -10.7237 -0.0916 6.3489, -10.6758 -0.0874 6.3447, -10.4296 -0.725 6.3489, -10.3946 -0.7542 6.3489, -10.3626 -0.7195 6.3447, -8.7466 -0.3634 6.3489, -8.7395 -0.338 6.3489, -8.785 -0.3219 6.3447, -10.43 -0.0 6.0489, -10.4342 -0.0 6.0992, -10.4313 -0.0654 6.0992, -10.4271 -0.065 6.0489, -10.3933 -0.2409 6.0992, -10.3893 -0.2395 6.0489, -10.3136 -0.4017 6.0992, -10.3101 -0.3994 6.0489, -10.197 -0.5383 6.0992, -10.1941 -0.5351 6.0489, -10.0506 -0.6422 6.0992, -10.0486 -0.6384 6.0489, -9.8832 -0.7071 6.0992, -9.8821 -0.703 6.0489, -9.705 -0.7292 6.0992, -9.705 -0.725 6.0489, -9.5268 -0.7071 6.0992, -9.5279 -0.703 6.0489, -9.3594 -0.6422 6.0992, -9.3614 -0.6384 6.0489, -9.213 -0.5383 6.0992, -9.2159 -0.5351 6.0489, -9.0964 -0.4017 6.0992, -9.0999 -0.3994 6.0489, -9.0167 -0.2409 6.0992, -9.0207 -0.2395 6.0489, -8.9787 -0.0654 6.0992, -8.9829 -0.065 6.0489, -8.9758 0.0 6.0992, -8.98 0.0 6.0489, -8.7303 0.0 6.3447, -8.7342 -0.0874 6.3447, -8.68 0.0 6.3489, -8.6882 -0.0915 6.3489, -8.6967 -0.1851 6.3489, -8.8278 -0.5306 6.3489, -8.8915 -0.537 6.3447, -8.8517 -0.5631 6.3489, -8.9376 -0.6796 6.3489, -9.0474 -0.7195 6.3447, -9.0162 -0.7537 6.3489, -9.2431 -0.8584 6.3447, -9.2197 -0.9019 6.3489, -9.073 -0.8071 6.3489, -9.4668 -0.9452 6.3447, -9.4003 -0.9788 6.3489, -9.2284 -0.9075 6.3489, -9.7671 -1.0232 6.3489, -9.7051 -1.0213 6.3489, -9.705 -0.9747 6.3447, -9.5812 -1.0176 6.3489, -9.4553 -0.9906 6.3489, -9.9501 -0.9954 6.3489, -9.9432 -0.9452 6.3447, -10.1257 -0.9347 6.3489, -10.1669 -0.8584 6.3447, -10.1888 -0.8992 6.3489, -10.2872 -0.8438 6.3489, -10.5486 -0.5826 6.3489, -10.5185 -0.537 6.3447, -10.5591 -0.5639 6.3489, -10.6395 -0.4212 6.3489, -10.625 -0.3219 6.3447, -10.6686 -0.3372 6.3489, -10.7003 -0.2456 6.3489, -10.73 -0.0 6.3489, -10.6797 -0.0 6.3447, -10.609 -0.0 6.3234, -10.5456 -0.0 6.2855, -10.6054 -0.081 6.3234, -10.4934 -0.0 6.2333, -10.5422 -0.0754 6.2855, -10.4555 -0.0 6.1699, -10.4902 -0.0707 6.2333, -10.4525 -0.0673 6.1699, -10.4134 -0.2479 6.1699, -10.3313 -0.4134 6.1699, -10.2113 -0.5539 6.1699, -10.0606 -0.6609 6.1699, -9.8884 -0.7277 6.1699, -9.705 -0.7505 6.1699, -9.5216 -0.7277 6.1699, -9.3494 -0.6609 6.1699, -9.1987 -0.5539 6.1699, -9.0787 -0.4134 6.1699, -8.9966 -0.2479 6.1699, -8.9575 -0.0673 6.1699, -8.9545 0.0 6.1699, -10.4491 -0.2604 6.2333, -10.3629 -0.4343 6.2333, -10.2369 -0.5819 6.2333, -10.0786 -0.6942 6.2333, -9.8976 -0.7645 6.2333, -9.705 -0.7884 6.2333, -9.5124 -0.7645 6.2333, -9.3314 -0.6942 6.2333, -9.1731 -0.5819 6.2333, -9.0471 -0.4343 6.2333, -8.9609 -0.2604 6.2333, -8.9198 -0.0707 6.2333, -8.9166 0.0 6.2333, -10.4984 -0.2776 6.2855, -10.4065 -0.4631 6.2855, -10.2721 -0.6205 6.2855, -10.1033 -0.7402 6.2855, -9.9104 -0.8151 6.2855, -9.705 -0.8406 6.2855, -9.4996 -0.8151 6.2855, -9.3067 -0.7402 6.2855, -9.1379 -0.6205 6.2855, -9.0035 -0.4631 6.2855, -8.9116 -0.2776 6.2855, -8.8678 -0.0754 6.2855, -8.8644 0.0 6.2855, -10.5583 -0.2986 6.3234, -10.4595 -0.498 6.3234, -10.3149 -0.6673 6.3234, -10.1334 -0.7961 6.3234, -9.9259 -0.8766 6.3234, -9.705 -0.904 6.3234, -9.4841 -0.8766 6.3234, -9.2766 -0.7961 6.3234, -9.0951 -0.6673 6.3234, -8.9505 -0.498 6.3234, -8.8517 -0.2986 6.3234, -8.8046 -0.081 6.3234, -8.801 0.0 6.3234, -8.6819 0.0627 6.3489, -8.6863 0.0916 6.3489, -8.7342 0.0874 6.3447, -8.9804 0.725 6.3489, -9.0154 0.7542 6.3489, -9.0474 0.7195 6.3447, -10.6634 0.3634 6.3489, -10.6705 0.338 6.3489, -10.625 0.3219 6.3447, -8.9787 0.0654 6.0992, -8.9829 0.065 6.0489, -9.0167 0.2409 6.0992, -9.0207 0.2395 6.0489, -9.0964 0.4017 6.0992, -9.0999 0.3994 6.0489, -9.213 0.5383 6.0992, -9.2159 0.5351 6.0489, -9.3594 0.6422 6.0992, -9.3614 0.6384 6.0489, -9.5268 0.7071 6.0992, -9.5279 0.703 6.0489, -9.705 0.7292 6.0992, -9.705 0.725 6.0489, -9.8832 0.7071 6.0992, -9.8821 0.703 6.0489, -10.0506 0.6422 6.0992, -10.0486 0.6384 6.0489, -10.197 0.5383 6.0992, -10.1941 0.5351 6.0489, -10.3136 0.4017 6.0992, -10.3101 0.3994 6.0489, -10.3933 0.2409 6.0992, -10.3893 0.2395 6.0489, -10.4313 0.0654 6.0992, -10.4271 0.065 6.0489, -10.6758 0.0874 6.3447, -10.7218 0.0915 6.3489, -10.7133 0.1851 6.3489, -10.5822 0.5306 6.3489, -10.5185 0.537 6.3447, -10.5583 0.5631 6.3489, -10.4724 0.6796 6.3489, -10.3626 0.7195 6.3447, -10.3938 0.7537 6.3489, -10.1669 0.8584 6.3447, -10.1903 0.9019 6.3489, -10.337 0.8071 6.3489, -9.9432 0.9452 6.3447, -10.0097 0.9788 6.3489, -10.1816 0.9075 6.3489, -9.6429 1.0232 6.3489, -9.7049 1.0213 6.3489, -9.705 0.9747 6.3447, -9.8288 1.0176 6.3489, -9.9547 0.9906 6.3489, -9.4599 0.9954 6.3489, -9.4668 0.9452 6.3447, -9.2843 0.9347 6.3489, -9.2431 0.8584 6.3447, -9.2212 0.8992 6.3489, -9.1228 0.8438 6.3489, -8.8614 0.5826 6.3489, -8.8915 0.537 6.3447, -8.8509 0.5639 6.3489, -8.7705 0.4212 6.3489, -8.785 0.3219 6.3447, -8.7414 0.3372 6.3489, -8.7097 0.2456 6.3489, -8.8046 0.081 6.3234, -8.8678 0.0754 6.2855, -8.9198 0.0707 6.2333, -8.9575 0.0673 6.1699, -8.9966 0.2479 6.1699, -9.0787 0.4134 6.1699, -9.1987 0.5539 6.1699, -9.3494 0.6609 6.1699, -9.5216 0.7277 6.1699, -9.705 0.7505 6.1699, -9.8884 0.7277 6.1699, -10.0606 0.6609 6.1699, -10.2113 0.5539 6.1699, -10.3313 0.4134 6.1699, -10.4134 0.2479 6.1699, -10.4525 0.0673 6.1699, -8.9609 0.2604 6.2333, -9.0471 0.4343 6.2333, -9.1731 0.5819 6.2333, -9.3314 0.6942 6.2333, -9.5124 0.7645 6.2333, -9.705 0.7884 6.2333, -9.8976 0.7645 6.2333, -10.0786 0.6942 6.2333, -10.2369 0.5819 6.2333, -10.3629 0.4343 6.2333, -10.4491 0.2604 6.2333, -10.4902 0.0707 6.2333, -8.9116 0.2776 6.2855, -9.0035 0.4631 6.2855, -9.1379 0.6205 6.2855, -9.3067 0.7402 6.2855, -9.4996 0.8151 6.2855, -9.705 0.8406 6.2855, -9.9104 0.8151 6.2855, -10.1033 0.7402 6.2855, -10.2721 0.6205 6.2855, -10.4065 0.4631 6.2855, -10.4984 0.2776 6.2855, -10.5422 0.0754 6.2855, -8.8517 0.2986 6.3234, -8.9505 0.498 6.3234, -9.0951 0.6673 6.3234, -9.2766 0.7961 6.3234, -9.4841 0.8766 6.3234, -9.705 0.904 6.3234, -9.9259 0.8766 6.3234, -10.1334 0.7961 6.3234, -10.3149 0.6673 6.3234, -10.4595 0.498 6.3234, -10.5583 0.2986 6.3234, -10.6054 0.081 6.3234, 10.7281 0.0627 6.3489, 10.7237 0.0916 6.3489, 10.6758 0.0874 6.3447, 10.4296 0.725 6.3489, 10.3946 0.7542 6.3489, 10.3626 0.7195 6.3447, 8.7466 0.3634 6.3489, 8.7395 0.338 6.3489, 8.785 0.3219 6.3447, 10.43 0.0 6.0489, 10.4342 0.0 6.0992, 10.4313 0.0654 6.0992, 10.4271 0.065 6.0489, 10.3933 0.2409 6.0992, 10.3893 0.2395 6.0489, 10.3136 0.4017 6.0992, 10.3101 0.3994 6.0489, 10.197 0.5383 6.0992, 10.1941 0.5351 6.0489, 10.0506 0.6422 6.0992, 10.0486 0.6384 6.0489, 9.8832 0.7071 6.0992, 9.8821 0.703 6.0489, 9.705 0.7292 6.0992, 9.705 0.725 6.0489, 9.5268 0.7071 6.0992, 9.5279 0.703 6.0489, 9.3594 0.6422 6.0992, 9.3614 0.6384 6.0489, 9.213 0.5383 6.0992, 9.2159 0.5351 6.0489, 9.0964 0.4017 6.0992, 9.0999 0.3994 6.0489, 9.0167 0.2409 6.0992, 9.0207 0.2395 6.0489, 8.9787 0.0654 6.0992, 8.9829 0.065 6.0489, 8.9758 -0.0 6.0992, 8.98 -0.0 6.0489, 8.7303 -0.0 6.3447, 8.7342 0.0874 6.3447, 8.68 -0.0 6.3489, 8.6882 0.0915 6.3489, 8.6967 0.1851 6.3489, 8.8278 0.5306 6.3489, 8.8915 0.537 6.3447, 8.8517 0.5631 6.3489, 8.9376 0.6796 6.3489, 9.0474 0.7195 6.3447, 9.0162 0.7537 6.3489, 9.2431 0.8584 6.3447, 9.2197 0.9019 6.3489, 9.073 0.8071 6.3489, 9.4668 0.9452 6.3447, 9.4003 0.9788 6.3489, 9.2284 0.9075 6.3489, 9.7671 1.0232 6.3489, 9.7051 1.0213 6.3489, 9.705 0.9747 6.3447, 9.5812 1.0176 6.3489, 9.4553 0.9906 6.3489, 9.9501 0.9954 6.3489, 9.9432 0.9452 6.3447, 10.1257 0.9347 6.3489, 10.1669 0.8584 6.3447, 10.1888 0.8992 6.3489, 10.2872 0.8438 6.3489, 10.5486 0.5826 6.3489, 10.5185 0.537 6.3447, 10.5591 0.5639 6.3489, 10.6395 0.4212 6.3489, 10.625 0.3219 6.3447, 10.6686 0.3372 6.3489, 10.7003 0.2456 6.3489, 10.73 0.0 6.3489, 10.6797 0.0 6.3447, 10.609 0.0 6.3234, 10.5456 0.0 6.2855, 10.6054 0.081 6.3234, 10.4934 0.0 6.2333, 10.5422 0.0754 6.2855, 10.4555 0.0 6.1699, 10.4902 0.0707 6.2333, 10.4525 0.0673 6.1699, 10.4134 0.2479 6.1699, 10.3313 0.4134 6.1699, 10.2113 0.5539 6.1699, 10.0606 0.6609 6.1699, 9.8884 0.7277 6.1699, 9.705 0.7505 6.1699, 9.5216 0.7277 6.1699, 9.3494 0.6609 6.1699, 9.1987 0.5539 6.1699, 9.0787 0.4134 6.1699, 8.9966 0.2479 6.1699, 8.9575 0.0673 6.1699, 8.9545 -0.0 6.1699, 10.4491 0.2604 6.2333, 10.3629 0.4343 6.2333, 10.2369 0.5819 6.2333, 10.0786 0.6942 6.2333, 9.8976 0.7645 6.2333, 9.705 0.7884 6.2333, 9.5124 0.7645 6.2333, 9.3314 0.6942 6.2333, 9.1731 0.5819 6.2333, 9.0471 0.4343 6.2333, 8.9609 0.2604 6.2333, 8.9198 0.0707 6.2333, 8.9166 -0.0 6.2333, 10.4984 0.2776 6.2855, 10.4065 0.4631 6.2855, 10.2721 0.6205 6.2855, 10.1033 0.7402 6.2855, 9.9104 0.8151 6.2855, 9.705 0.8406 6.2855, 9.4996 0.8151 6.2855, 9.3067 0.7402 6.2855, 9.1379 0.6205 6.2855, 9.0035 0.4631 6.2855, 8.9116 0.2776 6.2855, 8.8678 0.0754 6.2855, 8.8644 -0.0 6.2855, 10.5583 0.2986 6.3234, 10.4595 0.498 6.3234, 10.3149 0.6673 6.3234, 10.1334 0.7961 6.3234, 9.9259 0.8766 6.3234, 9.705 0.904 6.3234, 9.4841 0.8766 6.3234, 9.2766 0.7961 6.3234, 9.0951 0.6673 6.3234, 8.9505 0.498 6.3234, 8.8517 0.2986 6.3234, 8.8046 0.081 6.3234, 8.801 -0.0 6.3234, 8.6819 -0.0627 6.3489, 8.6863 -0.0916 6.3489, 8.7342 -0.0874 6.3447, 8.9804 -0.725 6.3489, 9.0154 -0.7542 6.3489, 9.0474 -0.7195 6.3447, 10.6634 -0.3634 6.3489, 10.6705 -0.338 6.3489, 10.625 -0.3219 6.3447, 8.9787 -0.0654 6.0992, 8.9829 -0.065 6.0489, 9.0167 -0.2409 6.0992, 9.0207 -0.2395 6.0489, 9.0964 -0.4017 6.0992, 9.0999 -0.3994 6.0489, 9.213 -0.5383 6.0992, 9.2159 -0.5351 6.0489, 9.3594 -0.6422 6.0992, 9.3614 -0.6384 6.0489, 9.5268 -0.7071 6.0992, 9.5279 -0.703 6.0489, 9.705 -0.7292 6.0992, 9.705 -0.725 6.0489, 9.8832 -0.7071 6.0992, 9.8821 -0.703 6.0489, 10.0506 -0.6422 6.0992, 10.0486 -0.6384 6.0489, 10.197 -0.5383 6.0992, 10.1941 -0.5351 6.0489, 10.3136 -0.4017 6.0992, 10.3101 -0.3994 6.0489, 10.3933 -0.2409 6.0992, 10.3893 -0.2395 6.0489, 10.4313 -0.0654 6.0992, 10.4271 -0.065 6.0489, 10.6758 -0.0874 6.3447, 10.7218 -0.0915 6.3489, 10.7133 -0.1851 6.3489, 10.5822 -0.5306 6.3489, 10.5185 -0.537 6.3447, 10.5583 -0.5631 6.3489, 10.4724 -0.6796 6.3489, 10.3626 -0.7195 6.3447, 10.3938 -0.7537 6.3489, 10.1669 -0.8584 6.3447, 10.1903 -0.9019 6.3489, 10.337 -0.8071 6.3489, 9.9432 -0.9452 6.3447, 10.0097 -0.9788 6.3489, 10.1816 -0.9075 6.3489, 9.6429 -1.0232 6.3489, 9.7049 -1.0213 6.3489, 9.705 -0.9747 6.3447, 9.8288 -1.0176 6.3489, 9.9547 -0.9906 6.3489, 9.4599 -0.9954 6.3489, 9.4668 -0.9452 6.3447, 9.2843 -0.9347 6.3489, 9.2431 -0.8584 6.3447, 9.2212 -0.8992 6.3489, 9.1228 -0.8438 6.3489, 8.8614 -0.5826 6.3489, 8.8915 -0.537 6.3447, 8.8509 -0.5639 6.3489, 8.7705 -0.4212 6.3489, 8.785 -0.3219 6.3447, 8.7414 -0.3372 6.3489, 8.7097 -0.2456 6.3489, 8.8046 -0.081 6.3234, 8.8678 -0.0754 6.2855, 8.9198 -0.0707 6.2333, 8.9575 -0.0673 6.1699, 8.9966 -0.2479 6.1699, 9.0787 -0.4134 6.1699, 9.1987 -0.5539 6.1699, 9.3494 -0.6609 6.1699, 9.5216 -0.7277 6.1699, 9.705 -0.7505 6.1699, 9.8884 -0.7277 6.1699, 10.0606 -0.6609 6.1699, 10.2113 -0.5539 6.1699, 10.3313 -0.4134 6.1699, 10.4134 -0.2479 6.1699, 10.4525 -0.0673 6.1699, 8.9609 -0.2604 6.2333, 9.0471 -0.4343 6.2333, 9.1731 -0.5819 6.2333, 9.3314 -0.6942 6.2333, 9.5124 -0.7645 6.2333, 9.705 -0.7884 6.2333, 9.8976 -0.7645 6.2333, 10.0786 -0.6942 6.2333, 10.2369 -0.5819 6.2333, 10.3629 -0.4343 6.2333, 10.4491 -0.2604 6.2333, 10.4902 -0.0707 6.2333, 8.9116 -0.2776 6.2855, 9.0035 -0.4631 6.2855, 9.1379 -0.6205 6.2855, 9.3067 -0.7402 6.2855, 9.4996 -0.8151 6.2855, 9.705 -0.8406 6.2855, 9.9104 -0.8151 6.2855, 10.1033 -0.7402 6.2855, 10.2721 -0.6205 6.2855, 10.4065 -0.4631 6.2855, 10.4984 -0.2776 6.2855, 10.5422 -0.0754 6.2855, 8.8517 -0.2986 6.3234, 8.9505 -0.498 6.3234, 9.0951 -0.6673 6.3234, 9.2766 -0.7961 6.3234, 9.4841 -0.8766 6.3234, 9.705 -0.904 6.3234, 9.9259 -0.8766 6.3234, 10.1334 -0.7961 6.3234, 10.3149 -0.6673 6.3234, 10.4595 -0.498 6.3234, 10.5583 -0.2986 6.3234, 10.6054 -0.081 6.3234
            ]
        }
        coordIndex [
            0,1,2,-1,3,4,5,-1,6,7,8,-1,9,10,11,-1,11,10,12,-1,11,12,13,-1,13,12,14,-1,13,14,15,-1,15,14,16,-1,15,16,17,-1,17,16,18,-1,17,18,19,-1,19,18,20,-1,19,20,21,-1,21,20,22,-1,21,22,23,-1,24,25,22,-1,22,25,26,-1,22,26,23,-1,0,2,27,-1,28,29,30,-1,30,29,31,-1,30,31,32,-1,32,31,33,-1,32,33,34,-1,34,33,35,-1,34,35,36,-1,36,35,37,-1,36,37,38,-1,38,37,39,-1,38,39,40,-1,40,39,41,-1,40,41,42,-1,42,41,43,-1,29,27,31,-1,31,27,2,-1,31,2,33,-1,33,2,44,-1,33,44,35,-1,35,44,45,-1,35,45,37,-1,37,45,46,-1,37,46,39,-1,39,46,47,-1,39,47,41,-1,41,47,48,-1,41,48,43,-1,43,48,49,-1,1,3,2,-1,2,3,5,-1,2,5,44,-1,44,5,50,-1,44,50,45,-1,45,50,51,-1,45,51,46,-1,46,51,52,-1,46,52,47,-1,47,52,53,-1,47,53,48,-1,48,53,54,-1,48,54,49,-1,49,54,55,-1,4,6,5,-1,5,6,8,-1,5,8,50,-1,50,8,56,-1,50,56,51,-1,51,56,57,-1,51,57,52,-1,52,57,58,-1,52,58,53,-1,53,58,59,-1,53,59,54,-1,54,59,60,-1,54,60,55,-1,55,60,61,-1,7,24,8,-1,8,24,22,-1,8,22,56,-1,56,22,20,-1,56,20,57,-1,57,20,18,-1,57,18,58,-1,58,18,16,-1,58,16,59,-1,59,16,14,-1,59,14,60,-1,60,14,12,-1,60,12,61,-1,61,12,10,-1,42,62,63,-1,42,63,40,-1,40,63,64,-1,40,64,38,-1,38,64,65,-1,38,65,36,-1,36,65,66,-1,36,66,34,-1,34,66,67,-1,34,67,32,-1,32,67,68,-1,32,68,30,-1,30,68,69,-1,30,69,28,-1,70,71,72,-1,73,74,75,-1,76,77,78,-1,62,79,63,-1,63,79,80,-1,63,80,64,-1,64,80,81,-1,64,81,65,-1,65,81,82,-1,65,82,66,-1,66,82,83,-1,66,83,67,-1,67,83,84,-1,67,84,68,-1,68,84,85,-1,68,85,69,-1,86,87,85,-1,85,87,88,-1,85,88,69,-1,70,72,89,-1,90,91,92,-1,92,91,93,-1,92,93,94,-1,94,93,95,-1,94,95,96,-1,96,95,97,-1,96,97,98,-1,98,97,99,-1,98,99,100,-1,100,99,101,-1,100,101,102,-1,102,101,103,-1,102,103,104,-1,104,103,105,-1,91,89,93,-1,93,89,72,-1,93,72,95,-1,95,72,106,-1,95,106,97,-1,97,106,107,-1,97,107,99,-1,99,107,108,-1,99,108,101,-1,101,108,109,-1,101,109,103,-1,103,109,110,-1,103,110,105,-1,105,110,111,-1,71,73,72,-1,72,73,75,-1,72,75,106,-1,106,75,112,-1,106,112,107,-1,107,112,113,-1,107,113,108,-1,108,113,114,-1,108,114,109,-1,109,114,115,-1,109,115,110,-1,110,115,116,-1,110,116,111,-1,111,116,117,-1,74,76,75,-1,75,76,78,-1,75,78,112,-1,112,78,118,-1,112,118,113,-1,113,118,119,-1,113,119,114,-1,114,119,120,-1,114,120,115,-1,115,120,121,-1,115,121,116,-1,116,121,122,-1,116,122,117,-1,117,122,123,-1,77,86,78,-1,78,86,85,-1,78,85,118,-1,118,85,84,-1,118,84,119,-1,119,84,83,-1,119,83,120,-1,120,83,82,-1,120,82,121,-1,121,82,81,-1,121,81,122,-1,122,81,80,-1,122,80,123,-1,123,80,79,-1,104,124,125,-1,104,125,102,-1,102,125,126,-1,102,126,100,-1,100,126,127,-1,100,127,98,-1,98,127,128,-1,98,128,96,-1,96,128,129,-1,96,129,94,-1,94,129,130,-1,94,130,92,-1,92,130,131,-1,92,131,90,-1,132,133,134,-1,135,136,137,-1,138,139,140,-1,124,141,125,-1,125,141,142,-1,125,142,126,-1,126,142,143,-1,126,143,127,-1,127,143,144,-1,127,144,128,-1,128,144,145,-1,128,145,129,-1,129,145,146,-1,129,146,130,-1,130,146,147,-1,130,147,131,-1,148,149,147,-1,147,149,150,-1,147,150,131,-1,132,134,151,-1,152,153,154,-1,154,153,155,-1,154,155,156,-1,156,155,157,-1,156,157,158,-1,158,157,159,-1,158,159,160,-1,160,159,161,-1,160,161,162,-1,162,161,163,-1,162,163,164,-1,164,163,165,-1,164,165,166,-1,166,165,167,-1,153,151,155,-1,155,151,134,-1,155,134,157,-1,157,134,168,-1,157,168,159,-1,159,168,169,-1,159,169,161,-1,161,169,170,-1,161,170,163,-1,163,170,171,-1,163,171,165,-1,165,171,172,-1,165,172,167,-1,167,172,173,-1,133,135,134,-1,134,135,137,-1,134,137,168,-1,168,137,174,-1,168,174,169,-1,169,174,175,-1,169,175,170,-1,170,175,176,-1,170,176,171,-1,171,176,177,-1,171,177,172,-1,172,177,178,-1,172,178,173,-1,173,178,179,-1,136,138,137,-1,137,138,140,-1,137,140,174,-1,174,140,180,-1,174,180,175,-1,175,180,181,-1,175,181,176,-1,176,181,182,-1,176,182,177,-1,177,182,183,-1,177,183,178,-1,178,183,184,-1,178,184,179,-1,179,184,185,-1,139,148,140,-1,140,148,147,-1,140,147,180,-1,180,147,146,-1,180,146,181,-1,181,146,145,-1,181,145,182,-1,182,145,144,-1,182,144,183,-1,183,144,143,-1,183,143,184,-1,184,143,142,-1,184,142,185,-1,185,142,141,-1,166,186,187,-1,166,187,164,-1,164,187,188,-1,164,188,162,-1,162,188,189,-1,162,189,160,-1,160,189,190,-1,160,190,158,-1,158,190,191,-1,158,191,156,-1,156,191,192,-1,156,192,154,-1,154,192,193,-1,154,193,152,-1,194,195,196,-1,197,198,199,-1,200,201,202,-1,186,203,187,-1,187,203,204,-1,187,204,188,-1,188,204,205,-1,188,205,189,-1,189,205,206,-1,189,206,190,-1,190,206,207,-1,190,207,191,-1,191,207,208,-1,191,208,192,-1,192,208,209,-1,192,209,193,-1,210,211,209,-1,209,211,212,-1,209,212,193,-1,194,196,213,-1,214,215,216,-1,216,215,217,-1,216,217,218,-1,218,217,219,-1,218,219,220,-1,220,219,221,-1,220,221,222,-1,222,221,223,-1,222,223,224,-1,224,223,225,-1,224,225,226,-1,226,225,227,-1,226,227,228,-1,228,227,229,-1,215,213,217,-1,217,213,196,-1,217,196,219,-1,219,196,230,-1,219,230,221,-1,221,230,231,-1,221,231,223,-1,223,231,232,-1,223,232,225,-1,225,232,233,-1,225,233,227,-1,227,233,234,-1,227,234,229,-1,229,234,235,-1,195,197,196,-1,196,197,199,-1,196,199,230,-1,230,199,236,-1,230,236,231,-1,231,236,237,-1,231,237,232,-1,232,237,238,-1,232,238,233,-1,233,238,239,-1,233,239,234,-1,234,239,240,-1,234,240,235,-1,235,240,241,-1,198,200,199,-1,199,200,202,-1,199,202,236,-1,236,202,242,-1,236,242,237,-1,237,242,243,-1,237,243,238,-1,238,243,244,-1,238,244,239,-1,239,244,245,-1,239,245,240,-1,240,245,246,-1,240,246,241,-1,241,246,247,-1,201,210,202,-1,202,210,209,-1,202,209,242,-1,242,209,208,-1,242,208,243,-1,243,208,207,-1,243,207,244,-1,244,207,206,-1,244,206,245,-1,245,206,205,-1,245,205,246,-1,246,205,204,-1,246,204,247,-1,247,204,203,-1,248,249,222,-1,250,251,218,-1,228,252,226,-1,226,252,253,-1,254,255,216,-1,216,255,256,-1,216,256,214,-1,214,256,257,-1,214,257,258,-1,218,251,216,-1,216,251,259,-1,216,259,254,-1,250,218,260,-1,260,218,220,-1,260,220,261,-1,222,249,220,-1,220,249,262,-1,220,262,261,-1,253,263,226,-1,226,263,264,-1,226,264,224,-1,224,264,265,-1,265,266,224,-1,224,266,267,-1,224,267,222,-1,222,267,268,-1,222,268,248,-1,269,270,271,-1,272,273,274,-1,275,276,277,-1,278,279,280,-1,250,260,281,-1,282,283,284,-1,282,284,285,-1,264,263,286,-1,286,263,253,-1,285,284,287,-1,287,284,288,-1,287,288,289,-1,289,288,290,-1,289,290,291,-1,291,290,292,-1,291,292,293,-1,293,292,294,-1,293,294,295,-1,295,294,296,-1,295,296,297,-1,297,296,298,-1,297,298,299,-1,299,298,300,-1,299,300,301,-1,301,300,302,-1,301,302,303,-1,303,302,304,-1,303,304,305,-1,305,304,286,-1,305,286,306,-1,306,286,253,-1,306,253,252,-1,267,266,307,-1,307,266,265,-1,307,265,264,-1,249,248,308,-1,308,248,268,-1,308,268,267,-1,260,261,281,-1,281,261,262,-1,281,262,249,-1,254,259,309,-1,309,259,251,-1,309,251,250,-1,310,311,254,-1,257,256,311,-1,311,256,255,-1,311,255,254,-1,258,257,312,-1,312,257,311,-1,312,311,313,-1,313,311,310,-1,313,310,314,-1,315,316,317,-1,317,316,318,-1,317,318,310,-1,310,318,319,-1,310,319,314,-1,320,321,322,-1,322,321,323,-1,322,323,315,-1,315,323,324,-1,315,324,316,-1,320,322,325,-1,325,322,326,-1,325,326,327,-1,327,326,328,-1,327,328,329,-1,329,328,330,-1,330,328,331,-1,330,331,332,-1,280,279,331,-1,331,279,333,-1,331,333,332,-1,278,280,334,-1,334,280,335,-1,334,335,336,-1,336,335,337,-1,337,335,338,-1,337,338,339,-1,277,276,338,-1,338,276,340,-1,338,340,339,-1,275,277,341,-1,341,277,274,-1,341,274,342,-1,342,274,273,-1,342,273,343,-1,344,345,346,-1,346,345,347,-1,346,347,348,-1,349,350,351,-1,351,350,352,-1,353,354,355,-1,355,354,356,-1,355,356,357,-1,254,309,310,-1,310,309,358,-1,310,358,317,-1,317,358,359,-1,317,359,315,-1,315,359,360,-1,315,360,322,-1,322,360,361,-1,322,361,326,-1,326,361,362,-1,326,362,328,-1,328,362,363,-1,328,363,331,-1,331,363,364,-1,331,364,280,-1,280,364,365,-1,280,365,335,-1,335,365,366,-1,335,366,338,-1,338,366,346,-1,338,346,277,-1,277,346,348,-1,277,348,274,-1,274,348,367,-1,274,367,272,-1,250,281,309,-1,309,281,368,-1,309,368,358,-1,358,368,369,-1,358,369,359,-1,359,369,370,-1,359,370,360,-1,360,370,371,-1,360,371,361,-1,361,371,372,-1,361,372,362,-1,362,372,373,-1,362,373,363,-1,363,373,374,-1,363,374,364,-1,364,374,375,-1,364,375,365,-1,365,375,376,-1,365,376,366,-1,366,376,271,-1,366,271,346,-1,346,271,270,-1,346,270,344,-1,249,308,281,-1,281,308,377,-1,281,377,368,-1,368,377,378,-1,368,378,369,-1,369,378,379,-1,369,379,370,-1,370,379,380,-1,370,380,371,-1,371,380,381,-1,371,381,372,-1,372,381,382,-1,372,382,373,-1,373,382,383,-1,373,383,374,-1,374,383,384,-1,374,384,375,-1,375,384,385,-1,375,385,376,-1,376,385,351,-1,376,351,271,-1,271,351,352,-1,271,352,269,-1,267,307,308,-1,308,307,386,-1,308,386,377,-1,377,386,387,-1,377,387,378,-1,378,387,388,-1,378,388,379,-1,379,388,389,-1,379,389,380,-1,380,389,390,-1,380,390,381,-1,381,390,391,-1,381,391,382,-1,382,391,392,-1,382,392,383,-1,383,392,393,-1,383,393,384,-1,384,393,394,-1,384,394,385,-1,385,394,355,-1,385,355,351,-1,351,355,357,-1,351,357,349,-1,264,286,307,-1,307,286,304,-1,307,304,386,-1,386,304,302,-1,386,302,387,-1,387,302,300,-1,387,300,388,-1,388,300,298,-1,388,298,389,-1,389,298,296,-1,389,296,390,-1,390,296,294,-1,390,294,391,-1,391,294,292,-1,391,292,392,-1,392,292,290,-1,392,290,393,-1,393,290,288,-1,393,288,394,-1,394,288,284,-1,394,284,355,-1,355,284,283,-1,355,283,353,-1,285,395,282,-1,282,395,396,-1,282,396,283,-1,357,356,397,-1,397,356,354,-1,397,354,396,-1,396,354,353,-1,396,353,283,-1,357,397,349,-1,349,397,398,-1,349,398,350,-1,399,269,398,-1,398,269,352,-1,398,352,350,-1,400,344,399,-1,399,344,401,-1,399,401,269,-1,402,272,367,-1,367,348,402,-1,402,348,347,-1,402,347,400,-1,400,347,345,-1,400,345,344,-1,272,402,273,-1,273,402,403,-1,273,403,343,-1,404,405,406,-1,407,408,409,-1,410,411,412,-1,395,413,396,-1,396,413,414,-1,396,414,397,-1,397,414,415,-1,397,415,398,-1,398,415,416,-1,398,416,399,-1,399,416,417,-1,399,417,400,-1,400,417,418,-1,400,418,402,-1,402,418,419,-1,402,419,403,-1,420,421,419,-1,419,421,422,-1,419,422,403,-1,404,406,423,-1,424,425,426,-1,426,425,427,-1,426,427,428,-1,428,427,429,-1,428,429,430,-1,430,429,431,-1,430,431,432,-1,432,431,433,-1,432,433,434,-1,434,433,435,-1,434,435,436,-1,436,435,437,-1,436,437,438,-1,438,437,439,-1,425,423,427,-1,427,423,406,-1,427,406,429,-1,429,406,440,-1,429,440,431,-1,431,440,441,-1,431,441,433,-1,433,441,442,-1,433,442,435,-1,435,442,443,-1,435,443,437,-1,437,443,444,-1,437,444,439,-1,439,444,445,-1,405,407,406,-1,406,407,409,-1,406,409,440,-1,440,409,446,-1,440,446,441,-1,441,446,447,-1,441,447,442,-1,442,447,448,-1,442,448,443,-1,443,448,449,-1,443,449,444,-1,444,449,450,-1,444,450,445,-1,445,450,451,-1,408,410,409,-1,409,410,412,-1,409,412,446,-1,446,412,452,-1,446,452,447,-1,447,452,453,-1,447,453,448,-1,448,453,454,-1,448,454,449,-1,449,454,455,-1,449,455,450,-1,450,455,456,-1,450,456,451,-1,451,456,457,-1,411,420,412,-1,412,420,419,-1,412,419,452,-1,452,419,418,-1,452,418,453,-1,453,418,417,-1,453,417,454,-1,454,417,416,-1,454,416,455,-1,455,416,415,-1,455,415,456,-1,456,415,414,-1,456,414,457,-1,457,414,413,-1,438,458,459,-1,438,459,436,-1,436,459,460,-1,436,460,434,-1,434,460,461,-1,434,461,432,-1,432,461,462,-1,432,462,430,-1,430,462,463,-1,430,463,428,-1,428,463,464,-1,428,464,426,-1,426,464,465,-1,426,465,424,-1,466,467,468,-1,469,470,471,-1,472,473,474,-1,458,475,459,-1,459,475,476,-1,459,476,460,-1,460,476,477,-1,460,477,461,-1,461,477,478,-1,461,478,462,-1,462,478,479,-1,462,479,463,-1,463,479,480,-1,463,480,464,-1,464,480,481,-1,464,481,465,-1,482,483,481,-1,481,483,484,-1,481,484,465,-1,466,468,485,-1,486,487,488,-1,488,487,489,-1,488,489,490,-1,490,489,491,-1,490,491,492,-1,492,491,493,-1,492,493,494,-1,494,493,495,-1,494,495,496,-1,496,495,497,-1,496,497,498,-1,498,497,499,-1,498,499,500,-1,500,499,501,-1,487,485,489,-1,489,485,468,-1,489,468,491,-1,491,468,502,-1,491,502,493,-1,493,502,503,-1,493,503,495,-1,495,503,504,-1,495,504,497,-1,497,504,505,-1,497,505,499,-1,499,505,506,-1,499,506,501,-1,501,506,507,-1,467,469,468,-1,468,469,471,-1,468,471,502,-1,502,471,508,-1,502,508,503,-1,503,508,509,-1,503,509,504,-1,504,509,510,-1,504,510,505,-1,505,510,511,-1,505,511,506,-1,506,511,512,-1,506,512,507,-1,507,512,513,-1,470,472,471,-1,471,472,474,-1,471,474,508,-1,508,474,514,-1,508,514,509,-1,509,514,515,-1,509,515,510,-1,510,515,516,-1,510,516,511,-1,511,516,517,-1,511,517,512,-1,512,517,518,-1,512,518,513,-1,513,518,519,-1,473,482,474,-1,474,482,481,-1,474,481,514,-1,514,481,480,-1,514,480,515,-1,515,480,479,-1,515,479,516,-1,516,479,478,-1,516,478,517,-1,517,478,477,-1,517,477,518,-1,518,477,476,-1,518,476,519,-1,519,476,475,-1,500,520,521,-1,500,521,498,-1,498,521,522,-1,498,522,496,-1,496,522,523,-1,496,523,494,-1,494,523,524,-1,494,524,492,-1,492,524,525,-1,492,525,490,-1,490,525,526,-1,490,526,488,-1,488,526,527,-1,488,527,486,-1,528,529,530,-1,531,532,533,-1,534,535,536,-1,520,537,521,-1,521,537,538,-1,521,538,522,-1,522,538,539,-1,522,539,523,-1,523,539,540,-1,523,540,524,-1,524,540,541,-1,524,541,525,-1,525,541,542,-1,525,542,526,-1,526,542,543,-1,526,543,527,-1,544,545,543,-1,543,545,546,-1,543,546,527,-1,528,530,547,-1,548,549,550,-1,550,549,551,-1,550,551,552,-1,552,551,553,-1,552,553,554,-1,554,553,555,-1,554,555,556,-1,556,555,557,-1,556,557,558,-1,558,557,559,-1,558,559,560,-1,560,559,561,-1,560,561,562,-1,562,561,563,-1,549,547,551,-1,551,547,530,-1,551,530,553,-1,553,530,564,-1,553,564,555,-1,555,564,565,-1,555,565,557,-1,557,565,566,-1,557,566,559,-1,559,566,567,-1,559,567,561,-1,561,567,568,-1,561,568,563,-1,563,568,569,-1,529,531,530,-1,530,531,533,-1,530,533,564,-1,564,533,570,-1,564,570,565,-1,565,570,571,-1,565,571,566,-1,566,571,572,-1,566,572,567,-1,567,572,573,-1,567,573,568,-1,568,573,574,-1,568,574,569,-1,569,574,575,-1,532,534,533,-1,533,534,536,-1,533,536,570,-1,570,536,576,-1,570,576,571,-1,571,576,577,-1,571,577,572,-1,572,577,578,-1,572,578,573,-1,573,578,579,-1,573,579,574,-1,574,579,580,-1,574,580,575,-1,575,580,581,-1,535,544,536,-1,536,544,543,-1,536,543,576,-1,576,543,542,-1,576,542,577,-1,577,542,541,-1,577,541,578,-1,578,541,540,-1,578,540,579,-1,579,540,539,-1,579,539,580,-1,580,539,538,-1,580,538,581,-1,581,538,537,-1,562,582,583,-1,562,583,560,-1,560,583,584,-1,560,584,558,-1,558,584,585,-1,558,585,556,-1,556,585,586,-1,556,586,554,-1,554,586,587,-1,554,587,552,-1,552,587,588,-1,552,588,550,-1,550,588,589,-1,550,589,548,-1,590,591,592,-1,593,594,595,-1,596,597,598,-1,582,599,583,-1,583,599,600,-1,583,600,584,-1,584,600,601,-1,584,601,585,-1,585,601,602,-1,585,602,586,-1,586,602,603,-1,586,603,587,-1,587,603,604,-1,587,604,588,-1,588,604,605,-1,588,605,589,-1,606,607,605,-1,605,607,608,-1,605,608,589,-1,590,592,609,-1,610,611,612,-1,612,611,613,-1,612,613,614,-1,614,613,615,-1,614,615,616,-1,616,615,617,-1,616,617,618,-1,618,617,619,-1,618,619,620,-1,620,619,621,-1,620,621,622,-1,622,621,623,-1,622,623,624,-1,624,623,625,-1,611,609,613,-1,613,609,592,-1,613,592,615,-1,615,592,626,-1,615,626,617,-1,617,626,627,-1,617,627,619,-1,619,627,628,-1,619,628,621,-1,621,628,629,-1,621,629,623,-1,623,629,630,-1,623,630,625,-1,625,630,631,-1,591,593,592,-1,592,593,595,-1,592,595,626,-1,626,595,632,-1,626,632,627,-1,627,632,633,-1,627,633,628,-1,628,633,634,-1,628,634,629,-1,629,634,635,-1,629,635,630,-1,630,635,636,-1,630,636,631,-1,631,636,637,-1,594,596,595,-1,595,596,598,-1,595,598,632,-1,632,598,638,-1,632,638,633,-1,633,638,639,-1,633,639,634,-1,634,639,640,-1,634,640,635,-1,635,640,641,-1,635,641,636,-1,636,641,642,-1,636,642,637,-1,637,642,643,-1,597,606,598,-1,598,606,605,-1,598,605,638,-1,638,605,604,-1,638,604,639,-1,639,604,603,-1,639,603,640,-1,640,603,602,-1,640,602,641,-1,641,602,601,-1,641,601,642,-1,642,601,600,-1,642,600,643,-1,643,600,599,-1,644,645,618,-1,646,647,614,-1,624,648,622,-1,622,648,649,-1,650,651,612,-1,612,651,652,-1,612,652,610,-1,610,652,653,-1,610,653,654,-1,614,647,612,-1,612,647,655,-1,612,655,650,-1,646,614,656,-1,656,614,616,-1,656,616,657,-1,618,645,616,-1,616,645,658,-1,616,658,657,-1,649,659,622,-1,622,659,660,-1,622,660,620,-1,620,660,661,-1,661,662,620,-1,620,662,663,-1,620,663,618,-1,618,663,664,-1,618,664,644,-1,665,666,667,-1,646,656,668,-1,669,670,671,-1,672,673,674,-1,675,676,677,-1,677,676,678,-1,679,680,681,-1,681,680,682,-1,681,682,683,-1,684,685,686,-1,686,685,687,-1,688,689,690,-1,690,689,691,-1,690,691,692,-1,669,671,693,-1,660,659,694,-1,694,659,649,-1,693,671,695,-1,695,671,696,-1,695,696,697,-1,697,696,698,-1,697,698,699,-1,699,698,700,-1,699,700,701,-1,701,700,702,-1,701,702,703,-1,703,702,704,-1,703,704,705,-1,705,704,706,-1,705,706,707,-1,707,706,708,-1,707,708,709,-1,709,708,710,-1,709,710,711,-1,711,710,712,-1,711,712,713,-1,713,712,694,-1,713,694,714,-1,714,694,649,-1,714,649,648,-1,663,662,715,-1,715,662,661,-1,715,661,660,-1,645,644,716,-1,716,644,664,-1,716,664,663,-1,656,657,668,-1,668,657,658,-1,668,658,645,-1,650,655,717,-1,717,655,647,-1,717,647,646,-1,718,719,650,-1,653,652,719,-1,719,652,651,-1,719,651,650,-1,654,653,720,-1,720,653,719,-1,720,719,721,-1,721,719,718,-1,721,718,722,-1,723,724,725,-1,725,724,726,-1,725,726,718,-1,718,726,727,-1,718,727,722,-1,728,729,730,-1,730,729,731,-1,730,731,723,-1,723,731,732,-1,723,732,724,-1,728,730,733,-1,733,730,734,-1,733,734,735,-1,735,734,736,-1,735,736,737,-1,737,736,738,-1,738,736,739,-1,738,739,740,-1,667,666,739,-1,739,666,741,-1,739,741,740,-1,665,667,742,-1,742,667,743,-1,742,743,744,-1,744,743,745,-1,745,743,746,-1,745,746,747,-1,748,749,746,-1,746,749,750,-1,746,750,747,-1,678,751,677,-1,677,751,752,-1,677,752,748,-1,748,752,753,-1,748,753,749,-1,650,717,718,-1,718,717,754,-1,718,754,725,-1,725,754,755,-1,725,755,723,-1,723,755,756,-1,723,756,730,-1,730,756,757,-1,730,757,734,-1,734,757,758,-1,734,758,736,-1,736,758,759,-1,736,759,739,-1,739,759,760,-1,739,760,667,-1,667,760,761,-1,667,761,743,-1,743,761,762,-1,743,762,746,-1,746,762,681,-1,746,681,748,-1,748,681,683,-1,748,683,677,-1,677,683,763,-1,677,763,675,-1,646,668,717,-1,717,668,764,-1,717,764,754,-1,754,764,765,-1,754,765,755,-1,755,765,766,-1,755,766,756,-1,756,766,767,-1,756,767,757,-1,757,767,768,-1,757,768,758,-1,758,768,769,-1,758,769,759,-1,759,769,770,-1,759,770,760,-1,760,770,771,-1,760,771,761,-1,761,771,772,-1,761,772,762,-1,762,772,674,-1,762,674,681,-1,681,674,673,-1,681,673,679,-1,645,716,668,-1,668,716,773,-1,668,773,764,-1,764,773,774,-1,764,774,765,-1,765,774,775,-1,765,775,766,-1,766,775,776,-1,766,776,767,-1,767,776,777,-1,767,777,768,-1,768,777,778,-1,768,778,769,-1,769,778,779,-1,769,779,770,-1,770,779,780,-1,770,780,771,-1,771,780,781,-1,771,781,772,-1,772,781,686,-1,772,686,674,-1,674,686,687,-1,674,687,672,-1,663,715,716,-1,716,715,782,-1,716,782,773,-1,773,782,783,-1,773,783,774,-1,774,783,784,-1,774,784,775,-1,775,784,785,-1,775,785,776,-1,776,785,786,-1,776,786,777,-1,777,786,787,-1,777,787,778,-1,778,787,788,-1,778,788,779,-1,779,788,789,-1,779,789,780,-1,780,789,790,-1,780,790,781,-1,781,790,690,-1,781,690,686,-1,686,690,692,-1,686,692,684,-1,660,694,715,-1,715,694,712,-1,715,712,782,-1,782,712,710,-1,782,710,783,-1,783,710,708,-1,783,708,784,-1,784,708,706,-1,784,706,785,-1,785,706,704,-1,785,704,786,-1,786,704,702,-1,786,702,787,-1,787,702,700,-1,787,700,788,-1,788,700,698,-1,788,698,789,-1,789,698,696,-1,789,696,790,-1,790,696,671,-1,790,671,690,-1,690,671,670,-1,690,670,688,-1,693,9,669,-1,669,9,11,-1,669,11,670,-1,692,691,13,-1,13,691,689,-1,13,689,11,-1,11,689,688,-1,11,688,670,-1,692,13,684,-1,684,13,15,-1,684,15,685,-1,17,672,15,-1,15,672,687,-1,15,687,685,-1,19,679,17,-1,17,679,791,-1,17,791,672,-1,21,675,763,-1,763,683,21,-1,21,683,682,-1,21,682,19,-1,19,682,680,-1,19,680,679,-1,675,21,676,-1,676,21,23,-1,676,23,678,-1,792,793,794,-1,795,796,797,-1,798,799,800,-1,801,802,803,-1,801,803,804,-1,804,803,805,-1,804,805,806,-1,806,805,807,-1,806,807,808,-1,808,807,809,-1,808,809,810,-1,810,809,811,-1,810,811,812,-1,812,811,813,-1,812,813,814,-1,814,813,815,-1,814,815,816,-1,816,815,817,-1,816,817,818,-1,818,817,819,-1,818,819,820,-1,820,819,821,-1,820,821,822,-1,822,821,823,-1,822,823,824,-1,824,823,825,-1,824,825,826,-1,826,825,827,-1,826,827,828,-1,828,827,829,-1,828,829,830,-1,831,832,833,-1,833,832,834,-1,800,799,832,-1,832,799,835,-1,832,835,834,-1,798,800,836,-1,836,800,837,-1,836,837,838,-1,838,837,839,-1,839,837,840,-1,839,840,841,-1,842,843,840,-1,840,843,844,-1,840,844,841,-1,845,846,842,-1,842,846,847,-1,842,847,843,-1,848,849,850,-1,850,849,851,-1,850,851,845,-1,845,851,852,-1,845,852,846,-1,848,850,853,-1,853,850,854,-1,853,854,855,-1,855,854,856,-1,855,856,857,-1,797,796,856,-1,856,796,858,-1,856,858,857,-1,795,797,859,-1,859,797,860,-1,859,860,861,-1,861,860,862,-1,862,860,863,-1,862,863,864,-1,794,793,863,-1,863,793,865,-1,863,865,864,-1,866,792,867,-1,867,792,794,-1,867,794,868,-1,869,868,870,-1,871,869,872,-1,873,871,874,-1,802,873,875,-1,802,875,803,-1,803,875,876,-1,803,876,805,-1,805,876,877,-1,805,877,807,-1,807,877,878,-1,807,878,809,-1,809,878,879,-1,809,879,811,-1,811,879,880,-1,811,880,813,-1,813,880,881,-1,813,881,815,-1,815,881,882,-1,815,882,817,-1,817,882,883,-1,817,883,819,-1,819,883,884,-1,819,884,821,-1,821,884,885,-1,821,885,823,-1,823,885,886,-1,823,886,825,-1,825,886,887,-1,825,887,827,-1,827,887,888,-1,827,888,829,-1,873,874,875,-1,875,874,889,-1,875,889,876,-1,876,889,890,-1,876,890,877,-1,877,890,891,-1,877,891,878,-1,878,891,892,-1,878,892,879,-1,879,892,893,-1,879,893,880,-1,880,893,894,-1,880,894,881,-1,881,894,895,-1,881,895,882,-1,882,895,896,-1,882,896,883,-1,883,896,897,-1,883,897,884,-1,884,897,898,-1,884,898,885,-1,885,898,899,-1,885,899,886,-1,886,899,900,-1,886,900,887,-1,887,900,901,-1,887,901,888,-1,871,872,874,-1,874,872,902,-1,874,902,889,-1,889,902,903,-1,889,903,890,-1,890,903,904,-1,890,904,891,-1,891,904,905,-1,891,905,892,-1,892,905,906,-1,892,906,893,-1,893,906,907,-1,893,907,894,-1,894,907,908,-1,894,908,895,-1,895,908,909,-1,895,909,896,-1,896,909,910,-1,896,910,897,-1,897,910,911,-1,897,911,898,-1,898,911,912,-1,898,912,899,-1,899,912,913,-1,899,913,900,-1,900,913,914,-1,900,914,901,-1,869,870,872,-1,872,870,915,-1,872,915,902,-1,902,915,916,-1,902,916,903,-1,903,916,917,-1,903,917,904,-1,904,917,918,-1,904,918,905,-1,905,918,919,-1,905,919,906,-1,906,919,920,-1,906,920,907,-1,907,920,921,-1,907,921,908,-1,908,921,922,-1,908,922,909,-1,909,922,923,-1,909,923,910,-1,910,923,924,-1,910,924,911,-1,911,924,925,-1,911,925,912,-1,912,925,926,-1,912,926,913,-1,913,926,927,-1,913,927,914,-1,868,794,870,-1,870,794,863,-1,870,863,915,-1,915,863,860,-1,915,860,916,-1,916,860,797,-1,916,797,917,-1,917,797,856,-1,917,856,918,-1,918,856,854,-1,918,854,919,-1,919,854,850,-1,919,850,920,-1,920,850,845,-1,920,845,921,-1,921,845,842,-1,921,842,922,-1,922,842,840,-1,922,840,923,-1,923,840,837,-1,923,837,924,-1,924,837,800,-1,924,800,925,-1,925,800,832,-1,925,832,926,-1,926,832,831,-1,926,831,927,-1,928,929,930,-1,931,932,933,-1,934,935,936,-1,830,829,937,-1,830,937,938,-1,938,937,939,-1,938,939,940,-1,940,939,941,-1,940,941,942,-1,942,941,943,-1,942,943,944,-1,944,943,945,-1,944,945,946,-1,946,945,947,-1,946,947,948,-1,948,947,949,-1,948,949,950,-1,950,949,951,-1,950,951,952,-1,952,951,953,-1,952,953,954,-1,954,953,955,-1,954,955,956,-1,956,955,957,-1,956,957,958,-1,958,957,959,-1,958,959,960,-1,960,959,961,-1,960,961,962,-1,962,961,802,-1,962,802,801,-1,867,963,866,-1,866,963,964,-1,936,935,963,-1,963,935,965,-1,963,965,964,-1,934,936,966,-1,966,936,967,-1,966,967,968,-1,968,967,969,-1,969,967,970,-1,969,970,971,-1,972,973,970,-1,970,973,974,-1,970,974,971,-1,975,976,972,-1,972,976,977,-1,972,977,973,-1,978,979,980,-1,980,979,981,-1,980,981,975,-1,975,981,982,-1,975,982,976,-1,978,980,983,-1,983,980,984,-1,983,984,985,-1,985,984,986,-1,985,986,987,-1,933,932,986,-1,986,932,988,-1,986,988,987,-1,931,933,989,-1,989,933,990,-1,989,990,991,-1,991,990,992,-1,992,990,993,-1,992,993,994,-1,930,929,993,-1,993,929,995,-1,993,995,994,-1,833,928,831,-1,831,928,930,-1,831,930,927,-1,914,927,996,-1,901,914,997,-1,888,901,998,-1,829,888,999,-1,829,999,937,-1,937,999,1000,-1,937,1000,939,-1,939,1000,1001,-1,939,1001,941,-1,941,1001,1002,-1,941,1002,943,-1,943,1002,1003,-1,943,1003,945,-1,945,1003,1004,-1,945,1004,947,-1,947,1004,1005,-1,947,1005,949,-1,949,1005,1006,-1,949,1006,951,-1,951,1006,1007,-1,951,1007,953,-1,953,1007,1008,-1,953,1008,955,-1,955,1008,1009,-1,955,1009,957,-1,957,1009,1010,-1,957,1010,959,-1,959,1010,1011,-1,959,1011,961,-1,961,1011,873,-1,961,873,802,-1,888,998,999,-1,999,998,1012,-1,999,1012,1000,-1,1000,1012,1013,-1,1000,1013,1001,-1,1001,1013,1014,-1,1001,1014,1002,-1,1002,1014,1015,-1,1002,1015,1003,-1,1003,1015,1016,-1,1003,1016,1004,-1,1004,1016,1017,-1,1004,1017,1005,-1,1005,1017,1018,-1,1005,1018,1006,-1,1006,1018,1019,-1,1006,1019,1007,-1,1007,1019,1020,-1,1007,1020,1008,-1,1008,1020,1021,-1,1008,1021,1009,-1,1009,1021,1022,-1,1009,1022,1010,-1,1010,1022,1023,-1,1010,1023,1011,-1,1011,1023,871,-1,1011,871,873,-1,901,997,998,-1,998,997,1024,-1,998,1024,1012,-1,1012,1024,1025,-1,1012,1025,1013,-1,1013,1025,1026,-1,1013,1026,1014,-1,1014,1026,1027,-1,1014,1027,1015,-1,1015,1027,1028,-1,1015,1028,1016,-1,1016,1028,1029,-1,1016,1029,1017,-1,1017,1029,1030,-1,1017,1030,1018,-1,1018,1030,1031,-1,1018,1031,1019,-1,1019,1031,1032,-1,1019,1032,1020,-1,1020,1032,1033,-1,1020,1033,1021,-1,1021,1033,1034,-1,1021,1034,1022,-1,1022,1034,1035,-1,1022,1035,1023,-1,1023,1035,869,-1,1023,869,871,-1,914,996,997,-1,997,996,1036,-1,997,1036,1024,-1,1024,1036,1037,-1,1024,1037,1025,-1,1025,1037,1038,-1,1025,1038,1026,-1,1026,1038,1039,-1,1026,1039,1027,-1,1027,1039,1040,-1,1027,1040,1028,-1,1028,1040,1041,-1,1028,1041,1029,-1,1029,1041,1042,-1,1029,1042,1030,-1,1030,1042,1043,-1,1030,1043,1031,-1,1031,1043,1044,-1,1031,1044,1032,-1,1032,1044,1045,-1,1032,1045,1033,-1,1033,1045,1046,-1,1033,1046,1034,-1,1034,1046,1047,-1,1034,1047,1035,-1,1035,1047,868,-1,1035,868,869,-1,927,930,996,-1,996,930,993,-1,996,993,1036,-1,1036,993,990,-1,1036,990,1037,-1,1037,990,933,-1,1037,933,1038,-1,1038,933,986,-1,1038,986,1039,-1,1039,986,984,-1,1039,984,1040,-1,1040,984,980,-1,1040,980,1041,-1,1041,980,975,-1,1041,975,1042,-1,1042,975,972,-1,1042,972,1043,-1,1043,972,970,-1,1043,970,1044,-1,1044,970,967,-1,1044,967,1045,-1,1045,967,936,-1,1045,936,1046,-1,1046,936,963,-1,1046,963,1047,-1,1047,963,867,-1,1047,867,868,-1,1048,1049,1050,-1,1051,1052,1053,-1,1054,1055,1056,-1,1057,1058,1059,-1,1057,1059,1060,-1,1060,1059,1061,-1,1060,1061,1062,-1,1062,1061,1063,-1,1062,1063,1064,-1,1064,1063,1065,-1,1064,1065,1066,-1,1066,1065,1067,-1,1066,1067,1068,-1,1068,1067,1069,-1,1068,1069,1070,-1,1070,1069,1071,-1,1070,1071,1072,-1,1072,1071,1073,-1,1072,1073,1074,-1,1074,1073,1075,-1,1074,1075,1076,-1,1076,1075,1077,-1,1076,1077,1078,-1,1078,1077,1079,-1,1078,1079,1080,-1,1080,1079,1081,-1,1080,1081,1082,-1,1082,1081,1083,-1,1082,1083,1084,-1,1084,1083,1085,-1,1084,1085,1086,-1,1087,1088,1089,-1,1089,1088,1090,-1,1056,1055,1088,-1,1088,1055,1091,-1,1088,1091,1090,-1,1054,1056,1092,-1,1092,1056,1093,-1,1092,1093,1094,-1,1094,1093,1095,-1,1095,1093,1096,-1,1095,1096,1097,-1,1098,1099,1096,-1,1096,1099,1100,-1,1096,1100,1097,-1,1101,1102,1098,-1,1098,1102,1103,-1,1098,1103,1099,-1,1104,1105,1106,-1,1106,1105,1107,-1,1106,1107,1101,-1,1101,1107,1108,-1,1101,1108,1102,-1,1104,1106,1109,-1,1109,1106,1110,-1,1109,1110,1111,-1,1111,1110,1112,-1,1111,1112,1113,-1,1053,1052,1112,-1,1112,1052,1114,-1,1112,1114,1113,-1,1051,1053,1115,-1,1115,1053,1116,-1,1115,1116,1117,-1,1117,1116,1118,-1,1118,1116,1119,-1,1118,1119,1120,-1,1050,1049,1119,-1,1119,1049,1121,-1,1119,1121,1120,-1,1122,1048,1123,-1,1123,1048,1050,-1,1123,1050,1124,-1,1125,1124,1126,-1,1127,1125,1128,-1,1129,1127,1130,-1,1058,1129,1131,-1,1058,1131,1059,-1,1059,1131,1132,-1,1059,1132,1061,-1,1061,1132,1133,-1,1061,1133,1063,-1,1063,1133,1134,-1,1063,1134,1065,-1,1065,1134,1135,-1,1065,1135,1067,-1,1067,1135,1136,-1,1067,1136,1069,-1,1069,1136,1137,-1,1069,1137,1071,-1,1071,1137,1138,-1,1071,1138,1073,-1,1073,1138,1139,-1,1073,1139,1075,-1,1075,1139,1140,-1,1075,1140,1077,-1,1077,1140,1141,-1,1077,1141,1079,-1,1079,1141,1142,-1,1079,1142,1081,-1,1081,1142,1143,-1,1081,1143,1083,-1,1083,1143,1144,-1,1083,1144,1085,-1,1129,1130,1131,-1,1131,1130,1145,-1,1131,1145,1132,-1,1132,1145,1146,-1,1132,1146,1133,-1,1133,1146,1147,-1,1133,1147,1134,-1,1134,1147,1148,-1,1134,1148,1135,-1,1135,1148,1149,-1,1135,1149,1136,-1,1136,1149,1150,-1,1136,1150,1137,-1,1137,1150,1151,-1,1137,1151,1138,-1,1138,1151,1152,-1,1138,1152,1139,-1,1139,1152,1153,-1,1139,1153,1140,-1,1140,1153,1154,-1,1140,1154,1141,-1,1141,1154,1155,-1,1141,1155,1142,-1,1142,1155,1156,-1,1142,1156,1143,-1,1143,1156,1157,-1,1143,1157,1144,-1,1127,1128,1130,-1,1130,1128,1158,-1,1130,1158,1145,-1,1145,1158,1159,-1,1145,1159,1146,-1,1146,1159,1160,-1,1146,1160,1147,-1,1147,1160,1161,-1,1147,1161,1148,-1,1148,1161,1162,-1,1148,1162,1149,-1,1149,1162,1163,-1,1149,1163,1150,-1,1150,1163,1164,-1,1150,1164,1151,-1,1151,1164,1165,-1,1151,1165,1152,-1,1152,1165,1166,-1,1152,1166,1153,-1,1153,1166,1167,-1,1153,1167,1154,-1,1154,1167,1168,-1,1154,1168,1155,-1,1155,1168,1169,-1,1155,1169,1156,-1,1156,1169,1170,-1,1156,1170,1157,-1,1125,1126,1128,-1,1128,1126,1171,-1,1128,1171,1158,-1,1158,1171,1172,-1,1158,1172,1159,-1,1159,1172,1173,-1,1159,1173,1160,-1,1160,1173,1174,-1,1160,1174,1161,-1,1161,1174,1175,-1,1161,1175,1162,-1,1162,1175,1176,-1,1162,1176,1163,-1,1163,1176,1177,-1,1163,1177,1164,-1,1164,1177,1178,-1,1164,1178,1165,-1,1165,1178,1179,-1,1165,1179,1166,-1,1166,1179,1180,-1,1166,1180,1167,-1,1167,1180,1181,-1,1167,1181,1168,-1,1168,1181,1182,-1,1168,1182,1169,-1,1169,1182,1183,-1,1169,1183,1170,-1,1124,1050,1126,-1,1126,1050,1119,-1,1126,1119,1171,-1,1171,1119,1116,-1,1171,1116,1172,-1,1172,1116,1053,-1,1172,1053,1173,-1,1173,1053,1112,-1,1173,1112,1174,-1,1174,1112,1110,-1,1174,1110,1175,-1,1175,1110,1106,-1,1175,1106,1176,-1,1176,1106,1101,-1,1176,1101,1177,-1,1177,1101,1098,-1,1177,1098,1178,-1,1178,1098,1096,-1,1178,1096,1179,-1,1179,1096,1093,-1,1179,1093,1180,-1,1180,1093,1056,-1,1180,1056,1181,-1,1181,1056,1088,-1,1181,1088,1182,-1,1182,1088,1087,-1,1182,1087,1183,-1,1184,1185,1186,-1,1187,1188,1189,-1,1190,1191,1192,-1,1086,1085,1193,-1,1086,1193,1194,-1,1194,1193,1195,-1,1194,1195,1196,-1,1196,1195,1197,-1,1196,1197,1198,-1,1198,1197,1199,-1,1198,1199,1200,-1,1200,1199,1201,-1,1200,1201,1202,-1,1202,1201,1203,-1,1202,1203,1204,-1,1204,1203,1205,-1,1204,1205,1206,-1,1206,1205,1207,-1,1206,1207,1208,-1,1208,1207,1209,-1,1208,1209,1210,-1,1210,1209,1211,-1,1210,1211,1212,-1,1212,1211,1213,-1,1212,1213,1214,-1,1214,1213,1215,-1,1214,1215,1216,-1,1216,1215,1217,-1,1216,1217,1218,-1,1218,1217,1058,-1,1218,1058,1057,-1,1123,1219,1122,-1,1122,1219,1220,-1,1192,1191,1219,-1,1219,1191,1221,-1,1219,1221,1220,-1,1190,1192,1222,-1,1222,1192,1223,-1,1222,1223,1224,-1,1224,1223,1225,-1,1225,1223,1226,-1,1225,1226,1227,-1,1228,1229,1226,-1,1226,1229,1230,-1,1226,1230,1227,-1,1231,1232,1228,-1,1228,1232,1233,-1,1228,1233,1229,-1,1234,1235,1236,-1,1236,1235,1237,-1,1236,1237,1231,-1,1231,1237,1238,-1,1231,1238,1232,-1,1234,1236,1239,-1,1239,1236,1240,-1,1239,1240,1241,-1,1241,1240,1242,-1,1241,1242,1243,-1,1189,1188,1242,-1,1242,1188,1244,-1,1242,1244,1243,-1,1187,1189,1245,-1,1245,1189,1246,-1,1245,1246,1247,-1,1247,1246,1248,-1,1248,1246,1249,-1,1248,1249,1250,-1,1186,1185,1249,-1,1249,1185,1251,-1,1249,1251,1250,-1,1089,1184,1087,-1,1087,1184,1186,-1,1087,1186,1183,-1,1170,1183,1252,-1,1157,1170,1253,-1,1144,1157,1254,-1,1085,1144,1255,-1,1085,1255,1193,-1,1193,1255,1256,-1,1193,1256,1195,-1,1195,1256,1257,-1,1195,1257,1197,-1,1197,1257,1258,-1,1197,1258,1199,-1,1199,1258,1259,-1,1199,1259,1201,-1,1201,1259,1260,-1,1201,1260,1203,-1,1203,1260,1261,-1,1203,1261,1205,-1,1205,1261,1262,-1,1205,1262,1207,-1,1207,1262,1263,-1,1207,1263,1209,-1,1209,1263,1264,-1,1209,1264,1211,-1,1211,1264,1265,-1,1211,1265,1213,-1,1213,1265,1266,-1,1213,1266,1215,-1,1215,1266,1267,-1,1215,1267,1217,-1,1217,1267,1129,-1,1217,1129,1058,-1,1144,1254,1255,-1,1255,1254,1268,-1,1255,1268,1256,-1,1256,1268,1269,-1,1256,1269,1257,-1,1257,1269,1270,-1,1257,1270,1258,-1,1258,1270,1271,-1,1258,1271,1259,-1,1259,1271,1272,-1,1259,1272,1260,-1,1260,1272,1273,-1,1260,1273,1261,-1,1261,1273,1274,-1,1261,1274,1262,-1,1262,1274,1275,-1,1262,1275,1263,-1,1263,1275,1276,-1,1263,1276,1264,-1,1264,1276,1277,-1,1264,1277,1265,-1,1265,1277,1278,-1,1265,1278,1266,-1,1266,1278,1279,-1,1266,1279,1267,-1,1267,1279,1127,-1,1267,1127,1129,-1,1157,1253,1254,-1,1254,1253,1280,-1,1254,1280,1268,-1,1268,1280,1281,-1,1268,1281,1269,-1,1269,1281,1282,-1,1269,1282,1270,-1,1270,1282,1283,-1,1270,1283,1271,-1,1271,1283,1284,-1,1271,1284,1272,-1,1272,1284,1285,-1,1272,1285,1273,-1,1273,1285,1286,-1,1273,1286,1274,-1,1274,1286,1287,-1,1274,1287,1275,-1,1275,1287,1288,-1,1275,1288,1276,-1,1276,1288,1289,-1,1276,1289,1277,-1,1277,1289,1290,-1,1277,1290,1278,-1,1278,1290,1291,-1,1278,1291,1279,-1,1279,1291,1125,-1,1279,1125,1127,-1,1170,1252,1253,-1,1253,1252,1292,-1,1253,1292,1280,-1,1280,1292,1293,-1,1280,1293,1281,-1,1281,1293,1294,-1,1281,1294,1282,-1,1282,1294,1295,-1,1282,1295,1283,-1,1283,1295,1296,-1,1283,1296,1284,-1,1284,1296,1297,-1,1284,1297,1285,-1,1285,1297,1298,-1,1285,1298,1286,-1,1286,1298,1299,-1,1286,1299,1287,-1,1287,1299,1300,-1,1287,1300,1288,-1,1288,1300,1301,-1,1288,1301,1289,-1,1289,1301,1302,-1,1289,1302,1290,-1,1290,1302,1303,-1,1290,1303,1291,-1,1291,1303,1124,-1,1291,1124,1125,-1,1183,1186,1252,-1,1252,1186,1249,-1,1252,1249,1292,-1,1292,1249,1246,-1,1292,1246,1293,-1,1293,1246,1189,-1,1293,1189,1294,-1,1294,1189,1242,-1,1294,1242,1295,-1,1295,1242,1240,-1,1295,1240,1296,-1,1296,1240,1236,-1,1296,1236,1297,-1,1297,1236,1231,-1,1297,1231,1298,-1,1298,1231,1228,-1,1298,1228,1299,-1,1299,1228,1226,-1,1299,1226,1300,-1,1300,1226,1223,-1,1300,1223,1301,-1,1301,1223,1192,-1,1301,1192,1302,-1,1302,1192,1219,-1,1302,1219,1303,-1,1303,1219,1123,-1,1303,1123,1124,-1,
        ]
    }
}
Shape{
    appearance Appearance {
        material  Material 	{
            diffuseColor 1.0 1.0 1.0
            specularColor 0.5019607843137255 0.5019607843137255 0.5019607843137255
            ambientIntensity 1.0
            transparency 0.0
            shininess 0.5
        }
    }
    geometry IndexedFaceSet {
        ccw TRUE
        solid FALSE
        coord DEF co Coordinate {
            point [
                6.975 -2.0 6.0489, 6.975 -2.0 10.9489, 6.9432 -2.0026 10.9489, 6.9416 -2.0035 6.0489, 6.9416 -2.003 10.9489, 6.933 -2.0044 6.0489, 6.8956 -2.0164 10.9489, 6.8946 -2.0178 6.0489, 6.8944 -2.0171 10.9489, 6.8862 -2.0208 6.0489, 6.8529 -2.0416 10.9489, 6.8526 -2.043 6.0489, 6.8522 -2.0423 10.9489, 6.8448 -2.0482 6.0489, 6.8177 -2.0764 10.9489, 6.8179 -2.0777 6.0489, 6.8173 -2.0771 10.9489, 6.8116 -2.0846 6.0489, 6.7922 -2.1189 10.9489, 6.7924 -2.1196 6.0489, 6.792 -2.1194 10.9489, 6.7902 -2.1235 6.0489, 6.7779 -2.1663 10.9489, 6.7783 -2.1666 6.0489, 6.7778 -2.1665 10.9489, 6.777 -2.1712 6.0489, 6.775 -2.2 10.9489, 6.775 -2.2 6.0489, 6.6557 -2.2 11.1319, 6.6557 -3.38 11.1319, 6.6979 -3.38 11.1067, 6.7722 -3.38 10.9824, 6.775 -3.38 10.9489, 6.7722 -2.2 10.9824, 6.6085 -3.38 11.1461, 6.6543 -2.2 11.1323, 6.6085 -2.2 11.1461, 6.575 -3.38 11.1489, 6.6068 -2.2 11.1462, 6.575 -2.2 11.1489, 6.7328 -2.2 11.0718, 6.7322 -2.2 11.0724, 6.6979 -2.2 11.1067, 6.7328 -3.38 11.0718, 6.758 -3.38 11.0296, 6.758 -2.2 11.0296, 6.7721 -2.2 10.9826, -6.507 -3.7027 11.1489, -6.406 -3.8717 11.1489, -6.2239 -3.5573 11.1489, -6.5474 -1.9815 11.1491, -6.571 -1.9912 11.1491, -6.3949 -3.3679 11.1489, 6.5251 -3.1585 11.1489, 6.3643 -3.3766 11.1489, 5.2473 -4.1214 11.1489, 4.9332 -3.7047 11.1489, 4.9318 -3.705 11.1489, -6.4151 -1.8116 11.1489, -6.4165 -1.8242 11.1489, -6.4149 -1.9 11.1489, -6.4189 -1.8333 11.1489, 6.0977 -4.112 11.1489, 6.2667 -4.011 11.1489, 5.8214 -3.8557 11.1489, 6.1114 -3.6372 11.1489, -5.9819 -3.767 11.1489, 6.2117 -2.7405 11.1489, 6.211 -2.7418 11.1489, 6.6094 -2.0378 11.1489, 6.6286 -1.9999 11.1489, 6.6268 -1.9998 11.1489, 6.406 -3.8717 11.1489, 6.507 -3.7027 11.1489, 6.5637 -3.514 11.1489, -6.2667 -4.011 11.1489, -6.0977 -4.112 11.1489, -5.7136 -3.9419 11.1489, -5.909 -4.1687 11.1489, -5.4844 -4.054 11.1489, -6.4516 -1.9104 11.1489, -6.382 -2.2466 11.1489, -6.4349 -1.8801 11.149, -6.4274 -1.8664 11.149, -6.6286 -1.9999 11.1489, -6.6094 -2.0378 11.1489, -6.599 -1.9954 11.149, -6.5807 -2.1326 11.1489, -6.575 -2.2 11.1489, -6.575 -3.38 11.1489, -6.5637 -3.514 11.1489, 6.599 -1.9953 11.149, 6.5669 -1.99 11.1491, 6.5807 -2.1326 11.1489, 6.4149 -1.9 11.1489, 6.3939 -2.177 11.1489, 6.4713 -1.9336 11.1489, 6.501 -1.9567 11.1491, 6.4626 -1.9223 11.1489, 6.441 -1.8943 11.149, 6.4349 -1.8802 11.149, 6.4222 -1.851 11.1489, 6.419 -1.8334 11.1489, 6.4151 -1.8116 11.1489, 5.5012 -4.027 11.1489, 5.775 -4.18 11.1489, 5.909 -4.1687 11.1489, -5.775 -4.18 11.1489, 4.575 -3.7399 11.1489, -4.575 -3.7399 11.1489, -4.8234 -3.7232 11.1489, -4.8654 -3.7145 11.1489, -5.0663 -3.6731 11.1489, -5.146 -3.649 11.1489, -5.1738 -3.6418 11.1489, -6.4624 -1.9223 11.1489, -6.4816 -1.9433 11.1489, -6.5008 -1.9568 11.149, 6.3179 -2.4894 11.1489, 6.5475 -1.9815 11.1491, 6.5135 -1.9666 11.1491, -6.5192 -1.9699 11.1492, -6.2632 -2.6316 11.1489, -6.0989 -2.931 11.1489, -6.0843 -2.9557 11.1489, -6.775 -2.2 10.9489, -6.775 -3.38 10.9489, -6.7722 -3.38 10.9824, -6.6068 -2.2 11.1462, -6.6085 -3.38 11.1461, -6.6085 -2.2 11.1461, -6.6557 -2.2 11.1319, -6.6557 -3.38 11.1319, -6.697 -2.2 11.1072, -6.6979 -3.38 11.1067, -6.6979 -2.2 11.1067, -6.7328 -2.2 11.0718, -6.7328 -3.38 11.0718, -6.7578 -2.2 11.03, -6.758 -3.38 11.0296, -6.758 -2.2 11.0296, -6.7721 -2.2 10.9826, -6.7722 -2.2 10.9824, -6.6557 2.2 11.1319, -6.6557 3.38 11.1319, -6.6979 3.38 11.1067, -6.7722 3.38 10.9824, -6.775 3.38 10.9489, -6.7722 2.2 10.9824, -6.775 2.2 10.9489, -6.6085 3.38 11.1461, -6.6543 2.2 11.1323, -6.6085 2.2 11.1461, -6.575 3.38 11.1489, -6.6068 2.2 11.1462, -6.575 2.2 11.1489, -6.7328 2.2 11.0718, -6.7322 2.2 11.0724, -6.6979 2.2 11.1067, -6.7328 3.38 11.0718, -6.758 3.38 11.0296, -6.758 2.2 11.0296, -6.7721 2.2 10.9826, -6.6094 2.0378 11.1489, -6.6286 1.9999 11.1489, -6.6268 1.9998 11.1489, -6.3982 2.1478 11.1489, -6.5135 1.9666 11.1491, -6.501 1.9567 11.1491, -6.599 1.9953 11.149, -6.5669 1.99 11.1491, -6.5807 2.1326 11.1489, -5.909 4.1687 11.1489, 6.4149 1.9 11.1489, 6.4151 1.8116 11.1489, 6.4165 1.8242 11.1489, -6.4713 1.9336 11.1489, -6.4626 1.9223 11.1489, -6.4149 1.9 11.1489, -6.441 1.8943 11.149, -6.4349 1.8802 11.149, -6.4222 1.851 11.1489, -6.419 1.8334 11.1489, -6.4151 1.8116 11.1489, -6.0977 4.112 11.1489, -6.5637 3.514 11.1489, -6.2667 4.011 11.1489, -6.406 3.8717 11.1489, -6.507 3.7027 11.1489, 6.2667 4.011 11.1489, 6.0977 4.112 11.1489, 5.7059 3.3513 11.1489, 5.909 4.1687 11.1489, 5.3171 3.5836 11.1489, 5.775 4.18 11.1489, 4.8832 3.7139 11.1489, 6.0263 3.0309 11.1489, 6.507 3.7027 11.1489, 6.406 3.8717 11.1489, 6.4189 1.8333 11.1489, 6.4274 1.8664 11.149, 6.3889 2.2082 11.1489, 6.4349 1.8801 11.149, 6.4516 1.9104 11.1489, 6.5807 2.1326 11.1489, 6.575 2.2 11.1489, 6.2586 2.6421 11.1489, 6.575 3.38 11.1489, 6.5637 3.514 11.1489, -6.1526 2.8469 11.1489, -6.025 3.0301 11.1489, -6.0105 3.0509 11.1489, -5.8422 3.2339 11.1489, -5.7038 3.3487 11.1489, -5.6511 3.3924 11.1489, -5.775 4.18 11.1489, -5.4401 3.5238 11.1489, -5.3154 3.5798 11.1489, -5.2133 3.6256 11.1489, -4.9751 3.6959 11.1489, -4.8826 3.71 11.1489, 6.6286 1.9999 11.1489, 6.6094 2.0378 11.1489, 6.599 1.9954 11.149, 6.571 1.9912 11.1491, -6.5475 1.9815 11.1491, -6.3859 2.2076 11.1489, -6.3481 2.3913 11.1489, -6.2657 2.6258 11.1489, -6.2576 2.6416 11.1489, 6.4624 1.9223 11.1489, 6.4816 1.9433 11.1489, 6.5008 1.9568 11.149, 6.5474 1.9815 11.1491, 6.5192 1.9699 11.1492, -4.7295 3.7334 11.1489, -4.575 3.7399 11.1489, 4.575 3.7399 11.1489, 6.775 2.2 6.0489, 6.775 2.2 10.9489, 6.7785 2.1666 6.0489, 6.7778 2.1665 10.9489, 6.7794 2.158 6.0489, 6.7779 2.1663 10.9489, 6.7928 2.1196 6.0489, 6.792 2.1194 10.9489, 6.7958 2.1112 6.0489, 6.7922 2.1189 10.9489, 6.818 2.0776 6.0489, 6.8173 2.0771 10.9489, 6.8232 2.0698 6.0489, 6.8177 2.0764 10.9489, 6.8527 2.0429 6.0489, 6.8522 2.0423 10.9489, 6.8596 2.0366 6.0489, 6.8529 2.0416 10.9489, 6.8945 2.0174 6.0489, 6.8944 2.0171 10.9489, 6.8985 2.0152 6.0489, 6.8956 2.0164 10.9489, 6.9416 2.0033 6.0489, 6.9416 2.003 10.9489, 6.9462 2.002 6.0489, 6.9432 2.0026 10.9489, 6.975 2.0 6.0489, 6.975 2.0 10.9489, 6.775 3.38 10.9489, 6.7722 3.38 10.9824, 6.6068 2.2 11.1462, 6.6085 3.38 11.1461, 6.6085 2.2 11.1461, 6.6557 2.2 11.1319, 6.6557 3.38 11.1319, 6.697 2.2 11.1072, 6.6979 3.38 11.1067, 6.6979 2.2 11.1067, 6.7328 2.2 11.0718, 6.7328 3.38 11.0718, 6.7578 2.2 11.03, 6.758 3.38 11.0296, 6.758 2.2 11.0296, 6.7721 2.2 10.9826, 6.7722 2.2 10.9824, 7.385 -2.0 6.0489, 7.385 -2.0 11.6989, 6.9414 -2.0 10.9809, 6.7062 -2.0 11.1381, 6.892 -2.0 11.6989, 6.6665 -2.0 11.1441, 6.6355 -2.0 11.1488, 6.782 -2.0 11.1072, 6.8164 -2.0 11.0831, 6.7187 -2.0 11.133, 6.7247 -2.0 11.1306, 6.7813 -2.0 11.1077, 6.8376 -2.0 11.0682, 6.883 -2.0 11.0363, 6.888 -2.0 11.0315, 6.8902 -2.0 11.0294, 6.941 -2.0 10.9812, 6.666 2.0 11.1461, 6.6355 2.0 11.1488, 6.892 2.0 11.6989, 7.385 2.0 6.0489, 7.385 2.0 11.6989, 6.8181 2.0 11.0831, 6.7823 2.0 11.1034, 6.7436 2.0 11.1254, 6.7248 2.0 11.1306, 6.7182 2.0 11.1325, 6.6714 2.0 11.1456, 6.9411 2.0 10.9794, 6.9397 2.0 10.9807, 6.8903 2.0 11.0252, 6.8835 2.0 11.0313, 6.8394 2.0 11.071, 6.8375 2.0 11.0721, 7.7729 1.4979 11.8989, 7.7768 1.4667 11.8989, 7.8124 1.4726 11.8961, 7.7486 1.5604 11.8989, 7.6983 1.6443 11.8989, 7.7369 1.5903 11.8989, 7.7817 1.5748 11.8961, 7.6294 1.7137 11.8989, 7.679 1.6712 11.8989, 7.7269 1.6665 11.8961, 7.5452 1.7637 11.8989, 7.6074 1.7326 11.8989, 7.6515 1.7419 11.8961, 7.4514 1.7918 11.8989, 7.5184 1.7771 11.8989, 7.5598 1.7967 11.8961, 7.385 1.8 11.8989, 7.4215 1.7984 11.8989, 7.4576 1.8274 11.8961, 7.4855 1.9915 11.6989, 7.485 1.9887 11.7324, 7.385 1.9972 11.7324, 7.4827 1.9748 11.7796, 7.385 1.983 11.7796, 7.4784 1.9499 11.8218, 7.385 1.9578 11.8218, 7.4726 1.9155 11.8567, 7.385 1.9229 11.8567, 7.4655 1.8739 11.8819, 7.385 1.8807 11.8819, 7.385 1.8335 11.8961, 7.785 1.4 11.8989, 7.8185 1.4 11.8961, 7.8589 1.4805 11.8819, 7.8657 1.4 11.8819, 7.9005 1.4876 11.8567, 7.9079 1.4 11.8567, 7.9349 1.4934 11.8218, 7.9428 1.4 11.8218, 7.9598 1.4977 11.7796, 7.968 1.4 11.7796, 7.9737 1.5 11.7324, 7.9822 1.4 11.7324, 7.9765 1.5005 11.6989, 7.985 1.4 11.6989, 7.5789 1.8398 11.8819, 7.5959 1.8785 11.8567, 7.61 1.9104 11.8218, 7.6201 1.9335 11.7796, 7.6258 1.9465 11.7324, 7.627 1.949 11.6989, 7.6805 1.7791 11.8819, 7.7064 1.8125 11.8567, 7.7278 1.8399 11.8218, 7.7434 1.8599 11.7796, 7.7521 1.871 11.7324, 7.7538 1.8733 11.6989, 7.7641 1.6955 11.8819, 7.7975 1.7214 11.8567, 7.8249 1.7428 11.8218, 7.8449 1.7584 11.7796, 7.856 1.7671 11.7324, 7.8583 1.7688 11.6989, 7.8248 1.5939 11.8819, 7.8635 1.6109 11.8567, 7.8954 1.625 11.8218, 7.9185 1.6351 11.7796, 7.9315 1.6409 11.7324, 7.934 1.642 11.6989, 7.2559 1.58 11.8989, 6.892 1.8 11.8989, 6.892 1.58 11.8989, 7.585 -1.03 11.8989, 7.785 -1.4 11.8989, 7.585 1.03 11.8989, 7.2559 1.03 11.8989, 7.2559 -1.58 11.8989, 6.892 -1.58 11.8989, 6.892 -1.8 11.8989, 7.385 -1.8 11.8989, 7.452 -1.7943 11.8989, 7.5463 -1.766 11.8989, 7.2559 -1.03 11.8989, 7.7793 -1.467 11.8989, 7.751 -1.5613 11.8989, 7.6309 -1.7155 11.8989, 7.7005 -1.6459 11.8989, 7.8185 -1.4 11.8961, 7.8124 -1.4726 11.8961, 7.8657 -1.4 11.8819, 7.8589 -1.4805 11.8819, 7.9079 -1.4 11.8567, 7.9005 -1.4876 11.8567, 7.9428 -1.4 11.8218, 7.9349 -1.4934 11.8218, 7.968 -1.4 11.7796, 7.9598 -1.4977 11.7796, 7.9822 -1.4 11.7324, 7.9737 -1.5 11.7324, 7.985 -1.4 11.6989, 7.9765 -1.5005 11.6989, 7.4576 -1.8274 11.8961, 7.385 -1.8335 11.8961, 7.4655 -1.8739 11.8819, 7.385 -1.8807 11.8819, 7.4726 -1.9155 11.8567, 7.385 -1.9229 11.8567, 7.4784 -1.9499 11.8218, 7.385 -1.9578 11.8218, 7.4827 -1.9748 11.7796, 7.385 -1.983 11.7796, 7.485 -1.9887 11.7324, 7.385 -1.9972 11.7324, 7.4855 -1.9915 11.6989, 7.7817 -1.5748 11.8961, 7.8248 -1.5939 11.8819, 7.8635 -1.6109 11.8567, 7.8954 -1.625 11.8218, 7.9185 -1.6351 11.7796, 7.9315 -1.6409 11.7324, 7.934 -1.642 11.6989, 7.7269 -1.6665 11.8961, 7.7641 -1.6955 11.8819, 7.7975 -1.7214 11.8567, 7.8249 -1.7428 11.8218, 7.8449 -1.7584 11.7796, 7.856 -1.7671 11.7324, 7.8583 -1.7688 11.6989, 7.6515 -1.7419 11.8961, 7.6805 -1.7791 11.8819, 7.7064 -1.8125 11.8567, 7.7278 -1.8399 11.8218, 7.7434 -1.8599 11.7796, 7.7521 -1.871 11.7324, 7.7538 -1.8733 11.6989, 7.5598 -1.7967 11.8961, 7.5789 -1.8398 11.8819, 7.5959 -1.8785 11.8567, 7.61 -1.9104 11.8218, 7.6201 -1.9335 11.7796, 7.6258 -1.9465 11.7324, 7.627 -1.949 11.6989, -5.1916 -3.5207 10.8324, -5.1647 -3.5187 10.8366, -5.191 -3.5245 6.4584, -5.1093 -3.5211 6.353, -5.1093 -3.5196 10.8443, -5.0693 -3.5265 6.2989, -5.1052 -3.5203 10.8447, -5.0693 -3.5265 10.8486, -5.1185 -3.5199 6.3654, -5.1483 -3.5158 6.4056, -5.1298 -3.5161 10.8421, -5.1503 -3.5176 10.8389, -5.1642 -3.5191 6.4253, -5.2189 -3.5297 10.8269, -5.2189 -3.5302 6.4929, -5.239 -3.5362 10.8228, -5.234 -3.5333 6.5116, -5.2695 -3.5525 10.8154, -5.247 -3.5389 10.8212, -5.2614 -3.5493 6.543, -5.2687 -3.5536 6.5513, -5.2987 -3.5711 6.5856, -5.3136 -3.5861 10.8029, -5.2949 -3.568 10.8089, -5.2787 -3.5581 10.8131, -5.3353 -3.6071 10.7959, -5.3133 -3.5862 6.6015, -5.3417 -3.6153 10.7935, -5.324 -3.5972 6.6131, -5.3417 -3.6153 6.6322, -5.3091 -3.5818 6.5969, -5.314 -3.5865 10.8028, -5.2686 -3.4892 6.4602, -5.2572 -3.4633 6.3659, -5.617 -3.237 6.2989, -5.7009 -3.1737 6.2989, -5.7046 -3.178 6.3659, -5.3791 -3.665 6.6627, -5.3606 -3.6403 6.6506, -5.6174 -3.5346 6.6649, -5.5719 -3.4633 6.6144, -5.4129 -3.7098 6.6847, -5.6681 -3.6141 6.6932, -5.4369 -3.7417 6.6899, -5.7041 -3.6706 6.6989, -5.4779 -3.796 6.6989, -6.1487 -3.2905 6.6989, -5.9658 -3.4734 6.6989, -6.1162 -3.2473 6.6954, -5.9214 -3.4232 6.6932, -6.1077 -3.2361 6.6918, -6.0584 -3.1707 6.671, -5.8589 -3.3526 6.6649, -6.0498 -3.1593 6.6637, -6.0125 -3.1098 6.6322, -5.803 -3.2892 6.6144, -6.0 -3.0879 6.613, -5.9923 -3.0746 6.6013, -5.7568 -3.237 6.5448, -5.9892 -3.0691 6.5965, -5.9817 -3.0561 6.5851, -5.9504 -3.0369 6.5448, -5.9733 -3.0228 6.5512, -5.9712 -3.0146 6.5429, -5.9633 -2.9834 6.5112, -5.9115 -3.0048 6.4602, -5.9645 -2.9684 6.4929, -5.9823 -2.8691 6.3654, -5.97 -2.8974 6.4065, -5.8897 -2.9867 6.3659, -5.9688 -2.9128 6.4253, -5.9667 -2.9401 6.4584, -5.8853 -2.9831 6.2989, -5.9142 -2.9437 6.2989, -5.9861 -2.8606 6.3529, -6.0023 -2.8235 6.2989, -5.4891 -3.3334 6.2989, -5.255 -3.4581 6.2989, -5.2888 -3.5355 6.5448, -5.5345 -3.4046 6.5448, -5.2604 -3.4552 6.2989, -5.4921 -3.3381 6.3659, -5.5073 -3.362 6.4602, -5.7234 -3.1992 6.4602, -5.9722 -3.0231 10.8154, -5.9837 -2.8596 10.8445, -5.9798 -2.8671 10.8437, -5.9716 -2.8991 10.8388, -5.968 -2.913 10.8367, -5.9856 -2.8559 10.8449, -6.0023 -2.8235 10.8486, -5.9636 -2.9683 10.8269, -5.964 -2.9437 10.8315, -5.9642 -2.928 10.8344, -5.9634 -2.9842 10.8239, -5.9746 -3.0336 10.8131, -6.0005 -3.0923 10.7984, -6.0125 -3.1098 10.7935, -5.9768 -3.0436 10.8109, -5.992 -3.0749 10.8029, -5.9923 -3.0754 10.8028, -6.0737 -3.191 10.9989, -6.0437 -3.1512 10.8982, -6.0653 -3.1784 11.015, -6.0239 -3.119 10.9168, -6.0622 -3.1702 11.0237, -6.046 -3.0993 11.0901, -6.0483 -3.1338 11.0624, -6.0095 -3.0802 10.9364, -6.0494 -3.1368 11.0591, -6.059 -3.1618 11.0326, -6.045 -3.0842 11.1023, -6.0455 -3.0917 11.0962, -6.0029 -3.0388 10.9548, -6.0044 -2.9961 10.9712, -6.0502 -3.0522 11.1204, -6.0489 -3.0603 11.1158, -6.0527 -3.0363 11.1294, -6.0139 -2.9535 10.9852, -6.058 -3.0206 11.1348, -6.0777 -2.9699 11.1472, -6.0724 -2.9816 11.1458, -6.0675 -2.9921 11.1446, -6.0611 -3.0114 11.138, -6.0543 -2.876 11.0038, -6.031 -2.9126 10.9963, -6.0528 -2.8741 10.9988, -6.0064 -2.8171 10.8489, -5.1054 -3.591 11.0038, -5.104 -3.589 10.9988, -4.575 -3.6 10.8489, -4.8437 -3.5786 10.8489, -4.8595 -3.575 10.8489, -5.0621 -3.5287 10.8489, -5.1849 -3.6398 11.1485, -5.147 -3.5787 10.9963, -5.2434 -3.6343 11.135, -5.2308 -3.6342 11.1401, -5.1911 -3.5735 10.9852, -5.2019 -3.6377 11.1454, -5.1893 -3.6392 11.1477, -5.2842 -3.6361 11.1165, -5.2766 -3.6347 11.1214, -5.2346 -3.5761 10.9712, -5.2765 -3.6347 11.1215, -5.323 -3.6434 11.0913, -5.2761 -3.5865 10.9548, -5.3232 -3.6435 11.0911, -5.3141 -3.6042 10.9364, -5.3496 -3.6554 11.0659, -5.3853 -3.6802 11.0236, -5.3788 -3.6742 11.0327, -5.3474 -3.6288 10.9168, -5.367 -3.6633 11.0492, -5.3571 -3.6588 11.0587, -5.3729 -3.6567 10.8982, -5.4029 -3.6965 10.9989, 4.575 -3.6 10.8489, 4.575 -3.6 4.0989, 4.0953 -3.6 4.0989, 3.5 -3.6 4.0989, 1.75 -3.6 4.0989, 0.0 -3.6 4.0989, -1.75 -3.6 4.0989, -3.5 -3.6 4.0989, -4.5144 -3.6 4.0989, -4.575 -3.6 4.0989, 6.1092 -2.6322 6.2989, 6.128 -2.5846 4.0989, 6.1091 -2.6325 4.0989, 6.0071 -2.8159 6.2989, 5.9914 -2.8401 4.0989, 5.9434 -2.9025 4.0989, 5.9106 -2.9408 6.2989, 5.9126 -2.9424 4.0989, 5.8223 -3.0551 6.2989, 5.8456 -3.0294 4.0989, 5.6747 -3.1965 4.0989, 5.6185 -3.2393 6.2989, 5.6179 -3.2381 4.0989, 5.5981 -3.2577 6.2989, 5.4822 -3.3377 4.0989, 5.3415 -3.4174 6.2989, 5.2714 -3.4508 4.0989, 5.2586 -3.4504 6.2989, 5.2604 -3.4549 4.0989, 5.0607 -3.5291 6.2989, 5.047 -3.5334 4.0989, 4.8597 -3.5758 6.2989, 4.8453 -3.5784 10.8489, 4.856 -3.5766 10.8483, 4.856 -3.5766 6.2989, 4.8145 -3.5833 4.0989, 4.8593 -3.5737 4.0989, 6.2496 -2.1844 6.3989, 6.2541 -2.1658 6.3989, 6.2522 -2.1776 4.0989, 6.2742 -1.9526 4.0989, 6.275 -1.9 6.3989, 6.275 -1.9 4.0989, 6.1854 -2.4446 10.8489, 6.1928 -2.4221 10.8489, 6.1928 -2.4221 6.3989, 6.1289 -2.585 10.8489, 6.1092 -2.6322 10.8483, 6.1138 -2.6225 10.8489, 6.1967 -2.4102 4.0989, 6.2505 -2.1846 4.0989, 6.275 0.4175 4.0989, 6.275 1.9 6.3989, 6.275 1.9 4.0989, 6.1928 2.4221 6.3989, 6.1928 2.4221 10.8489, 6.1306 2.5856 10.8489, 6.2583 2.1395 4.0989, 6.2541 2.1658 6.3989, 6.2487 2.1843 4.0989, 6.2496 2.1844 6.3989, 6.2287 2.2775 4.0989, 6.2084 2.372 4.0989, 4.575 3.6 4.0989, 4.6276 3.5992 4.0989, 4.575 3.6 10.8489, 4.8526 3.5772 4.0989, 4.8598 3.576 10.8489, 6.1299 2.5854 4.0989, 6.1258 2.5964 4.0989, 5.9159 2.945 10.8489, 6.0127 2.8072 4.0989, 5.6174 3.2376 4.0989, 5.7044 3.1706 4.0989, 5.62 3.2409 10.8489, 5.8715 2.9997 4.0989, 5.9131 2.9429 4.0989, 5.5151 3.3164 4.0989, 5.2606 3.4556 10.8489, 5.3075 3.4341 4.0989, 4.8596 3.5755 4.0989, 5.0852 3.5217 4.0989, 5.2596 3.453 4.0989, -4.375 2.205 4.0989, -4.4116 2.2014 4.0989, -4.375 2.1035 4.2004, -4.4024 2.1001 4.2004, -4.375 1.385 4.0989, -4.375 1.4865 4.2004, -4.4027 1.4877 4.2004, -4.4504 2.0941 4.2004, -4.4551 2.1972 4.0989, -4.4761 2.0842 4.2004, -4.5096 2.1794 4.0989, -4.5144 2.1778 4.0989, -4.5212 2.0667 4.2004, -4.547 2.1672 4.0989, -4.5437 2.0507 4.2004, -4.5993 2.1346 4.0989, -4.5831 2.0227 4.2004, -4.6336 2.1133 4.0989, -4.6011 2.0017 4.2004, -4.6755 2.0696 4.0989, -4.7038 2.04 4.0989, -4.6325 1.965 4.2004, -4.7197 2.0119 4.0989, -4.6447 1.9402 4.2004, -4.7334 1.9878 4.0989, -4.6662 1.8969 4.2004, -4.7538 1.9519 4.0989, -4.672 1.8699 4.2004, -4.77 1.8945 4.0989, -4.6823 1.8227 4.2004, -4.7801 1.8586 4.0989, -4.6835 1.795 4.2004, -4.7821 1.7949 4.0989, -4.6801 1.7676 4.2004, -4.7833 1.7575 4.0989, -4.6741 1.7196 4.2004, -4.7697 1.6955 4.0989, -4.6642 1.6939 4.2004, -4.7615 1.6582 4.0989, -4.6467 1.6488 4.2004, -4.7334 1.602 4.0989, -4.7197 1.5747 4.0989, -4.6307 1.6263 4.2004, -4.7159 1.5671 4.0989, -4.6027 1.5869 4.2004, -4.6756 1.5201 4.0989, -4.5817 1.5689 4.2004, -4.653 1.4936 4.0989, -4.545 1.5375 4.2004, -4.5992 1.4552 4.0989, -4.5202 1.5253 4.2004, -4.5701 1.4343 4.0989, -4.4769 1.5038 4.2004, -4.5144 1.4126 4.0989, -4.5094 1.4107 4.0989, -4.4499 1.498 4.2004, -4.4753 1.3974 4.0989, -4.4114 1.3895 4.0989, -4.3476 2.1001 4.2004, -4.3384 1.3886 4.0989, -4.3473 1.4877 4.2004, -4.3001 1.498 4.2004, -4.2949 1.3928 4.0989, -4.2731 1.5038 4.2004, -4.2404 1.4106 4.0989, -4.2298 1.5253 4.2004, -4.203 1.4228 4.0989, -4.205 1.5375 4.2004, -4.1507 1.4554 4.0989, -4.1683 1.5689 4.2004, -4.1164 1.4767 4.0989, -4.1473 1.5869 4.2004, -4.0745 1.5204 4.0989, -4.1193 1.6263 4.2004, -4.0462 1.55 4.0989, -4.1033 1.6488 4.2004, -4.0166 1.6022 4.0989, -4.0858 1.6939 4.2004, -3.9962 1.6381 4.0989, -4.0759 1.7196 4.2004, -3.98 1.6955 4.0989, -4.0699 1.7676 4.2004, -3.9699 1.7314 4.0989, -4.0665 1.795 4.2004, -3.9679 1.7951 4.0989, -4.0677 1.8227 4.2004, -3.9667 1.8325 4.0989, -4.078 1.8699 4.2004, -3.9803 1.8945 4.0989, -4.0838 1.8969 4.2004, -3.9885 1.9318 4.0989, -4.1053 1.9402 4.2004, -4.0166 1.988 4.0989, -4.1175 1.965 4.2004, -4.0341 2.0229 4.0989, -4.1489 2.0017 4.2004, -4.0744 2.0699 4.0989, -4.1669 2.0227 4.2004, -4.097 2.0964 4.0989, -4.2063 2.0507 4.2004, -4.1508 2.1348 4.0989, -4.2288 2.0667 4.2004, -4.1799 2.1557 4.0989, -4.2739 2.0842 4.2004, -4.2406 2.1793 4.0989, -4.2996 2.0941 4.2004, -4.2747 2.1926 4.0989, -4.3386 2.2005 4.0989, -2.625 2.205 4.0989, -2.6616 2.2014 4.0989, -2.625 2.1035 4.2004, -2.6524 2.1001 4.2004, -2.625 1.385 4.0989, -2.625 1.4865 4.2004, -2.6527 1.4877 4.2004, -2.7004 2.0941 4.2004, -2.7051 2.1972 4.0989, -2.7261 2.0842 4.2004, -2.7596 2.1794 4.0989, -2.7712 2.0667 4.2004, -2.797 2.1672 4.0989, -2.7937 2.0507 4.2004, -2.8493 2.1346 4.0989, -2.8331 2.0227 4.2004, -2.8836 2.1133 4.0989, -2.8511 2.0017 4.2004, -2.9255 2.0696 4.0989, -2.8825 1.965 4.2004, -2.9538 2.04 4.0989, -2.8947 1.9402 4.2004, -2.9834 1.9878 4.0989, -2.9162 1.8969 4.2004, -3.0038 1.9519 4.0989, -2.922 1.8699 4.2004, -3.02 1.8945 4.0989, -2.9323 1.8227 4.2004, -3.0301 1.8586 4.0989, -2.9335 1.795 4.2004, -3.0321 1.7949 4.0989, -2.9301 1.7676 4.2004, -3.0333 1.7575 4.0989, -2.9241 1.7196 4.2004, -3.0197 1.6955 4.0989, -2.9142 1.6939 4.2004, -3.0115 1.6582 4.0989, -2.8967 1.6488 4.2004, -2.9834 1.602 4.0989, -2.8807 1.6263 4.2004, -2.9659 1.5671 4.0989, -2.8527 1.5869 4.2004, -2.9256 1.5201 4.0989, -2.8317 1.5689 4.2004, -2.903 1.4936 4.0989, -2.795 1.5375 4.2004, -2.8492 1.4552 4.0989, -2.7702 1.5253 4.2004, -2.8201 1.4343 4.0989, -2.7269 1.5038 4.2004, -2.7594 1.4107 4.0989, -2.6999 1.498 4.2004, -2.7253 1.3974 4.0989, -2.6614 1.3895 4.0989, -2.5976 2.1001 4.2004, -2.5884 1.3886 4.0989, -2.5973 1.4877 4.2004, -2.5501 1.498 4.2004, -2.5449 1.3928 4.0989, -2.5231 1.5038 4.2004, -2.4904 1.4106 4.0989, -2.4798 1.5253 4.2004, -2.453 1.4228 4.0989, -2.455 1.5375 4.2004, -2.4007 1.4554 4.0989, -2.4183 1.5689 4.2004, -2.3664 1.4767 4.0989, -2.3973 1.5869 4.2004, -2.3245 1.5204 4.0989, -2.3693 1.6263 4.2004, -2.2962 1.55 4.0989, -2.3533 1.6488 4.2004, -2.2666 1.6022 4.0989, -2.3358 1.6939 4.2004, -2.2462 1.6381 4.0989, -2.3259 1.7196 4.2004, -2.23 1.6955 4.0989, -2.3199 1.7676 4.2004, -2.2199 1.7314 4.0989, -2.3165 1.795 4.2004, -2.2179 1.7951 4.0989, -2.3177 1.8227 4.2004, -2.2167 1.8325 4.0989, -2.328 1.8699 4.2004, -2.2303 1.8945 4.0989, -2.3338 1.8969 4.2004, -2.2385 1.9318 4.0989, -2.3553 1.9402 4.2004, -2.2666 1.988 4.0989, -2.3675 1.965 4.2004, -2.2841 2.0229 4.0989, -2.3989 2.0017 4.2004, -2.3244 2.0699 4.0989, -2.4169 2.0227 4.2004, -2.347 2.0964 4.0989, -2.4563 2.0507 4.2004, -2.4008 2.1348 4.0989, -2.4788 2.0667 4.2004, -2.4299 2.1557 4.0989, -2.5239 2.0842 4.2004, -2.4906 2.1793 4.0989, -2.5496 2.0941 4.2004, -2.5247 2.1926 4.0989, -2.5886 2.2005 4.0989, -0.875 2.205 4.0989, -0.9116 2.2014 4.0989, -0.875 2.1035 4.2004, -0.9024 2.1001 4.2004, -0.875 1.385 4.0989, -0.875 1.4865 4.2004, -0.9027 1.4877 4.2004, -0.9504 2.0941 4.2004, -0.9551 2.1972 4.0989, -0.9761 2.0842 4.2004, -1.0096 2.1794 4.0989, -1.0212 2.0667 4.2004, -1.047 2.1672 4.0989, -1.0437 2.0507 4.2004, -1.0993 2.1346 4.0989, -1.0831 2.0227 4.2004, -1.1336 2.1133 4.0989, -1.1011 2.0017 4.2004, -1.1755 2.0696 4.0989, -1.1325 1.965 4.2004, -1.2038 2.04 4.0989, -1.1447 1.9402 4.2004, -1.2334 1.9878 4.0989, -1.1662 1.8969 4.2004, -1.2538 1.9519 4.0989, -1.172 1.8699 4.2004, -1.27 1.8945 4.0989, -1.1823 1.8227 4.2004, -1.2801 1.8586 4.0989, -1.1835 1.795 4.2004, -1.2821 1.7949 4.0989, -1.1801 1.7676 4.2004, -1.2833 1.7575 4.0989, -1.1741 1.7196 4.2004, -1.2697 1.6955 4.0989, -1.1642 1.6939 4.2004, -1.2615 1.6582 4.0989, -1.1467 1.6488 4.2004, -1.2334 1.602 4.0989, -1.1307 1.6263 4.2004, -1.2159 1.5671 4.0989, -1.1027 1.5869 4.2004, -1.1756 1.5201 4.0989, -1.0817 1.5689 4.2004, -1.153 1.4936 4.0989, -1.045 1.5375 4.2004, -1.0992 1.4552 4.0989, -1.0202 1.5253 4.2004, -1.0701 1.4343 4.0989, -0.9769 1.5038 4.2004, -1.0094 1.4107 4.0989, -0.9499 1.498 4.2004, -0.9753 1.3974 4.0989, -0.9114 1.3895 4.0989, -0.8476 2.1001 4.2004, -0.8384 1.3886 4.0989, -0.8473 1.4877 4.2004, -0.8001 1.498 4.2004, -0.7949 1.3928 4.0989, -0.7731 1.5038 4.2004, -0.7404 1.4106 4.0989, -0.7298 1.5253 4.2004, -0.703 1.4228 4.0989, -0.705 1.5375 4.2004, -0.6507 1.4554 4.0989, -0.6683 1.5689 4.2004, -0.6164 1.4767 4.0989, -0.6473 1.5869 4.2004, -0.5745 1.5204 4.0989, -0.6193 1.6263 4.2004, -0.5462 1.55 4.0989, -0.6033 1.6488 4.2004, -0.5166 1.6022 4.0989, -0.5858 1.6939 4.2004, -0.4962 1.6381 4.0989, -0.5759 1.7196 4.2004, -0.48 1.6955 4.0989, -0.5699 1.7676 4.2004, -0.4699 1.7314 4.0989, -0.5665 1.795 4.2004, -0.4679 1.7951 4.0989, -0.5677 1.8227 4.2004, -0.4667 1.8325 4.0989, -0.578 1.8699 4.2004, -0.4803 1.8945 4.0989, -0.5838 1.8969 4.2004, -0.4885 1.9318 4.0989, -0.6053 1.9402 4.2004, -0.5166 1.988 4.0989, -0.6175 1.965 4.2004, -0.5341 2.0229 4.0989, -0.6489 2.0017 4.2004, -0.5744 2.0699 4.0989, -0.6669 2.0227 4.2004, -0.597 2.0964 4.0989, -0.7063 2.0507 4.2004, -0.6508 2.1348 4.0989, -0.7288 2.0667 4.2004, -0.6799 2.1557 4.0989, -0.7739 2.0842 4.2004, -0.7406 2.1793 4.0989, -0.7996 2.0941 4.2004, -0.7747 2.1926 4.0989, -0.8386 2.2005 4.0989, 0.875 2.205 4.0989, 0.8384 2.2014 4.0989, 0.875 2.1035 4.2004, 0.8476 2.1001 4.2004, 0.875 1.385 4.0989, 0.875 1.4865 4.2004, 0.8473 1.4877 4.2004, 0.7996 2.0941 4.2004, 0.7949 2.1972 4.0989, 0.7739 2.0842 4.2004, 0.7404 2.1794 4.0989, 0.7288 2.0667 4.2004, 0.703 2.1672 4.0989, 0.7063 2.0507 4.2004, 0.6507 2.1346 4.0989, 0.6669 2.0227 4.2004, 0.6164 2.1133 4.0989, 0.6489 2.0017 4.2004, 0.5745 2.0696 4.0989, 0.6175 1.965 4.2004, 0.5462 2.04 4.0989, 0.6053 1.9402 4.2004, 0.5166 1.9878 4.0989, 0.5838 1.8969 4.2004, 0.4962 1.9519 4.0989, 0.578 1.8699 4.2004, 0.48 1.8945 4.0989, 0.5677 1.8227 4.2004, 0.4699 1.8586 4.0989, 0.5665 1.795 4.2004, 0.4679 1.7949 4.0989, 0.5699 1.7676 4.2004, 0.4667 1.7575 4.0989, 0.5759 1.7196 4.2004, 0.4803 1.6955 4.0989, 0.5858 1.6939 4.2004, 0.4885 1.6582 4.0989, 0.6033 1.6488 4.2004, 0.5166 1.602 4.0989, 0.6193 1.6263 4.2004, 0.5341 1.5671 4.0989, 0.6473 1.5869 4.2004, 0.5744 1.5201 4.0989, 0.6683 1.5689 4.2004, 0.597 1.4936 4.0989, 0.705 1.5375 4.2004, 0.6508 1.4552 4.0989, 0.7298 1.5253 4.2004, 0.6799 1.4343 4.0989, 0.7731 1.5038 4.2004, 0.7406 1.4107 4.0989, 0.8001 1.498 4.2004, 0.7747 1.3974 4.0989, 0.8386 1.3895 4.0989, 0.9024 2.1001 4.2004, 0.9116 1.3886 4.0989, 0.9027 1.4877 4.2004, 0.9499 1.498 4.2004, 0.9551 1.3928 4.0989, 0.9769 1.5038 4.2004, 1.0096 1.4106 4.0989, 1.0202 1.5253 4.2004, 1.047 1.4228 4.0989, 1.045 1.5375 4.2004, 1.0993 1.4554 4.0989, 1.0817 1.5689 4.2004, 1.1336 1.4767 4.0989, 1.1027 1.5869 4.2004, 1.1755 1.5204 4.0989, 1.1307 1.6263 4.2004, 1.2038 1.55 4.0989, 1.1467 1.6488 4.2004, 1.2334 1.6022 4.0989, 1.1642 1.6939 4.2004, 1.2538 1.6381 4.0989, 1.1741 1.7196 4.2004, 1.27 1.6955 4.0989, 1.1801 1.7676 4.2004, 1.2801 1.7314 4.0989, 1.1835 1.795 4.2004, 1.2821 1.7951 4.0989, 1.1823 1.8227 4.2004, 1.2833 1.8325 4.0989, 1.172 1.8699 4.2004, 1.2697 1.8945 4.0989, 1.1662 1.8969 4.2004, 1.2615 1.9318 4.0989, 1.1447 1.9402 4.2004, 1.2334 1.988 4.0989, 1.1325 1.965 4.2004, 1.2159 2.0229 4.0989, 1.1011 2.0017 4.2004, 1.1756 2.0699 4.0989, 1.0831 2.0227 4.2004, 1.153 2.0964 4.0989, 1.0437 2.0507 4.2004, 1.0992 2.1348 4.0989, 1.0212 2.0667 4.2004, 1.0701 2.1557 4.0989, 0.9761 2.0842 4.2004, 1.0094 2.1793 4.0989, 0.9504 2.0941 4.2004, 0.9753 2.1926 4.0989, 0.9114 2.2005 4.0989, 2.625 2.205 4.0989, 2.5884 2.2014 4.0989, 2.625 2.1035 4.2004, 2.5976 2.1001 4.2004, 2.625 1.385 4.0989, 2.625 1.4865 4.2004, 2.5973 1.4877 4.2004, 2.5496 2.0941 4.2004, 2.5449 2.1972 4.0989, 2.5239 2.0842 4.2004, 2.4904 2.1794 4.0989, 2.4788 2.0667 4.2004, 2.453 2.1672 4.0989, 2.4563 2.0507 4.2004, 2.4007 2.1346 4.0989, 2.4169 2.0227 4.2004, 2.3664 2.1133 4.0989, 2.3989 2.0017 4.2004, 2.3245 2.0696 4.0989, 2.3675 1.965 4.2004, 2.2962 2.04 4.0989, 2.3553 1.9402 4.2004, 2.2666 1.9878 4.0989, 2.3338 1.8969 4.2004, 2.2462 1.9519 4.0989, 2.328 1.8699 4.2004, 2.23 1.8945 4.0989, 2.3177 1.8227 4.2004, 2.2199 1.8586 4.0989, 2.3165 1.795 4.2004, 2.2179 1.7949 4.0989, 2.3199 1.7676 4.2004, 2.2167 1.7575 4.0989, 2.3259 1.7196 4.2004, 2.2303 1.6955 4.0989, 2.3358 1.6939 4.2004, 2.2385 1.6582 4.0989, 2.3533 1.6488 4.2004, 2.2666 1.602 4.0989, 2.3693 1.6263 4.2004, 2.2841 1.5671 4.0989, 2.3973 1.5869 4.2004, 2.3244 1.5201 4.0989, 2.4183 1.5689 4.2004, 2.347 1.4936 4.0989, 2.455 1.5375 4.2004, 2.4008 1.4552 4.0989, 2.4798 1.5253 4.2004, 2.4299 1.4343 4.0989, 2.5231 1.5038 4.2004, 2.4906 1.4107 4.0989, 2.5501 1.498 4.2004, 2.5247 1.3974 4.0989, 2.5886 1.3895 4.0989, 2.6524 2.1001 4.2004, 2.6616 1.3886 4.0989, 2.6527 1.4877 4.2004, 2.6999 1.498 4.2004, 2.7051 1.3928 4.0989, 2.7269 1.5038 4.2004, 2.7596 1.4106 4.0989, 2.7702 1.5253 4.2004, 2.797 1.4228 4.0989, 2.795 1.5375 4.2004, 2.8493 1.4554 4.0989, 2.8317 1.5689 4.2004, 2.8836 1.4767 4.0989, 2.8527 1.5869 4.2004, 2.9255 1.5204 4.0989, 2.8807 1.6263 4.2004, 2.9538 1.55 4.0989, 2.8967 1.6488 4.2004, 2.9834 1.6022 4.0989, 2.9142 1.6939 4.2004, 3.0038 1.6381 4.0989, 2.9241 1.7196 4.2004, 3.02 1.6955 4.0989, 2.9301 1.7676 4.2004, 3.0301 1.7314 4.0989, 2.9335 1.795 4.2004, 3.0321 1.7951 4.0989, 2.9323 1.8227 4.2004, 3.0333 1.8325 4.0989, 2.922 1.8699 4.2004, 3.0197 1.8945 4.0989, 2.9162 1.8969 4.2004, 3.0115 1.9318 4.0989, 2.8947 1.9402 4.2004, 2.9834 1.988 4.0989, 2.8825 1.965 4.2004, 2.9659 2.0229 4.0989, 2.8511 2.0017 4.2004, 2.9256 2.0699 4.0989, 2.8331 2.0227 4.2004, 2.903 2.0964 4.0989, 2.7937 2.0507 4.2004, 2.8492 2.1348 4.0989, 2.7712 2.0667 4.2004, 2.8201 2.1557 4.0989, 2.7261 2.0842 4.2004, 2.7594 2.1793 4.0989, 2.7004 2.0941 4.2004, 2.7253 2.1926 4.0989, 2.6614 2.2005 4.0989, 4.375 2.205 4.0989, 4.3384 2.2014 4.0989, 4.375 2.1035 4.2004, 4.3476 2.1001 4.2004, 4.375 1.385 4.0989, 4.375 1.4865 4.2004, 4.3473 1.4877 4.2004, 4.2996 2.0941 4.2004, 4.2949 2.1972 4.0989, 4.2739 2.0842 4.2004, 4.2404 2.1794 4.0989, 4.2288 2.0667 4.2004, 4.203 2.1672 4.0989, 4.2063 2.0507 4.2004, 4.1507 2.1346 4.0989, 4.1164 2.1133 4.0989, 4.1669 2.0227 4.2004, 4.0953 2.0913 4.0989, 4.1489 2.0017 4.2004, 4.0745 2.0696 4.0989, 4.1175 1.965 4.2004, 4.0462 2.04 4.0989, 4.1053 1.9402 4.2004, 4.0166 1.9878 4.0989, 4.0838 1.8969 4.2004, 3.9962 1.9519 4.0989, 4.078 1.8699 4.2004, 3.98 1.8945 4.0989, 4.0677 1.8227 4.2004, 3.9699 1.8586 4.0989, 4.0665 1.795 4.2004, 3.9679 1.7949 4.0989, 4.0699 1.7676 4.2004, 3.9667 1.7575 4.0989, 4.0759 1.7196 4.2004, 3.9803 1.6955 4.0989, 4.0858 1.6939 4.2004, 3.9885 1.6582 4.0989, 4.1033 1.6488 4.2004, 4.0166 1.602 4.0989, 4.1193 1.6263 4.2004, 4.0341 1.5671 4.0989, 4.1473 1.5869 4.2004, 4.0744 1.5201 4.0989, 4.1683 1.5689 4.2004, 4.0953 1.4956 4.0989, 4.097 1.4936 4.0989, 4.205 1.5375 4.2004, 4.1508 1.4552 4.0989, 4.2298 1.5253 4.2004, 4.1799 1.4343 4.0989, 4.2731 1.5038 4.2004, 4.2406 1.4107 4.0989, 4.3001 1.498 4.2004, 4.2747 1.3974 4.0989, 4.3386 1.3895 4.0989, 4.4024 2.1001 4.2004, 4.4116 1.3886 4.0989, 4.4027 1.4877 4.2004, 4.4499 1.498 4.2004, 4.4551 1.3928 4.0989, 4.4769 1.5038 4.2004, 4.5096 1.4106 4.0989, 4.5202 1.5253 4.2004, 4.547 1.4228 4.0989, 4.545 1.5375 4.2004, 4.5993 1.4554 4.0989, 4.5817 1.5689 4.2004, 4.6336 1.4767 4.0989, 4.6027 1.5869 4.2004, 4.6755 1.5204 4.0989, 4.6307 1.6263 4.2004, 4.7038 1.55 4.0989, 4.6467 1.6488 4.2004, 4.7334 1.6022 4.0989, 4.6642 1.6939 4.2004, 4.7538 1.6381 4.0989, 4.6741 1.7196 4.2004, 4.77 1.6955 4.0989, 4.6801 1.7676 4.2004, 4.7801 1.7314 4.0989, 4.6835 1.795 4.2004, 4.7821 1.7951 4.0989, 4.6823 1.8227 4.2004, 4.7833 1.8325 4.0989, 4.672 1.8699 4.2004, 4.7697 1.8945 4.0989, 4.6662 1.8969 4.2004, 4.7615 1.9318 4.0989, 4.6447 1.9402 4.2004, 4.7334 1.988 4.0989, 4.6325 1.965 4.2004, 4.7159 2.0229 4.0989, 4.6011 2.0017 4.2004, 4.6756 2.0699 4.0989, 4.5831 2.0227 4.2004, 4.653 2.0964 4.0989, 4.5437 2.0507 4.2004, 4.5992 2.1348 4.0989, 4.5212 2.0667 4.2004, 4.5701 2.1557 4.0989, 4.4761 2.0842 4.2004, 4.5094 2.1793 4.0989, 4.4504 2.0941 4.2004, 4.4753 2.1926 4.0989, 4.4114 2.2005 4.0989, -4.375 -1.385 4.0989, -4.4116 -1.3886 4.0989, -4.375 -1.4865 4.2004, -4.4024 -1.4899 4.2004, -4.375 -2.205 4.0989, -4.375 -2.1035 4.2004, -4.4027 -2.1023 4.2004, -4.4504 -1.4959 4.2004, -4.4551 -1.3928 4.0989, -4.4761 -1.5058 4.2004, -4.5096 -1.4106 4.0989, -4.5144 -1.4122 4.0989, -4.5212 -1.5233 4.2004, -4.547 -1.4228 4.0989, -4.5437 -1.5393 4.2004, -4.5993 -1.4554 4.0989, -4.5831 -1.5673 4.2004, -4.6336 -1.4767 4.0989, -4.6011 -1.5883 4.2004, -4.6755 -1.5204 4.0989, -4.7038 -1.55 4.0989, -4.6325 -1.625 4.2004, -4.7197 -1.5781 4.0989, -4.6447 -1.6498 4.2004, -4.7334 -1.6022 4.0989, -4.6662 -1.6931 4.2004, -4.7538 -1.6381 4.0989, -4.672 -1.7201 4.2004, -4.77 -1.6955 4.0989, -4.6823 -1.7673 4.2004, -4.7801 -1.7314 4.0989, -4.6835 -1.795 4.2004, -4.7821 -1.7951 4.0989, -4.6801 -1.8224 4.2004, -4.7833 -1.8325 4.0989, -4.6741 -1.8704 4.2004, -4.7697 -1.8945 4.0989, -4.6642 -1.8961 4.2004, -4.7615 -1.9318 4.0989, -4.6467 -1.9412 4.2004, -4.7334 -1.988 4.0989, -4.7197 -2.0153 4.0989, -4.6307 -1.9637 4.2004, -4.7159 -2.0229 4.0989, -4.6027 -2.0031 4.2004, -4.6756 -2.0699 4.0989, -4.5817 -2.0211 4.2004, -4.653 -2.0964 4.0989, -4.545 -2.0525 4.2004, -4.5992 -2.1348 4.0989, -4.5202 -2.0647 4.2004, -4.5701 -2.1557 4.0989, -4.4769 -2.0862 4.2004, -4.5144 -2.1774 4.0989, -4.5094 -2.1793 4.0989, -4.4499 -2.092 4.2004, -4.4753 -2.1926 4.0989, -4.4114 -2.2005 4.0989, -4.3476 -1.4899 4.2004, -4.3384 -2.2014 4.0989, -4.3473 -2.1023 4.2004, -4.3001 -2.092 4.2004, -4.2949 -2.1972 4.0989, -4.2731 -2.0862 4.2004, -4.2404 -2.1794 4.0989, -4.2298 -2.0647 4.2004, -4.203 -2.1672 4.0989, -4.205 -2.0525 4.2004, -4.1507 -2.1346 4.0989, -4.1683 -2.0211 4.2004, -4.1164 -2.1133 4.0989, -4.1473 -2.0031 4.2004, -4.0745 -2.0696 4.0989, -4.1193 -1.9637 4.2004, -4.0462 -2.04 4.0989, -4.1033 -1.9412 4.2004, -4.0166 -1.9878 4.0989, -4.0858 -1.8961 4.2004, -3.9962 -1.9519 4.0989, -4.0759 -1.8704 4.2004, -3.98 -1.8945 4.0989, -4.0699 -1.8224 4.2004, -3.9699 -1.8586 4.0989, -4.0665 -1.795 4.2004, -3.9679 -1.7949 4.0989, -4.0677 -1.7673 4.2004, -3.9667 -1.7575 4.0989, -4.078 -1.7201 4.2004, -3.9803 -1.6955 4.0989, -4.0838 -1.6931 4.2004, -3.9885 -1.6582 4.0989, -4.1053 -1.6498 4.2004, -4.0166 -1.602 4.0989, -4.1175 -1.625 4.2004, -4.0341 -1.5671 4.0989, -4.1489 -1.5883 4.2004, -4.0744 -1.5201 4.0989, -4.1669 -1.5673 4.2004, -4.097 -1.4936 4.0989, -4.2063 -1.5393 4.2004, -4.1508 -1.4552 4.0989, -4.2288 -1.5233 4.2004, -4.1799 -1.4343 4.0989, -4.2739 -1.5058 4.2004, -4.2406 -1.4107 4.0989, -4.2996 -1.4959 4.2004, -4.2747 -1.3974 4.0989, -4.3386 -1.3895 4.0989, -2.625 -1.385 4.0989, -2.6616 -1.3886 4.0989, -2.625 -1.4865 4.2004, -2.6524 -1.4899 4.2004, -2.625 -2.205 4.0989, -2.625 -2.1035 4.2004, -2.6527 -2.1023 4.2004, -2.7004 -1.4959 4.2004, -2.7051 -1.3928 4.0989, -2.7261 -1.5058 4.2004, -2.7596 -1.4106 4.0989, -2.7712 -1.5233 4.2004, -2.797 -1.4228 4.0989, -2.7937 -1.5393 4.2004, -2.8493 -1.4554 4.0989, -2.8331 -1.5673 4.2004, -2.8836 -1.4767 4.0989, -2.8511 -1.5883 4.2004, -2.9255 -1.5204 4.0989, -2.8825 -1.625 4.2004, -2.9538 -1.55 4.0989, -2.8947 -1.6498 4.2004, -2.9834 -1.6022 4.0989, -2.9162 -1.6931 4.2004, -3.0038 -1.6381 4.0989, -2.922 -1.7201 4.2004, -3.02 -1.6955 4.0989, -2.9323 -1.7673 4.2004, -3.0301 -1.7314 4.0989, -2.9335 -1.795 4.2004, -3.0321 -1.7951 4.0989, -2.9301 -1.8224 4.2004, -3.0333 -1.8325 4.0989, -2.9241 -1.8704 4.2004, -3.0197 -1.8945 4.0989, -2.9142 -1.8961 4.2004, -3.0115 -1.9318 4.0989, -2.8967 -1.9412 4.2004, -2.9834 -1.988 4.0989, -2.8807 -1.9637 4.2004, -2.9659 -2.0229 4.0989, -2.8527 -2.0031 4.2004, -2.9256 -2.0699 4.0989, -2.8317 -2.0211 4.2004, -2.903 -2.0964 4.0989, -2.795 -2.0525 4.2004, -2.8492 -2.1348 4.0989, -2.7702 -2.0647 4.2004, -2.8201 -2.1557 4.0989, -2.7269 -2.0862 4.2004, -2.7594 -2.1793 4.0989, -2.6999 -2.092 4.2004, -2.7253 -2.1926 4.0989, -2.6614 -2.2005 4.0989, -2.5976 -1.4899 4.2004, -2.5884 -2.2014 4.0989, -2.5973 -2.1023 4.2004, -2.5501 -2.092 4.2004, -2.5449 -2.1972 4.0989, -2.5231 -2.0862 4.2004, -2.4904 -2.1794 4.0989, -2.4798 -2.0647 4.2004, -2.453 -2.1672 4.0989, -2.455 -2.0525 4.2004, -2.4007 -2.1346 4.0989, -2.4183 -2.0211 4.2004, -2.3664 -2.1133 4.0989, -2.3973 -2.0031 4.2004, -2.3245 -2.0696 4.0989, -2.3693 -1.9637 4.2004, -2.2962 -2.04 4.0989, -2.3533 -1.9412 4.2004, -2.2666 -1.9878 4.0989, -2.3358 -1.8961 4.2004, -2.2462 -1.9519 4.0989, -2.3259 -1.8704 4.2004, -2.23 -1.8945 4.0989, -2.3199 -1.8224 4.2004, -2.2199 -1.8586 4.0989, -2.3165 -1.795 4.2004, -2.2179 -1.7949 4.0989, -2.3177 -1.7673 4.2004, -2.2167 -1.7575 4.0989, -2.328 -1.7201 4.2004, -2.2303 -1.6955 4.0989, -2.3338 -1.6931 4.2004, -2.2385 -1.6582 4.0989, -2.3553 -1.6498 4.2004, -2.2666 -1.602 4.0989, -2.3675 -1.625 4.2004, -2.2841 -1.5671 4.0989, -2.3989 -1.5883 4.2004, -2.3244 -1.5201 4.0989, -2.4169 -1.5673 4.2004, -2.347 -1.4936 4.0989, -2.4563 -1.5393 4.2004, -2.4008 -1.4552 4.0989, -2.4788 -1.5233 4.2004, -2.4299 -1.4343 4.0989, -2.5239 -1.5058 4.2004, -2.4906 -1.4107 4.0989, -2.5496 -1.4959 4.2004, -2.5247 -1.3974 4.0989, -2.5886 -1.3895 4.0989, -0.875 -1.385 4.0989, -0.9116 -1.3886 4.0989, -0.875 -1.4865 4.2004, -0.9024 -1.4899 4.2004, -0.875 -2.205 4.0989, -0.875 -2.1035 4.2004, -0.9027 -2.1023 4.2004, -0.9504 -1.4959 4.2004, -0.9551 -1.3928 4.0989, -0.9761 -1.5058 4.2004, -1.0096 -1.4106 4.0989, -1.0212 -1.5233 4.2004, -1.047 -1.4228 4.0989, -1.0437 -1.5393 4.2004, -1.0993 -1.4554 4.0989, -1.0831 -1.5673 4.2004, -1.1336 -1.4767 4.0989, -1.1011 -1.5883 4.2004, -1.1755 -1.5204 4.0989, -1.1325 -1.625 4.2004, -1.2038 -1.55 4.0989, -1.1447 -1.6498 4.2004, -1.2334 -1.6022 4.0989, -1.1662 -1.6931 4.2004, -1.2538 -1.6381 4.0989, -1.172 -1.7201 4.2004, -1.27 -1.6955 4.0989, -1.1823 -1.7673 4.2004, -1.2801 -1.7314 4.0989, -1.1835 -1.795 4.2004, -1.2821 -1.7951 4.0989, -1.1801 -1.8224 4.2004, -1.2833 -1.8325 4.0989, -1.1741 -1.8704 4.2004, -1.2697 -1.8945 4.0989, -1.1642 -1.8961 4.2004, -1.2615 -1.9318 4.0989, -1.1467 -1.9412 4.2004, -1.2334 -1.988 4.0989, -1.1307 -1.9637 4.2004, -1.2159 -2.0229 4.0989, -1.1027 -2.0031 4.2004, -1.1756 -2.0699 4.0989, -1.0817 -2.0211 4.2004, -1.153 -2.0964 4.0989, -1.045 -2.0525 4.2004, -1.0992 -2.1348 4.0989, -1.0202 -2.0647 4.2004, -1.0701 -2.1557 4.0989, -0.9769 -2.0862 4.2004, -1.0094 -2.1793 4.0989, -0.9499 -2.092 4.2004, -0.9753 -2.1926 4.0989, -0.9114 -2.2005 4.0989, -0.8476 -1.4899 4.2004, -0.8384 -2.2014 4.0989, -0.8473 -2.1023 4.2004, -0.8001 -2.092 4.2004, -0.7949 -2.1972 4.0989, -0.7731 -2.0862 4.2004, -0.7404 -2.1794 4.0989, -0.7298 -2.0647 4.2004, -0.703 -2.1672 4.0989, -0.705 -2.0525 4.2004, -0.6507 -2.1346 4.0989, -0.6683 -2.0211 4.2004, -0.6164 -2.1133 4.0989, -0.6473 -2.0031 4.2004, -0.5745 -2.0696 4.0989, -0.6193 -1.9637 4.2004, -0.5462 -2.04 4.0989, -0.6033 -1.9412 4.2004, -0.5166 -1.9878 4.0989, -0.5858 -1.8961 4.2004, -0.4962 -1.9519 4.0989, -0.5759 -1.8704 4.2004, -0.48 -1.8945 4.0989, -0.5699 -1.8224 4.2004, -0.4699 -1.8586 4.0989, -0.5665 -1.795 4.2004, -0.4679 -1.7949 4.0989, -0.5677 -1.7673 4.2004, -0.4667 -1.7575 4.0989, -0.578 -1.7201 4.2004, -0.4803 -1.6955 4.0989, -0.5838 -1.6931 4.2004, -0.4885 -1.6582 4.0989, -0.6053 -1.6498 4.2004, -0.5166 -1.602 4.0989, -0.6175 -1.625 4.2004, -0.5341 -1.5671 4.0989, -0.6489 -1.5883 4.2004, -0.5744 -1.5201 4.0989, -0.6669 -1.5673 4.2004, -0.597 -1.4936 4.0989, -0.7063 -1.5393 4.2004, -0.6508 -1.4552 4.0989, -0.7288 -1.5233 4.2004, -0.6799 -1.4343 4.0989, -0.7739 -1.5058 4.2004, -0.7406 -1.4107 4.0989, -0.7996 -1.4959 4.2004, -0.7747 -1.3974 4.0989, -0.8386 -1.3895 4.0989, 0.875 -1.385 4.0989, 0.8384 -1.3886 4.0989, 0.875 -1.4865 4.2004, 0.8476 -1.4899 4.2004, 0.875 -2.205 4.0989, 0.875 -2.1035 4.2004, 0.8473 -2.1023 4.2004, 0.7996 -1.4959 4.2004, 0.7949 -1.3928 4.0989, 0.7739 -1.5058 4.2004, 0.7404 -1.4106 4.0989, 0.7288 -1.5233 4.2004, 0.703 -1.4228 4.0989, 0.7063 -1.5393 4.2004, 0.6507 -1.4554 4.0989, 0.6669 -1.5673 4.2004, 0.6164 -1.4767 4.0989, 0.6489 -1.5883 4.2004, 0.5745 -1.5204 4.0989, 0.6175 -1.625 4.2004, 0.5462 -1.55 4.0989, 0.6053 -1.6498 4.2004, 0.5166 -1.6022 4.0989, 0.5838 -1.6931 4.2004, 0.4962 -1.6381 4.0989, 0.578 -1.7201 4.2004, 0.48 -1.6955 4.0989, 0.5677 -1.7673 4.2004, 0.4699 -1.7314 4.0989, 0.5665 -1.795 4.2004, 0.4679 -1.7951 4.0989, 0.5699 -1.8224 4.2004, 0.4667 -1.8325 4.0989, 0.5759 -1.8704 4.2004, 0.4803 -1.8945 4.0989, 0.5858 -1.8961 4.2004, 0.4885 -1.9318 4.0989, 0.6033 -1.9412 4.2004, 0.5166 -1.988 4.0989, 0.6193 -1.9637 4.2004, 0.5341 -2.0229 4.0989, 0.6473 -2.0031 4.2004, 0.5744 -2.0699 4.0989, 0.6683 -2.0211 4.2004, 0.597 -2.0964 4.0989, 0.705 -2.0525 4.2004, 0.6508 -2.1348 4.0989, 0.7298 -2.0647 4.2004, 0.6799 -2.1557 4.0989, 0.7731 -2.0862 4.2004, 0.7406 -2.1793 4.0989, 0.8001 -2.092 4.2004, 0.7747 -2.1926 4.0989, 0.8386 -2.2005 4.0989, 0.9024 -1.4899 4.2004, 0.9116 -2.2014 4.0989, 0.9027 -2.1023 4.2004, 0.9499 -2.092 4.2004, 0.9551 -2.1972 4.0989, 0.9769 -2.0862 4.2004, 1.0096 -2.1794 4.0989, 1.0202 -2.0647 4.2004, 1.047 -2.1672 4.0989, 1.045 -2.0525 4.2004, 1.0993 -2.1346 4.0989, 1.0817 -2.0211 4.2004, 1.1336 -2.1133 4.0989, 1.1027 -2.0031 4.2004, 1.1755 -2.0696 4.0989, 1.1307 -1.9637 4.2004, 1.2038 -2.04 4.0989, 1.1467 -1.9412 4.2004, 1.2334 -1.9878 4.0989, 1.1642 -1.8961 4.2004, 1.2538 -1.9519 4.0989, 1.1741 -1.8704 4.2004, 1.27 -1.8945 4.0989, 1.1801 -1.8224 4.2004, 1.2801 -1.8586 4.0989, 1.1835 -1.795 4.2004, 1.2821 -1.7949 4.0989, 1.1823 -1.7673 4.2004, 1.2833 -1.7575 4.0989, 1.172 -1.7201 4.2004, 1.2697 -1.6955 4.0989, 1.1662 -1.6931 4.2004, 1.2615 -1.6582 4.0989, 1.1447 -1.6498 4.2004, 1.2334 -1.602 4.0989, 1.1325 -1.625 4.2004, 1.2159 -1.5671 4.0989, 1.1011 -1.5883 4.2004, 1.1756 -1.5201 4.0989, 1.0831 -1.5673 4.2004, 1.153 -1.4936 4.0989, 1.0437 -1.5393 4.2004, 1.0992 -1.4552 4.0989, 1.0212 -1.5233 4.2004, 1.0701 -1.4343 4.0989, 0.9761 -1.5058 4.2004, 1.0094 -1.4107 4.0989, 0.9504 -1.4959 4.2004, 0.9753 -1.3974 4.0989, 0.9114 -1.3895 4.0989, 2.625 -1.385 4.0989, 2.5884 -1.3886 4.0989, 2.625 -1.4865 4.2004, 2.5976 -1.4899 4.2004, 2.625 -2.205 4.0989, 2.625 -2.1035 4.2004, 2.5973 -2.1023 4.2004, 2.5496 -1.4959 4.2004, 2.5449 -1.3928 4.0989, 2.5239 -1.5058 4.2004, 2.4904 -1.4106 4.0989, 2.4788 -1.5233 4.2004, 2.453 -1.4228 4.0989, 2.4563 -1.5393 4.2004, 2.4007 -1.4554 4.0989, 2.4169 -1.5673 4.2004, 2.3664 -1.4767 4.0989, 2.3989 -1.5883 4.2004, 2.3245 -1.5204 4.0989, 2.3675 -1.625 4.2004, 2.2962 -1.55 4.0989, 2.3553 -1.6498 4.2004, 2.2666 -1.6022 4.0989, 2.3338 -1.6931 4.2004, 2.2462 -1.6381 4.0989, 2.328 -1.7201 4.2004, 2.23 -1.6955 4.0989, 2.3177 -1.7673 4.2004, 2.2199 -1.7314 4.0989, 2.3165 -1.795 4.2004, 2.2179 -1.7951 4.0989, 2.3199 -1.8224 4.2004, 2.2167 -1.8325 4.0989, 2.3259 -1.8704 4.2004, 2.2303 -1.8945 4.0989, 2.3358 -1.8961 4.2004, 2.2385 -1.9318 4.0989, 2.3533 -1.9412 4.2004, 2.2666 -1.988 4.0989, 2.3693 -1.9637 4.2004, 2.2841 -2.0229 4.0989, 2.3973 -2.0031 4.2004, 2.3244 -2.0699 4.0989, 2.4183 -2.0211 4.2004, 2.347 -2.0964 4.0989, 2.455 -2.0525 4.2004, 2.4008 -2.1348 4.0989, 2.4798 -2.0647 4.2004, 2.4299 -2.1557 4.0989, 2.5231 -2.0862 4.2004, 2.4906 -2.1793 4.0989, 2.5501 -2.092 4.2004, 2.5247 -2.1926 4.0989, 2.5886 -2.2005 4.0989, 2.6524 -1.4899 4.2004, 2.6616 -2.2014 4.0989, 2.6527 -2.1023 4.2004, 2.6999 -2.092 4.2004, 2.7051 -2.1972 4.0989, 2.7269 -2.0862 4.2004, 2.7596 -2.1794 4.0989, 2.7702 -2.0647 4.2004, 2.797 -2.1672 4.0989, 2.795 -2.0525 4.2004, 2.8493 -2.1346 4.0989, 2.8317 -2.0211 4.2004, 2.8836 -2.1133 4.0989, 2.8527 -2.0031 4.2004, 2.9255 -2.0696 4.0989, 2.8807 -1.9637 4.2004, 2.9538 -2.04 4.0989, 2.8967 -1.9412 4.2004, 2.9834 -1.9878 4.0989, 2.9142 -1.8961 4.2004, 3.0038 -1.9519 4.0989, 2.9241 -1.8704 4.2004, 3.02 -1.8945 4.0989, 2.9301 -1.8224 4.2004, 3.0301 -1.8586 4.0989, 2.9335 -1.795 4.2004, 3.0321 -1.7949 4.0989, 2.9323 -1.7673 4.2004, 3.0333 -1.7575 4.0989, 2.922 -1.7201 4.2004, 3.0197 -1.6955 4.0989, 2.9162 -1.6931 4.2004, 3.0115 -1.6582 4.0989, 2.8947 -1.6498 4.2004, 2.9834 -1.602 4.0989, 2.8825 -1.625 4.2004, 2.9659 -1.5671 4.0989, 2.8511 -1.5883 4.2004, 2.9256 -1.5201 4.0989, 2.8331 -1.5673 4.2004, 2.903 -1.4936 4.0989, 2.7937 -1.5393 4.2004, 2.8492 -1.4552 4.0989, 2.7712 -1.5233 4.2004, 2.8201 -1.4343 4.0989, 2.7261 -1.5058 4.2004, 2.7594 -1.4107 4.0989, 2.7004 -1.4959 4.2004, 2.7253 -1.3974 4.0989, 2.6614 -1.3895 4.0989, 4.375 -1.385 4.0989, 4.3384 -1.3886 4.0989, 4.375 -1.4865 4.2004, 4.3476 -1.4899 4.2004, 4.375 -2.205 4.0989, 4.375 -2.1035 4.2004, 4.3473 -2.1023 4.2004, 4.2996 -1.4959 4.2004, 4.2949 -1.3928 4.0989, 4.2739 -1.5058 4.2004, 4.2404 -1.4106 4.0989, 4.2288 -1.5233 4.2004, 4.203 -1.4228 4.0989, 4.2063 -1.5393 4.2004, 4.1507 -1.4554 4.0989, 4.1164 -1.4767 4.0989, 4.1669 -1.5673 4.2004, 4.0953 -1.4987 4.0989, 4.1489 -1.5883 4.2004, 4.0745 -1.5204 4.0989, 4.1175 -1.625 4.2004, 4.0462 -1.55 4.0989, 4.1053 -1.6498 4.2004, 4.0166 -1.6022 4.0989, 4.0838 -1.6931 4.2004, 3.9962 -1.6381 4.0989, 4.078 -1.7201 4.2004, 3.98 -1.6955 4.0989, 4.0677 -1.7673 4.2004, 3.9699 -1.7314 4.0989, 4.0665 -1.795 4.2004, 3.9679 -1.7951 4.0989, 4.0699 -1.8224 4.2004, 3.9667 -1.8325 4.0989, 4.0759 -1.8704 4.2004, 3.9803 -1.8945 4.0989, 4.0858 -1.8961 4.2004, 3.9885 -1.9318 4.0989, 4.1033 -1.9412 4.2004, 4.0166 -1.988 4.0989, 4.1193 -1.9637 4.2004, 4.0341 -2.0229 4.0989, 4.1473 -2.0031 4.2004, 4.0744 -2.0699 4.0989, 4.1683 -2.0211 4.2004, 4.0953 -2.0944 4.0989, 4.097 -2.0964 4.0989, 4.205 -2.0525 4.2004, 4.1508 -2.1348 4.0989, 4.2298 -2.0647 4.2004, 4.1799 -2.1557 4.0989, 4.2731 -2.0862 4.2004, 4.2406 -2.1793 4.0989, 4.3001 -2.092 4.2004, 4.2747 -2.1926 4.0989, 4.3386 -2.2005 4.0989, 4.4024 -1.4899 4.2004, 4.4116 -2.2014 4.0989, 4.4027 -2.1023 4.2004, 4.4499 -2.092 4.2004, 4.4551 -2.1972 4.0989, 4.4769 -2.0862 4.2004, 4.5096 -2.1794 4.0989, 4.5202 -2.0647 4.2004, 4.547 -2.1672 4.0989, 4.545 -2.0525 4.2004, 4.5993 -2.1346 4.0989, 4.5817 -2.0211 4.2004, 4.6336 -2.1133 4.0989, 4.6027 -2.0031 4.2004, 4.6755 -2.0696 4.0989, 4.6307 -1.9637 4.2004, 4.7038 -2.04 4.0989, 4.6467 -1.9412 4.2004, 4.7334 -1.9878 4.0989, 4.6642 -1.8961 4.2004, 4.7538 -1.9519 4.0989, 4.6741 -1.8704 4.2004, 4.77 -1.8945 4.0989, 4.6801 -1.8224 4.2004, 4.7801 -1.8586 4.0989, 4.6835 -1.795 4.2004, 4.7821 -1.7949 4.0989, 4.6823 -1.7673 4.2004, 4.7833 -1.7575 4.0989, 4.672 -1.7201 4.2004, 4.7697 -1.6955 4.0989, 4.6662 -1.6931 4.2004, 4.7615 -1.6582 4.0989, 4.6447 -1.6498 4.2004, 4.7334 -1.602 4.0989, 4.6325 -1.625 4.2004, 4.7159 -1.5671 4.0989, 4.6011 -1.5883 4.2004, 4.6756 -1.5201 4.0989, 4.5831 -1.5673 4.2004, 4.653 -1.4936 4.0989, 4.5437 -1.5393 4.2004, 4.5992 -1.4552 4.0989, 4.5212 -1.5233 4.2004, 4.5701 -1.4343 4.0989, 4.4761 -1.5058 4.2004, 4.5094 -1.4107 4.0989, 4.4504 -1.4959 4.2004, 4.4753 -1.3974 4.0989, 4.4114 -1.3895 4.0989, -4.4094 2.35 4.0989, -4.3482 2.35 4.0989, -4.4094 2.35 4.0239, -4.3482 2.35 4.0239, -4.4094 2.9309 4.0989, -4.4094 2.9309 4.0239, -4.4707 2.8266 4.0989, -4.4707 2.8266 4.0239, -4.4707 2.9457 4.0989, -4.4707 2.9457 4.0239, -4.4094 3.05 4.0989, -4.4094 3.05 4.0239, -4.3482 3.05 4.0989, -4.3482 3.05 4.0239, 4.5932 2.6181 4.0989, 4.5728 2.6926 4.0989, 4.5932 2.6181 4.0239, 4.5728 2.6926 4.0239, 4.5932 2.5436 4.0989, 4.5932 2.5436 4.0239, 4.5728 2.4691 4.0989, 4.5728 2.4691 4.0239, 4.5422 2.4096 4.0989, 4.5422 2.4096 4.0239, 4.4911 2.3649 4.0989, 4.4911 2.3649 4.0239, 4.4401 2.35 4.0989, 4.4401 2.35 4.0239, 4.389 2.35 4.0989, 4.389 2.35 4.0239, 4.338 2.3649 4.0989, 4.338 2.3649 4.0239, 4.2869 2.4096 4.0989, 4.2869 2.4096 4.0239, 4.2563 2.4691 4.0989, 4.2563 2.4691 4.0239, 4.2359 2.5436 4.0989, 4.2359 2.5436 4.0239, 4.2257 2.6479 4.0989, 4.2257 2.6479 4.0239, 4.2257 2.7521 4.0989, 4.2257 2.7521 4.0239, 4.2359 2.8564 4.0989, 4.2359 2.8564 4.0239, 4.2563 2.9309 4.0989, 4.2563 2.9309 4.0239, 4.2869 2.9904 4.0989, 4.2869 2.9904 4.0239, 4.338 3.0351 4.0989, 4.338 3.0351 4.0239, 4.389 3.05 4.0989, 4.389 3.05 4.0239, 4.4299 3.05 4.0989, 4.4299 3.05 4.0239, 4.4809 3.0351 4.0989, 4.4809 3.0351 4.0239, 4.5319 2.9904 4.0989, 4.5319 2.9904 4.0239, 4.5626 2.9309 4.0989, 4.5626 2.9309 4.0239, 4.5728 2.8862 4.0989, 4.5728 2.8862 4.0239, 4.5217 2.8862 4.0989, 4.5217 2.8862 4.0239, 4.5013 2.9309 4.0989, 4.5013 2.9309 4.0239, 4.4707 2.9606 4.0989, 4.4707 2.9606 4.0239, 4.4401 2.9755 4.0989, 4.4401 2.9755 4.0239, 4.3788 2.9755 4.0989, 4.3788 2.9755 4.0239, 4.3482 2.9606 4.0989, 4.3482 2.9606 4.0239, 4.3176 2.9309 4.0989, 4.3176 2.9309 4.0239, 4.2972 2.8862 4.0989, 4.2972 2.8862 4.0239, 4.2869 2.8415 4.0989, 4.2869 2.8415 4.0239, 4.2767 2.7521 4.0989, 4.2767 2.7521 4.0239, 4.2767 2.7223 4.0989, 4.2767 2.7223 4.0239, 4.338 2.7819 4.0989, 4.338 2.7819 4.0239, 4.389 2.7968 4.0989, 4.389 2.7968 4.0239, 4.4401 2.7968 4.0989, 4.4401 2.7968 4.0239, 4.4911 2.7819 4.0989, 4.4911 2.7819 4.0239, 4.5422 2.7372 4.0989, 4.5422 2.7372 4.0239, -4.6019 -1.25 4.0989, -4.5494 -1.25 4.0989, -4.6019 -1.25 4.0239, -4.5494 -1.25 4.0239, -4.6019 -0.6691 4.0989, -4.6019 -0.6691 4.0239, -4.6544 -0.7734 4.0989, -4.6544 -0.7734 4.0239, -4.6544 -0.6543 4.0989, -4.6544 -0.6543 4.0239, -4.6019 -0.55 4.0989, -4.6019 -0.55 4.0239, -4.5494 -0.55 4.0989, -4.5494 -0.55 4.0239, -4.2344 -0.8032 4.0989, -4.4794 -1.1755 4.0989, -4.2344 -0.8032 4.0239, -4.4794 -1.1755 4.0239, -4.2169 -0.7436 4.0989, -4.2169 -0.7436 4.0239, -4.2169 -0.7138 4.0989, -4.2169 -0.7138 4.0239, -4.2344 -0.6691 4.0989, -4.2344 -0.6691 4.0239, -4.2607 -0.6394 4.0989, -4.2607 -0.6394 4.0239, -4.3044 -0.6245 4.0989, -4.3044 -0.6245 4.0239, -4.3394 -0.6245 4.0989, -4.3394 -0.6245 4.0239, -4.3832 -0.6394 4.0989, -4.3832 -0.6394 4.0239, -4.4094 -0.6691 4.0989, -4.4094 -0.6691 4.0239, -4.4269 -0.7138 4.0989, -4.4269 -0.7138 4.0239, -4.4707 -0.7138 4.0989, -4.4707 -0.7138 4.0239, -4.4619 -0.6543 4.0989, -4.4619 -0.6543 4.0239, -4.4269 -0.5947 4.0989, -4.4269 -0.5947 4.0239, -4.3919 -0.5649 4.0989, -4.3919 -0.5649 4.0239, -4.3307 -0.55 4.0989, -4.3307 -0.55 4.0239, -4.2957 -0.55 4.0989, -4.2957 -0.55 4.0239, -4.2432 -0.5649 4.0989, -4.2432 -0.5649 4.0239, -4.2082 -0.5947 4.0989, -4.2082 -0.5947 4.0239, -4.1732 -0.6543 4.0989, -4.1732 -0.6543 4.0239, -4.1644 -0.7138 4.0989, -4.1644 -0.7138 4.0239, -4.1644 -0.7436 4.0989, -4.1644 -0.7436 4.0239, -4.1732 -0.8032 4.0989, -4.1732 -0.8032 4.0239, -4.1907 -0.8479 4.0989, -4.1907 -0.8479 4.0239, -4.4094 -1.1755 4.0989, -4.4094 -1.1755 4.0239, -4.1644 -1.1755 4.0989, -4.1644 -1.1755 4.0239, -4.1644 -1.25 4.0989, -4.1644 -1.25 4.0239, -4.4794 -1.25 4.0989, -4.4794 -1.25 4.0239, 4.389 -1.25 4.0989, 4.5932 -0.6245 4.0989, 4.389 -1.25 4.0239, 4.5932 -0.6245 4.0239, 4.3278 -1.25 4.0989, 4.3278 -1.25 4.0239, 4.5319 -0.6245 4.0989, 4.5319 -0.6245 4.0239, 4.2257 -0.6245 4.0989, 4.2257 -0.6245 4.0239, 4.2257 -0.55 4.0989, 4.2257 -0.55 4.0239, 4.5932 -0.55 4.0989, 4.5932 -0.55 4.0239, -6.3065 2.1098 10.9439, -6.3829 1.9 11.0802, -6.3672 1.9429 11.0478, -4.575 3.6 10.8489, -4.8598 3.576 10.8489, -6.2777 2.189 10.9114, -6.2489 2.268 10.8789, -6.1928 2.4221 10.8489, -6.1306 2.5856 10.8489, -5.9159 2.945 10.8489, -5.62 3.2409 10.8489, -5.2606 3.4556 10.8489, -4.575 3.6 4.0989, -4.5144 3.6 4.0989, -3.5 3.6 4.0989, -1.75 3.6 4.0989, 0.0 3.6 4.0989, 1.75 3.6 4.0989, 3.5 3.6 4.0989, 4.0953 3.6 4.0989, -6.975 2.0 6.0489, -6.975 2.0 10.9489, -6.9432 2.0026 10.9489, -6.9416 2.0035 6.0489, -6.9416 2.003 10.9489, -6.933 2.0044 6.0489, -6.8956 2.0164 10.9489, -6.8946 2.0178 6.0489, -6.8944 2.0171 10.9489, -6.8862 2.0208 6.0489, -6.8529 2.0416 10.9489, -6.8526 2.043 6.0489, -6.8522 2.0423 10.9489, -6.8448 2.0482 6.0489, -6.8177 2.0764 10.9489, -6.8179 2.0777 6.0489, -6.8173 2.0771 10.9489, -6.8116 2.0846 6.0489, -6.7922 2.1189 10.9489, -6.7924 2.1196 6.0489, -6.792 2.1194 10.9489, -6.7902 2.1235 6.0489, -6.7779 2.1663 10.9489, -6.7783 2.1666 6.0489, -6.7778 2.1665 10.9489, -6.777 2.1712 6.0489, -6.775 2.2 6.0489
            ]
        }
        coordIndex [
            0,1,2,-1,0,2,3,-1,3,2,4,-1,3,4,5,-1,5,4,6,-1,5,6,7,-1,7,6,8,-1,7,8,9,-1,9,8,10,-1,9,10,11,-1,11,10,12,-1,11,12,13,-1,13,12,14,-1,13,14,15,-1,15,14,16,-1,15,16,17,-1,17,16,18,-1,17,18,19,-1,19,18,20,-1,19,20,21,-1,21,20,22,-1,21,22,23,-1,23,22,24,-1,23,24,25,-1,25,24,26,-1,25,26,27,-1,28,29,30,-1,31,32,33,-1,33,32,26,-1,29,28,34,-1,28,35,34,-1,34,35,36,-1,34,36,37,-1,37,36,38,-1,37,38,39,-1,40,41,30,-1,30,41,42,-1,30,42,28,-1,30,43,40,-1,40,43,44,-1,40,44,45,-1,31,33,44,-1,44,33,46,-1,44,46,45,-1,47,48,49,-1,50,51,52,-1,37,53,54,-1,55,56,57,-1,58,59,60,-1,60,59,61,-1,62,63,64,-1,64,63,65,-1,49,48,66,-1,37,39,53,-1,53,39,67,-1,53,67,68,-1,69,70,71,-1,63,72,65,-1,65,72,73,-1,65,73,54,-1,54,73,74,-1,54,74,37,-1,48,75,66,-1,66,75,76,-1,66,76,77,-1,77,76,78,-1,77,78,79,-1,80,81,82,-1,82,81,60,-1,82,60,83,-1,83,60,61,-1,84,85,86,-1,86,85,51,-1,85,87,51,-1,51,87,88,-1,51,88,52,-1,52,88,89,-1,52,89,49,-1,49,89,90,-1,49,90,47,-1,71,91,69,-1,69,91,92,-1,69,92,93,-1,94,95,96,-1,96,95,97,-1,96,98,94,-1,94,98,99,-1,94,99,100,-1,100,101,94,-1,94,101,102,-1,94,102,103,-1,104,105,64,-1,64,105,106,-1,64,106,62,-1,104,55,105,-1,105,55,79,-1,105,79,107,-1,107,79,78,-1,57,108,55,-1,55,108,109,-1,55,109,79,-1,79,109,110,-1,79,110,111,-1,111,112,79,-1,79,112,113,-1,79,113,114,-1,80,115,81,-1,81,115,116,-1,81,116,117,-1,39,93,67,-1,67,93,92,-1,67,92,118,-1,118,92,119,-1,118,119,95,-1,95,119,120,-1,95,120,97,-1,117,121,81,-1,81,121,50,-1,81,50,122,-1,122,50,52,-1,122,52,123,-1,123,52,124,-1,125,126,127,-1,88,128,89,-1,89,128,129,-1,128,130,129,-1,129,130,131,-1,129,131,132,-1,132,131,133,-1,132,133,134,-1,133,135,134,-1,134,135,136,-1,134,136,137,-1,137,136,138,-1,137,138,139,-1,138,140,139,-1,139,140,141,-1,139,141,127,-1,127,141,142,-1,127,142,125,-1,143,144,145,-1,146,147,148,-1,148,147,149,-1,144,143,150,-1,143,151,150,-1,150,151,152,-1,150,152,153,-1,153,152,154,-1,153,154,155,-1,156,157,145,-1,145,157,158,-1,145,158,143,-1,145,159,156,-1,156,159,160,-1,156,160,161,-1,146,148,160,-1,160,148,162,-1,160,162,161,-1,163,164,165,-1,166,167,168,-1,165,169,163,-1,163,169,170,-1,163,170,171,-1,171,170,172,-1,171,172,155,-1,173,174,175,-1,168,176,166,-1,166,176,177,-1,166,177,178,-1,178,177,179,-1,178,179,180,-1,180,181,178,-1,178,181,182,-1,178,182,183,-1,184,185,172,-1,172,185,153,-1,172,153,155,-1,184,186,185,-1,185,186,187,-1,185,187,188,-1,189,190,191,-1,191,190,192,-1,191,192,193,-1,193,192,194,-1,193,194,195,-1,196,197,191,-1,191,197,198,-1,191,198,189,-1,175,199,173,-1,173,199,200,-1,173,200,201,-1,201,200,202,-1,201,202,203,-1,204,205,206,-1,206,205,207,-1,206,207,196,-1,196,207,208,-1,196,208,197,-1,209,210,172,-1,172,210,211,-1,172,211,212,-1,212,213,172,-1,172,213,214,-1,172,214,215,-1,215,214,216,-1,215,216,217,-1,217,218,215,-1,215,218,219,-1,215,219,220,-1,221,222,223,-1,223,222,224,-1,167,166,225,-1,225,166,226,-1,225,226,170,-1,226,227,170,-1,170,227,228,-1,170,228,172,-1,172,228,229,-1,172,229,209,-1,203,230,201,-1,201,230,231,-1,201,231,232,-1,222,204,224,-1,224,204,206,-1,224,206,233,-1,233,206,201,-1,233,201,234,-1,234,201,232,-1,220,235,215,-1,215,235,236,-1,215,236,194,-1,194,236,237,-1,194,237,195,-1,238,239,240,-1,240,239,241,-1,240,241,242,-1,242,241,243,-1,242,243,244,-1,244,243,245,-1,244,245,246,-1,246,245,247,-1,246,247,248,-1,248,247,249,-1,248,249,250,-1,250,249,251,-1,250,251,252,-1,252,251,253,-1,252,253,254,-1,254,253,255,-1,254,255,256,-1,256,255,257,-1,256,257,258,-1,258,257,259,-1,258,259,260,-1,260,259,261,-1,260,261,262,-1,262,261,263,-1,262,263,264,-1,264,263,265,-1,239,266,267,-1,205,268,207,-1,207,268,269,-1,268,270,269,-1,269,270,271,-1,269,271,272,-1,272,271,273,-1,272,273,274,-1,273,275,274,-1,274,275,276,-1,274,276,277,-1,277,276,278,-1,277,278,279,-1,278,280,279,-1,279,280,281,-1,279,281,267,-1,267,281,282,-1,267,282,239,-1,0,283,1,-1,1,283,284,-1,1,284,285,-1,286,287,288,-1,288,287,289,-1,290,291,284,-1,286,292,287,-1,287,292,293,-1,287,293,284,-1,284,293,294,-1,284,294,290,-1,291,295,284,-1,284,295,296,-1,284,296,297,-1,297,298,284,-1,284,298,299,-1,284,299,285,-1,300,301,302,-1,303,264,304,-1,304,264,265,-1,305,306,302,-1,302,306,307,-1,302,307,308,-1,308,309,302,-1,302,309,310,-1,302,310,300,-1,265,311,304,-1,304,311,312,-1,304,312,313,-1,313,314,304,-1,304,314,315,-1,304,315,302,-1,302,315,316,-1,302,316,305,-1,317,318,319,-1,317,319,320,-1,321,322,323,-1,324,325,326,-1,327,328,329,-1,330,331,332,-1,333,334,335,-1,336,304,337,-1,337,304,338,-1,337,338,339,-1,339,338,340,-1,339,340,341,-1,341,340,342,-1,341,342,343,-1,343,342,344,-1,343,344,345,-1,345,344,346,-1,345,346,335,-1,335,346,347,-1,335,347,333,-1,318,348,319,-1,319,348,349,-1,319,349,350,-1,350,349,351,-1,350,351,352,-1,352,351,353,-1,352,353,354,-1,354,353,355,-1,354,355,356,-1,356,355,357,-1,356,357,358,-1,358,357,359,-1,358,359,360,-1,360,359,361,-1,334,330,335,-1,335,330,332,-1,335,332,345,-1,345,332,362,-1,345,362,343,-1,343,362,363,-1,343,363,341,-1,341,363,364,-1,341,364,339,-1,339,364,365,-1,339,365,337,-1,337,365,366,-1,337,366,336,-1,336,366,367,-1,331,327,332,-1,332,327,329,-1,332,329,362,-1,362,329,368,-1,362,368,363,-1,363,368,369,-1,363,369,364,-1,364,369,370,-1,364,370,365,-1,365,370,371,-1,365,371,366,-1,366,371,372,-1,366,372,367,-1,367,372,373,-1,328,324,329,-1,329,324,326,-1,329,326,368,-1,368,326,374,-1,368,374,369,-1,369,374,375,-1,369,375,370,-1,370,375,376,-1,370,376,371,-1,371,376,377,-1,371,377,372,-1,372,377,378,-1,372,378,373,-1,373,378,379,-1,325,321,326,-1,326,321,323,-1,326,323,374,-1,374,323,380,-1,374,380,375,-1,375,380,381,-1,375,381,376,-1,376,381,382,-1,376,382,377,-1,377,382,383,-1,377,383,378,-1,378,383,384,-1,378,384,379,-1,379,384,385,-1,322,320,323,-1,323,320,319,-1,323,319,380,-1,380,319,350,-1,380,350,381,-1,381,350,352,-1,381,352,382,-1,382,352,354,-1,382,354,383,-1,383,354,356,-1,383,356,384,-1,384,356,358,-1,384,358,385,-1,385,358,360,-1,331,330,386,-1,387,388,333,-1,333,388,386,-1,333,386,334,-1,334,386,330,-1,348,318,386,-1,389,390,391,-1,391,390,348,-1,391,348,392,-1,392,348,386,-1,318,317,386,-1,386,317,320,-1,386,320,322,-1,393,394,395,-1,322,321,386,-1,386,321,325,-1,386,325,324,-1,324,328,386,-1,386,328,327,-1,386,327,331,-1,395,396,393,-1,393,396,397,-1,393,397,398,-1,389,399,390,-1,390,399,393,-1,390,393,400,-1,400,393,401,-1,398,402,393,-1,393,402,403,-1,393,403,401,-1,390,400,404,-1,404,400,405,-1,404,405,406,-1,406,405,407,-1,406,407,408,-1,408,407,409,-1,408,409,410,-1,410,409,411,-1,410,411,412,-1,412,411,413,-1,412,413,414,-1,414,413,415,-1,414,415,416,-1,416,415,417,-1,397,396,418,-1,418,396,419,-1,418,419,420,-1,420,419,421,-1,420,421,422,-1,422,421,423,-1,422,423,424,-1,424,423,425,-1,424,425,426,-1,426,425,427,-1,426,427,428,-1,428,427,429,-1,428,429,430,-1,430,429,284,-1,400,401,405,-1,405,401,431,-1,405,431,407,-1,407,431,432,-1,407,432,409,-1,409,432,433,-1,409,433,411,-1,411,433,434,-1,411,434,413,-1,413,434,435,-1,413,435,415,-1,415,435,436,-1,415,436,417,-1,417,436,437,-1,401,403,431,-1,431,403,438,-1,431,438,432,-1,432,438,439,-1,432,439,433,-1,433,439,440,-1,433,440,434,-1,434,440,441,-1,434,441,435,-1,435,441,442,-1,435,442,436,-1,436,442,443,-1,436,443,437,-1,437,443,444,-1,403,402,438,-1,438,402,445,-1,438,445,439,-1,439,445,446,-1,439,446,440,-1,440,446,447,-1,440,447,441,-1,441,447,448,-1,441,448,442,-1,442,448,449,-1,442,449,443,-1,443,449,450,-1,443,450,444,-1,444,450,451,-1,402,398,445,-1,445,398,452,-1,445,452,446,-1,446,452,453,-1,446,453,447,-1,447,453,454,-1,447,454,448,-1,448,454,455,-1,448,455,449,-1,449,455,456,-1,449,456,450,-1,450,456,457,-1,450,457,451,-1,451,457,458,-1,398,397,452,-1,452,397,418,-1,452,418,453,-1,453,418,420,-1,453,420,454,-1,454,420,422,-1,454,422,455,-1,455,422,424,-1,455,424,456,-1,456,424,426,-1,456,426,457,-1,457,426,428,-1,457,428,458,-1,458,428,430,-1,459,460,461,-1,462,463,464,-1,464,463,465,-1,464,465,466,-1,462,467,463,-1,463,467,468,-1,463,468,469,-1,469,468,470,-1,470,468,460,-1,460,468,471,-1,460,471,461,-1,459,461,472,-1,472,461,473,-1,472,473,474,-1,475,476,473,-1,473,476,477,-1,473,477,474,-1,475,478,476,-1,476,478,479,-1,476,479,480,-1,481,482,480,-1,480,482,483,-1,480,483,476,-1,484,485,486,-1,486,485,487,-1,486,487,488,-1,480,489,481,-1,481,489,485,-1,481,485,490,-1,490,485,484,-1,473,461,491,-1,468,467,492,-1,493,494,495,-1,496,497,498,-1,498,497,499,-1,496,498,500,-1,500,498,501,-1,500,501,502,-1,502,501,503,-1,502,503,504,-1,505,506,507,-1,507,506,508,-1,507,508,509,-1,509,508,510,-1,510,508,511,-1,510,511,512,-1,512,511,513,-1,513,511,514,-1,513,514,515,-1,515,514,516,-1,516,514,517,-1,516,517,518,-1,519,520,521,-1,521,520,522,-1,522,520,523,-1,523,520,524,-1,523,524,525,-1,526,527,528,-1,528,527,529,-1,528,529,524,-1,524,529,530,-1,524,530,525,-1,528,531,532,-1,526,528,533,-1,533,528,532,-1,533,532,534,-1,493,495,535,-1,492,467,536,-1,536,467,462,-1,536,462,464,-1,491,461,492,-1,492,461,471,-1,492,471,468,-1,537,489,480,-1,480,479,537,-1,537,479,478,-1,537,478,491,-1,491,478,475,-1,491,475,473,-1,497,488,499,-1,499,488,487,-1,499,487,538,-1,538,487,485,-1,536,539,492,-1,492,539,540,-1,492,540,491,-1,491,540,541,-1,491,541,537,-1,537,541,538,-1,537,538,489,-1,489,538,485,-1,494,531,495,-1,495,531,528,-1,495,528,542,-1,542,528,524,-1,542,524,517,-1,517,524,520,-1,517,520,518,-1,518,520,519,-1,539,535,540,-1,540,535,495,-1,540,495,541,-1,541,495,542,-1,541,542,538,-1,538,542,517,-1,538,517,499,-1,499,517,514,-1,499,514,498,-1,498,514,511,-1,498,511,501,-1,501,511,508,-1,501,508,503,-1,503,508,506,-1,519,521,543,-1,544,545,527,-1,527,545,546,-1,527,546,529,-1,529,546,547,-1,529,547,530,-1,527,526,544,-1,544,526,533,-1,544,533,548,-1,548,533,534,-1,548,534,549,-1,550,525,551,-1,551,525,530,-1,551,530,552,-1,552,530,547,-1,543,521,553,-1,553,521,522,-1,553,522,550,-1,550,522,523,-1,550,523,525,-1,554,516,543,-1,543,516,518,-1,543,518,519,-1,555,556,513,-1,554,557,516,-1,516,557,558,-1,516,558,515,-1,515,558,513,-1,513,558,559,-1,513,559,555,-1,560,561,562,-1,562,561,563,-1,562,563,564,-1,565,566,567,-1,567,566,568,-1,567,568,563,-1,563,568,569,-1,563,569,564,-1,570,571,572,-1,572,571,565,-1,573,574,575,-1,574,573,576,-1,576,573,577,-1,576,577,578,-1,579,580,577,-1,580,581,577,-1,577,581,582,-1,577,582,578,-1,123,124,583,-1,583,124,584,-1,583,584,585,-1,545,544,584,-1,584,544,548,-1,584,548,585,-1,585,548,549,-1,585,549,586,-1,546,545,577,-1,577,545,584,-1,577,584,579,-1,579,584,124,-1,550,551,573,-1,573,551,552,-1,573,552,577,-1,577,552,547,-1,577,547,546,-1,553,550,572,-1,572,550,573,-1,572,573,570,-1,570,573,575,-1,565,567,572,-1,572,567,543,-1,572,543,553,-1,558,557,567,-1,567,557,554,-1,567,554,543,-1,558,567,559,-1,559,567,563,-1,559,563,555,-1,555,563,561,-1,555,561,556,-1,113,112,587,-1,587,112,111,-1,587,111,588,-1,109,589,110,-1,110,589,590,-1,110,590,111,-1,111,590,591,-1,111,591,588,-1,588,591,592,-1,588,592,466,-1,593,114,594,-1,466,465,588,-1,588,465,594,-1,588,594,587,-1,587,594,114,-1,587,114,113,-1,595,596,597,-1,597,596,598,-1,597,598,594,-1,594,598,599,-1,594,599,593,-1,600,601,602,-1,602,601,603,-1,602,603,595,-1,600,602,604,-1,604,602,605,-1,604,605,606,-1,606,605,607,-1,606,607,608,-1,609,610,611,-1,611,610,612,-1,611,612,607,-1,607,612,613,-1,607,613,608,-1,614,615,609,-1,611,490,484,-1,609,611,614,-1,614,611,484,-1,614,484,486,-1,490,611,481,-1,481,611,607,-1,481,607,482,-1,474,477,605,-1,605,477,476,-1,605,476,607,-1,607,476,483,-1,607,483,482,-1,474,605,472,-1,472,605,602,-1,472,602,459,-1,595,597,602,-1,602,597,460,-1,602,460,459,-1,465,463,594,-1,594,463,469,-1,594,469,597,-1,597,469,470,-1,597,470,460,-1,616,617,618,-1,618,619,616,-1,616,619,620,-1,616,620,589,-1,589,620,621,-1,589,621,622,-1,622,623,589,-1,589,623,624,-1,589,624,625,-1,626,627,628,-1,626,628,629,-1,628,630,629,-1,629,630,631,-1,629,631,632,-1,632,631,633,-1,632,633,634,-1,633,635,634,-1,634,635,636,-1,634,636,637,-1,637,636,638,-1,637,638,639,-1,639,638,640,-1,639,640,641,-1,641,640,642,-1,641,642,643,-1,643,642,644,-1,643,644,645,-1,645,644,646,-1,645,646,647,-1,648,649,650,-1,616,648,617,-1,617,648,650,-1,617,650,651,-1,651,650,647,-1,651,647,652,-1,652,647,646,-1,653,654,655,-1,655,654,656,-1,656,654,657,-1,656,657,658,-1,659,660,661,-1,659,661,662,-1,663,664,626,-1,626,664,662,-1,626,662,627,-1,627,662,661,-1,627,661,665,-1,665,661,653,-1,665,653,666,-1,666,653,655,-1,658,657,667,-1,667,657,668,-1,667,668,669,-1,670,671,672,-1,669,668,673,-1,673,668,674,-1,673,674,675,-1,675,674,676,-1,675,676,677,-1,677,676,670,-1,677,670,678,-1,679,680,681,-1,681,680,682,-1,681,682,683,-1,678,670,684,-1,684,670,672,-1,684,672,685,-1,685,672,686,-1,685,686,687,-1,688,689,690,-1,690,689,691,-1,690,691,686,-1,686,691,692,-1,686,692,687,-1,688,690,693,-1,693,690,694,-1,693,694,695,-1,682,696,683,-1,683,696,697,-1,683,697,694,-1,694,697,698,-1,694,698,695,-1,699,700,701,-1,701,700,702,-1,703,704,705,-1,702,700,706,-1,706,700,707,-1,706,707,708,-1,707,709,708,-1,708,709,710,-1,708,710,711,-1,711,710,712,-1,711,712,713,-1,713,712,714,-1,713,714,715,-1,715,714,716,-1,715,716,717,-1,716,718,717,-1,717,718,719,-1,717,719,720,-1,720,719,721,-1,720,721,722,-1,722,721,723,-1,722,723,724,-1,724,723,725,-1,724,725,726,-1,726,725,727,-1,726,727,728,-1,728,727,729,-1,728,729,730,-1,730,729,731,-1,730,731,732,-1,732,731,733,-1,732,733,734,-1,734,733,735,-1,734,735,736,-1,736,735,737,-1,736,737,738,-1,737,739,738,-1,738,739,740,-1,738,740,741,-1,741,740,742,-1,741,742,743,-1,743,742,744,-1,743,744,745,-1,745,744,746,-1,745,746,747,-1,747,746,748,-1,747,748,749,-1,749,748,750,-1,749,750,751,-1,750,752,751,-1,751,752,753,-1,751,753,754,-1,754,753,755,-1,754,755,705,-1,705,755,756,-1,705,756,703,-1,699,701,757,-1,703,758,704,-1,704,758,759,-1,759,758,760,-1,760,758,761,-1,760,761,762,-1,762,761,763,-1,762,763,764,-1,764,763,765,-1,764,765,766,-1,766,765,767,-1,766,767,768,-1,768,767,769,-1,768,769,770,-1,770,769,771,-1,770,771,772,-1,772,771,773,-1,772,773,774,-1,774,773,775,-1,774,775,776,-1,776,775,777,-1,776,777,778,-1,778,777,779,-1,778,779,780,-1,780,779,781,-1,780,781,782,-1,782,781,783,-1,782,783,784,-1,784,783,785,-1,784,785,786,-1,786,785,787,-1,786,787,788,-1,788,787,789,-1,788,789,790,-1,790,789,791,-1,790,791,792,-1,792,791,793,-1,792,793,794,-1,794,793,795,-1,794,795,796,-1,796,795,797,-1,796,797,798,-1,798,797,799,-1,798,799,800,-1,800,799,801,-1,800,801,802,-1,802,801,803,-1,802,803,804,-1,804,803,805,-1,804,805,757,-1,757,805,806,-1,757,806,699,-1,807,808,809,-1,809,808,810,-1,811,812,813,-1,810,808,814,-1,814,808,815,-1,814,815,816,-1,816,815,817,-1,816,817,818,-1,818,817,819,-1,818,819,820,-1,820,819,821,-1,820,821,822,-1,822,821,823,-1,822,823,824,-1,824,823,825,-1,824,825,826,-1,826,825,827,-1,826,827,828,-1,828,827,829,-1,828,829,830,-1,830,829,831,-1,830,831,832,-1,832,831,833,-1,832,833,834,-1,834,833,835,-1,834,835,836,-1,836,835,837,-1,836,837,838,-1,838,837,839,-1,838,839,840,-1,840,839,841,-1,840,841,842,-1,842,841,843,-1,842,843,844,-1,844,843,845,-1,844,845,846,-1,846,845,847,-1,846,847,848,-1,848,847,849,-1,848,849,850,-1,850,849,851,-1,850,851,852,-1,852,851,853,-1,852,853,854,-1,854,853,855,-1,854,855,856,-1,856,855,857,-1,856,857,858,-1,858,857,859,-1,858,859,813,-1,813,859,860,-1,813,860,811,-1,807,809,861,-1,811,862,812,-1,812,862,863,-1,863,862,864,-1,864,862,865,-1,864,865,866,-1,866,865,867,-1,866,867,868,-1,868,867,869,-1,868,869,870,-1,870,869,871,-1,870,871,872,-1,872,871,873,-1,872,873,874,-1,874,873,875,-1,874,875,876,-1,876,875,877,-1,876,877,878,-1,878,877,879,-1,878,879,880,-1,880,879,881,-1,880,881,882,-1,882,881,883,-1,882,883,884,-1,884,883,885,-1,884,885,886,-1,886,885,887,-1,886,887,888,-1,888,887,889,-1,888,889,890,-1,890,889,891,-1,890,891,892,-1,892,891,893,-1,892,893,894,-1,894,893,895,-1,894,895,896,-1,896,895,897,-1,896,897,898,-1,898,897,899,-1,898,899,900,-1,900,899,901,-1,900,901,902,-1,902,901,903,-1,902,903,904,-1,904,903,905,-1,904,905,906,-1,906,905,907,-1,906,907,908,-1,908,907,909,-1,908,909,861,-1,861,909,910,-1,861,910,807,-1,911,912,913,-1,913,912,914,-1,915,916,917,-1,914,912,918,-1,918,912,919,-1,918,919,920,-1,920,919,921,-1,920,921,922,-1,922,921,923,-1,922,923,924,-1,924,923,925,-1,924,925,926,-1,926,925,927,-1,926,927,928,-1,928,927,929,-1,928,929,930,-1,930,929,931,-1,930,931,932,-1,932,931,933,-1,932,933,934,-1,934,933,935,-1,934,935,936,-1,936,935,937,-1,936,937,938,-1,938,937,939,-1,938,939,940,-1,940,939,941,-1,940,941,942,-1,942,941,943,-1,942,943,944,-1,944,943,945,-1,944,945,946,-1,946,945,947,-1,946,947,948,-1,948,947,949,-1,948,949,950,-1,950,949,951,-1,950,951,952,-1,952,951,953,-1,952,953,954,-1,954,953,955,-1,954,955,956,-1,956,955,957,-1,956,957,958,-1,958,957,959,-1,958,959,960,-1,960,959,961,-1,960,961,962,-1,962,961,963,-1,962,963,917,-1,917,963,964,-1,917,964,915,-1,911,913,965,-1,915,966,916,-1,916,966,967,-1,967,966,968,-1,968,966,969,-1,968,969,970,-1,970,969,971,-1,970,971,972,-1,972,971,973,-1,972,973,974,-1,974,973,975,-1,974,975,976,-1,976,975,977,-1,976,977,978,-1,978,977,979,-1,978,979,980,-1,980,979,981,-1,980,981,982,-1,982,981,983,-1,982,983,984,-1,984,983,985,-1,984,985,986,-1,986,985,987,-1,986,987,988,-1,988,987,989,-1,988,989,990,-1,990,989,991,-1,990,991,992,-1,992,991,993,-1,992,993,994,-1,994,993,995,-1,994,995,996,-1,996,995,997,-1,996,997,998,-1,998,997,999,-1,998,999,1000,-1,1000,999,1001,-1,1000,1001,1002,-1,1002,1001,1003,-1,1002,1003,1004,-1,1004,1003,1005,-1,1004,1005,1006,-1,1006,1005,1007,-1,1006,1007,1008,-1,1008,1007,1009,-1,1008,1009,1010,-1,1010,1009,1011,-1,1010,1011,1012,-1,1012,1011,1013,-1,1012,1013,965,-1,965,1013,1014,-1,965,1014,911,-1,1015,1016,1017,-1,1017,1016,1018,-1,1019,1020,1021,-1,1018,1016,1022,-1,1022,1016,1023,-1,1022,1023,1024,-1,1024,1023,1025,-1,1024,1025,1026,-1,1026,1025,1027,-1,1026,1027,1028,-1,1028,1027,1029,-1,1028,1029,1030,-1,1030,1029,1031,-1,1030,1031,1032,-1,1032,1031,1033,-1,1032,1033,1034,-1,1034,1033,1035,-1,1034,1035,1036,-1,1036,1035,1037,-1,1036,1037,1038,-1,1038,1037,1039,-1,1038,1039,1040,-1,1040,1039,1041,-1,1040,1041,1042,-1,1042,1041,1043,-1,1042,1043,1044,-1,1044,1043,1045,-1,1044,1045,1046,-1,1046,1045,1047,-1,1046,1047,1048,-1,1048,1047,1049,-1,1048,1049,1050,-1,1050,1049,1051,-1,1050,1051,1052,-1,1052,1051,1053,-1,1052,1053,1054,-1,1054,1053,1055,-1,1054,1055,1056,-1,1056,1055,1057,-1,1056,1057,1058,-1,1058,1057,1059,-1,1058,1059,1060,-1,1060,1059,1061,-1,1060,1061,1062,-1,1062,1061,1063,-1,1062,1063,1064,-1,1064,1063,1065,-1,1064,1065,1066,-1,1066,1065,1067,-1,1066,1067,1021,-1,1021,1067,1068,-1,1021,1068,1019,-1,1015,1017,1069,-1,1019,1070,1020,-1,1020,1070,1071,-1,1071,1070,1072,-1,1072,1070,1073,-1,1072,1073,1074,-1,1074,1073,1075,-1,1074,1075,1076,-1,1076,1075,1077,-1,1076,1077,1078,-1,1078,1077,1079,-1,1078,1079,1080,-1,1080,1079,1081,-1,1080,1081,1082,-1,1082,1081,1083,-1,1082,1083,1084,-1,1084,1083,1085,-1,1084,1085,1086,-1,1086,1085,1087,-1,1086,1087,1088,-1,1088,1087,1089,-1,1088,1089,1090,-1,1090,1089,1091,-1,1090,1091,1092,-1,1092,1091,1093,-1,1092,1093,1094,-1,1094,1093,1095,-1,1094,1095,1096,-1,1096,1095,1097,-1,1096,1097,1098,-1,1098,1097,1099,-1,1098,1099,1100,-1,1100,1099,1101,-1,1100,1101,1102,-1,1102,1101,1103,-1,1102,1103,1104,-1,1104,1103,1105,-1,1104,1105,1106,-1,1106,1105,1107,-1,1106,1107,1108,-1,1108,1107,1109,-1,1108,1109,1110,-1,1110,1109,1111,-1,1110,1111,1112,-1,1112,1111,1113,-1,1112,1113,1114,-1,1114,1113,1115,-1,1114,1115,1116,-1,1116,1115,1117,-1,1116,1117,1069,-1,1069,1117,1118,-1,1069,1118,1015,-1,1119,1120,1121,-1,1121,1120,1122,-1,1123,1124,1125,-1,1122,1120,1126,-1,1126,1120,1127,-1,1126,1127,1128,-1,1128,1127,1129,-1,1128,1129,1130,-1,1130,1129,1131,-1,1130,1131,1132,-1,1132,1131,1133,-1,1132,1133,1134,-1,1134,1133,1135,-1,1134,1135,1136,-1,1136,1135,1137,-1,1136,1137,1138,-1,1138,1137,1139,-1,1138,1139,1140,-1,1140,1139,1141,-1,1140,1141,1142,-1,1142,1141,1143,-1,1142,1143,1144,-1,1144,1143,1145,-1,1144,1145,1146,-1,1146,1145,1147,-1,1146,1147,1148,-1,1148,1147,1149,-1,1148,1149,1150,-1,1150,1149,1151,-1,1150,1151,1152,-1,1152,1151,1153,-1,1152,1153,1154,-1,1154,1153,1155,-1,1154,1155,1156,-1,1156,1155,1157,-1,1156,1157,1158,-1,1158,1157,1159,-1,1158,1159,1160,-1,1160,1159,1161,-1,1160,1161,1162,-1,1162,1161,1163,-1,1162,1163,1164,-1,1164,1163,1165,-1,1164,1165,1166,-1,1166,1165,1167,-1,1166,1167,1168,-1,1168,1167,1169,-1,1168,1169,1170,-1,1170,1169,1171,-1,1170,1171,1125,-1,1125,1171,1172,-1,1125,1172,1123,-1,1119,1121,1173,-1,1123,1174,1124,-1,1124,1174,1175,-1,1175,1174,1176,-1,1176,1174,1177,-1,1176,1177,1178,-1,1178,1177,1179,-1,1178,1179,1180,-1,1180,1179,1181,-1,1180,1181,1182,-1,1182,1181,1183,-1,1182,1183,1184,-1,1184,1183,1185,-1,1184,1185,1186,-1,1186,1185,1187,-1,1186,1187,1188,-1,1188,1187,1189,-1,1188,1189,1190,-1,1190,1189,1191,-1,1190,1191,1192,-1,1192,1191,1193,-1,1192,1193,1194,-1,1194,1193,1195,-1,1194,1195,1196,-1,1196,1195,1197,-1,1196,1197,1198,-1,1198,1197,1199,-1,1198,1199,1200,-1,1200,1199,1201,-1,1200,1201,1202,-1,1202,1201,1203,-1,1202,1203,1204,-1,1204,1203,1205,-1,1204,1205,1206,-1,1206,1205,1207,-1,1206,1207,1208,-1,1208,1207,1209,-1,1208,1209,1210,-1,1210,1209,1211,-1,1210,1211,1212,-1,1212,1211,1213,-1,1212,1213,1214,-1,1214,1213,1215,-1,1214,1215,1216,-1,1216,1215,1217,-1,1216,1217,1218,-1,1218,1217,1219,-1,1218,1219,1220,-1,1220,1219,1221,-1,1220,1221,1173,-1,1173,1221,1222,-1,1173,1222,1119,-1,1223,1224,1225,-1,1225,1224,1226,-1,1227,1228,1229,-1,1226,1224,1230,-1,1230,1224,1231,-1,1230,1231,1232,-1,1232,1231,1233,-1,1232,1233,1234,-1,1234,1233,1235,-1,1234,1235,1236,-1,1235,1237,1236,-1,1236,1237,1238,-1,1236,1238,1239,-1,1239,1238,1240,-1,1239,1240,1241,-1,1241,1240,1242,-1,1241,1242,1243,-1,1243,1242,1244,-1,1243,1244,1245,-1,1245,1244,1246,-1,1245,1246,1247,-1,1247,1246,1248,-1,1247,1248,1249,-1,1249,1248,1250,-1,1249,1250,1251,-1,1251,1250,1252,-1,1251,1252,1253,-1,1253,1252,1254,-1,1253,1254,1255,-1,1255,1254,1256,-1,1255,1256,1257,-1,1257,1256,1258,-1,1257,1258,1259,-1,1259,1258,1260,-1,1259,1260,1261,-1,1261,1260,1262,-1,1261,1262,1263,-1,1263,1262,1264,-1,1263,1264,1265,-1,1265,1264,1266,-1,1265,1266,1267,-1,1266,1268,1267,-1,1267,1268,1269,-1,1267,1269,1270,-1,1270,1269,1271,-1,1270,1271,1272,-1,1272,1271,1273,-1,1272,1273,1274,-1,1274,1273,1275,-1,1274,1275,1276,-1,1276,1275,1277,-1,1276,1277,1229,-1,1229,1277,1278,-1,1229,1278,1227,-1,1223,1225,1279,-1,1227,1280,1228,-1,1228,1280,1281,-1,1281,1280,1282,-1,1282,1280,1283,-1,1282,1283,1284,-1,1284,1283,1285,-1,1284,1285,1286,-1,1286,1285,1287,-1,1286,1287,1288,-1,1288,1287,1289,-1,1288,1289,1290,-1,1290,1289,1291,-1,1290,1291,1292,-1,1292,1291,1293,-1,1292,1293,1294,-1,1294,1293,1295,-1,1294,1295,1296,-1,1296,1295,1297,-1,1296,1297,1298,-1,1298,1297,1299,-1,1298,1299,1300,-1,1300,1299,1301,-1,1300,1301,1302,-1,1302,1301,1303,-1,1302,1303,1304,-1,1304,1303,1305,-1,1304,1305,1306,-1,1306,1305,1307,-1,1306,1307,1308,-1,1308,1307,1309,-1,1308,1309,1310,-1,1310,1309,1311,-1,1310,1311,1312,-1,1312,1311,1313,-1,1312,1313,1314,-1,1314,1313,1315,-1,1314,1315,1316,-1,1316,1315,1317,-1,1316,1317,1318,-1,1318,1317,1319,-1,1318,1319,1320,-1,1320,1319,1321,-1,1320,1321,1322,-1,1322,1321,1323,-1,1322,1323,1324,-1,1324,1323,1325,-1,1324,1325,1326,-1,1326,1325,1327,-1,1326,1327,1279,-1,1279,1327,1328,-1,1279,1328,1223,-1,1329,1330,1331,-1,1331,1330,1332,-1,1333,1334,1335,-1,1332,1330,1336,-1,1336,1330,1337,-1,1336,1337,1338,-1,1337,1339,1338,-1,1338,1339,1340,-1,1338,1340,1341,-1,1341,1340,1342,-1,1341,1342,1343,-1,1343,1342,1344,-1,1343,1344,1345,-1,1345,1344,1346,-1,1345,1346,1347,-1,1346,1348,1347,-1,1347,1348,1349,-1,1347,1349,1350,-1,1350,1349,1351,-1,1350,1351,1352,-1,1352,1351,1353,-1,1352,1353,1354,-1,1354,1353,1355,-1,1354,1355,1356,-1,1356,1355,1357,-1,1356,1357,1358,-1,1358,1357,1359,-1,1358,1359,1360,-1,1360,1359,1361,-1,1360,1361,1362,-1,1362,1361,1363,-1,1362,1363,1364,-1,1364,1363,1365,-1,1364,1365,1366,-1,1366,1365,1367,-1,1366,1367,1368,-1,1367,1369,1368,-1,1368,1369,1370,-1,1368,1370,1371,-1,1371,1370,1372,-1,1371,1372,1373,-1,1373,1372,1374,-1,1373,1374,1375,-1,1375,1374,1376,-1,1375,1376,1377,-1,1377,1376,1378,-1,1377,1378,1379,-1,1379,1378,1380,-1,1379,1380,1381,-1,1380,1382,1381,-1,1381,1382,1383,-1,1381,1383,1384,-1,1384,1383,1385,-1,1384,1385,1335,-1,1335,1385,1386,-1,1335,1386,1333,-1,1329,1331,1387,-1,1333,1388,1334,-1,1334,1388,1389,-1,1389,1388,1390,-1,1390,1388,1391,-1,1390,1391,1392,-1,1392,1391,1393,-1,1392,1393,1394,-1,1394,1393,1395,-1,1394,1395,1396,-1,1396,1395,1397,-1,1396,1397,1398,-1,1398,1397,1399,-1,1398,1399,1400,-1,1400,1399,1401,-1,1400,1401,1402,-1,1402,1401,1403,-1,1402,1403,1404,-1,1404,1403,1405,-1,1404,1405,1406,-1,1406,1405,1407,-1,1406,1407,1408,-1,1408,1407,1409,-1,1408,1409,1410,-1,1410,1409,1411,-1,1410,1411,1412,-1,1412,1411,1413,-1,1412,1413,1414,-1,1414,1413,1415,-1,1414,1415,1416,-1,1416,1415,1417,-1,1416,1417,1418,-1,1418,1417,1419,-1,1418,1419,1420,-1,1420,1419,1421,-1,1420,1421,1422,-1,1422,1421,1423,-1,1422,1423,1424,-1,1424,1423,1425,-1,1424,1425,1426,-1,1426,1425,1427,-1,1426,1427,1428,-1,1428,1427,1429,-1,1428,1429,1430,-1,1430,1429,1431,-1,1430,1431,1432,-1,1432,1431,1433,-1,1432,1433,1434,-1,1434,1433,1435,-1,1434,1435,1387,-1,1387,1435,1436,-1,1387,1436,1329,-1,1437,1438,1439,-1,1439,1438,1440,-1,1441,1442,1443,-1,1440,1438,1444,-1,1444,1438,1445,-1,1444,1445,1446,-1,1446,1445,1447,-1,1446,1447,1448,-1,1448,1447,1449,-1,1448,1449,1450,-1,1450,1449,1451,-1,1450,1451,1452,-1,1452,1451,1453,-1,1452,1453,1454,-1,1454,1453,1455,-1,1454,1455,1456,-1,1456,1455,1457,-1,1456,1457,1458,-1,1458,1457,1459,-1,1458,1459,1460,-1,1460,1459,1461,-1,1460,1461,1462,-1,1462,1461,1463,-1,1462,1463,1464,-1,1464,1463,1465,-1,1464,1465,1466,-1,1466,1465,1467,-1,1466,1467,1468,-1,1468,1467,1469,-1,1468,1469,1470,-1,1470,1469,1471,-1,1470,1471,1472,-1,1472,1471,1473,-1,1472,1473,1474,-1,1474,1473,1475,-1,1474,1475,1476,-1,1476,1475,1477,-1,1476,1477,1478,-1,1478,1477,1479,-1,1478,1479,1480,-1,1480,1479,1481,-1,1480,1481,1482,-1,1482,1481,1483,-1,1482,1483,1484,-1,1484,1483,1485,-1,1484,1485,1486,-1,1486,1485,1487,-1,1486,1487,1488,-1,1488,1487,1489,-1,1488,1489,1443,-1,1443,1489,1490,-1,1443,1490,1441,-1,1437,1439,1491,-1,1441,1492,1442,-1,1442,1492,1493,-1,1493,1492,1494,-1,1494,1492,1495,-1,1494,1495,1496,-1,1496,1495,1497,-1,1496,1497,1498,-1,1498,1497,1499,-1,1498,1499,1500,-1,1500,1499,1501,-1,1500,1501,1502,-1,1502,1501,1503,-1,1502,1503,1504,-1,1504,1503,1505,-1,1504,1505,1506,-1,1506,1505,1507,-1,1506,1507,1508,-1,1508,1507,1509,-1,1508,1509,1510,-1,1510,1509,1511,-1,1510,1511,1512,-1,1512,1511,1513,-1,1512,1513,1514,-1,1514,1513,1515,-1,1514,1515,1516,-1,1516,1515,1517,-1,1516,1517,1518,-1,1518,1517,1519,-1,1518,1519,1520,-1,1520,1519,1521,-1,1520,1521,1522,-1,1522,1521,1523,-1,1522,1523,1524,-1,1524,1523,1525,-1,1524,1525,1526,-1,1526,1525,1527,-1,1526,1527,1528,-1,1528,1527,1529,-1,1528,1529,1530,-1,1530,1529,1531,-1,1530,1531,1532,-1,1532,1531,1533,-1,1532,1533,1534,-1,1534,1533,1535,-1,1534,1535,1536,-1,1536,1535,1537,-1,1536,1537,1538,-1,1538,1537,1539,-1,1538,1539,1491,-1,1491,1539,1540,-1,1491,1540,1437,-1,1541,1542,1543,-1,1543,1542,1544,-1,1545,1546,1547,-1,1544,1542,1548,-1,1548,1542,1549,-1,1548,1549,1550,-1,1550,1549,1551,-1,1550,1551,1552,-1,1552,1551,1553,-1,1552,1553,1554,-1,1554,1553,1555,-1,1554,1555,1556,-1,1556,1555,1557,-1,1556,1557,1558,-1,1558,1557,1559,-1,1558,1559,1560,-1,1560,1559,1561,-1,1560,1561,1562,-1,1562,1561,1563,-1,1562,1563,1564,-1,1564,1563,1565,-1,1564,1565,1566,-1,1566,1565,1567,-1,1566,1567,1568,-1,1568,1567,1569,-1,1568,1569,1570,-1,1570,1569,1571,-1,1570,1571,1572,-1,1572,1571,1573,-1,1572,1573,1574,-1,1574,1573,1575,-1,1574,1575,1576,-1,1576,1575,1577,-1,1576,1577,1578,-1,1578,1577,1579,-1,1578,1579,1580,-1,1580,1579,1581,-1,1580,1581,1582,-1,1582,1581,1583,-1,1582,1583,1584,-1,1584,1583,1585,-1,1584,1585,1586,-1,1586,1585,1587,-1,1586,1587,1588,-1,1588,1587,1589,-1,1588,1589,1590,-1,1590,1589,1591,-1,1590,1591,1592,-1,1592,1591,1593,-1,1592,1593,1547,-1,1547,1593,1594,-1,1547,1594,1545,-1,1541,1543,1595,-1,1545,1596,1546,-1,1546,1596,1597,-1,1597,1596,1598,-1,1598,1596,1599,-1,1598,1599,1600,-1,1600,1599,1601,-1,1600,1601,1602,-1,1602,1601,1603,-1,1602,1603,1604,-1,1604,1603,1605,-1,1604,1605,1606,-1,1606,1605,1607,-1,1606,1607,1608,-1,1608,1607,1609,-1,1608,1609,1610,-1,1610,1609,1611,-1,1610,1611,1612,-1,1612,1611,1613,-1,1612,1613,1614,-1,1614,1613,1615,-1,1614,1615,1616,-1,1616,1615,1617,-1,1616,1617,1618,-1,1618,1617,1619,-1,1618,1619,1620,-1,1620,1619,1621,-1,1620,1621,1622,-1,1622,1621,1623,-1,1622,1623,1624,-1,1624,1623,1625,-1,1624,1625,1626,-1,1626,1625,1627,-1,1626,1627,1628,-1,1628,1627,1629,-1,1628,1629,1630,-1,1630,1629,1631,-1,1630,1631,1632,-1,1632,1631,1633,-1,1632,1633,1634,-1,1634,1633,1635,-1,1634,1635,1636,-1,1636,1635,1637,-1,1636,1637,1638,-1,1638,1637,1639,-1,1638,1639,1640,-1,1640,1639,1641,-1,1640,1641,1642,-1,1642,1641,1643,-1,1642,1643,1595,-1,1595,1643,1644,-1,1595,1644,1541,-1,1645,1646,1647,-1,1647,1646,1648,-1,1649,1650,1651,-1,1648,1646,1652,-1,1652,1646,1653,-1,1652,1653,1654,-1,1654,1653,1655,-1,1654,1655,1656,-1,1656,1655,1657,-1,1656,1657,1658,-1,1658,1657,1659,-1,1658,1659,1660,-1,1660,1659,1661,-1,1660,1661,1662,-1,1662,1661,1663,-1,1662,1663,1664,-1,1664,1663,1665,-1,1664,1665,1666,-1,1666,1665,1667,-1,1666,1667,1668,-1,1668,1667,1669,-1,1668,1669,1670,-1,1670,1669,1671,-1,1670,1671,1672,-1,1672,1671,1673,-1,1672,1673,1674,-1,1674,1673,1675,-1,1674,1675,1676,-1,1676,1675,1677,-1,1676,1677,1678,-1,1678,1677,1679,-1,1678,1679,1680,-1,1680,1679,1681,-1,1680,1681,1682,-1,1682,1681,1683,-1,1682,1683,1684,-1,1684,1683,1685,-1,1684,1685,1686,-1,1686,1685,1687,-1,1686,1687,1688,-1,1688,1687,1689,-1,1688,1689,1690,-1,1690,1689,1691,-1,1690,1691,1692,-1,1692,1691,1693,-1,1692,1693,1694,-1,1694,1693,1695,-1,1694,1695,1696,-1,1696,1695,1697,-1,1696,1697,1651,-1,1651,1697,1698,-1,1651,1698,1649,-1,1645,1647,1699,-1,1649,1700,1650,-1,1650,1700,1701,-1,1701,1700,1702,-1,1702,1700,1703,-1,1702,1703,1704,-1,1704,1703,1705,-1,1704,1705,1706,-1,1706,1705,1707,-1,1706,1707,1708,-1,1708,1707,1709,-1,1708,1709,1710,-1,1710,1709,1711,-1,1710,1711,1712,-1,1712,1711,1713,-1,1712,1713,1714,-1,1714,1713,1715,-1,1714,1715,1716,-1,1716,1715,1717,-1,1716,1717,1718,-1,1718,1717,1719,-1,1718,1719,1720,-1,1720,1719,1721,-1,1720,1721,1722,-1,1722,1721,1723,-1,1722,1723,1724,-1,1724,1723,1725,-1,1724,1725,1726,-1,1726,1725,1727,-1,1726,1727,1728,-1,1728,1727,1729,-1,1728,1729,1730,-1,1730,1729,1731,-1,1730,1731,1732,-1,1732,1731,1733,-1,1732,1733,1734,-1,1734,1733,1735,-1,1734,1735,1736,-1,1736,1735,1737,-1,1736,1737,1738,-1,1738,1737,1739,-1,1738,1739,1740,-1,1740,1739,1741,-1,1740,1741,1742,-1,1742,1741,1743,-1,1742,1743,1744,-1,1744,1743,1745,-1,1744,1745,1746,-1,1746,1745,1747,-1,1746,1747,1699,-1,1699,1747,1748,-1,1699,1748,1645,-1,1749,1750,1751,-1,1751,1750,1752,-1,1753,1754,1755,-1,1752,1750,1756,-1,1756,1750,1757,-1,1756,1757,1758,-1,1758,1757,1759,-1,1758,1759,1760,-1,1760,1759,1761,-1,1760,1761,1762,-1,1762,1761,1763,-1,1762,1763,1764,-1,1764,1763,1765,-1,1764,1765,1766,-1,1766,1765,1767,-1,1766,1767,1768,-1,1768,1767,1769,-1,1768,1769,1770,-1,1770,1769,1771,-1,1770,1771,1772,-1,1772,1771,1773,-1,1772,1773,1774,-1,1774,1773,1775,-1,1774,1775,1776,-1,1776,1775,1777,-1,1776,1777,1778,-1,1778,1777,1779,-1,1778,1779,1780,-1,1780,1779,1781,-1,1780,1781,1782,-1,1782,1781,1783,-1,1782,1783,1784,-1,1784,1783,1785,-1,1784,1785,1786,-1,1786,1785,1787,-1,1786,1787,1788,-1,1788,1787,1789,-1,1788,1789,1790,-1,1790,1789,1791,-1,1790,1791,1792,-1,1792,1791,1793,-1,1792,1793,1794,-1,1794,1793,1795,-1,1794,1795,1796,-1,1796,1795,1797,-1,1796,1797,1798,-1,1798,1797,1799,-1,1798,1799,1800,-1,1800,1799,1801,-1,1800,1801,1755,-1,1755,1801,1802,-1,1755,1802,1753,-1,1749,1751,1803,-1,1753,1804,1754,-1,1754,1804,1805,-1,1805,1804,1806,-1,1806,1804,1807,-1,1806,1807,1808,-1,1808,1807,1809,-1,1808,1809,1810,-1,1810,1809,1811,-1,1810,1811,1812,-1,1812,1811,1813,-1,1812,1813,1814,-1,1814,1813,1815,-1,1814,1815,1816,-1,1816,1815,1817,-1,1816,1817,1818,-1,1818,1817,1819,-1,1818,1819,1820,-1,1820,1819,1821,-1,1820,1821,1822,-1,1822,1821,1823,-1,1822,1823,1824,-1,1824,1823,1825,-1,1824,1825,1826,-1,1826,1825,1827,-1,1826,1827,1828,-1,1828,1827,1829,-1,1828,1829,1830,-1,1830,1829,1831,-1,1830,1831,1832,-1,1832,1831,1833,-1,1832,1833,1834,-1,1834,1833,1835,-1,1834,1835,1836,-1,1836,1835,1837,-1,1836,1837,1838,-1,1838,1837,1839,-1,1838,1839,1840,-1,1840,1839,1841,-1,1840,1841,1842,-1,1842,1841,1843,-1,1842,1843,1844,-1,1844,1843,1845,-1,1844,1845,1846,-1,1846,1845,1847,-1,1846,1847,1848,-1,1848,1847,1849,-1,1848,1849,1850,-1,1850,1849,1851,-1,1850,1851,1803,-1,1803,1851,1852,-1,1803,1852,1749,-1,1853,1854,1855,-1,1855,1854,1856,-1,1857,1858,1859,-1,1856,1854,1860,-1,1860,1854,1861,-1,1860,1861,1862,-1,1862,1861,1863,-1,1862,1863,1864,-1,1864,1863,1865,-1,1864,1865,1866,-1,1865,1867,1866,-1,1866,1867,1868,-1,1866,1868,1869,-1,1869,1868,1870,-1,1869,1870,1871,-1,1871,1870,1872,-1,1871,1872,1873,-1,1873,1872,1874,-1,1873,1874,1875,-1,1875,1874,1876,-1,1875,1876,1877,-1,1877,1876,1878,-1,1877,1878,1879,-1,1879,1878,1880,-1,1879,1880,1881,-1,1881,1880,1882,-1,1881,1882,1883,-1,1883,1882,1884,-1,1883,1884,1885,-1,1885,1884,1886,-1,1885,1886,1887,-1,1887,1886,1888,-1,1887,1888,1889,-1,1889,1888,1890,-1,1889,1890,1891,-1,1891,1890,1892,-1,1891,1892,1893,-1,1893,1892,1894,-1,1893,1894,1895,-1,1895,1894,1896,-1,1895,1896,1897,-1,1896,1898,1897,-1,1897,1898,1899,-1,1897,1899,1900,-1,1900,1899,1901,-1,1900,1901,1902,-1,1902,1901,1903,-1,1902,1903,1904,-1,1904,1903,1905,-1,1904,1905,1906,-1,1906,1905,1907,-1,1906,1907,1859,-1,1859,1907,1908,-1,1859,1908,1857,-1,1853,1855,1909,-1,1857,1910,1858,-1,1858,1910,1911,-1,1911,1910,1912,-1,1912,1910,1913,-1,1912,1913,1914,-1,1914,1913,1915,-1,1914,1915,1916,-1,1916,1915,1917,-1,1916,1917,1918,-1,1918,1917,1919,-1,1918,1919,1920,-1,1920,1919,1921,-1,1920,1921,1922,-1,1922,1921,1923,-1,1922,1923,1924,-1,1924,1923,1925,-1,1924,1925,1926,-1,1926,1925,1927,-1,1926,1927,1928,-1,1928,1927,1929,-1,1928,1929,1930,-1,1930,1929,1931,-1,1930,1931,1932,-1,1932,1931,1933,-1,1932,1933,1934,-1,1934,1933,1935,-1,1934,1935,1936,-1,1936,1935,1937,-1,1936,1937,1938,-1,1938,1937,1939,-1,1938,1939,1940,-1,1940,1939,1941,-1,1940,1941,1942,-1,1942,1941,1943,-1,1942,1943,1944,-1,1944,1943,1945,-1,1944,1945,1946,-1,1946,1945,1947,-1,1946,1947,1948,-1,1948,1947,1949,-1,1948,1949,1950,-1,1950,1949,1951,-1,1950,1951,1952,-1,1952,1951,1953,-1,1952,1953,1954,-1,1954,1953,1955,-1,1954,1955,1956,-1,1956,1955,1957,-1,1956,1957,1909,-1,1909,1957,1958,-1,1909,1958,1853,-1,1959,1960,1961,-1,1961,1960,1962,-1,1963,1959,1964,-1,1964,1959,1961,-1,1965,1963,1966,-1,1966,1963,1964,-1,1967,1965,1968,-1,1968,1965,1966,-1,1969,1967,1970,-1,1970,1967,1968,-1,1971,1969,1972,-1,1972,1969,1970,-1,1960,1971,1962,-1,1962,1971,1972,-1,1973,1974,1975,-1,1975,1974,1976,-1,1977,1973,1978,-1,1978,1973,1975,-1,1979,1977,1980,-1,1980,1977,1978,-1,1981,1979,1982,-1,1982,1979,1980,-1,1983,1981,1984,-1,1984,1981,1982,-1,1985,1983,1986,-1,1986,1983,1984,-1,1987,1985,1988,-1,1988,1985,1986,-1,1989,1987,1990,-1,1990,1987,1988,-1,1991,1989,1992,-1,1992,1989,1990,-1,1993,1991,1994,-1,1994,1991,1992,-1,1995,1993,1996,-1,1996,1993,1994,-1,1997,1995,1998,-1,1998,1995,1996,-1,1999,1997,2000,-1,2000,1997,1998,-1,2001,1999,2002,-1,2002,1999,2000,-1,2003,2001,2004,-1,2004,2001,2002,-1,2005,2003,2006,-1,2006,2003,2004,-1,2007,2005,2008,-1,2008,2005,2006,-1,2009,2007,2010,-1,2010,2007,2008,-1,2011,2009,2012,-1,2012,2009,2010,-1,2013,2011,2014,-1,2014,2011,2012,-1,2015,2013,2016,-1,2016,2013,2014,-1,2017,2015,2018,-1,2018,2015,2016,-1,2019,2017,2020,-1,2020,2017,2018,-1,2021,2019,2022,-1,2022,2019,2020,-1,2023,2021,2024,-1,2024,2021,2022,-1,2025,2023,2026,-1,2026,2023,2024,-1,2027,2025,2028,-1,2028,2025,2026,-1,2029,2027,2030,-1,2030,2027,2028,-1,2031,2029,2032,-1,2032,2029,2030,-1,2033,2031,2034,-1,2034,2031,2032,-1,2035,2033,2036,-1,2036,2033,2034,-1,2037,2035,2038,-1,2038,2035,2036,-1,2039,2037,2040,-1,2040,2037,2038,-1,2041,2039,2042,-1,2042,2039,2040,-1,2043,2041,2044,-1,2044,2041,2042,-1,2045,2043,2046,-1,2046,2043,2044,-1,2047,2045,2048,-1,2048,2045,2046,-1,2049,2047,2050,-1,2050,2047,2048,-1,2051,2049,2052,-1,2052,2049,2050,-1,1974,2051,1976,-1,1976,2051,2052,-1,2053,2054,2055,-1,2055,2054,2056,-1,2057,2053,2058,-1,2058,2053,2055,-1,2059,2057,2060,-1,2060,2057,2058,-1,2061,2059,2062,-1,2062,2059,2060,-1,2063,2061,2064,-1,2064,2061,2062,-1,2065,2063,2066,-1,2066,2063,2064,-1,2054,2065,2056,-1,2056,2065,2066,-1,2067,2068,2069,-1,2069,2068,2070,-1,2071,2067,2072,-1,2072,2067,2069,-1,2073,2071,2074,-1,2074,2071,2072,-1,2075,2073,2076,-1,2076,2073,2074,-1,2077,2075,2078,-1,2078,2075,2076,-1,2079,2077,2080,-1,2080,2077,2078,-1,2081,2079,2082,-1,2082,2079,2080,-1,2083,2081,2084,-1,2084,2081,2082,-1,2085,2083,2086,-1,2086,2083,2084,-1,2087,2085,2088,-1,2088,2085,2086,-1,2089,2087,2090,-1,2090,2087,2088,-1,2091,2089,2092,-1,2092,2089,2090,-1,2093,2091,2094,-1,2094,2091,2092,-1,2095,2093,2096,-1,2096,2093,2094,-1,2097,2095,2098,-1,2098,2095,2096,-1,2099,2097,2100,-1,2100,2097,2098,-1,2101,2099,2102,-1,2102,2099,2100,-1,2103,2101,2104,-1,2104,2101,2102,-1,2105,2103,2106,-1,2106,2103,2104,-1,2107,2105,2108,-1,2108,2105,2106,-1,2109,2107,2110,-1,2110,2107,2108,-1,2111,2109,2112,-1,2112,2109,2110,-1,2113,2111,2114,-1,2114,2111,2112,-1,2115,2113,2116,-1,2116,2113,2114,-1,2117,2115,2118,-1,2118,2115,2116,-1,2119,2117,2120,-1,2120,2117,2118,-1,2121,2119,2122,-1,2122,2119,2120,-1,2068,2121,2070,-1,2070,2121,2122,-1,2123,2124,2125,-1,2125,2124,2126,-1,2127,2123,2128,-1,2128,2123,2125,-1,2129,2127,2130,-1,2130,2127,2128,-1,2131,2129,2132,-1,2132,2129,2130,-1,2133,2131,2134,-1,2134,2131,2132,-1,2135,2133,2136,-1,2136,2133,2134,-1,2124,2135,2126,-1,2126,2135,2136,-1,226,166,2137,-1,178,2138,166,-1,166,2138,2139,-1,166,2139,2137,-1,2140,236,235,-1,2140,235,2141,-1,2137,2142,226,-1,226,2142,2143,-1,226,2143,227,-1,227,2143,2144,-1,227,2144,228,-1,228,2144,2145,-1,228,2145,229,-1,229,2145,209,-1,209,2145,2146,-1,209,2146,210,-1,210,2146,211,-1,211,2146,2147,-1,211,2147,212,-1,217,216,2148,-1,2148,216,214,-1,2148,214,2147,-1,2147,214,213,-1,2147,213,212,-1,235,220,2141,-1,2141,220,219,-1,2141,219,2148,-1,2148,219,218,-1,2148,218,217,-1,2140,2149,2150,-1,2150,2151,2140,-1,2140,2151,2152,-1,2140,2152,681,-1,681,2152,2153,-1,681,2153,2154,-1,2154,2155,681,-1,681,2155,2156,-1,681,2156,679,-1,2157,2158,2159,-1,2157,2159,2160,-1,2160,2159,2161,-1,2160,2161,2162,-1,2162,2161,2163,-1,2162,2163,2164,-1,2164,2163,2165,-1,2164,2165,2166,-1,2166,2165,2167,-1,2166,2167,2168,-1,2168,2167,2169,-1,2168,2169,2170,-1,2170,2169,2171,-1,2170,2171,2172,-1,2172,2171,2173,-1,2172,2173,2174,-1,2174,2173,2175,-1,2174,2175,2176,-1,2176,2175,2177,-1,2176,2177,2178,-1,2178,2177,2179,-1,2178,2179,2180,-1,2180,2179,2181,-1,2180,2181,2182,-1,2182,2181,149,-1,2182,149,2183,-1,
        ]
    }
}
Shape{
    appearance Appearance {
        material  Material 	{
            diffuseColor 0.9098039215686274 0.44313725490196076 0.03137254901960784
            specularColor 0.4549019607843137 0.2235294117647059 0.01568627450980392
            ambientIntensity 0.5357
            transparency 0.0
            shininess 0.5
        }
    }
    geometry IndexedFaceSet {
        ccw TRUE
        solid FALSE
        coord DEF co Coordinate {
            point [
                -9.0154 0.7542 6.3489, -8.9804 0.725 6.3489, -8.963 0.9175 6.3489, -8.7787 0.731 6.3489, -9.8288 1.0176 6.3489, -9.5047 1.1629 6.3489, -9.9547 0.9906 6.3489, -10.0097 0.9788 6.3489, -8.8614 0.5826 6.3489, -8.8509 0.5639 6.3489, -8.6401 0.5083 6.3489, -8.7705 0.4212 6.3489, -8.7414 0.3372 6.3489, -8.5541 0.2606 6.3489, -8.7097 0.2456 6.3489, -8.525 -0.0 6.3489, -8.6863 0.0916 6.3489, -8.6819 0.0627 6.3489, -8.68 0.0 6.3489, -8.6882 -0.0915 6.3489, -8.5541 -0.2606 6.3489, 9.0154 -0.7542 6.3489, 8.9804 -0.725 6.3489, 8.963 -0.9175 6.3489, -9.7049 1.0213 6.3489, -9.6429 1.0232 6.3489, -9.4306 1.1476 6.3489, -9.4599 0.9954 6.3489, -9.1839 1.0587 6.3489, -9.2843 0.9347 6.3489, -9.2212 0.8992 6.3489, -9.1228 0.8438 6.3489, 8.7787 -0.731 6.3489, 8.6401 0.5083 6.3489, 8.5541 0.2606 6.3489, 8.7395 0.338 6.3489, 8.9376 0.6796 6.3489, 9.0162 0.7537 6.3489, 8.7787 0.731 6.3489, 8.963 0.9175 6.3489, -8.6967 -0.1851 6.3489, -8.7395 -0.338 6.3489, -8.6401 -0.5083 6.3489, -8.9376 -0.6796 6.3489, -9.0162 -0.7537 6.3489, -8.7787 -0.731 6.3489, -8.963 -0.9175 6.3489, 9.8288 -1.0176 6.3489, 9.5047 -1.1629 6.3489, 9.9547 -0.9906 6.3489, 10.0097 -0.9788 6.3489, 8.8614 -0.5826 6.3489, 8.8509 -0.5639 6.3489, 8.6401 -0.5083 6.3489, 8.7705 -0.4212 6.3489, 8.7414 -0.3372 6.3489, 8.5541 -0.2606 6.3489, 8.7097 -0.2456 6.3489, 8.525 0.0 6.3489, 8.6863 -0.0916 6.3489, 8.6819 -0.0627 6.3489, 8.7466 0.3634 6.3489, 8.8278 0.5306 6.3489, 8.8517 0.5631 6.3489, 10.6395 0.4212 6.3489, 10.6686 0.3372 6.3489, 10.8364 0.3354 6.3489, 10.852 0.2598 6.3489, 10.7003 0.2456 6.3489, 10.7237 0.0916 6.3489, 10.8767 0.1409 6.3489, 10.7281 0.0627 6.3489, 10.8816 -0.0001 6.3489, 10.73 0.0 6.3489, 10.8836 -0.0584 6.3489, 10.7218 -0.0915 6.3489, 10.8572 -0.2553 6.3489, -8.7466 -0.3634 6.3489, -8.8278 -0.5306 6.3489, -8.8517 -0.5631 6.3489, 9.7049 -1.0213 6.3489, 9.6429 -1.0232 6.3489, 9.4306 -1.1476 6.3489, 9.4599 -0.9954 6.3489, 9.1839 -1.0587 6.3489, 9.2843 -0.9347 6.3489, 9.2212 -0.8992 6.3489, 9.1228 -0.8438 6.3489, 8.68 -0.0 6.3489, 8.6882 0.0915 6.3489, 8.6967 0.1851 6.3489, 9.073 0.8071 6.3489, 9.2197 0.9019 6.3489, 9.1839 1.0587 6.3489, 9.2284 0.9075 6.3489, 9.4306 1.1476 6.3489, 9.4003 0.9788 6.3489, 9.4553 0.9906 6.3489, 9.5047 1.1629 6.3489, 9.5812 1.0176 6.3489, 9.7051 1.0213 6.3489, 10.769 0.508 6.3489, 10.7638 0.5212 6.3489, 10.5591 0.5639 6.3489, 10.6613 0.6913 6.3489, 10.5486 0.5826 6.3489, 10.629 0.7289 6.3489, 10.4296 0.725 6.3489, 10.5313 0.8426 6.3489, 10.3946 0.7542 6.3489, 10.4445 0.9144 6.3489, 10.2872 0.8438 6.3489, 10.3782 0.9692 6.3489, 10.1888 0.8992 6.3489, 10.2253 1.0573 6.3489, 10.1257 0.9347 6.3489, -9.073 -0.8071 6.3489, -9.2197 -0.9019 6.3489, -9.1839 -1.0587 6.3489, -9.2284 -0.9075 6.3489, -9.4306 -1.1476 6.3489, -9.4003 -0.9788 6.3489, -9.4553 -0.9906 6.3489, -9.5047 -1.1629 6.3489, -9.5812 -1.0176 6.3489, -9.7051 -1.0213 6.3489, -9.758 2.3463 6.3489, -9.4 2.1534 6.3489, -9.6996 2.4876 6.3489, -9.2515 2.5121 6.3489, -9.6442 2.6221 6.3489, -9.0434 2.8399 6.3489, -9.5002 2.8831 6.3489, -9.5302 2.8287 6.3489, 6.6213 5.483 6.3489, 6.4284 5.125 6.3489, 6.7626 5.4246 6.3489, 6.7871 4.9765 6.3489, 6.8971 5.3692 6.3489, 9.758 -2.3463 6.3489, 9.4 -2.1534 6.3489, 9.6996 -2.4876 6.3489, 9.2515 -2.5121 6.3489, 9.6442 -2.6221 6.3489, 9.0434 -2.8399 6.3489, 9.5002 -2.8831 6.3489, 9.5302 -2.8287 6.3489, -6.6213 -5.483 6.3489, -6.4284 -5.125 6.3489, -6.7626 -5.4246 6.3489, -6.7871 -4.9765 6.3489, -6.8971 -5.3692 6.3489, -6.9038 5.3659 6.3489, -6.7871 4.9765 6.3489, -6.7626 5.4247 6.3489, -6.4284 5.125 6.3489, -6.6283 5.4805 6.3489, 9.6409 2.6288 6.3489, 9.2515 2.5121 6.3489, 9.6997 2.4876 6.3489, 9.4 2.1534 6.3489, 9.7555 2.3533 6.3489, 9.4847 1.7745 6.3489, 9.8383 2.0669 6.3489, 9.8211 2.1266 6.3489, 9.9052 1.1629 6.3489, 9.9052 1.475 6.3489, 9.5047 1.475 6.3489, 9.8897 1.752 6.3489, 9.8885 1.7727 6.3489, -10.6395 -0.4212 6.3489, -10.6686 -0.3372 6.3489, -10.8364 -0.3354 6.3489, -10.852 -0.2598 6.3489, -10.4446 0.9196 6.3489, -10.1903 0.9019 6.3489, -10.2793 1.0308 6.3489, -10.1816 0.9075 6.3489, -10.2246 1.0555 6.3489, -10.0981 1.1127 6.3489, 6.9038 -5.3659 6.3489, 6.7871 -4.9765 6.3489, 6.7626 -5.4247 6.3489, 6.4284 -5.125 6.3489, 6.6283 -5.4805 6.3489, -9.6409 -2.6288 6.3489, -9.2515 -2.5121 6.3489, -9.6997 -2.4876 6.3489, -9.4 -2.1534 6.3489, -9.7555 -2.3533 6.3489, -9.4847 -1.7745 6.3489, -9.8383 -2.0669 6.3489, -9.8211 -2.1266 6.3489, -9.9052 -1.1629 6.3489, -9.9052 -1.475 6.3489, -9.5047 -1.475 6.3489, -9.8897 -1.752 6.3489, -9.8885 -1.7727 6.3489, 10.4446 -0.9196 6.3489, 10.1903 -0.9019 6.3489, 10.2793 -1.0308 6.3489, 10.1816 -0.9075 6.3489, 10.2246 -1.0555 6.3489, 10.0981 -1.1127 6.3489, -9.8208 2.1265 6.3489, -9.84 2.0596 6.3489, -9.4847 1.7745 6.3489, -8.8458 3.0658 6.3489, -9.3138 3.1421 6.3489, -9.3277 3.1267 6.3489, -7.1149 4.7684 6.3489, -7.4174 5.0391 6.3489, -7.3408 4.5708 6.3489, -7.624 4.854 6.3489, -9.129 3.349 6.3489, -7.1036 5.255 6.3489, -7.1645 5.2212 6.3489, -7.4074 5.0481 6.3489, 10.2054 1.0687 6.3489, 10.019 1.1375 6.3489, 9.9501 0.9954 6.3489, 9.9791 1.1464 6.3489, 9.7671 1.0232 6.3489, -10.769 -0.508 6.3489, -10.7638 -0.5212 6.3489, -10.5591 -0.5639 6.3489, -10.6613 -0.6913 6.3489, -10.5486 -0.5826 6.3489, -10.629 -0.7289 6.3489, -10.4296 -0.725 6.3489, -10.5313 -0.8426 6.3489, -10.3946 -0.7542 6.3489, -10.4445 -0.9144 6.3489, -10.2872 -0.8438 6.3489, -10.3782 -0.9692 6.3489, -10.1888 -0.8992 6.3489, -10.2253 -1.0573 6.3489, -10.1257 -0.9347 6.3489, -10.7003 -0.2456 6.3489, -10.7237 -0.0916 6.3489, -10.8767 -0.1409 6.3489, -10.7281 -0.0627 6.3489, -10.8816 0.0001 6.3489, -10.73 -0.0 6.3489, -10.8836 0.0584 6.3489, -10.7218 0.0915 6.3489, -10.8572 0.2553 6.3489, -10.7133 0.1851 6.3489, -10.6705 0.338 6.3489, -10.7977 0.4455 6.3489, -10.6634 0.3634 6.3489, -10.7666 0.5066 6.3489, -10.5822 0.5306 6.3489, -10.7075 0.6226 6.3489, -10.5583 0.5631 6.3489, -10.6284 0.7287 6.3489, -10.4724 0.6796 6.3489, -10.5884 0.7823 6.3489, -10.3938 0.7537 6.3489, -10.337 0.8071 6.3489, -9.8893 1.7654 6.3489, -9.8901 1.752 6.3489, -9.5047 1.475 6.3489, -9.9052 1.475 6.3489, -9.9052 1.1629 6.3489, -9.9784 1.1439 6.3489, 9.8208 -2.1265 6.3489, 9.84 -2.0596 6.3489, 9.4847 -1.7745 6.3489, 8.8458 -3.0658 6.3489, 9.3138 -3.1421 6.3489, 9.3277 -3.1267 6.3489, 7.1149 -4.7684 6.3489, 7.4174 -5.0391 6.3489, 7.3408 -4.5708 6.3489, 7.624 -4.854 6.3489, 9.129 -3.349 6.3489, 7.1036 -5.255 6.3489, 7.1645 -5.2212 6.3489, 7.4074 -5.0481 6.3489, -10.2054 -1.0687 6.3489, -10.019 -1.1375 6.3489, -9.9501 -0.9954 6.3489, -9.9791 -1.1464 6.3489, -9.7671 -1.0232 6.3489, 10.7133 -0.1851 6.3489, 10.6705 -0.338 6.3489, 10.7977 -0.4455 6.3489, 10.6634 -0.3634 6.3489, 10.7666 -0.5066 6.3489, 10.5822 -0.5306 6.3489, 10.7075 -0.6226 6.3489, 10.5583 -0.5631 6.3489, 10.6284 -0.7287 6.3489, 10.4724 -0.6796 6.3489, 10.5884 -0.7823 6.3489, 10.3938 -0.7537 6.3489, 10.337 -0.8071 6.3489, 9.8893 -1.7654 6.3489, 9.8901 -1.752 6.3489, 9.5047 -1.475 6.3489, 9.9052 -1.475 6.3489, 9.9052 -1.1629 6.3489, 9.9784 -1.1439 6.3489, -6.0495 5.2097 6.3489, -6.3419 5.5633 6.3489, -6.4016 5.5461 6.3489, -5.75 5.2298 6.3489, -6.027 5.6147 6.3489, -6.0477 5.6135 6.3489, 6.4015 5.5458 6.3489, 6.3346 5.565 6.3489, 6.0495 5.2097 6.3489, 7.1149 4.7684 6.3489, 7.1581 5.2252 6.3489, 7.1037 5.2552 6.3489, 7.3408 4.5708 6.3489, 7.4171 5.0388 6.3489, 7.4017 5.0527 6.3489, 9.53 2.8286 6.3489, 9.4962 2.8895 6.3489, 9.0434 2.8399 6.3489, 6.0495 -5.2097 6.3489, 6.3419 -5.5633 6.3489, 6.4016 -5.5461 6.3489, 5.75 -5.2298 6.3489, 6.027 -5.6147 6.3489, 6.0477 -5.6135 6.3489, -6.4015 -5.5458 6.3489, -6.3346 -5.565 6.3489, -6.0495 -5.2097 6.3489, -7.1149 -4.7684 6.3489, -7.1581 -5.2252 6.3489, -7.1037 -5.2552 6.3489, -7.3408 -4.5708 6.3489, -7.4171 -5.0388 6.3489, -7.4017 -5.0527 6.3489, -9.53 -2.8286 6.3489, -9.4962 -2.8895 6.3489, -9.0434 -2.8399 6.3489, 6.0404 5.6143 6.3489, 6.027 5.6151 6.3489, 5.75 5.2298 6.3489, 5.75 5.6303 6.3489, -5.75 5.6303 6.3489, 9.3231 3.1324 6.3489, 9.3141 3.1424 6.3489, 8.8458 3.0658 6.3489, 9.129 3.349 6.3489, 7.624 4.854 6.3489, -6.0404 -5.6143 6.3489, -6.027 -5.6151 6.3489, -5.75 -5.2298 6.3489, -5.75 -5.6303 6.3489, 5.75 -5.6303 6.3489, -9.3231 -3.1324 6.3489, -9.3141 -3.1424 6.3489, -8.8458 -3.0658 6.3489, -9.129 -3.349 6.3489, -7.624 -4.854 6.3489
            ]
        }
        coordIndex [
            0,1,2,-1,2,1,3,-1,4,5,6,-1,6,5,7,-1,1,8,3,-1,3,8,9,-1,3,9,10,-1,9,11,10,-1,10,11,12,-1,10,12,13,-1,13,12,14,-1,13,14,15,-1,15,14,16,-1,15,16,17,-1,17,18,15,-1,15,18,19,-1,15,19,20,-1,21,22,23,-1,4,24,5,-1,5,24,25,-1,5,25,26,-1,26,25,27,-1,26,27,28,-1,27,29,28,-1,28,29,30,-1,28,30,2,-1,2,30,31,-1,2,31,0,-1,23,22,32,-1,33,34,35,-1,36,37,38,-1,38,37,39,-1,19,40,20,-1,20,40,41,-1,20,41,42,-1,43,44,45,-1,45,44,46,-1,47,48,49,-1,49,48,50,-1,22,51,32,-1,32,51,52,-1,32,52,53,-1,52,54,53,-1,53,54,55,-1,53,55,56,-1,56,55,57,-1,56,57,58,-1,58,57,59,-1,58,59,60,-1,35,61,33,-1,33,61,62,-1,33,62,38,-1,38,62,63,-1,38,63,36,-1,64,65,66,-1,66,65,67,-1,65,68,67,-1,67,68,69,-1,67,69,70,-1,70,69,71,-1,70,71,72,-1,72,71,73,-1,72,73,74,-1,74,73,75,-1,74,75,76,-1,41,77,42,-1,42,77,78,-1,42,78,45,-1,45,78,79,-1,45,79,43,-1,47,80,48,-1,48,80,81,-1,48,81,82,-1,82,81,83,-1,82,83,84,-1,83,85,84,-1,84,85,86,-1,84,86,23,-1,23,86,87,-1,23,87,21,-1,60,88,58,-1,58,88,89,-1,58,89,34,-1,34,89,90,-1,34,90,35,-1,37,91,39,-1,39,91,92,-1,39,92,93,-1,93,92,94,-1,93,94,95,-1,94,96,95,-1,95,96,97,-1,95,97,98,-1,98,97,99,-1,98,99,100,-1,66,101,64,-1,64,101,102,-1,64,102,103,-1,103,102,104,-1,103,104,105,-1,105,104,106,-1,105,106,107,-1,107,106,108,-1,107,108,109,-1,109,108,110,-1,109,110,111,-1,111,110,112,-1,111,112,113,-1,113,112,114,-1,113,114,115,-1,44,116,46,-1,46,116,117,-1,46,117,118,-1,118,117,119,-1,118,119,120,-1,119,121,120,-1,120,121,122,-1,120,122,123,-1,123,122,124,-1,123,124,125,-1,126,127,128,-1,128,127,129,-1,128,129,130,-1,131,132,129,-1,129,132,133,-1,129,133,130,-1,134,135,136,-1,136,135,137,-1,136,137,138,-1,139,140,141,-1,141,140,142,-1,141,142,143,-1,144,145,142,-1,142,145,146,-1,142,146,143,-1,147,148,149,-1,149,148,150,-1,149,150,151,-1,152,153,154,-1,154,153,155,-1,154,155,156,-1,157,158,159,-1,159,158,160,-1,159,160,161,-1,162,163,160,-1,160,163,164,-1,160,164,161,-1,165,166,167,-1,167,166,168,-1,167,168,162,-1,162,168,169,-1,162,169,163,-1,170,171,172,-1,172,171,173,-1,174,175,176,-1,176,175,177,-1,176,177,178,-1,178,177,7,-1,178,7,179,-1,180,181,182,-1,182,181,183,-1,182,183,184,-1,185,186,187,-1,187,186,188,-1,187,188,189,-1,190,191,188,-1,188,191,192,-1,188,192,189,-1,193,194,195,-1,195,194,196,-1,195,196,190,-1,190,196,197,-1,190,197,191,-1,198,199,200,-1,200,199,201,-1,200,201,202,-1,202,201,50,-1,202,50,203,-1,126,204,127,-1,127,204,205,-1,127,205,206,-1,207,208,131,-1,131,208,209,-1,131,209,132,-1,210,211,212,-1,212,211,213,-1,212,213,207,-1,207,213,214,-1,207,214,208,-1,152,215,153,-1,153,215,216,-1,153,216,210,-1,210,216,217,-1,210,217,211,-1,114,218,115,-1,115,218,219,-1,115,219,220,-1,220,219,221,-1,220,221,222,-1,222,221,165,-1,222,165,100,-1,100,165,167,-1,100,167,98,-1,172,223,170,-1,170,223,224,-1,170,224,225,-1,225,224,226,-1,225,226,227,-1,227,226,228,-1,227,228,229,-1,229,228,230,-1,229,230,231,-1,231,230,232,-1,231,232,233,-1,233,232,234,-1,233,234,235,-1,235,234,236,-1,235,236,237,-1,171,238,173,-1,173,238,239,-1,173,239,240,-1,240,239,241,-1,240,241,242,-1,242,241,243,-1,242,243,244,-1,244,243,245,-1,244,245,246,-1,245,247,246,-1,246,247,248,-1,246,248,249,-1,249,248,250,-1,249,250,251,-1,251,250,252,-1,251,252,253,-1,253,252,254,-1,253,254,255,-1,255,254,256,-1,255,256,257,-1,257,256,258,-1,257,258,174,-1,174,258,259,-1,174,259,175,-1,205,260,206,-1,206,260,261,-1,206,261,262,-1,262,261,263,-1,262,263,5,-1,5,263,264,-1,5,264,7,-1,7,264,265,-1,7,265,179,-1,139,266,140,-1,140,266,267,-1,140,267,268,-1,269,270,144,-1,144,270,271,-1,144,271,145,-1,272,273,274,-1,274,273,275,-1,274,275,269,-1,269,275,276,-1,269,276,270,-1,180,277,181,-1,181,277,278,-1,181,278,272,-1,272,278,279,-1,272,279,273,-1,236,280,237,-1,237,280,281,-1,237,281,282,-1,282,281,283,-1,282,283,284,-1,284,283,193,-1,284,193,125,-1,125,193,195,-1,125,195,123,-1,75,285,76,-1,76,285,286,-1,76,286,287,-1,287,286,288,-1,287,288,289,-1,289,288,290,-1,289,290,291,-1,291,290,292,-1,291,292,293,-1,293,292,294,-1,293,294,295,-1,295,294,296,-1,295,296,198,-1,198,296,297,-1,198,297,199,-1,267,298,268,-1,268,298,299,-1,268,299,300,-1,300,299,301,-1,300,301,48,-1,48,301,302,-1,48,302,50,-1,50,302,303,-1,50,303,203,-1,304,305,155,-1,155,305,306,-1,155,306,156,-1,307,308,304,-1,304,308,309,-1,304,309,305,-1,134,310,135,-1,135,310,311,-1,135,311,312,-1,313,314,137,-1,137,314,315,-1,137,315,138,-1,316,317,313,-1,313,317,318,-1,313,318,314,-1,157,319,158,-1,158,319,320,-1,158,320,321,-1,322,323,183,-1,183,323,324,-1,183,324,184,-1,325,326,322,-1,322,326,327,-1,322,327,323,-1,147,328,148,-1,148,328,329,-1,148,329,330,-1,331,332,150,-1,150,332,333,-1,150,333,151,-1,334,335,331,-1,331,335,336,-1,331,336,332,-1,185,337,186,-1,186,337,338,-1,186,338,339,-1,311,340,312,-1,312,340,341,-1,312,341,342,-1,342,341,343,-1,342,343,307,-1,307,343,344,-1,307,344,308,-1,320,345,321,-1,321,345,346,-1,321,346,347,-1,347,346,348,-1,347,348,316,-1,316,348,349,-1,316,349,317,-1,329,350,330,-1,330,350,351,-1,330,351,352,-1,352,351,353,-1,352,353,325,-1,325,353,354,-1,325,354,326,-1,338,355,339,-1,339,355,356,-1,339,356,357,-1,357,356,358,-1,357,358,334,-1,334,358,359,-1,334,359,335,-1,
        ]
    }
}
Shape{
    appearance Appearance {
        material  Material 	{
            diffuseColor 1.0 1.0 1.0
            specularColor 0.5019607843137255 0.5019607843137255 0.5019607843137255
            ambientIntensity 1.0
            transparency 0.0
            shininess 0.5
        }
    }
    geometry IndexedFaceSet {
        ccw TRUE
        solid FALSE
        coord DEF co Coordinate {
            point [
                6.775 -3.38 10.9489, 6.775 -3.38 6.0489, 6.775 -2.2 10.9489, 6.775 -2.2 6.0489, 6.575 -3.38 11.1489, 6.5637 -3.514 11.1489, 6.6085 -3.38 11.1461, 6.5967 -3.5196 11.1461, 6.6557 -3.38 11.1319, 6.6432 -3.5275 11.1319, 6.6979 -3.38 11.1067, 6.6849 -3.5346 11.1067, 6.7328 -3.38 11.0718, 6.7192 -3.5404 11.0718, 6.758 -3.38 11.0296, 6.7441 -3.5447 11.0296, 6.7722 -3.38 10.9824, 6.7581 -3.547 10.9824, 6.7609 -3.5475 10.9489, 5.909 -4.1687 11.1489, 5.775 -4.18 11.1489, 5.9146 -4.2017 11.1461, 5.775 -4.2135 11.1461, 5.9225 -4.2482 11.1319, 5.775 -4.2607 11.1319, 5.9296 -4.2899 11.1067, 5.775 -4.3029 11.1067, 5.9354 -4.3242 11.0718, 5.775 -4.3378 11.0718, 5.9397 -4.3491 11.0296, 5.775 -4.363 11.0296, 5.942 -4.3631 10.9824, 5.775 -4.3772 10.9824, 5.9425 -4.3659 10.9489, 5.775 -4.38 10.9489, 6.507 -3.7027 11.1489, 6.5377 -3.7162 11.1461, 6.5809 -3.7352 11.1319, 6.6195 -3.7522 11.1067, 6.6514 -3.7663 11.0718, 6.6745 -3.7765 11.0296, 6.6875 -3.7822 10.9824, 6.6901 -3.7833 10.9489, 6.406 -3.8717 11.1489, 6.4324 -3.8923 11.1461, 6.4696 -3.9213 11.1319, 6.503 -3.9473 11.1067, 6.5305 -3.9687 11.0718, 6.5504 -3.9842 11.0296, 6.5615 -3.9929 10.9824, 6.5638 -3.9947 10.9489, 6.2667 -4.011 11.1489, 6.2873 -4.0374 11.1461, 6.3163 -4.0746 11.1319, 6.3423 -4.108 11.1067, 6.3637 -4.1355 11.0718, 6.3792 -4.1554 11.0296, 6.3879 -4.1665 10.9824, 6.3897 -4.1688 10.9489, 6.0977 -4.112 11.1489, 6.1112 -4.1427 11.1461, 6.1302 -4.1859 11.1319, 6.1472 -4.2245 11.1067, 6.1613 -4.2564 11.0718, 6.1715 -4.2795 11.0296, 6.1772 -4.2925 10.9824, 6.1783 -4.2951 10.9489, -5.775 -4.38 10.9489, -3.4402 -4.38 10.9489, -5.775 -4.3772 10.9824, 0.2146 -4.38 10.9489, 0.4715 -4.38 10.9489, 0.4875 -4.38 10.9489, 0.7134 -4.38 10.9489, 0.8353 -4.38 10.9489, 0.8976 -4.38 10.9489, 1.045 -4.38 10.9489, 1.1475 -4.38 10.9489, 1.2318 -4.38 10.9489, -5.775 -4.363 11.0296, -5.775 -4.3378 11.0718, -5.775 -4.3029 11.1067, -5.775 -4.2607 11.1319, -5.775 -4.2135 11.1461, -5.775 -4.18 11.1489, -6.775 -2.2 10.9489, -6.775 -2.2 6.0489, -6.775 -3.38 10.9489, -6.775 -3.38 6.0489, -5.909 -4.1687 11.1489, -5.9146 -4.2017 11.1461, -5.9225 -4.2482 11.1319, -5.9296 -4.2899 11.1067, -5.9354 -4.3242 11.0718, -5.9397 -4.3491 11.0296, -5.942 -4.3631 10.9824, -5.9425 -4.3659 10.9489, -6.5637 -3.514 11.1489, -6.575 -3.38 11.1489, -6.5967 -3.5196 11.1461, -6.6085 -3.38 11.1461, -6.6432 -3.5275 11.1319, -6.6557 -3.38 11.1319, -6.6849 -3.5346 11.1067, -6.6979 -3.38 11.1067, -6.7192 -3.5404 11.0718, -6.7328 -3.38 11.0718, -6.7441 -3.5447 11.0296, -6.758 -3.38 11.0296, -6.7581 -3.547 10.9824, -6.7722 -3.38 10.9824, -6.7609 -3.5475 10.9489, -6.0977 -4.112 11.1489, -6.1112 -4.1427 11.1461, -6.1302 -4.1859 11.1319, -6.1472 -4.2245 11.1067, -6.1613 -4.2564 11.0718, -6.1715 -4.2795 11.0296, -6.1772 -4.2925 10.9824, -6.1783 -4.2951 10.9489, -6.2667 -4.011 11.1489, -6.2873 -4.0374 11.1461, -6.3163 -4.0746 11.1319, -6.3423 -4.108 11.1067, -6.3637 -4.1355 11.0718, -6.3792 -4.1554 11.0296, -6.3879 -4.1665 10.9824, -6.3897 -4.1688 10.9489, -6.406 -3.8717 11.1489, -6.4324 -3.8923 11.1461, -6.4696 -3.9213 11.1319, -6.503 -3.9473 11.1067, -6.5305 -3.9687 11.0718, -6.5504 -3.9842 11.0296, -6.5615 -3.9929 10.9824, -6.5638 -3.9947 10.9489, -6.507 -3.7027 11.1489, -6.5377 -3.7162 11.1461, -6.5809 -3.7352 11.1319, -6.6195 -3.7522 11.1067, -6.6514 -3.7663 11.0718, -6.6745 -3.7765 11.0296, -6.6875 -3.7822 10.9824, -6.6901 -3.7833 10.9489, -6.775 3.38 10.9489, -6.775 3.38 6.0489, -6.775 2.2 10.9489, -6.775 2.2 6.0489, -6.575 3.38 11.1489, -6.5637 3.514 11.1489, -6.6085 3.38 11.1461, -6.5967 3.5196 11.1461, -6.6557 3.38 11.1319, -6.6432 3.5275 11.1319, -6.6979 3.38 11.1067, -6.6849 3.5346 11.1067, -6.7328 3.38 11.0718, -6.7192 3.5404 11.0718, -6.758 3.38 11.0296, -6.7441 3.5447 11.0296, -6.7722 3.38 10.9824, -6.7581 3.547 10.9824, -6.7609 3.5475 10.9489, -5.909 4.1687 11.1489, -5.775 4.18 11.1489, -5.9146 4.2017 11.1461, -5.775 4.2135 11.1461, -5.9225 4.2482 11.1319, -5.775 4.2607 11.1319, -5.9296 4.2899 11.1067, -5.775 4.3029 11.1067, -5.9354 4.3242 11.0718, -5.775 4.3378 11.0718, -5.9397 4.3491 11.0296, -5.775 4.363 11.0296, -5.942 4.3631 10.9824, -5.775 4.3772 10.9824, -5.9425 4.3659 10.9489, -5.775 4.38 10.9489, -6.507 3.7027 11.1489, -6.5377 3.7162 11.1461, -6.5809 3.7352 11.1319, -6.6195 3.7522 11.1067, -6.6514 3.7663 11.0718, -6.6745 3.7765 11.0296, -6.6875 3.7822 10.9824, -6.6901 3.7833 10.9489, -6.406 3.8717 11.1489, -6.4324 3.8923 11.1461, -6.4696 3.9213 11.1319, -6.503 3.9473 11.1067, -6.5305 3.9687 11.0718, -6.5504 3.9842 11.0296, -6.5615 3.9929 10.9824, -6.5638 3.9947 10.9489, -6.2667 4.011 11.1489, -6.2873 4.0374 11.1461, -6.3163 4.0746 11.1319, -6.3423 4.108 11.1067, -6.3637 4.1355 11.0718, -6.3792 4.1554 11.0296, -6.3879 4.1665 10.9824, -6.3897 4.1688 10.9489, -6.0977 4.112 11.1489, -6.1112 4.1427 11.1461, -6.1302 4.1859 11.1319, -6.1472 4.2245 11.1067, -6.1613 4.2564 11.0718, -6.1715 4.2795 11.0296, -6.1772 4.2925 10.9824, -6.1783 4.2951 10.9489, 5.775 4.38 10.9489, 5.775 4.3772 10.9824, 5.775 4.363 11.0296, 5.775 4.3378 11.0718, 5.775 4.3029 11.1067, 5.775 4.2607 11.1319, 5.775 4.2135 11.1461, 5.775 4.18 11.1489, 6.775 2.2 10.9489, 6.775 2.2 6.0489, 6.775 3.38 10.9489, 6.775 3.38 6.0489, 5.909 4.1687 11.1489, 5.9146 4.2017 11.1461, 5.9225 4.2482 11.1319, 5.9296 4.2899 11.1067, 5.9354 4.3242 11.0718, 5.9397 4.3491 11.0296, 5.942 4.3631 10.9824, 5.9425 4.3659 10.9489, 6.5637 3.514 11.1489, 6.575 3.38 11.1489, 6.5967 3.5196 11.1461, 6.6085 3.38 11.1461, 6.6432 3.5275 11.1319, 6.6557 3.38 11.1319, 6.6849 3.5346 11.1067, 6.6979 3.38 11.1067, 6.7192 3.5404 11.0718, 6.7328 3.38 11.0718, 6.7441 3.5447 11.0296, 6.758 3.38 11.0296, 6.7581 3.547 10.9824, 6.7722 3.38 10.9824, 6.7609 3.5475 10.9489, 6.0977 4.112 11.1489, 6.1112 4.1427 11.1461, 6.1302 4.1859 11.1319, 6.1472 4.2245 11.1067, 6.1613 4.2564 11.0718, 6.1715 4.2795 11.0296, 6.1772 4.2925 10.9824, 6.1783 4.2951 10.9489, 6.2667 4.011 11.1489, 6.2873 4.0374 11.1461, 6.3163 4.0746 11.1319, 6.3423 4.108 11.1067, 6.3637 4.1355 11.0718, 6.3792 4.1554 11.0296, 6.3879 4.1665 10.9824, 6.3897 4.1688 10.9489, 6.406 3.8717 11.1489, 6.4324 3.8923 11.1461, 6.4696 3.9213 11.1319, 6.503 3.9473 11.1067, 6.5305 3.9687 11.0718, 6.5504 3.9842 11.0296, 6.5615 3.9929 10.9824, 6.5638 3.9947 10.9489, 6.507 3.7027 11.1489, 6.5377 3.7162 11.1461, 6.5809 3.7352 11.1319, 6.6195 3.7522 11.1067, 6.6514 3.7663 11.0718, 6.6745 3.7765 11.0296, 6.6875 3.7822 10.9824, 6.6901 3.7833 10.9489, 7.385 -2.0 11.6989, 7.385 -2.0 6.0489, 7.4855 -1.9915 6.0489, 7.4855 -1.9915 11.6989, 7.627 -1.949 6.0489, 7.627 -1.949 11.6989, 7.7538 -1.8733 6.0489, 7.7538 -1.8733 11.6989, 7.8583 -1.7688 6.0489, 7.8583 -1.7688 11.6989, 7.934 -1.642 6.0489, 7.934 -1.642 11.6989, 7.9765 -1.5005 6.0489, 7.9765 -1.5005 11.6989, 7.985 -1.4 6.0489, 7.985 -1.4 11.6989, 7.985 1.4 11.6989, 7.985 1.4 6.0489, 7.9765 1.5005 6.0489, 7.9765 1.5005 11.6989, 7.934 1.642 6.0489, 7.934 1.642 11.6989, 7.8583 1.7688 6.0489, 7.8583 1.7688 11.6989, 7.7538 1.8733 6.0489, 7.7538 1.8733 11.6989, 7.627 1.949 6.0489, 7.627 1.949 11.6989, 7.4855 1.9915 6.0489, 7.4855 1.9915 11.6989, 7.385 2.0 6.0489, 7.385 2.0 11.6989, 7.9822 1.4 11.7324, 7.9822 -1.4 11.7324, 7.968 1.4 11.7796, 7.968 -1.4 11.7796, 7.9428 1.4 11.8218, 7.9428 -1.4 11.8218, 7.9079 1.4 11.8567, 7.9079 -1.4 11.8567, 7.8657 1.4 11.8819, 7.8657 -1.4 11.8819, 7.8185 1.4 11.8961, 7.8185 -1.4 11.8961, 7.785 1.4 11.8989, 7.785 -1.4 11.8989, -6.7785 -2.1666 6.0489, -6.7778 -2.1665 10.9489, -6.7794 -2.158 6.0489, -6.7779 -2.1663 10.9489, -6.7928 -2.1196 6.0489, -6.792 -2.1194 10.9489, -6.7958 -2.1112 6.0489, -6.7922 -2.1189 10.9489, -6.818 -2.0776 6.0489, -6.8173 -2.0771 10.9489, -6.8232 -2.0698 6.0489, -6.8177 -2.0764 10.9489, -6.8527 -2.0429 6.0489, -6.8522 -2.0423 10.9489, -6.8596 -2.0366 6.0489, -6.8529 -2.0416 10.9489, -6.8945 -2.0174 6.0489, -6.8944 -2.0171 10.9489, -6.8985 -2.0152 6.0489, -6.8956 -2.0164 10.9489, -6.9416 -2.0033 6.0489, -6.9416 -2.003 10.9489, -6.9462 -2.002 6.0489, -6.9432 -2.0026 10.9489, -6.975 -2.0 6.0489, -6.975 -2.0 10.9489, -6.1299 -2.5853 10.8489, -6.1348 -2.5759 10.8489, -6.2632 -2.6316 11.1489, -6.0064 -2.8171 10.8489, -6.0528 -2.8741 10.9988, -6.0543 -2.876 11.0038, -6.0989 -2.931 11.1489, -6.3829 -1.9 11.0802, -6.4149 -1.9 11.1489, -6.3703 -1.9345 11.054, -6.382 -2.2466 11.1489, -6.3093 -2.1021 10.9477, -6.1928 -2.4221 10.8489, -6.2491 -2.2675 10.8788, -6.265 -2.2238 10.897, -6.4151 -1.8116 11.1489, -6.4149 1.9 11.1489, -6.4151 1.8116 11.1489, -6.3829 1.9 11.0802, -6.1258 -2.5964 4.0989, -6.1299 -2.5854 4.0989, -6.0023 -2.8235 6.2989, -5.0693 -3.5265 6.2989, -4.8596 -3.5755 4.0989, -5.255 -3.4581 6.2989, -5.0852 -3.5217 4.0989, -5.2604 -3.4552 6.2989, -5.2596 -3.453 4.0989, -5.3075 -3.4341 4.0989, -5.4891 -3.3334 6.2989, -5.5151 -3.3164 4.0989, -5.617 -3.237 6.2989, -5.6174 -3.2376 4.0989, -5.7009 -3.1737 6.2989, -5.7044 -3.1706 4.0989, -5.8853 -2.9831 6.2989, -5.8715 -2.9997 4.0989, -5.9142 -2.9437 6.2989, -6.0023 -2.8235 10.8486, -5.9131 -2.9429 4.0989, -5.9428 -2.9025 4.0989, -6.0127 -2.8072 4.0989, -6.1928 -2.4221 6.3989, -6.275 -1.9 4.0989, -6.275 -1.9 6.3989, -6.2583 -2.1395 4.0989, -6.2541 -2.1658 6.3989, -6.2487 -2.1843 4.0989, -6.2496 -2.1844 6.3989, -6.2084 -2.372 4.0989, -4.575 -3.6 10.8489, -4.575 -3.6 4.0989, -4.6276 -3.5992 4.0989, -4.8437 -3.5786 10.8489, -4.7197 -3.5902 4.0989, -4.8526 -3.5772 4.0989, -4.8595 -3.575 10.8489, -5.0621 -3.5287 10.8489, -5.0693 -3.5265 10.8486, -6.1967 2.4102 4.0989, -6.2283 2.2775 4.0989, -4.7197 2.2775 4.0989, -4.7334 -1.6022 4.0989, -4.7197 -1.5781 4.0989, -4.7197 0.4175 4.0989, 4.5319 -0.6245 4.0989, 4.2257 -0.6245 4.0989, 4.0953 -1.4987 4.0989, 4.5094 -1.4107 4.0989, 4.5701 -1.4343 4.0989, 4.5932 -0.6245 4.0989, 6.275 -1.9 4.0989, 4.5932 -0.55 4.0989, 6.275 0.4175 4.0989, 4.2257 -0.55 4.0989, 4.0953 0.4175 4.0989, 4.3278 -1.25 4.0989, 4.1164 -1.4767 4.0989, 4.389 -1.25 4.0989, 4.1507 -1.4554 4.0989, 4.203 -1.4228 4.0989, 4.2404 -1.4106 4.0989, 4.2949 -1.3928 4.0989, 4.3384 -1.3886 4.0989, 4.375 -1.385 4.0989, 4.4114 -1.3895 4.0989, 4.4753 -1.3974 4.0989, 4.2406 -2.1793 4.0989, 4.1799 -2.1557 4.0989, 4.0953 -2.9025 4.0989, 4.1508 -2.1348 4.0989, 4.6755 -2.0696 4.0989, 4.6336 -2.1133 4.0989, 5.9434 -2.9025 4.0989, 4.5993 -2.1346 4.0989, 4.4116 -2.2014 4.0989, 4.375 -2.205 4.0989, 4.7159 -1.5671 4.0989, 4.7334 -1.602 4.0989, 4.7615 -1.6582 4.0989, 4.7697 -1.6955 4.0989, 4.3386 -2.2005 4.0989, 4.2747 -2.1926 4.0989, 4.5992 -1.4552 4.0989, 4.653 -1.4936 4.0989, 4.6756 -1.5201 4.0989, 4.547 -2.1672 4.0989, 4.5096 -2.1794 4.0989, 4.4551 -2.1972 4.0989, 4.7833 -1.7575 4.0989, 4.7821 -1.7949 4.0989, 6.2742 -1.9526 4.0989, 4.7801 -1.8586 4.0989, 6.2522 -2.1776 4.0989, 4.7038 -2.04 4.0989, 5.9914 -2.8401 4.0989, 4.7334 -1.9878 4.0989, 6.1091 -2.6325 4.0989, 4.7538 -1.9519 4.0989, 6.128 -2.5846 4.0989, 4.77 -1.8945 4.0989, 6.1967 -2.4102 4.0989, 6.2505 -2.1846 4.0989, 4.8145 -3.5833 4.0989, 4.8593 -3.5737 4.0989, 5.047 -3.5334 4.0989, 5.2604 -3.4549 4.0989, 5.2714 -3.4508 4.0989, 5.4822 -3.3377 4.0989, 5.6179 -3.2381 4.0989, 5.6747 -3.1965 4.0989, 5.8456 -3.0294 4.0989, 5.9126 -2.9424 4.0989, -4.5144 -2.9025 4.0989, -4.7197 -2.9025 4.0989, -4.7615 -1.9318 4.0989, -4.7334 -1.988 4.0989, -4.7821 -1.7951 4.0989, -4.7833 -1.8325 4.0989, -4.7697 -1.8945 4.0989, -4.7197 -2.0153 4.0989, -4.7801 -1.7314 4.0989, -4.77 -1.6955 4.0989, -6.275 0.4175 4.0989, -4.7538 -1.6381 4.0989, -4.7197 1.5747 4.0989, -4.7334 1.602 4.0989, -4.7615 1.6582 4.0989, -4.7697 1.6955 4.0989, -6.275 1.9 4.0989, -4.7833 1.7575 4.0989, -4.7821 1.7949 4.0989, -6.2742 1.9526 4.0989, -4.7801 1.8586 4.0989, -6.2522 2.1776 4.0989, -6.2505 2.1846 4.0989, -4.77 1.8945 4.0989, -4.7197 2.0119 4.0989, -4.7334 1.9878 4.0989, -4.7538 1.9519 4.0989, -4.8593 3.5737 4.0989, -4.8145 3.5833 4.0989, -4.7197 3.5899 4.0989, -5.047 3.5334 4.0989, -5.2604 3.4549 4.0989, -5.2714 3.4508 4.0989, -5.6747 3.1965 4.0989, -5.8456 3.0294 4.0989, -5.9126 2.9424 4.0989, -5.9914 2.8401 4.0989, -6.1091 2.6325 4.0989, -6.128 2.5846 4.0989, -5.4822 3.3377 4.0989, -5.6179 3.2381 4.0989, -4.575 3.6 4.0989, -4.5144 2.2775 4.0989, -4.5144 3.6 4.0989, 4.2869 2.8415 4.0989, 4.5728 2.8862 4.0989, 4.5217 2.8862 4.0989, 4.2767 2.7521 4.0989, 4.2767 2.7223 4.0989, 4.338 2.7819 4.0989, 4.2972 2.8862 4.0989, 4.3482 2.9606 4.0989, 4.3176 2.9309 4.0989, 4.4911 2.7819 4.0989, 4.5422 2.7372 4.0989, 4.4401 2.9755 4.0989, 4.3788 2.9755 4.0989, 4.4707 2.9606 4.0989, 4.5013 2.9309 4.0989, 6.2084 2.372 4.0989, 4.5932 2.5436 4.0989, 6.2287 2.2775 4.0989, 4.5728 2.4691 4.0989, 4.5422 2.4096 4.0989, 4.389 2.35 4.0989, 4.0953 2.2775 4.0989, 4.4401 2.35 4.0989, 4.4911 2.3649 4.0989, 4.389 2.7968 4.0989, 4.4401 2.7968 4.0989, 4.5728 2.6926 4.0989, 6.0127 2.8072 4.0989, 4.5932 2.6181 4.0989, 6.1258 2.5964 4.0989, 6.1299 2.5854 4.0989, 4.338 2.3649 4.0989, 4.2869 2.4096 4.0989, 4.2563 2.4691 4.0989, 4.2869 2.9904 4.0989, 4.338 3.0351 4.0989, 4.0953 3.6 4.0989, 4.389 3.05 4.0989, 4.575 3.6 4.0989, 4.4299 3.05 4.0989, 4.6276 3.5992 4.0989, 4.4809 3.0351 4.0989, 4.8526 3.5772 4.0989, 4.8596 3.5755 4.0989, 4.5319 2.9904 4.0989, 5.0852 3.5217 4.0989, 4.5626 2.9309 4.0989, 5.3075 3.4341 4.0989, 5.2596 3.453 4.0989, 4.2257 2.7521 4.0989, 4.2359 2.8564 4.0989, 4.2563 2.9309 4.0989, 5.9131 2.9429 4.0989, 5.8715 2.9997 4.0989, 5.7044 3.1706 4.0989, 5.6174 3.2376 4.0989, 5.5151 3.3164 4.0989, 4.2359 2.5436 4.0989, 4.2257 2.6479 4.0989, 4.3386 1.3895 4.0989, 4.2747 1.3974 4.0989, 4.1164 2.1133 4.0989, 4.1507 2.1346 4.0989, 4.7334 1.6022 4.0989, 4.7038 1.55 4.0989, 4.6755 1.5204 4.0989, 4.6336 1.4767 4.0989, 4.2406 1.4107 4.0989, 4.1799 1.4343 4.0989, 4.1508 1.4552 4.0989, 4.203 2.1672 4.0989, 4.2404 2.1794 4.0989, 4.2949 2.1972 4.0989, 4.3384 2.2014 4.0989, 4.375 2.205 4.0989, 4.4114 2.2005 4.0989, 4.4753 2.1926 4.0989, 4.5094 2.1793 4.0989, 4.5701 2.1557 4.0989, 4.5992 2.1348 4.0989, 4.653 2.0964 4.0989, 4.6756 2.0699 4.0989, 4.7159 2.0229 4.0989, 4.7334 1.988 4.0989, 4.7615 1.9318 4.0989, 6.2487 2.1843 4.0989, 4.7697 1.8945 4.0989, 6.2583 2.1395 4.0989, 4.7833 1.8325 4.0989, 6.275 1.9 4.0989, 4.7821 1.7951 4.0989, 4.4551 1.3928 4.0989, 4.4116 1.3886 4.0989, 4.375 1.385 4.0989, 4.5993 1.4554 4.0989, 4.547 1.4228 4.0989, 4.5096 1.4106 4.0989, 4.7801 1.7314 4.0989, 4.77 1.6955 4.0989, 4.7538 1.6381 4.0989, -4.5096 2.1794 4.0989, -4.4551 2.1972 4.0989, -4.4116 2.2014 4.0989, -4.375 2.205 4.0989, -4.3386 2.2005 4.0989, -4.2747 2.1926 4.0989, -3.5 2.2775 4.0989, -4.2406 2.1793 4.0989, -4.0745 1.5204 4.0989, -4.1164 1.4767 4.0989, -3.5 0.4175 4.0989, -4.1507 1.4554 4.0989, -4.0166 1.988 4.0989, -3.9885 1.9318 4.0989, -3.9803 1.8945 4.0989, -3.9667 1.8325 4.0989, -4.3384 1.3886 4.0989, -4.375 1.385 4.0989, -4.5144 0.4175 4.0989, -4.4114 1.3895 4.0989, -4.4753 1.3974 4.0989, -4.1799 2.1557 4.0989, -4.1508 2.1348 4.0989, -4.097 2.0964 4.0989, -4.0744 2.0699 4.0989, -4.0341 2.0229 4.0989, -3.9962 1.6381 4.0989, -4.0166 1.6022 4.0989, -4.0462 1.55 4.0989, -4.203 1.4228 4.0989, -4.2404 1.4106 4.0989, -4.2949 1.3928 4.0989, -3.9679 1.7951 4.0989, -3.9699 1.7314 4.0989, -3.98 1.6955 4.0989, -4.7038 2.04 4.0989, -4.6755 2.0696 4.0989, -4.6336 2.1133 4.0989, -4.5993 2.1346 4.0989, -4.547 2.1672 4.0989, -4.5144 2.1778 4.0989, -4.5992 1.4552 4.0989, -4.653 1.4936 4.0989, -4.5094 1.4107 4.0989, -4.5144 1.4126 4.0989, -4.5701 1.4343 4.0989, -4.6756 1.5201 4.0989, -4.7159 1.5671 4.0989, 3.5 2.2775 4.0989, 4.0745 2.0696 4.0989, 4.0953 2.0913 4.0989, 3.5 0.4175 4.0989, 4.0341 1.5671 4.0989, 4.0166 1.602 4.0989, 4.097 1.4936 4.0989, 4.0953 1.4956 4.0989, 4.0744 1.5201 4.0989, 3.9885 1.6582 4.0989, 3.9803 1.6955 4.0989, 3.9667 1.7575 4.0989, 3.9679 1.7949 4.0989, 3.9699 1.8586 4.0989, 3.98 1.8945 4.0989, 3.9962 1.9519 4.0989, 4.0166 1.9878 4.0989, 4.0462 2.04 4.0989, -4.4794 -1.1755 4.0989, -4.2344 -0.8032 4.0989, -4.4269 -0.7138 4.0989, -4.1644 -1.25 4.0989, -4.2747 -1.3974 4.0989, -4.2406 -1.4107 4.0989, -4.5144 -1.4122 4.0989, -4.4707 -0.7138 4.0989, -4.4619 -0.6543 4.0989, -4.4269 -0.5947 4.0989, -4.3919 -0.5649 4.0989, -4.1799 -1.4343 4.0989, -4.1508 -1.4552 4.0989, -4.097 -1.4936 4.0989, -4.0744 -1.5201 4.0989, -4.0341 -1.5671 4.0989, -4.0166 -1.602 4.0989, -4.2432 -0.5649 4.0989, -4.2957 -0.55 4.0989, -4.3307 -0.55 4.0989, -4.0745 -2.0696 4.0989, -4.1164 -2.1133 4.0989, -3.5 -2.9025 4.0989, -4.1507 -2.1346 4.0989, -4.4794 -1.25 4.0989, -4.5096 -1.4106 4.0989, -4.4551 -1.3928 4.0989, -4.4116 -1.3886 4.0989, -4.375 -1.385 4.0989, -4.3386 -1.3895 4.0989, -4.2169 -0.7436 4.0989, -4.2169 -0.7138 4.0989, -4.2344 -0.6691 4.0989, -4.3832 -0.6394 4.0989, -4.4094 -0.6691 4.0989, -4.3394 -0.6245 4.0989, -4.3044 -0.6245 4.0989, -4.2607 -0.6394 4.0989, -4.2082 -0.5947 4.0989, -4.1732 -0.6543 4.0989, -4.1644 -0.7138 4.0989, -3.9885 -1.6582 4.0989, -4.1644 -1.1755 4.0989, -4.3384 -2.2014 4.0989, -4.375 -2.205 4.0989, -4.4114 -2.2005 4.0989, -4.4753 -2.1926 4.0989, -3.9679 -1.7949 4.0989, -3.9667 -1.7575 4.0989, -3.9803 -1.6955 4.0989, -3.9699 -1.8586 4.0989, -3.98 -1.8945 4.0989, -3.9962 -1.9519 4.0989, -4.0166 -1.9878 4.0989, -4.0462 -2.04 4.0989, -4.1644 -0.7436 4.0989, -4.1732 -0.8032 4.0989, -4.1907 -0.8479 4.0989, -4.4094 -1.1755 4.0989, -4.203 -2.1672 4.0989, -4.2404 -2.1794 4.0989, -4.2949 -2.1972 4.0989, -4.7038 -1.55 4.0989, -4.6019 -1.25 4.0989, -4.6755 -1.5204 4.0989, -4.6336 -1.4767 4.0989, -4.5993 -1.4554 4.0989, -4.547 -1.4228 4.0989, -4.5494 -1.25 4.0989, -4.5494 -0.55 4.0989, -4.6019 -0.55 4.0989, -4.6544 -0.6543 4.0989, -4.6544 -0.7734 4.0989, -4.6019 -0.6691 4.0989, -4.5992 -2.1348 4.0989, -4.653 -2.0964 4.0989, -4.5094 -2.1793 4.0989, -4.5144 -2.1774 4.0989, -4.5701 -2.1557 4.0989, -4.6756 -2.0699 4.0989, -4.7159 -2.0229 4.0989, 4.0745 -1.5204 4.0989, 3.5 -2.9025 4.0989, 4.0341 -2.0229 4.0989, 4.0166 -1.988 4.0989, 3.9885 -1.9318 4.0989, 3.9803 -1.8945 4.0989, 3.9667 -1.8325 4.0989, 4.097 -2.0964 4.0989, 4.0953 -2.0944 4.0989, 4.0744 -2.0699 4.0989, 3.9679 -1.7951 4.0989, 3.9699 -1.7314 4.0989, 3.98 -1.6955 4.0989, 3.9962 -1.6381 4.0989, 4.0166 -1.6022 4.0989, 4.0462 -1.55 4.0989, 3.5 3.6 4.0989, 1.75 3.6 4.0989, 1.75 2.2775 4.0989, 0.0 3.6 4.0989, 0.0 2.2775 4.0989, -1.75 3.6 4.0989, -1.75 2.2775 4.0989, -3.5 3.6 4.0989, -4.4094 2.9309 4.0989, -4.4707 2.8266 4.0989, -4.4094 2.35 4.0989, -4.3482 2.35 4.0989, -4.3482 3.05 4.0989, -4.4094 3.05 4.0989, -4.4707 2.9457 4.0989, 2.9255 1.5204 4.0989, 2.8836 1.4767 4.0989, 2.9834 1.988 4.0989, 3.0115 1.9318 4.0989, 3.0197 1.8945 4.0989, 3.0333 1.8325 4.0989, 2.5886 1.3895 4.0989, 2.5247 1.3974 4.0989, 1.75 0.4175 4.0989, 2.4906 1.4107 4.0989, 2.7253 2.1926 4.0989, 2.7594 2.1793 4.0989, 2.8201 2.1557 4.0989, 2.8492 2.1348 4.0989, 2.903 2.0964 4.0989, 2.9256 2.0699 4.0989, 2.9659 2.0229 4.0989, 2.3245 2.0696 4.0989, 2.3664 2.1133 4.0989, 2.4007 2.1346 4.0989, 3.0038 1.6381 4.0989, 2.9834 1.6022 4.0989, 2.9538 1.55 4.0989, 3.0321 1.7951 4.0989, 3.0301 1.7314 4.0989, 3.02 1.6955 4.0989, 2.8493 1.4554 4.0989, 2.797 1.4228 4.0989, 2.7596 1.4106 4.0989, 2.4299 1.4343 4.0989, 2.4008 1.4552 4.0989, 2.347 1.4936 4.0989, 2.3244 1.5201 4.0989, 2.2841 1.5671 4.0989, 2.2666 1.602 4.0989, 2.2385 1.6582 4.0989, 2.2303 1.6955 4.0989, 2.2167 1.7575 4.0989, 2.2179 1.7949 4.0989, 2.453 2.1672 4.0989, 2.4904 2.1794 4.0989, 2.5449 2.1972 4.0989, 2.7051 1.3928 4.0989, 2.6616 1.3886 4.0989, 2.625 1.385 4.0989, 2.2199 1.8586 4.0989, 2.23 1.8945 4.0989, 2.2462 1.9519 4.0989, 2.2666 1.9878 4.0989, 2.2962 2.04 4.0989, 2.5884 2.2014 4.0989, 2.625 2.205 4.0989, 2.6614 2.2005 4.0989, 1.1755 1.5204 4.0989, 1.1336 1.4767 4.0989, 0.8386 1.3895 4.0989, 0.7747 1.3974 4.0989, 0.0 0.4175 4.0989, 0.7406 1.4107 4.0989, 1.2334 1.988 4.0989, 1.2615 1.9318 4.0989, 1.2697 1.8945 4.0989, 1.2833 1.8325 4.0989, 0.9753 2.1926 4.0989, 1.0094 2.1793 4.0989, 1.2538 1.6381 4.0989, 1.2334 1.6022 4.0989, 1.2038 1.55 4.0989, 0.5745 2.0696 4.0989, 0.6164 2.1133 4.0989, 0.6507 2.1346 4.0989, 1.0701 2.1557 4.0989, 1.0992 2.1348 4.0989, 1.153 2.0964 4.0989, 1.1756 2.0699 4.0989, 1.2159 2.0229 4.0989, 1.2821 1.7951 4.0989, 1.2801 1.7314 4.0989, 1.27 1.6955 4.0989, 1.0993 1.4554 4.0989, 1.047 1.4228 4.0989, 1.0096 1.4106 4.0989, 0.9551 1.3928 4.0989, 0.9116 1.3886 4.0989, 0.875 1.385 4.0989, 0.6799 1.4343 4.0989, 0.6508 1.4552 4.0989, 0.597 1.4936 4.0989, 0.5744 1.5201 4.0989, 0.5341 1.5671 4.0989, 0.5166 1.602 4.0989, 0.4885 1.6582 4.0989, 0.4803 1.6955 4.0989, 0.4667 1.7575 4.0989, 0.4679 1.7949 4.0989, 0.703 2.1672 4.0989, 0.7404 2.1794 4.0989, 0.7949 2.1972 4.0989, 0.4699 1.8586 4.0989, 0.48 1.8945 4.0989, 0.4962 1.9519 4.0989, 0.5166 1.9878 4.0989, 0.5462 2.04 4.0989, 0.8384 2.2014 4.0989, 0.875 2.205 4.0989, 0.9114 2.2005 4.0989, -0.5745 1.5204 4.0989, -0.6164 1.4767 4.0989, -0.5166 1.988 4.0989, -0.4885 1.9318 4.0989, -0.4803 1.8945 4.0989, -0.4667 1.8325 4.0989, -0.9114 1.3895 4.0989, -0.9753 1.3974 4.0989, -1.75 0.4175 4.0989, -1.0094 1.4107 4.0989, -0.7747 2.1926 4.0989, -0.7406 2.1793 4.0989, -0.6799 2.1557 4.0989, -0.6508 2.1348 4.0989, -0.597 2.0964 4.0989, -0.5744 2.0699 4.0989, -0.5341 2.0229 4.0989, -1.1755 2.0696 4.0989, -1.1336 2.1133 4.0989, -1.0993 2.1346 4.0989, -0.4962 1.6381 4.0989, -0.5166 1.6022 4.0989, -0.5462 1.55 4.0989, -0.4679 1.7951 4.0989, -0.4699 1.7314 4.0989, -0.48 1.6955 4.0989, -0.6507 1.4554 4.0989, -0.703 1.4228 4.0989, -0.7404 1.4106 4.0989, -1.0701 1.4343 4.0989, -1.0992 1.4552 4.0989, -1.153 1.4936 4.0989, -1.1756 1.5201 4.0989, -1.2159 1.5671 4.0989, -1.2334 1.602 4.0989, -1.2615 1.6582 4.0989, -1.2697 1.6955 4.0989, -1.2833 1.7575 4.0989, -1.2821 1.7949 4.0989, -1.047 2.1672 4.0989, -1.0096 2.1794 4.0989, -0.9551 2.1972 4.0989, -0.7949 1.3928 4.0989, -0.8384 1.3886 4.0989, -0.875 1.385 4.0989, -1.2801 1.8586 4.0989, -1.27 1.8945 4.0989, -1.2538 1.9519 4.0989, -1.2334 1.9878 4.0989, -1.2038 2.04 4.0989, -0.9116 2.2014 4.0989, -0.875 2.205 4.0989, -0.8386 2.2005 4.0989, -2.3245 1.5204 4.0989, -2.3664 1.4767 4.0989, -2.6614 1.3895 4.0989, -2.7253 1.3974 4.0989, -2.7594 1.4107 4.0989, -2.2666 1.988 4.0989, -2.2385 1.9318 4.0989, -2.2303 1.8945 4.0989, -2.2167 1.8325 4.0989, -2.5247 2.1926 4.0989, -2.4906 2.1793 4.0989, -2.2462 1.6381 4.0989, -2.2666 1.6022 4.0989, -2.2962 1.55 4.0989, -2.9255 2.0696 4.0989, -2.8836 2.1133 4.0989, -2.8493 2.1346 4.0989, -2.4299 2.1557 4.0989, -2.4008 2.1348 4.0989, -2.347 2.0964 4.0989, -2.3244 2.0699 4.0989, -2.2841 2.0229 4.0989, -2.2179 1.7951 4.0989, -2.2199 1.7314 4.0989, -2.23 1.6955 4.0989, -2.4007 1.4554 4.0989, -2.453 1.4228 4.0989, -2.4904 1.4106 4.0989, -2.5449 1.3928 4.0989, -2.5884 1.3886 4.0989, -2.625 1.385 4.0989, -2.8201 1.4343 4.0989, -2.8492 1.4552 4.0989, -2.903 1.4936 4.0989, -2.9256 1.5201 4.0989, -2.9659 1.5671 4.0989, -2.9834 1.602 4.0989, -3.0115 1.6582 4.0989, -3.0197 1.6955 4.0989, -3.0333 1.7575 4.0989, -3.0321 1.7949 4.0989, -2.797 2.1672 4.0989, -2.7596 2.1794 4.0989, -2.7051 2.1972 4.0989, -3.0301 1.8586 4.0989, -3.02 1.8945 4.0989, -3.0038 1.9519 4.0989, -2.9834 1.9878 4.0989, -2.9538 2.04 4.0989, -2.6616 2.2014 4.0989, -2.625 2.205 4.0989, -2.5886 2.2005 4.0989, 2.9834 -1.602 4.0989, 3.0115 -1.6582 4.0989, 2.9255 -2.0696 4.0989, 2.8836 -2.1133 4.0989, 2.3245 -1.5204 4.0989, 2.3664 -1.4767 4.0989, 2.5886 -2.2005 4.0989, 2.5247 -2.1926 4.0989, 1.75 -2.9025 4.0989, 2.4906 -2.1793 4.0989, 2.6614 -1.3895 4.0989, 2.7253 -1.3974 4.0989, 2.7594 -1.4107 4.0989, 2.8201 -1.4343 4.0989, 2.8492 -1.4552 4.0989, 2.903 -1.4936 4.0989, 2.9256 -1.5201 4.0989, 2.9659 -1.5671 4.0989, 3.0321 -1.7949 4.0989, 3.0333 -1.7575 4.0989, 3.0197 -1.6955 4.0989, 3.0301 -1.8586 4.0989, 3.02 -1.8945 4.0989, 3.0038 -1.9519 4.0989, 2.9834 -1.9878 4.0989, 2.9538 -2.04 4.0989, 2.2666 -1.988 4.0989, 2.2385 -1.9318 4.0989, 2.2303 -1.8945 4.0989, 2.2167 -1.8325 4.0989, 2.8493 -2.1346 4.0989, 2.797 -2.1672 4.0989, 2.7596 -2.1794 4.0989, 2.4299 -2.1557 4.0989, 2.4008 -2.1348 4.0989, 2.347 -2.0964 4.0989, 2.3244 -2.0699 4.0989, 2.2841 -2.0229 4.0989, 2.4007 -1.4554 4.0989, 2.453 -1.4228 4.0989, 2.4904 -1.4106 4.0989, 2.7051 -2.1972 4.0989, 2.6616 -2.2014 4.0989, 2.625 -2.205 4.0989, 2.2179 -1.7951 4.0989, 2.2199 -1.7314 4.0989, 2.23 -1.6955 4.0989, 2.2462 -1.6381 4.0989, 2.2666 -1.6022 4.0989, 2.2962 -1.55 4.0989, 2.5449 -1.3928 4.0989, 2.5884 -1.3886 4.0989, 2.625 -1.385 4.0989, 1.1755 -2.0696 4.0989, 1.1336 -2.1133 4.0989, 0.5745 -1.5204 4.0989, 0.6164 -1.4767 4.0989, 1.2334 -1.602 4.0989, 1.2615 -1.6582 4.0989, 0.8386 -2.2005 4.0989, 0.7747 -2.1926 4.0989, 0.0 -2.9025 4.0989, 0.7406 -2.1793 4.0989, 0.9114 -1.3895 4.0989, 0.9753 -1.3974 4.0989, 1.0094 -1.4107 4.0989, 1.2821 -1.7949 4.0989, 1.2833 -1.7575 4.0989, 1.2697 -1.6955 4.0989, 1.2801 -1.8586 4.0989, 1.27 -1.8945 4.0989, 1.2538 -1.9519 4.0989, 1.2334 -1.9878 4.0989, 1.2038 -2.04 4.0989, 1.0701 -1.4343 4.0989, 1.0992 -1.4552 4.0989, 1.153 -1.4936 4.0989, 1.1756 -1.5201 4.0989, 1.2159 -1.5671 4.0989, 1.0993 -2.1346 4.0989, 1.047 -2.1672 4.0989, 1.0096 -2.1794 4.0989, 0.5166 -1.988 4.0989, 0.4885 -1.9318 4.0989, 0.4803 -1.8945 4.0989, 0.4667 -1.8325 4.0989, 0.9551 -2.1972 4.0989, 0.9116 -2.2014 4.0989, 0.875 -2.205 4.0989, 0.6799 -2.1557 4.0989, 0.6508 -2.1348 4.0989, 0.597 -2.0964 4.0989, 0.5744 -2.0699 4.0989, 0.5341 -2.0229 4.0989, 0.6507 -1.4554 4.0989, 0.703 -1.4228 4.0989, 0.7404 -1.4106 4.0989, 0.4679 -1.7951 4.0989, 0.4699 -1.7314 4.0989, 0.48 -1.6955 4.0989, 0.4962 -1.6381 4.0989, 0.5166 -1.6022 4.0989, 0.5462 -1.55 4.0989, 0.7949 -1.3928 4.0989, 0.8384 -1.3886 4.0989, 0.875 -1.385 4.0989, -0.5166 -1.602 4.0989, -0.4885 -1.6582 4.0989, -0.5745 -2.0696 4.0989, -0.6164 -2.1133 4.0989, -1.1755 -1.5204 4.0989, -1.1336 -1.4767 4.0989, -0.9114 -2.2005 4.0989, -0.9753 -2.1926 4.0989, -1.75 -2.9025 4.0989, -1.0094 -2.1793 4.0989, -0.8386 -1.3895 4.0989, -0.7747 -1.3974 4.0989, -0.7406 -1.4107 4.0989, -0.6799 -1.4343 4.0989, -0.6508 -1.4552 4.0989, -0.597 -1.4936 4.0989, -0.5744 -1.5201 4.0989, -0.5341 -1.5671 4.0989, -0.4679 -1.7949 4.0989, -0.4667 -1.7575 4.0989, -0.4803 -1.6955 4.0989, -0.4699 -1.8586 4.0989, -0.48 -1.8945 4.0989, -0.4962 -1.9519 4.0989, -0.5166 -1.9878 4.0989, -0.5462 -2.04 4.0989, -1.2334 -1.988 4.0989, -1.2615 -1.9318 4.0989, -1.2697 -1.8945 4.0989, -1.2833 -1.8325 4.0989, -0.6507 -2.1346 4.0989, -0.703 -2.1672 4.0989, -0.7404 -2.1794 4.0989, -1.0701 -2.1557 4.0989, -1.0992 -2.1348 4.0989, -1.153 -2.0964 4.0989, -1.1756 -2.0699 4.0989, -1.2159 -2.0229 4.0989, -1.0993 -1.4554 4.0989, -1.047 -1.4228 4.0989, -1.0096 -1.4106 4.0989, -0.7949 -2.1972 4.0989, -0.8384 -2.2014 4.0989, -0.875 -2.205 4.0989, -1.2821 -1.7951 4.0989, -1.2801 -1.7314 4.0989, -1.27 -1.6955 4.0989, -1.2538 -1.6381 4.0989, -1.2334 -1.6022 4.0989, -1.2038 -1.55 4.0989, -0.9551 -1.3928 4.0989, -0.9116 -1.3886 4.0989, -0.875 -1.385 4.0989, -2.3245 -2.0696 4.0989, -2.3664 -2.1133 4.0989, -2.9255 -1.5204 4.0989, -2.8836 -1.4767 4.0989, -2.2666 -1.602 4.0989, -2.2385 -1.6582 4.0989, -2.6614 -2.2005 4.0989, -2.7253 -2.1926 4.0989, -2.7594 -2.1793 4.0989, -2.5886 -1.3895 4.0989, -2.5247 -1.3974 4.0989, -2.4906 -1.4107 4.0989, -2.2179 -1.7949 4.0989, -2.2167 -1.7575 4.0989, -2.2303 -1.6955 4.0989, -2.2199 -1.8586 4.0989, -2.23 -1.8945 4.0989, -2.2462 -1.9519 4.0989, -2.2666 -1.9878 4.0989, -2.2962 -2.04 4.0989, -2.4299 -1.4343 4.0989, -2.4008 -1.4552 4.0989, -2.347 -1.4936 4.0989, -2.3244 -1.5201 4.0989, -2.2841 -1.5671 4.0989, -2.4007 -2.1346 4.0989, -2.453 -2.1672 4.0989, -2.4904 -2.1794 4.0989, -2.9834 -1.988 4.0989, -3.0115 -1.9318 4.0989, -3.0197 -1.8945 4.0989, -3.0333 -1.8325 4.0989, -2.5449 -2.1972 4.0989, -2.5884 -2.2014 4.0989, -2.625 -2.205 4.0989, -2.8201 -2.1557 4.0989, -2.8492 -2.1348 4.0989, -2.903 -2.0964 4.0989, -2.9256 -2.0699 4.0989, -2.9659 -2.0229 4.0989, -2.8493 -1.4554 4.0989, -2.797 -1.4228 4.0989, -2.7596 -1.4106 4.0989, -3.0321 -1.7951 4.0989, -3.0301 -1.7314 4.0989, -3.02 -1.6955 4.0989, -3.0038 -1.6381 4.0989, -2.9834 -1.6022 4.0989, -2.9538 -1.55 4.0989, -2.7051 -1.3928 4.0989, -2.6616 -1.3886 4.0989, -2.625 -1.385 4.0989, -4.5144 -3.6 4.0989, -3.5 -3.6 4.0989, -1.75 -3.6 4.0989, 0.0 -3.6 4.0989, 1.75 -3.6 4.0989, 3.5 -3.6 4.0989, 4.0953 -3.6 4.0989, 4.575 -3.6 4.0989, -6.2496 2.1844 6.3989, -6.2541 2.1658 6.3989, -6.275 1.9 6.3989, -6.1306 2.5856 10.8489, -6.1928 2.4221 10.8489, -6.1928 2.4221 6.3989, -4.575 3.6 10.8489, -4.8598 3.576 10.8489, -5.2606 3.4556 10.8489, -5.62 3.2409 10.8489, -5.9159 2.945 10.8489, -6.8375 2.0 11.0722, -6.8391 2.0 11.0713, -7.385 2.0 11.6989, -6.892 2.0 11.6989, -6.6355 2.0 11.1488, -6.666 2.0 11.1459, -6.674 2.0 11.1451, -6.718 2.0 11.1324, -6.7248 2.0 11.1304, -6.7467 2.0 11.1241, -6.7823 2.0 11.1037, -6.8183 2.0 11.0832, -6.975 2.0 6.0489, -7.385 2.0 6.0489, -6.975 2.0 10.9489, -6.9411 2.0 10.9794, -6.9397 2.0 10.9807, -6.8835 2.0 11.0313, -6.8903 2.0 11.0251
            ]
        }
        coordIndex [
            0,1,2,-1,2,1,3,-1,4,5,6,-1,6,5,7,-1,6,7,8,-1,8,7,9,-1,8,9,10,-1,10,9,11,-1,10,11,12,-1,12,11,13,-1,12,13,14,-1,14,13,15,-1,14,15,16,-1,16,15,17,-1,16,17,0,-1,0,17,18,-1,19,20,21,-1,21,20,22,-1,21,22,23,-1,23,22,24,-1,23,24,25,-1,25,24,26,-1,25,26,27,-1,27,26,28,-1,27,28,29,-1,29,28,30,-1,29,30,31,-1,31,30,32,-1,31,32,33,-1,33,32,34,-1,5,35,7,-1,7,35,36,-1,7,36,9,-1,9,36,37,-1,9,37,11,-1,11,37,38,-1,11,38,13,-1,13,38,39,-1,13,39,15,-1,15,39,40,-1,15,40,17,-1,17,40,41,-1,17,41,18,-1,18,41,42,-1,35,43,36,-1,36,43,44,-1,36,44,37,-1,37,44,45,-1,37,45,38,-1,38,45,46,-1,38,46,39,-1,39,46,47,-1,39,47,40,-1,40,47,48,-1,40,48,41,-1,41,48,49,-1,41,49,42,-1,42,49,50,-1,43,51,44,-1,44,51,52,-1,44,52,45,-1,45,52,53,-1,45,53,46,-1,46,53,54,-1,46,54,47,-1,47,54,55,-1,47,55,48,-1,48,55,56,-1,48,56,49,-1,49,56,57,-1,49,57,50,-1,50,57,58,-1,51,59,52,-1,52,59,60,-1,52,60,53,-1,53,60,61,-1,53,61,54,-1,54,61,62,-1,54,62,55,-1,55,62,63,-1,55,63,56,-1,56,63,64,-1,56,64,57,-1,57,64,65,-1,57,65,58,-1,58,65,66,-1,59,19,60,-1,60,19,21,-1,60,21,61,-1,61,21,23,-1,61,23,62,-1,62,23,25,-1,62,25,63,-1,63,25,27,-1,63,27,64,-1,64,27,29,-1,64,29,65,-1,65,29,31,-1,65,31,66,-1,66,31,33,-1,67,68,69,-1,69,68,70,-1,70,71,32,-1,32,71,72,-1,32,72,73,-1,73,74,32,-1,32,74,75,-1,32,75,76,-1,76,77,32,-1,32,77,78,-1,32,78,34,-1,70,32,69,-1,69,32,30,-1,69,30,79,-1,79,30,28,-1,79,28,80,-1,80,28,26,-1,80,26,81,-1,81,26,24,-1,81,24,82,-1,82,24,22,-1,82,22,83,-1,83,22,20,-1,83,20,84,-1,85,86,87,-1,87,86,88,-1,84,89,83,-1,83,89,90,-1,83,90,82,-1,82,90,91,-1,82,91,81,-1,81,91,92,-1,81,92,80,-1,80,92,93,-1,80,93,79,-1,79,93,94,-1,79,94,69,-1,69,94,95,-1,69,95,67,-1,67,95,96,-1,97,98,99,-1,99,98,100,-1,99,100,101,-1,101,100,102,-1,101,102,103,-1,103,102,104,-1,103,104,105,-1,105,104,106,-1,105,106,107,-1,107,106,108,-1,107,108,109,-1,109,108,110,-1,109,110,111,-1,111,110,87,-1,89,112,90,-1,90,112,113,-1,90,113,91,-1,91,113,114,-1,91,114,92,-1,92,114,115,-1,92,115,93,-1,93,115,116,-1,93,116,94,-1,94,116,117,-1,94,117,95,-1,95,117,118,-1,95,118,96,-1,96,118,119,-1,112,120,113,-1,113,120,121,-1,113,121,114,-1,114,121,122,-1,114,122,115,-1,115,122,123,-1,115,123,116,-1,116,123,124,-1,116,124,117,-1,117,124,125,-1,117,125,118,-1,118,125,126,-1,118,126,119,-1,119,126,127,-1,120,128,121,-1,121,128,129,-1,121,129,122,-1,122,129,130,-1,122,130,123,-1,123,130,131,-1,123,131,124,-1,124,131,132,-1,124,132,125,-1,125,132,133,-1,125,133,126,-1,126,133,134,-1,126,134,127,-1,127,134,135,-1,128,136,129,-1,129,136,137,-1,129,137,130,-1,130,137,138,-1,130,138,131,-1,131,138,139,-1,131,139,132,-1,132,139,140,-1,132,140,133,-1,133,140,141,-1,133,141,134,-1,134,141,142,-1,134,142,135,-1,135,142,143,-1,136,97,137,-1,137,97,99,-1,137,99,138,-1,138,99,101,-1,138,101,139,-1,139,101,103,-1,139,103,140,-1,140,103,105,-1,140,105,141,-1,141,105,107,-1,141,107,142,-1,142,107,109,-1,142,109,143,-1,143,109,111,-1,144,145,146,-1,146,145,147,-1,148,149,150,-1,150,149,151,-1,150,151,152,-1,152,151,153,-1,152,153,154,-1,154,153,155,-1,154,155,156,-1,156,155,157,-1,156,157,158,-1,158,157,159,-1,158,159,160,-1,160,159,161,-1,160,161,144,-1,144,161,162,-1,163,164,165,-1,165,164,166,-1,165,166,167,-1,167,166,168,-1,167,168,169,-1,169,168,170,-1,169,170,171,-1,171,170,172,-1,171,172,173,-1,173,172,174,-1,173,174,175,-1,175,174,176,-1,175,176,177,-1,177,176,178,-1,149,179,151,-1,151,179,180,-1,151,180,153,-1,153,180,181,-1,153,181,155,-1,155,181,182,-1,155,182,157,-1,157,182,183,-1,157,183,159,-1,159,183,184,-1,159,184,161,-1,161,184,185,-1,161,185,162,-1,162,185,186,-1,179,187,180,-1,180,187,188,-1,180,188,181,-1,181,188,189,-1,181,189,182,-1,182,189,190,-1,182,190,183,-1,183,190,191,-1,183,191,184,-1,184,191,192,-1,184,192,185,-1,185,192,193,-1,185,193,186,-1,186,193,194,-1,187,195,188,-1,188,195,196,-1,188,196,189,-1,189,196,197,-1,189,197,190,-1,190,197,198,-1,190,198,191,-1,191,198,199,-1,191,199,192,-1,192,199,200,-1,192,200,193,-1,193,200,201,-1,193,201,194,-1,194,201,202,-1,195,203,196,-1,196,203,204,-1,196,204,197,-1,197,204,205,-1,197,205,198,-1,198,205,206,-1,198,206,199,-1,199,206,207,-1,199,207,200,-1,200,207,208,-1,200,208,201,-1,201,208,209,-1,201,209,202,-1,202,209,210,-1,203,163,204,-1,204,163,165,-1,204,165,205,-1,205,165,167,-1,205,167,206,-1,206,167,169,-1,206,169,207,-1,207,169,171,-1,207,171,208,-1,208,171,173,-1,208,173,209,-1,209,173,175,-1,209,175,210,-1,210,175,177,-1,211,178,176,-1,211,176,212,-1,212,176,174,-1,212,174,213,-1,213,174,172,-1,213,172,214,-1,214,172,170,-1,214,170,215,-1,215,170,168,-1,215,168,216,-1,216,168,166,-1,216,166,217,-1,217,166,164,-1,217,164,218,-1,219,220,221,-1,221,220,222,-1,218,223,217,-1,217,223,224,-1,217,224,216,-1,216,224,225,-1,216,225,215,-1,215,225,226,-1,215,226,214,-1,214,226,227,-1,214,227,213,-1,213,227,228,-1,213,228,212,-1,212,228,229,-1,212,229,211,-1,211,229,230,-1,231,232,233,-1,233,232,234,-1,233,234,235,-1,235,234,236,-1,235,236,237,-1,237,236,238,-1,237,238,239,-1,239,238,240,-1,239,240,241,-1,241,240,242,-1,241,242,243,-1,243,242,244,-1,243,244,245,-1,245,244,221,-1,223,246,224,-1,224,246,247,-1,224,247,225,-1,225,247,248,-1,225,248,226,-1,226,248,249,-1,226,249,227,-1,227,249,250,-1,227,250,228,-1,228,250,251,-1,228,251,229,-1,229,251,252,-1,229,252,230,-1,230,252,253,-1,246,254,247,-1,247,254,255,-1,247,255,248,-1,248,255,256,-1,248,256,249,-1,249,256,257,-1,249,257,250,-1,250,257,258,-1,250,258,251,-1,251,258,259,-1,251,259,252,-1,252,259,260,-1,252,260,253,-1,253,260,261,-1,254,262,255,-1,255,262,263,-1,255,263,256,-1,256,263,264,-1,256,264,257,-1,257,264,265,-1,257,265,258,-1,258,265,266,-1,258,266,259,-1,259,266,267,-1,259,267,260,-1,260,267,268,-1,260,268,261,-1,261,268,269,-1,262,270,263,-1,263,270,271,-1,263,271,264,-1,264,271,272,-1,264,272,265,-1,265,272,273,-1,265,273,266,-1,266,273,274,-1,266,274,267,-1,267,274,275,-1,267,275,268,-1,268,275,276,-1,268,276,269,-1,269,276,277,-1,270,231,271,-1,271,231,233,-1,271,233,272,-1,272,233,235,-1,272,235,273,-1,273,235,237,-1,273,237,274,-1,274,237,239,-1,274,239,275,-1,275,239,241,-1,275,241,276,-1,276,241,243,-1,276,243,277,-1,277,243,245,-1,278,279,280,-1,278,280,281,-1,281,280,282,-1,281,282,283,-1,283,282,284,-1,283,284,285,-1,285,284,286,-1,285,286,287,-1,287,286,288,-1,287,288,289,-1,289,288,290,-1,289,290,291,-1,291,290,292,-1,291,292,293,-1,294,295,296,-1,294,296,297,-1,297,296,298,-1,297,298,299,-1,299,298,300,-1,299,300,301,-1,301,300,302,-1,301,302,303,-1,303,302,304,-1,303,304,305,-1,305,304,306,-1,305,306,307,-1,307,306,308,-1,307,308,309,-1,293,294,310,-1,293,310,311,-1,311,310,312,-1,311,312,313,-1,313,312,314,-1,313,314,315,-1,315,314,316,-1,315,316,317,-1,317,316,318,-1,317,318,319,-1,319,318,320,-1,319,320,321,-1,321,320,322,-1,321,322,323,-1,86,85,324,-1,324,85,325,-1,324,325,326,-1,326,325,327,-1,326,327,328,-1,328,327,329,-1,328,329,330,-1,330,329,331,-1,330,331,332,-1,332,331,333,-1,332,333,334,-1,334,333,335,-1,334,335,336,-1,336,335,337,-1,336,337,338,-1,338,337,339,-1,338,339,340,-1,340,339,341,-1,340,341,342,-1,342,341,343,-1,342,343,344,-1,344,343,345,-1,344,345,346,-1,346,345,347,-1,346,347,348,-1,348,347,349,-1,350,351,352,-1,353,350,354,-1,354,350,352,-1,354,352,355,-1,355,352,356,-1,357,358,359,-1,359,358,360,-1,359,360,361,-1,351,362,352,-1,352,362,363,-1,352,363,360,-1,360,363,364,-1,360,364,361,-1,365,358,357,-1,366,367,368,-1,369,370,371,-1,372,373,374,-1,374,373,375,-1,374,375,376,-1,375,377,376,-1,376,377,378,-1,376,378,379,-1,379,378,380,-1,379,380,381,-1,381,380,382,-1,381,382,383,-1,383,382,384,-1,383,384,385,-1,385,384,386,-1,385,386,387,-1,388,371,353,-1,353,371,370,-1,353,370,350,-1,386,389,387,-1,387,389,390,-1,387,390,371,-1,371,390,391,-1,371,391,369,-1,392,362,351,-1,393,394,395,-1,395,394,396,-1,395,396,397,-1,397,396,398,-1,397,398,399,-1,399,398,392,-1,399,392,370,-1,370,392,351,-1,370,351,350,-1,400,401,402,-1,400,402,403,-1,402,404,403,-1,403,404,405,-1,403,405,406,-1,406,405,373,-1,406,373,407,-1,407,373,372,-1,407,372,408,-1,409,410,411,-1,412,413,414,-1,415,416,417,-1,418,419,420,-1,420,421,422,-1,422,421,423,-1,422,423,424,-1,424,423,425,-1,415,417,426,-1,426,417,427,-1,426,427,428,-1,428,427,429,-1,428,429,430,-1,430,431,428,-1,428,431,432,-1,428,432,433,-1,433,434,428,-1,428,434,435,-1,428,435,420,-1,420,435,436,-1,420,436,418,-1,437,438,439,-1,439,438,440,-1,441,442,443,-1,443,442,444,-1,445,446,439,-1,447,448,421,-1,421,448,449,-1,421,449,450,-1,446,451,439,-1,439,451,452,-1,439,452,437,-1,419,453,420,-1,420,453,454,-1,420,454,421,-1,421,454,455,-1,421,455,447,-1,444,456,443,-1,443,456,457,-1,443,457,439,-1,439,457,458,-1,439,458,445,-1,450,459,421,-1,421,459,460,-1,421,460,461,-1,461,460,462,-1,461,462,463,-1,441,443,464,-1,464,443,465,-1,464,465,466,-1,466,465,467,-1,466,467,468,-1,468,467,469,-1,468,469,470,-1,470,469,471,-1,470,471,462,-1,462,471,472,-1,462,472,463,-1,473,474,439,-1,474,475,439,-1,439,475,476,-1,439,476,477,-1,477,478,439,-1,439,478,479,-1,439,479,480,-1,480,481,439,-1,439,481,482,-1,439,482,443,-1,401,483,402,-1,402,483,484,-1,375,373,484,-1,373,405,484,-1,484,405,404,-1,484,404,402,-1,390,389,484,-1,484,389,386,-1,386,384,484,-1,484,384,382,-1,484,382,380,-1,380,378,484,-1,484,378,377,-1,484,377,375,-1,485,370,486,-1,486,370,369,-1,486,369,391,-1,487,393,488,-1,488,393,395,-1,488,395,489,-1,489,395,397,-1,489,397,485,-1,485,397,399,-1,485,399,370,-1,390,484,391,-1,391,484,490,-1,391,490,486,-1,487,491,393,-1,393,491,492,-1,393,492,493,-1,493,492,494,-1,493,494,412,-1,412,414,493,-1,493,414,495,-1,493,495,496,-1,496,497,493,-1,493,497,498,-1,493,498,499,-1,498,500,499,-1,499,500,501,-1,499,501,502,-1,502,501,503,-1,502,503,504,-1,504,503,505,-1,505,503,506,-1,505,506,410,-1,507,411,508,-1,508,411,410,-1,508,410,509,-1,509,410,506,-1,510,411,511,-1,511,411,512,-1,510,513,411,-1,411,513,514,-1,411,514,515,-1,516,517,411,-1,411,517,518,-1,411,518,519,-1,519,520,411,-1,411,520,521,-1,411,521,409,-1,515,522,411,-1,411,522,523,-1,411,523,516,-1,512,411,524,-1,524,411,525,-1,524,525,526,-1,527,528,529,-1,530,531,532,-1,527,529,533,-1,533,529,534,-1,533,534,535,-1,528,536,537,-1,538,539,540,-1,540,539,534,-1,540,534,541,-1,541,534,529,-1,542,543,544,-1,544,543,545,-1,544,545,546,-1,547,548,549,-1,549,548,544,-1,549,544,550,-1,550,544,546,-1,530,532,527,-1,527,532,551,-1,527,551,528,-1,528,551,552,-1,528,552,536,-1,537,553,554,-1,554,553,555,-1,554,555,556,-1,556,555,543,-1,556,543,557,-1,557,543,542,-1,547,558,548,-1,548,558,559,-1,548,559,560,-1,561,562,563,-1,563,562,564,-1,563,564,565,-1,565,564,566,-1,565,566,567,-1,567,566,568,-1,567,568,569,-1,569,568,570,-1,570,568,571,-1,570,571,572,-1,573,574,571,-1,571,574,575,-1,571,575,572,-1,576,577,563,-1,563,577,578,-1,563,578,561,-1,537,554,528,-1,528,554,579,-1,528,579,580,-1,580,581,528,-1,528,581,582,-1,528,582,573,-1,573,582,583,-1,573,583,574,-1,560,584,548,-1,548,584,585,-1,548,585,576,-1,586,587,425,-1,548,588,589,-1,590,591,423,-1,423,591,592,-1,423,592,593,-1,587,594,425,-1,425,594,595,-1,425,595,596,-1,589,597,548,-1,548,597,598,-1,548,598,599,-1,599,600,548,-1,548,600,601,-1,548,601,544,-1,544,601,602,-1,544,602,603,-1,603,604,544,-1,544,604,605,-1,544,605,606,-1,606,607,544,-1,544,607,608,-1,544,608,609,-1,609,610,544,-1,544,610,611,-1,544,611,612,-1,612,611,613,-1,612,613,614,-1,614,613,615,-1,614,615,616,-1,616,615,617,-1,618,619,425,-1,425,619,620,-1,425,620,586,-1,593,621,423,-1,423,621,622,-1,423,622,425,-1,425,622,623,-1,425,623,618,-1,617,624,616,-1,616,624,625,-1,616,625,423,-1,423,625,626,-1,423,626,590,-1,627,628,525,-1,525,628,629,-1,525,629,630,-1,630,631,525,-1,525,631,632,-1,525,632,633,-1,633,632,634,-1,635,636,637,-1,637,636,638,-1,639,640,633,-1,633,640,641,-1,633,641,642,-1,643,644,645,-1,645,644,646,-1,645,646,647,-1,634,648,633,-1,633,648,649,-1,633,649,650,-1,650,651,633,-1,633,651,652,-1,633,652,639,-1,653,654,637,-1,637,654,655,-1,637,655,635,-1,638,656,637,-1,637,656,657,-1,637,657,645,-1,645,657,658,-1,645,658,643,-1,642,659,633,-1,633,659,660,-1,633,660,637,-1,637,660,661,-1,637,661,653,-1,507,662,411,-1,411,662,663,-1,411,663,664,-1,664,665,411,-1,411,665,666,-1,411,666,525,-1,525,666,667,-1,525,667,627,-1,668,669,414,-1,647,670,645,-1,645,670,671,-1,645,671,414,-1,414,671,672,-1,414,672,668,-1,669,673,414,-1,414,673,674,-1,414,674,495,-1,675,676,548,-1,548,676,677,-1,548,677,588,-1,678,679,680,-1,596,681,425,-1,425,681,682,-1,425,682,678,-1,678,682,683,-1,678,683,679,-1,680,684,678,-1,678,684,685,-1,678,685,675,-1,675,685,686,-1,675,686,687,-1,687,688,675,-1,675,688,689,-1,675,689,690,-1,690,691,675,-1,675,691,692,-1,675,692,676,-1,693,694,695,-1,696,697,698,-1,645,699,700,-1,700,701,645,-1,645,701,702,-1,645,702,703,-1,698,704,696,-1,696,704,705,-1,696,705,706,-1,706,707,696,-1,696,707,708,-1,696,708,709,-1,710,637,711,-1,711,637,645,-1,711,645,712,-1,712,645,703,-1,713,714,715,-1,715,714,716,-1,695,700,693,-1,693,700,699,-1,693,699,717,-1,717,699,718,-1,717,718,719,-1,719,720,717,-1,717,720,721,-1,717,721,696,-1,696,721,722,-1,696,722,697,-1,694,723,695,-1,695,723,724,-1,695,724,725,-1,726,727,728,-1,728,727,695,-1,728,695,729,-1,729,695,725,-1,729,725,730,-1,710,731,637,-1,637,731,732,-1,637,732,733,-1,709,734,696,-1,696,734,637,-1,696,637,735,-1,736,737,483,-1,483,737,738,-1,483,738,739,-1,740,715,741,-1,741,715,637,-1,741,637,742,-1,742,637,734,-1,740,743,715,-1,715,743,744,-1,715,744,745,-1,745,746,715,-1,715,746,747,-1,715,747,713,-1,733,748,637,-1,637,748,749,-1,637,749,735,-1,735,749,750,-1,735,750,751,-1,716,752,715,-1,715,752,753,-1,715,753,483,-1,483,753,754,-1,483,754,736,-1,413,755,756,-1,756,755,757,-1,756,757,758,-1,758,759,756,-1,756,759,760,-1,756,760,761,-1,761,760,699,-1,761,699,762,-1,762,699,645,-1,762,645,763,-1,763,645,414,-1,763,414,764,-1,764,414,413,-1,764,413,765,-1,765,413,756,-1,765,756,766,-1,767,768,484,-1,739,769,483,-1,483,769,770,-1,483,770,484,-1,484,770,771,-1,484,771,767,-1,768,772,484,-1,484,772,773,-1,484,773,490,-1,416,424,417,-1,417,424,425,-1,417,425,774,-1,774,425,678,-1,775,776,777,-1,777,778,775,-1,775,778,779,-1,775,779,780,-1,440,781,439,-1,439,781,782,-1,439,782,775,-1,775,782,783,-1,775,783,776,-1,780,784,775,-1,775,784,785,-1,775,785,678,-1,678,785,786,-1,678,786,787,-1,787,788,678,-1,678,788,789,-1,678,789,774,-1,576,563,548,-1,548,563,790,-1,548,790,675,-1,675,790,791,-1,675,791,792,-1,792,791,793,-1,792,793,794,-1,794,793,795,-1,794,795,796,-1,796,795,797,-1,796,797,633,-1,798,799,800,-1,800,799,525,-1,800,525,801,-1,801,525,633,-1,801,633,802,-1,802,633,797,-1,802,797,803,-1,803,797,526,-1,803,526,804,-1,804,526,525,-1,804,525,799,-1,805,806,678,-1,807,808,675,-1,675,808,809,-1,675,809,810,-1,811,812,813,-1,813,812,814,-1,675,815,816,-1,816,817,675,-1,675,817,818,-1,675,818,819,-1,819,820,675,-1,675,820,821,-1,675,821,807,-1,822,823,792,-1,792,823,824,-1,825,826,678,-1,678,826,827,-1,678,827,805,-1,810,828,675,-1,675,828,829,-1,675,829,678,-1,678,829,830,-1,678,830,825,-1,806,831,678,-1,678,831,832,-1,678,832,833,-1,814,834,813,-1,813,834,835,-1,813,835,836,-1,836,837,813,-1,813,837,838,-1,813,838,839,-1,839,840,813,-1,813,840,841,-1,813,841,792,-1,792,841,842,-1,792,842,843,-1,824,844,792,-1,792,844,845,-1,792,845,846,-1,833,847,678,-1,678,847,848,-1,678,848,813,-1,813,848,849,-1,813,849,811,-1,843,850,792,-1,792,850,851,-1,792,851,852,-1,852,853,792,-1,792,853,854,-1,792,854,822,-1,846,855,792,-1,792,855,856,-1,792,856,675,-1,675,856,857,-1,675,857,815,-1,858,859,813,-1,860,861,862,-1,862,861,863,-1,864,865,792,-1,792,865,866,-1,792,866,867,-1,792,868,869,-1,870,871,813,-1,813,871,872,-1,813,872,858,-1,873,874,794,-1,794,874,875,-1,869,876,792,-1,792,876,877,-1,792,877,878,-1,878,879,792,-1,792,879,880,-1,792,880,864,-1,867,881,792,-1,792,881,882,-1,792,882,813,-1,813,882,883,-1,813,883,870,-1,859,884,813,-1,813,884,885,-1,813,885,886,-1,886,887,813,-1,813,887,888,-1,813,888,862,-1,862,888,889,-1,862,889,860,-1,863,890,862,-1,862,890,891,-1,862,891,892,-1,892,893,862,-1,862,893,894,-1,862,894,895,-1,895,896,862,-1,862,896,897,-1,862,897,794,-1,794,897,898,-1,794,898,899,-1,875,900,794,-1,794,900,901,-1,794,901,902,-1,899,903,794,-1,794,903,904,-1,794,904,905,-1,905,906,794,-1,794,906,907,-1,794,907,873,-1,902,908,794,-1,794,908,909,-1,794,909,792,-1,792,909,910,-1,792,910,868,-1,911,912,862,-1,913,914,794,-1,794,914,915,-1,794,915,916,-1,917,918,919,-1,919,918,920,-1,794,921,922,-1,922,923,794,-1,794,923,924,-1,794,924,925,-1,925,926,794,-1,794,926,927,-1,794,927,913,-1,928,929,796,-1,796,929,930,-1,931,932,862,-1,862,932,933,-1,862,933,911,-1,916,934,794,-1,794,934,935,-1,794,935,862,-1,862,935,936,-1,862,936,931,-1,912,937,862,-1,862,937,938,-1,862,938,939,-1,920,940,919,-1,919,940,941,-1,919,941,942,-1,942,943,919,-1,919,943,944,-1,919,944,945,-1,945,946,919,-1,919,946,947,-1,919,947,796,-1,796,947,948,-1,796,948,949,-1,930,950,796,-1,796,950,951,-1,796,951,952,-1,939,953,862,-1,862,953,954,-1,862,954,919,-1,919,954,955,-1,919,955,917,-1,949,956,796,-1,796,956,957,-1,796,957,958,-1,958,959,796,-1,796,959,960,-1,796,960,928,-1,952,961,796,-1,796,961,962,-1,796,962,794,-1,794,962,963,-1,794,963,921,-1,964,965,919,-1,966,967,637,-1,637,967,968,-1,969,970,796,-1,796,970,971,-1,796,971,972,-1,796,973,974,-1,975,976,919,-1,919,976,977,-1,919,977,964,-1,978,979,633,-1,633,979,980,-1,974,981,796,-1,796,981,982,-1,796,982,983,-1,983,984,796,-1,796,984,985,-1,796,985,969,-1,972,986,796,-1,796,986,987,-1,796,987,919,-1,919,987,988,-1,919,988,975,-1,965,989,919,-1,919,989,990,-1,919,990,991,-1,991,992,919,-1,919,992,993,-1,919,993,637,-1,637,993,994,-1,637,994,966,-1,968,995,637,-1,637,995,996,-1,637,996,997,-1,997,998,637,-1,637,998,999,-1,637,999,1000,-1,1000,1001,637,-1,637,1001,1002,-1,637,1002,633,-1,633,1002,1003,-1,633,1003,1004,-1,980,1005,633,-1,633,1005,1006,-1,633,1006,1007,-1,1004,1008,633,-1,633,1008,1009,-1,633,1009,1010,-1,1010,1011,633,-1,633,1011,1012,-1,633,1012,978,-1,1007,1013,633,-1,633,1013,1014,-1,633,1014,796,-1,796,1014,1015,-1,796,1015,973,-1,1016,1017,678,-1,1018,1019,775,-1,1020,1021,813,-1,1022,1023,1024,-1,1024,1023,1025,-1,1026,1027,678,-1,678,1027,1028,-1,1028,1029,678,-1,678,1029,1030,-1,678,1030,1031,-1,1031,1032,678,-1,678,1032,1033,-1,678,1033,1016,-1,1034,775,1035,-1,1035,775,678,-1,1035,678,1036,-1,1036,678,1017,-1,1034,1037,775,-1,775,1037,1038,-1,775,1038,1039,-1,1039,1040,775,-1,775,1040,1041,-1,775,1041,1018,-1,1042,1043,1024,-1,1024,1043,1044,-1,1024,1044,1045,-1,1019,1046,775,-1,775,1046,1047,-1,775,1047,1048,-1,1025,1049,1024,-1,1024,1049,1050,-1,1024,1050,1051,-1,1051,1052,1024,-1,1024,1052,1053,-1,1024,1053,1042,-1,1021,1054,813,-1,813,1054,1055,-1,813,1055,1056,-1,1048,1057,775,-1,775,1057,1058,-1,775,1058,1024,-1,1024,1058,1059,-1,1024,1059,1022,-1,1045,1060,1024,-1,1024,1060,1061,-1,1024,1061,813,-1,813,1061,1062,-1,813,1062,1063,-1,1063,1064,813,-1,813,1064,1065,-1,813,1065,1020,-1,1056,1066,813,-1,813,1066,1067,-1,813,1067,678,-1,678,1067,1068,-1,678,1068,1026,-1,1069,1070,1024,-1,1071,1072,862,-1,1073,1074,813,-1,1075,1076,1077,-1,1077,1076,1078,-1,1079,1080,813,-1,813,1080,1081,-1,1082,1024,1083,-1,1083,1024,813,-1,1083,813,1084,-1,1084,813,1074,-1,1082,1085,1024,-1,1024,1085,1086,-1,1024,1086,1087,-1,1087,1088,1024,-1,1024,1088,1089,-1,1024,1089,1069,-1,1081,1090,813,-1,813,1090,1091,-1,813,1091,1092,-1,1092,1093,813,-1,813,1093,1094,-1,813,1094,1073,-1,1070,1095,1024,-1,1024,1095,1096,-1,1024,1096,1097,-1,1098,1099,1077,-1,1077,1099,1100,-1,1077,1100,1101,-1,1097,1102,1024,-1,1024,1102,1103,-1,1024,1103,1077,-1,1077,1103,1104,-1,1077,1104,1075,-1,1078,1105,1077,-1,1077,1105,1106,-1,1077,1106,1107,-1,1107,1108,1077,-1,1077,1108,1109,-1,1077,1109,1098,-1,1072,1110,862,-1,862,1110,1111,-1,862,1111,1112,-1,1101,1113,1077,-1,1077,1113,1114,-1,1077,1114,862,-1,862,1114,1115,-1,862,1115,1116,-1,1116,1117,862,-1,862,1117,1118,-1,862,1118,1071,-1,1112,1119,862,-1,862,1119,1120,-1,862,1120,813,-1,813,1120,1121,-1,813,1121,1079,-1,1122,1123,862,-1,1124,1125,1077,-1,1126,1127,919,-1,1128,1129,1130,-1,1130,1129,1131,-1,1132,1133,862,-1,862,1133,1134,-1,1134,1135,862,-1,862,1135,1136,-1,862,1136,1137,-1,1137,1138,862,-1,862,1138,1139,-1,862,1139,1122,-1,1140,1077,1141,-1,1141,1077,862,-1,1141,862,1142,-1,1142,862,1123,-1,1140,1143,1077,-1,1077,1143,1144,-1,1077,1144,1145,-1,1145,1146,1077,-1,1077,1146,1147,-1,1077,1147,1124,-1,1148,1149,1130,-1,1130,1149,1150,-1,1130,1150,1151,-1,1125,1152,1077,-1,1077,1152,1153,-1,1077,1153,1154,-1,1131,1155,1130,-1,1130,1155,1156,-1,1130,1156,1157,-1,1157,1158,1130,-1,1130,1158,1159,-1,1130,1159,1148,-1,1127,1160,919,-1,919,1160,1161,-1,919,1161,1162,-1,1154,1163,1077,-1,1077,1163,1164,-1,1077,1164,1130,-1,1130,1164,1165,-1,1130,1165,1128,-1,1151,1166,1130,-1,1130,1166,1167,-1,1130,1167,919,-1,919,1167,1168,-1,919,1168,1169,-1,1169,1170,919,-1,919,1170,1171,-1,919,1171,1126,-1,1162,1172,919,-1,919,1172,1173,-1,919,1173,862,-1,862,1173,1174,-1,862,1174,1132,-1,1175,1176,1130,-1,1177,1178,637,-1,1179,1180,919,-1,1181,1182,715,-1,715,1182,1183,-1,1184,1185,919,-1,919,1185,1186,-1,1187,1130,1188,-1,1188,1130,919,-1,1188,919,1189,-1,1189,919,1180,-1,1187,1190,1130,-1,1130,1190,1191,-1,1130,1191,1192,-1,1192,1193,1130,-1,1130,1193,1194,-1,1130,1194,1175,-1,1186,1195,919,-1,919,1195,1196,-1,919,1196,1197,-1,1197,1198,919,-1,919,1198,1199,-1,919,1199,1179,-1,1176,1200,1130,-1,1130,1200,1201,-1,1130,1201,1202,-1,1203,1204,715,-1,715,1204,1205,-1,715,1205,1206,-1,1202,1207,1130,-1,1130,1207,1208,-1,1130,1208,715,-1,715,1208,1209,-1,715,1209,1181,-1,1183,1210,715,-1,715,1210,1211,-1,715,1211,1212,-1,1212,1213,715,-1,715,1213,1214,-1,715,1214,1203,-1,1178,1215,637,-1,637,1215,1216,-1,637,1216,1217,-1,1206,1218,715,-1,715,1218,1219,-1,715,1219,637,-1,637,1219,1220,-1,637,1220,1221,-1,1221,1222,637,-1,637,1222,1223,-1,637,1223,1177,-1,1217,1224,637,-1,637,1224,1225,-1,637,1225,919,-1,919,1225,1226,-1,919,1226,1184,-1,401,1227,483,-1,483,1227,1228,-1,483,1228,715,-1,715,1228,1229,-1,715,1229,1130,-1,1130,1229,1230,-1,1130,1230,1077,-1,1077,1230,1231,-1,1077,1231,1024,-1,1024,1231,1232,-1,1024,1232,775,-1,775,1232,1233,-1,775,1233,439,-1,439,1233,1234,-1,439,1234,473,-1,505,1235,504,-1,504,1235,1236,-1,504,1236,502,-1,502,1236,1237,-1,502,1237,499,-1,1238,1239,1240,-1,505,410,1235,-1,1235,410,409,-1,1235,409,1240,-1,1240,409,521,-1,1240,521,1238,-1,524,1241,512,-1,512,1241,1242,-1,512,1242,511,-1,1243,513,1242,-1,1242,513,510,-1,1242,510,511,-1,523,522,1244,-1,1244,522,515,-1,1244,515,1243,-1,1243,515,514,-1,1243,514,513,-1,523,1244,516,-1,516,1244,1245,-1,516,1245,517,-1,521,520,1238,-1,1238,520,519,-1,1238,519,1245,-1,1245,519,518,-1,1245,518,517,-1,1246,1247,1248,-1,1249,1250,1251,-1,1251,1252,1249,-1,1249,1252,1253,-1,1249,1253,1254,-1,1254,1255,1249,-1,1249,1255,1256,-1,1249,1256,1248,-1,1248,1256,1257,-1,1248,1257,1246,-1,1258,1259,1260,-1,1260,1259,1248,-1,1260,1248,1261,-1,1261,1248,1262,-1,1247,1263,1248,-1,1248,1263,1264,-1,1248,1264,1262,-1,
        ]
    }
}
Shape{
    appearance Appearance {
        material  Material 	{
            diffuseColor 0.9098039215686274 0.44313725490196076 0.03137254901960784
            specularColor 0.4549019607843137 0.2235294117647059 0.01568627450980392
            ambientIntensity 0.5357
            transparency 0.0
            shininess 0.5
        }
    }
    geometry IndexedFaceSet {
        ccw TRUE
        solid FALSE
        coord DEF co Coordinate {
            point [
                9.2695 1.3466 6.2324, 9.2696 1.3466 6.2325, 9.2683 1.475 6.2334, 9.3405 1.2942 6.2998, 9.3851 1.2597 6.3211, 9.3839 1.475 6.3234, 9.205 1.475 6.049, 9.205 1.393 6.049, 9.2092 1.475 6.0994, 9.2062 1.3921 6.0763, 9.4079 1.2421 6.332, 9.4131 1.238 6.3345, 9.4545 1.475 6.3447, 9.4552 1.2035 6.3411, 9.5047 1.475 6.3489, 9.4556 1.2032 6.3412, 9.5047 1.1629 6.3489, 9.3853 1.2595 6.3212, 9.3221 1.3078 6.2839, 9.3205 1.475 6.2856, 9.322 1.3079 6.2839, 9.2805 1.3387 6.2481, 9.2104 1.3891 6.0989, 9.2104 1.3891 6.0991, 9.2305 1.475 6.17, 9.216 1.3851 6.1298, 9.2321 1.3737 6.1692, 9.2321 1.3737 6.1694, 9.2415 1.367 6.1925, 8.9423 2.4526 6.0489, 8.982 2.3722 6.0489, 8.9892 2.3759 6.0994, 9.0557 2.2234 6.0489, 9.1107 2.0618 6.0489, 9.1183 2.0643 6.0994, 9.1382 1.9811 6.0489, 9.1874 1.7345 6.0489, 9.1918 1.7352 6.0994, 9.1883 1.7301 6.0489, 8.8047 2.6577 6.0489, 8.6339 2.8539 6.049, 8.7997 2.6651 6.0489, 8.8085 2.6606 6.0994, 9.0434 2.8399 6.3489, 8.8458 3.0658 6.3489, 9.0035 2.8094 6.3447, 8.8103 3.0303 6.3447, 8.9473 2.7665 6.3234, 8.7603 2.9803 6.3234, 8.897 2.7281 6.2856, 8.7155 2.9355 6.2856, 8.8555 2.6964 6.2334, 8.6786 2.8986 6.2334, 8.8254 2.6735 6.17, 8.6519 2.8719 6.17, 8.6369 2.8569 6.0994, 9.2129 1.738 6.17, 9.2504 1.743 6.2334, 9.3021 1.75 6.2856, 9.3649 1.7584 6.3234, 9.435 1.7678 6.3447, 9.4847 1.7745 6.3489, 9.0081 2.3856 6.17, 9.0416 2.4031 6.2334, 9.088 2.4271 6.2856, 9.1442 2.4563 6.3234, 9.2069 2.4889 6.3447, 9.2515 2.5121 6.3489, 9.1385 2.0707 6.17, 9.1746 2.0821 6.2334, 9.2244 2.0978 6.2856, 9.2848 2.1169 6.3234, 9.3522 2.1382 6.3447, 9.4 2.1534 6.3489, 7.1289 4.3589 6.049, 7.1319 4.3619 6.0994, 7.1469 4.3769 6.17, 7.1736 4.4036 6.2334, 7.2105 4.4405 6.2856, 7.2553 4.4853 6.3234, 7.3053 4.5353 6.3447, 7.3408 4.5708 6.3489, 6.2519 4.8643 6.0489, 6.3368 4.8356 6.0489, 6.3393 4.8433 6.0994, 6.494 4.7825 6.0489, 6.6473 4.7071 6.0489, 6.6509 4.7142 6.0994, 6.7237 4.6695 6.0489, 6.9329 4.5299 6.0489, 6.9356 4.5335 6.0994, 6.9366 4.5274 6.0489, 6.0095 4.9121 6.0489, 5.75 4.93 6.049, 6.0007 4.9138 6.0489, 6.0102 4.9168 6.0994, 6.0495 5.2097 6.3489, 5.75 5.2298 6.3489, 6.0428 5.16 6.3447, 5.75 5.1795 6.3447, 6.0334 5.0899 6.3234, 5.75 5.1089 6.3234, 6.025 5.0271 6.2856, 5.75 5.0455 6.2856, 6.018 4.9754 6.2334, 5.75 4.9933 6.2334, 6.013 4.9379 6.17, 5.75 4.9555 6.17, 5.75 4.9342 6.0994, 6.9485 4.5504 6.17, 6.9714 4.5805 6.2334, 7.0031 4.622 6.2856, 7.0415 4.6723 6.3234, 7.0844 4.7285 6.3447, 7.1149 4.7684 6.3489, 6.3457 4.8635 6.17, 6.3571 4.8996 6.2334, 6.3728 4.9494 6.2856, 6.3919 5.0098 6.3234, 6.4132 5.0772 6.3447, 6.4284 5.125 6.3489, 6.6606 4.7331 6.17, 6.6781 4.7666 6.2334, 6.7021 4.813 6.2856, 6.7313 4.8692 6.3234, 6.7639 4.9319 6.3447, 6.7871 4.9765 6.3489, -5.75 4.93 6.049, -5.75 4.9342 6.0994, -5.75 4.9555 6.17, -5.75 4.9933 6.2334, -5.75 5.0455 6.2856, -5.75 5.1089 6.3234, -5.75 5.1795 6.3447, -5.75 5.2298 6.3489, -6.7276 4.6673 6.0489, -6.6472 4.707 6.0489, -6.6509 4.7142 6.0994, -6.4984 4.7807 6.0489, -6.3368 4.8357 6.0489, -6.3393 4.8433 6.0994, -6.2561 4.8632 6.0489, -6.0095 4.9124 6.0489, -6.0102 4.9168 6.0994, -6.0051 4.9133 6.0489, -6.9327 4.5297 6.0489, -7.1289 4.3589 6.049, -6.9401 4.5247 6.0489, -6.9356 4.5335 6.0994, -7.1149 4.7684 6.3489, -7.3408 4.5708 6.3489, -7.0844 4.7285 6.3447, -7.3053 4.5353 6.3447, -7.0415 4.6723 6.3234, -7.2553 4.4853 6.3234, -7.0031 4.622 6.2856, -7.2105 4.4405 6.2856, -6.9714 4.5805 6.2334, -7.1736 4.4036 6.2334, -6.9485 4.5504 6.17, -7.1469 4.3769 6.17, -7.1319 4.3619 6.0994, -6.013 4.9379 6.17, -6.018 4.9754 6.2334, -6.025 5.0271 6.2856, -6.0334 5.0899 6.3234, -6.0428 5.16 6.3447, -6.0495 5.2097 6.3489, -6.6606 4.7331 6.17, -6.6781 4.7666 6.2334, -6.7021 4.813 6.2856, -6.7313 4.8692 6.3234, -6.7639 4.9319 6.3447, -6.7871 4.9765 6.3489, -6.3457 4.8635 6.17, -6.3571 4.8996 6.2334, -6.3728 4.9494 6.2856, -6.3919 5.0098 6.3234, -6.4132 5.0772 6.3447, -6.4284 5.125 6.3489, -8.6339 2.8539 6.049, -8.6369 2.8569 6.0994, -8.6519 2.8719 6.17, -8.6786 2.8986 6.2334, -8.7155 2.9355 6.2856, -8.7603 2.9803 6.3234, -8.8103 3.0303 6.3447, -8.8458 3.0658 6.3489, -9.1393 1.9769 6.0489, -9.1106 2.0618 6.0489, -9.1183 2.0643 6.0994, -9.0575 2.219 6.0489, -8.9821 2.3723 6.0489, -8.9892 2.3759 6.0994, -8.9445 2.4487 6.0489, -8.8049 2.6579 6.0489, -8.8085 2.6606 6.0994, -8.8024 2.6616 6.0489, -9.1871 1.7345 6.0489, -9.205 1.475 6.049, -9.1888 1.7257 6.0489, -9.1918 1.7352 6.0994, -9.4847 1.7745 6.3489, -9.5047 1.475 6.3489, -9.435 1.7678 6.3447, -9.4545 1.475 6.3447, -9.3649 1.7584 6.3234, -9.3839 1.475 6.3234, -9.3021 1.75 6.2856, -9.3205 1.475 6.2856, -9.2504 1.743 6.2334, -9.2683 1.475 6.2334, -9.2129 1.738 6.17, -9.2305 1.475 6.17, -9.2092 1.475 6.0994, -8.8254 2.6735 6.17, -8.8555 2.6964 6.2334, -8.897 2.7281 6.2856, -8.9473 2.7665 6.3234, -9.0035 2.8094 6.3447, -9.0434 2.8399 6.3489, -9.1385 2.0707 6.17, -9.1746 2.0821 6.2334, -9.2244 2.0978 6.2856, -9.2848 2.1169 6.3234, -9.3522 2.1382 6.3447, -9.4 2.1534 6.3489, -9.0081 2.3856 6.17, -9.0416 2.4031 6.2334, -9.088 2.4271 6.2856, -9.1442 2.4563 6.3234, -9.2069 2.4889 6.3447, -9.2515 2.5121 6.3489, -9.2112 1.3886 6.1096, -9.2101 1.3893 6.0993, -9.2101 1.3894 6.0991, -9.205 1.393 6.049, -9.2301 1.3751 6.1693, -9.2306 1.3748 6.17, -9.2614 1.3526 6.2242, -9.2691 1.3469 6.2326, -9.3098 1.3171 6.2768, -9.2692 1.3469 6.2326, -9.3844 1.2604 6.3222, -9.3758 1.2673 6.3196, -9.3214 1.3083 6.2843, -9.3214 1.3083 6.2843, -9.3845 1.2603 6.3223, -9.4071 1.2423 6.3292, -9.5047 1.1629 6.3489, -9.46 1.2001 6.3455, -9.4549 1.2042 6.344, -9.4548 1.2042 6.3439, -9.4189 1.1965 6.3447, -9.1617 1.1038 6.3447, -9.4072 -1.242 6.3297, -9.3842 -1.2603 6.3225, -9.1305 -1.1673 6.3234, -9.2305 -1.3747 6.17, -9.2302 -1.375 6.1694, -9.0627 -1.305 6.1699, -9.0533 1.3241 6.0992, -9.0527 1.325 6.0489, -8.777 1.1475 6.0992, -8.8138 1.1816 6.0489, -9.0013 1.3021 6.0489, -8.5032 0.8637 6.0489, -8.5458 0.9146 6.0489, -8.5465 0.9142 6.0992, -8.6464 1.0344 6.0489, -8.7762 1.1486 6.0489, -8.387 0.6734 6.0489, -8.3732 0.6357 6.0992, -8.3716 0.6366 6.0489, -8.3009 0.4679 6.0489, -8.2657 0.3259 6.0992, -8.2652 0.3259 6.0489, -8.2292 -0.0 6.0992, -8.2253 0.03 6.0489, -8.2465 0.2517 6.0489, -8.2831 -0.4107 6.0489, -8.2654 -0.326 6.0489, -8.2657 -0.3259 6.0992, -8.2375 -0.1927 6.0489, -8.2269 0.0001 6.0489, -8.3609 -0.6198 6.0489, -8.3732 -0.6357 6.0992, -8.3705 -0.637 6.0489, -8.4692 -0.8144 6.0489, -8.5465 -0.9142 6.0992, -8.5464 -0.9143 6.0489, -8.777 -1.1475 6.0992, -8.7667 -1.1446 6.0489, -8.6056 -0.9909 6.0489, -9.1489 -1.3716 6.0489, -9.0533 -1.3242 6.0489, -9.0533 -1.3241 6.0992, -8.9494 -1.2727 6.0489, -8.7747 -1.1502 6.0489, -9.2111 -1.3885 6.1095, -9.205 -1.393 6.049, -9.2101 -1.3893 6.0991, -9.2101 -1.3893 6.0993, -9.2689 -1.347 6.2328, -9.2689 -1.3471 6.2327, -9.0794 -1.271 6.2333, -9.2633 -1.3512 6.2268, -9.3212 -1.3084 6.2845, -9.3212 -1.3084 6.2845, -9.1025 -1.2242 6.2855, -9.3115 -1.3158 6.2782, -9.3842 -1.2603 6.3225, -9.3769 -1.2661 6.3203, -9.4546 -1.2043 6.3445, -9.4545 -1.2044 6.3445, -9.4189 -1.1965 6.3447, -9.1617 -1.1038 6.3447, -9.4306 -1.1476 6.3489, -9.4558 -1.2034 6.3449, -9.5047 -1.1629 6.3489, -9.1839 -1.0587 6.3489, -8.9314 -0.9566 6.3447, -8.963 -0.9175 6.3489, -8.7392 -0.7621 6.3447, -8.7787 -0.731 6.3489, -8.5948 -0.53 6.3447, -8.6401 -0.5083 6.3489, -8.5051 -0.2717 6.3447, -8.5541 -0.2606 6.3489, -8.4747 -0.0 6.3447, -8.525 -0.0 6.3489, -8.5051 0.2717 6.3447, -8.5541 0.2606 6.3489, -8.5948 0.53 6.3447, -8.6401 0.5083 6.3489, -8.7392 0.7621 6.3447, -8.7787 0.731 6.3489, -8.9314 0.9566 6.3447, -8.963 0.9175 6.3489, -9.1839 1.0587 6.3489, -9.4306 1.1476 6.3489, -9.1305 1.1673 6.3234, -9.0794 1.271 6.2333, -9.1025 1.2242 6.2855, -9.0627 1.305 6.1699, -8.8869 -1.0116 6.3234, -8.6837 -0.8059 6.3234, -8.5309 -0.5605 6.3234, -8.4361 -0.2873 6.3234, -8.404 -0.0 6.3234, -8.4361 0.2873 6.3234, -8.5309 0.5605 6.3234, -8.6837 0.8059 6.3234, -8.8869 1.0116 6.3234, -8.847 -1.0609 6.2855, -8.6339 -0.8452 6.2855, -8.4737 -0.5878 6.2855, -8.3743 -0.3013 6.2855, -8.3406 -0.0 6.2855, -8.3743 0.3013 6.2855, -8.4737 0.5878 6.2855, -8.6339 0.8452 6.2855, -8.847 1.0609 6.2855, -8.8142 -1.1015 6.2333, -8.5929 -0.8775 6.2333, -8.4266 -0.6103 6.2333, -8.3233 -0.3129 6.2333, -8.2884 -0.0 6.2333, -8.3233 0.3129 6.2333, -8.4266 0.6103 6.2333, -8.5929 0.8775 6.2333, -8.8142 1.1015 6.2333, -8.7903 -1.1309 6.1699, -8.5632 -0.901 6.1699, -8.3924 -0.6266 6.1699, -8.2864 -0.3212 6.1699, -8.2505 -0.0 6.1699, -8.2864 0.3212 6.1699, -8.3924 0.6266 6.1699, -8.5632 0.901 6.1699, -8.7903 1.1309 6.1699, -9.3205 -1.475 6.2856, -9.205 -1.475 6.049, -9.2092 -1.475 6.0994, -9.4545 -1.475 6.3447, -9.5047 -1.475 6.3489, -9.3839 -1.475 6.3234, -9.2305 -1.475 6.17, -9.2683 -1.475 6.2334, -8.9423 -2.4526 6.0489, -8.982 -2.3722 6.0489, -8.9892 -2.3759 6.0994, -9.0557 -2.2234 6.0489, -9.1107 -2.0618 6.0489, -9.1183 -2.0643 6.0994, -9.1382 -1.9811 6.0489, -9.1874 -1.7345 6.0489, -9.1918 -1.7352 6.0994, -9.1883 -1.7301 6.0489, -8.8047 -2.6577 6.0489, -8.6339 -2.8539 6.049, -8.7997 -2.6651 6.0489, -8.8085 -2.6606 6.0994, -9.0434 -2.8399 6.3489, -8.8458 -3.0658 6.3489, -9.0035 -2.8094 6.3447, -8.8103 -3.0303 6.3447, -8.9473 -2.7665 6.3234, -8.7603 -2.9803 6.3234, -8.897 -2.7281 6.2856, -8.7155 -2.9355 6.2856, -8.8555 -2.6964 6.2334, -8.6786 -2.8986 6.2334, -8.8254 -2.6735 6.17, -8.6519 -2.8719 6.17, -8.6369 -2.8569 6.0994, -9.2129 -1.738 6.17, -9.2504 -1.743 6.2334, -9.3021 -1.75 6.2856, -9.3649 -1.7584 6.3234, -9.435 -1.7678 6.3447, -9.4847 -1.7745 6.3489, -9.0081 -2.3856 6.17, -9.0416 -2.4031 6.2334, -9.088 -2.4271 6.2856, -9.1442 -2.4563 6.3234, -9.2069 -2.4889 6.3447, -9.2515 -2.5121 6.3489, -9.1385 -2.0707 6.17, -9.1746 -2.0821 6.2334, -9.2244 -2.0978 6.2856, -9.2848 -2.1169 6.3234, -9.3522 -2.1382 6.3447, -9.4 -2.1534 6.3489, -7.1289 -4.3589 6.049, -7.1319 -4.3619 6.0994, -7.1469 -4.3769 6.17, -7.1736 -4.4036 6.2334, -7.2105 -4.4405 6.2856, -7.2553 -4.4853 6.3234, -7.3053 -4.5353 6.3447, -7.3408 -4.5708 6.3489, -6.2519 -4.8643 6.0489, -6.3368 -4.8356 6.0489, -6.3393 -4.8433 6.0994, -6.494 -4.7825 6.0489, -6.6473 -4.7071 6.0489, -6.6509 -4.7142 6.0994, -6.7237 -4.6695 6.0489, -6.9329 -4.5299 6.0489, -6.9356 -4.5335 6.0994, -6.9366 -4.5274 6.0489, -6.0095 -4.9121 6.0489, -5.75 -4.93 6.049, -6.0007 -4.9138 6.0489, -6.0102 -4.9168 6.0994, -6.0495 -5.2097 6.3489, -5.75 -5.2298 6.3489, -6.0428 -5.16 6.3447, -5.75 -5.1795 6.3447, -6.0334 -5.0899 6.3234, -5.75 -5.1089 6.3234, -6.025 -5.0271 6.2856, -5.75 -5.0455 6.2856, -6.018 -4.9754 6.2334, -5.75 -4.9933 6.2334, -6.013 -4.9379 6.17, -5.75 -4.9555 6.17, -5.75 -4.9342 6.0994, -6.9485 -4.5504 6.17, -6.9714 -4.5805 6.2334, -7.0031 -4.622 6.2856, -7.0415 -4.6723 6.3234, -7.0844 -4.7285 6.3447, -7.1149 -4.7684 6.3489, -6.3457 -4.8635 6.17, -6.3571 -4.8996 6.2334, -6.3728 -4.9494 6.2856, -6.3919 -5.0098 6.3234, -6.4132 -5.0772 6.3447, -6.4284 -5.125 6.3489, -6.6606 -4.7331 6.17, -6.6781 -4.7666 6.2334, -6.7021 -4.813 6.2856, -6.7313 -4.8692 6.3234, -6.7639 -4.9319 6.3447, -6.7871 -4.9765 6.3489, 5.75 -4.93 6.049, 5.75 -4.9342 6.0994, 5.75 -4.9555 6.17, 5.75 -4.9933 6.2334, 5.75 -5.0455 6.2856, 5.75 -5.1089 6.3234, 5.75 -5.1795 6.3447, 5.75 -5.2298 6.3489, 6.7276 -4.6673 6.0489, 6.6472 -4.707 6.0489, 6.6509 -4.7142 6.0994, 6.4984 -4.7807 6.0489, 6.3368 -4.8357 6.0489, 6.3393 -4.8433 6.0994, 6.2561 -4.8632 6.0489, 6.0095 -4.9124 6.0489, 6.0102 -4.9168 6.0994, 6.0051 -4.9133 6.0489, 6.9327 -4.5297 6.0489, 7.1289 -4.3589 6.049, 6.9401 -4.5247 6.0489, 6.9356 -4.5335 6.0994, 7.1149 -4.7684 6.3489, 7.3408 -4.5708 6.3489, 7.0844 -4.7285 6.3447, 7.3053 -4.5353 6.3447, 7.0415 -4.6723 6.3234, 7.2553 -4.4853 6.3234, 7.0031 -4.622 6.2856, 7.2105 -4.4405 6.2856, 6.9714 -4.5805 6.2334, 7.1736 -4.4036 6.2334, 6.9485 -4.5504 6.17, 7.1469 -4.3769 6.17, 7.1319 -4.3619 6.0994, 6.013 -4.9379 6.17, 6.018 -4.9754 6.2334, 6.025 -5.0271 6.2856, 6.0334 -5.0899 6.3234, 6.0428 -5.16 6.3447, 6.0495 -5.2097 6.3489, 6.6606 -4.7331 6.17, 6.6781 -4.7666 6.2334, 6.7021 -4.813 6.2856, 6.7313 -4.8692 6.3234, 6.7639 -4.9319 6.3447, 6.7871 -4.9765 6.3489, 6.3457 -4.8635 6.17, 6.3571 -4.8996 6.2334, 6.3728 -4.9494 6.2856, 6.3919 -5.0098 6.3234, 6.4132 -5.0772 6.3447, 6.4284 -5.125 6.3489, 8.6339 -2.8539 6.049, 8.6369 -2.8569 6.0994, 8.6519 -2.8719 6.17, 8.6786 -2.8986 6.2334, 8.7155 -2.9355 6.2856, 8.7603 -2.9803 6.3234, 8.8103 -3.0303 6.3447, 8.8458 -3.0658 6.3489, 9.1393 -1.9769 6.0489, 9.1106 -2.0618 6.0489, 9.1183 -2.0643 6.0994, 9.0575 -2.219 6.0489, 8.9821 -2.3723 6.0489, 8.9892 -2.3759 6.0994, 8.9445 -2.4487 6.0489, 8.8049 -2.6579 6.0489, 8.8085 -2.6606 6.0994, 8.8024 -2.6616 6.0489, 9.1871 -1.7345 6.0489, 9.205 -1.475 6.049, 9.1888 -1.7257 6.0489, 9.1918 -1.7352 6.0994, 9.4847 -1.7745 6.3489, 9.5047 -1.475 6.3489, 9.435 -1.7678 6.3447, 9.4545 -1.475 6.3447, 9.3649 -1.7584 6.3234, 9.3839 -1.475 6.3234, 9.3021 -1.75 6.2856, 9.3205 -1.475 6.2856, 9.2504 -1.743 6.2334, 9.2683 -1.475 6.2334, 9.2129 -1.738 6.17, 9.2305 -1.475 6.17, 9.2092 -1.475 6.0994, 8.8254 -2.6735 6.17, 8.8555 -2.6964 6.2334, 8.897 -2.7281 6.2856, 8.9473 -2.7665 6.3234, 9.0035 -2.8094 6.3447, 9.0434 -2.8399 6.3489, 9.1385 -2.0707 6.17, 9.1746 -2.0821 6.2334, 9.2244 -2.0978 6.2856, 9.2848 -2.1169 6.3234, 9.3522 -2.1382 6.3447, 9.4 -2.1534 6.3489, 9.0081 -2.3856 6.17, 9.0416 -2.4031 6.2334, 9.088 -2.4271 6.2856, 9.1442 -2.4563 6.3234, 9.2069 -2.4889 6.3447, 9.2515 -2.5121 6.3489, 9.2112 -1.3886 6.1096, 9.2101 -1.3893 6.0993, 9.2101 -1.3894 6.0991, 9.205 -1.393 6.049, 9.2301 -1.3751 6.1693, 9.2306 -1.3748 6.17, 9.2614 -1.3526 6.2242, 9.2691 -1.3469 6.2326, 9.3098 -1.3171 6.2768, 9.2692 -1.3469 6.2326, 9.3844 -1.2604 6.3222, 9.3758 -1.2673 6.3196, 9.3214 -1.3083 6.2843, 9.3214 -1.3083 6.2843, 9.3845 -1.2603 6.3223, 9.4071 -1.2423 6.3292, 9.5047 -1.1629 6.3489, 9.46 -1.2001 6.3455, 9.4549 -1.2042 6.344, 9.4548 -1.2042 6.3439, 9.1025 1.2242 6.2855, 9.4306 -1.1476 6.3489, 9.1617 -1.1038 6.3447, 9.4189 -1.1965 6.3447, 9.1305 -1.1673 6.3234, 9.0794 -1.271 6.2333, 9.1025 -1.2242 6.2855, 9.0627 -1.305 6.1699, 9.0533 -1.3241 6.0992, 8.777 -1.1475 6.0992, 8.8138 -1.1816 6.0489, 9.0527 -1.325 6.0489, 9.0013 -1.3021 6.0489, 8.5032 -0.8637 6.0489, 8.5458 -0.9146 6.0489, 8.5465 -0.9142 6.0992, 8.6464 -1.0344 6.0489, 8.7762 -1.1486 6.0489, 8.387 -0.6734 6.0489, 8.3732 -0.6357 6.0992, 8.3716 -0.6366 6.0489, 8.3009 -0.4679 6.0489, 8.2657 -0.3259 6.0992, 8.2652 -0.3259 6.0489, 8.2292 0.0 6.0992, 8.2253 -0.03 6.0489, 8.2465 -0.2517 6.0489, 8.2831 0.4107 6.0489, 8.2654 0.326 6.0489, 8.2657 0.3259 6.0992, 8.2375 0.1927 6.0489, 8.2269 -0.0001 6.0489, 8.3609 0.6198 6.0489, 8.3732 0.6357 6.0992, 8.3705 0.637 6.0489, 8.4692 0.8144 6.0489, 8.5465 0.9142 6.0992, 8.5464 0.9143 6.0489, 8.777 1.1475 6.0992, 8.7747 1.1502 6.0489, 8.7667 1.1446 6.0489, 8.6056 0.9909 6.0489, 8.9494 1.2727 6.0489, 9.0533 1.3241 6.0992, 9.0533 1.3242 6.0489, 9.1489 1.3716 6.0489, 9.0627 1.305 6.1699, 9.0794 1.271 6.2333, 9.1305 1.1673 6.3234, 9.1617 1.1038 6.3447, 9.4189 1.1965 6.3447, 9.4306 1.1476 6.3489, 9.1839 1.0587 6.3489, 8.9314 0.9566 6.3447, 8.963 0.9175 6.3489, 8.7392 0.7621 6.3447, 8.7787 0.731 6.3489, 8.5948 0.53 6.3447, 8.6401 0.5083 6.3489, 8.5051 0.2717 6.3447, 8.5541 0.2606 6.3489, 8.4747 0.0 6.3447, 8.525 0.0 6.3489, 8.5051 -0.2717 6.3447, 8.5541 -0.2606 6.3489, 8.5948 -0.53 6.3447, 8.6401 -0.5083 6.3489, 8.7392 -0.7621 6.3447, 8.7787 -0.731 6.3489, 8.9314 -0.9566 6.3447, 8.963 -0.9175 6.3489, 9.1839 -1.0587 6.3489, 8.8869 1.0116 6.3234, 8.6837 0.8059 6.3234, 8.5309 0.5605 6.3234, 8.4361 0.2873 6.3234, 8.404 0.0 6.3234, 8.4361 -0.2873 6.3234, 8.5309 -0.5605 6.3234, 8.6837 -0.8059 6.3234, 8.8869 -1.0116 6.3234, 8.847 1.0609 6.2855, 8.6339 0.8452 6.2855, 8.4737 0.5878 6.2855, 8.3743 0.3013 6.2855, 8.3406 0.0 6.2855, 8.3743 -0.3013 6.2855, 8.4737 -0.5878 6.2855, 8.6339 -0.8452 6.2855, 8.847 -1.0609 6.2855, 8.8142 1.1015 6.2333, 8.5929 0.8775 6.2333, 8.4266 0.6103 6.2333, 8.3233 0.3129 6.2333, 8.2884 0.0 6.2333, 8.3233 -0.3129 6.2333, 8.4266 -0.6103 6.2333, 8.5929 -0.8775 6.2333, 8.8142 -1.1015 6.2333, 8.7903 1.1309 6.1699, 8.5632 0.901 6.1699, 8.3924 0.6266 6.1699, 8.2864 0.3212 6.1699, 8.2505 0.0 6.1699, 8.2864 -0.3212 6.1699, 8.3924 -0.6266 6.1699, 8.5632 -0.901 6.1699, 8.7903 -1.1309 6.1699
            ]
        }
        coordIndex [
            0,1,2,-1,3,4,5,-1,6,7,8,-1,8,7,9,-1,10,11,12,-1,12,11,13,-1,12,13,14,-1,14,13,15,-1,14,15,16,-1,5,4,12,-1,12,4,17,-1,12,17,10,-1,3,5,18,-1,18,5,19,-1,18,19,20,-1,2,1,19,-1,19,1,21,-1,19,21,20,-1,9,22,8,-1,8,22,23,-1,8,23,24,-1,24,23,25,-1,25,26,24,-1,24,26,27,-1,24,27,2,-1,2,27,28,-1,2,28,0,-1,29,30,31,-1,32,33,34,-1,35,36,37,-1,38,6,8,-1,29,31,39,-1,40,41,42,-1,43,44,45,-1,45,44,46,-1,45,46,47,-1,47,46,48,-1,47,48,49,-1,49,48,50,-1,49,50,51,-1,51,50,52,-1,51,52,53,-1,53,52,54,-1,53,54,42,-1,42,54,55,-1,42,55,40,-1,36,38,37,-1,37,38,8,-1,37,8,56,-1,56,8,24,-1,56,24,57,-1,57,24,2,-1,57,2,58,-1,58,2,19,-1,58,19,59,-1,59,19,5,-1,59,5,60,-1,60,5,12,-1,60,12,61,-1,61,12,14,-1,41,39,42,-1,42,39,31,-1,42,31,53,-1,53,31,62,-1,53,62,51,-1,51,62,63,-1,51,63,49,-1,49,63,64,-1,49,64,47,-1,47,64,65,-1,47,65,45,-1,45,65,66,-1,45,66,43,-1,43,66,67,-1,30,32,31,-1,31,32,34,-1,31,34,62,-1,62,34,68,-1,62,68,63,-1,63,68,69,-1,63,69,64,-1,64,69,70,-1,64,70,65,-1,65,70,71,-1,65,71,66,-1,66,71,72,-1,66,72,67,-1,67,72,73,-1,33,35,34,-1,34,35,37,-1,34,37,68,-1,68,37,56,-1,68,56,69,-1,69,56,57,-1,69,57,70,-1,70,57,58,-1,70,58,71,-1,71,58,59,-1,71,59,72,-1,72,59,60,-1,72,60,73,-1,73,60,61,-1,74,40,55,-1,74,55,75,-1,75,55,54,-1,75,54,76,-1,76,54,52,-1,76,52,77,-1,77,52,50,-1,77,50,78,-1,78,50,48,-1,78,48,79,-1,79,48,46,-1,79,46,80,-1,80,46,44,-1,80,44,81,-1,82,83,84,-1,85,86,87,-1,88,89,90,-1,91,74,75,-1,82,84,92,-1,93,94,95,-1,96,97,98,-1,98,97,99,-1,98,99,100,-1,100,99,101,-1,100,101,102,-1,102,101,103,-1,102,103,104,-1,104,103,105,-1,104,105,106,-1,106,105,107,-1,106,107,95,-1,95,107,108,-1,95,108,93,-1,89,91,90,-1,90,91,75,-1,90,75,109,-1,109,75,76,-1,109,76,110,-1,110,76,77,-1,110,77,111,-1,111,77,78,-1,111,78,112,-1,112,78,79,-1,112,79,113,-1,113,79,80,-1,113,80,114,-1,114,80,81,-1,94,92,95,-1,95,92,84,-1,95,84,106,-1,106,84,115,-1,106,115,104,-1,104,115,116,-1,104,116,102,-1,102,116,117,-1,102,117,100,-1,100,117,118,-1,100,118,98,-1,98,118,119,-1,98,119,96,-1,96,119,120,-1,83,85,84,-1,84,85,87,-1,84,87,115,-1,115,87,121,-1,115,121,116,-1,116,121,122,-1,116,122,117,-1,117,122,123,-1,117,123,118,-1,118,123,124,-1,118,124,119,-1,119,124,125,-1,119,125,120,-1,120,125,126,-1,86,88,87,-1,87,88,90,-1,87,90,121,-1,121,90,109,-1,121,109,122,-1,122,109,110,-1,122,110,123,-1,123,110,111,-1,123,111,124,-1,124,111,112,-1,124,112,125,-1,125,112,113,-1,125,113,126,-1,126,113,114,-1,127,93,108,-1,127,108,128,-1,128,108,107,-1,128,107,129,-1,129,107,105,-1,129,105,130,-1,130,105,103,-1,130,103,131,-1,131,103,101,-1,131,101,132,-1,132,101,99,-1,132,99,133,-1,133,99,97,-1,133,97,134,-1,135,136,137,-1,138,139,140,-1,141,142,143,-1,144,127,128,-1,135,137,145,-1,146,147,148,-1,149,150,151,-1,151,150,152,-1,151,152,153,-1,153,152,154,-1,153,154,155,-1,155,154,156,-1,155,156,157,-1,157,156,158,-1,157,158,159,-1,159,158,160,-1,159,160,148,-1,148,160,161,-1,148,161,146,-1,142,144,143,-1,143,144,128,-1,143,128,162,-1,162,128,129,-1,162,129,163,-1,163,129,130,-1,163,130,164,-1,164,130,131,-1,164,131,165,-1,165,131,132,-1,165,132,166,-1,166,132,133,-1,166,133,167,-1,167,133,134,-1,147,145,148,-1,148,145,137,-1,148,137,159,-1,159,137,168,-1,159,168,157,-1,157,168,169,-1,157,169,155,-1,155,169,170,-1,155,170,153,-1,153,170,171,-1,153,171,151,-1,151,171,172,-1,151,172,149,-1,149,172,173,-1,136,138,137,-1,137,138,140,-1,137,140,168,-1,168,140,174,-1,168,174,169,-1,169,174,175,-1,169,175,170,-1,170,175,176,-1,170,176,171,-1,171,176,177,-1,171,177,172,-1,172,177,178,-1,172,178,173,-1,173,178,179,-1,139,141,140,-1,140,141,143,-1,140,143,174,-1,174,143,162,-1,174,162,175,-1,175,162,163,-1,175,163,176,-1,176,163,164,-1,176,164,177,-1,177,164,165,-1,177,165,178,-1,178,165,166,-1,178,166,179,-1,179,166,167,-1,180,146,161,-1,180,161,181,-1,181,161,160,-1,181,160,182,-1,182,160,158,-1,182,158,183,-1,183,158,156,-1,183,156,184,-1,184,156,154,-1,184,154,185,-1,185,154,152,-1,185,152,186,-1,186,152,150,-1,186,150,187,-1,188,189,190,-1,191,192,193,-1,194,195,196,-1,197,180,181,-1,188,190,198,-1,199,200,201,-1,202,203,204,-1,204,203,205,-1,204,205,206,-1,206,205,207,-1,206,207,208,-1,208,207,209,-1,208,209,210,-1,210,209,211,-1,210,211,212,-1,212,211,213,-1,212,213,201,-1,201,213,214,-1,201,214,199,-1,195,197,196,-1,196,197,181,-1,196,181,215,-1,215,181,182,-1,215,182,216,-1,216,182,183,-1,216,183,217,-1,217,183,184,-1,217,184,218,-1,218,184,185,-1,218,185,219,-1,219,185,186,-1,219,186,220,-1,220,186,187,-1,200,198,201,-1,201,198,190,-1,201,190,212,-1,212,190,221,-1,212,221,210,-1,210,221,222,-1,210,222,208,-1,208,222,223,-1,208,223,206,-1,206,223,224,-1,206,224,204,-1,204,224,225,-1,204,225,202,-1,202,225,226,-1,189,191,190,-1,190,191,193,-1,190,193,221,-1,221,193,227,-1,221,227,222,-1,222,227,228,-1,222,228,223,-1,223,228,229,-1,223,229,224,-1,224,229,230,-1,224,230,225,-1,225,230,231,-1,225,231,226,-1,226,231,232,-1,192,194,193,-1,193,194,196,-1,193,196,227,-1,227,196,215,-1,227,215,228,-1,228,215,216,-1,228,216,229,-1,229,216,217,-1,229,217,230,-1,230,217,218,-1,230,218,231,-1,231,218,219,-1,231,219,232,-1,232,219,220,-1,233,234,214,-1,214,234,199,-1,199,234,235,-1,199,235,236,-1,233,214,237,-1,237,214,213,-1,237,213,238,-1,238,213,239,-1,239,213,211,-1,239,211,240,-1,209,241,211,-1,211,241,242,-1,211,242,240,-1,243,244,207,-1,207,244,245,-1,207,245,209,-1,209,245,246,-1,209,246,241,-1,243,207,247,-1,247,207,205,-1,247,205,248,-1,249,250,203,-1,203,250,251,-1,203,251,205,-1,205,251,252,-1,205,252,248,-1,248,253,254,-1,255,256,257,-1,258,259,260,-1,261,262,236,-1,263,264,261,-1,261,264,265,-1,261,265,262,-1,266,267,268,-1,268,267,269,-1,268,269,263,-1,263,269,270,-1,263,270,264,-1,266,268,271,-1,271,268,272,-1,271,272,273,-1,273,272,274,-1,274,272,275,-1,274,275,276,-1,277,278,275,-1,275,278,279,-1,275,279,276,-1,280,281,282,-1,282,281,283,-1,282,283,277,-1,277,283,284,-1,277,284,278,-1,280,282,285,-1,285,282,286,-1,285,286,287,-1,287,286,288,-1,288,286,289,-1,288,289,290,-1,291,292,289,-1,289,292,293,-1,289,293,290,-1,294,295,296,-1,296,295,297,-1,296,297,291,-1,291,297,298,-1,291,298,292,-1,259,299,296,-1,300,294,301,-1,301,294,296,-1,301,296,302,-1,302,296,299,-1,303,304,305,-1,305,304,306,-1,305,306,258,-1,307,308,309,-1,309,308,310,-1,309,310,303,-1,256,311,257,-1,257,311,312,-1,257,312,307,-1,313,314,315,-1,315,314,255,-1,315,255,316,-1,313,317,318,-1,318,317,319,-1,313,315,317,-1,317,315,316,-1,317,316,320,-1,320,316,321,-1,320,321,322,-1,322,321,323,-1,322,323,324,-1,324,323,325,-1,324,325,326,-1,326,325,327,-1,326,327,328,-1,328,327,329,-1,328,329,330,-1,330,329,331,-1,330,331,332,-1,332,331,333,-1,332,333,334,-1,334,333,335,-1,334,335,336,-1,336,335,337,-1,336,337,338,-1,338,337,254,-1,338,254,339,-1,339,254,253,-1,339,253,340,-1,248,252,253,-1,253,252,251,-1,253,251,340,-1,340,251,250,-1,340,250,249,-1,247,341,243,-1,243,341,244,-1,239,240,342,-1,342,240,242,-1,245,343,246,-1,246,343,241,-1,344,237,238,-1,236,235,261,-1,261,235,234,-1,261,234,233,-1,255,257,316,-1,316,257,345,-1,316,345,321,-1,321,345,346,-1,321,346,323,-1,323,346,347,-1,323,347,325,-1,325,347,348,-1,325,348,327,-1,327,348,349,-1,327,349,329,-1,329,349,350,-1,329,350,331,-1,331,350,351,-1,331,351,333,-1,333,351,352,-1,333,352,335,-1,335,352,353,-1,335,353,337,-1,337,353,341,-1,337,341,254,-1,254,341,247,-1,254,247,248,-1,307,309,257,-1,257,309,354,-1,257,354,345,-1,345,354,355,-1,345,355,346,-1,346,355,356,-1,346,356,347,-1,347,356,357,-1,347,357,348,-1,348,357,358,-1,348,358,349,-1,349,358,359,-1,349,359,350,-1,350,359,360,-1,350,360,351,-1,351,360,361,-1,351,361,352,-1,352,361,362,-1,352,362,353,-1,353,362,343,-1,353,343,341,-1,341,343,245,-1,341,245,244,-1,303,305,309,-1,309,305,363,-1,309,363,354,-1,354,363,364,-1,354,364,355,-1,355,364,365,-1,355,365,356,-1,356,365,366,-1,356,366,357,-1,357,366,367,-1,357,367,358,-1,358,367,368,-1,358,368,359,-1,359,368,369,-1,359,369,360,-1,360,369,370,-1,360,370,361,-1,361,370,371,-1,361,371,362,-1,362,371,342,-1,362,342,343,-1,343,342,242,-1,343,242,241,-1,258,260,305,-1,305,260,372,-1,305,372,363,-1,363,372,373,-1,363,373,364,-1,364,373,374,-1,364,374,365,-1,365,374,375,-1,365,375,366,-1,366,375,376,-1,366,376,367,-1,367,376,377,-1,367,377,368,-1,368,377,378,-1,368,378,369,-1,369,378,379,-1,369,379,370,-1,370,379,380,-1,370,380,371,-1,371,380,344,-1,371,344,342,-1,342,344,238,-1,342,238,239,-1,259,296,260,-1,260,296,291,-1,260,291,372,-1,372,291,289,-1,372,289,373,-1,373,289,286,-1,373,286,374,-1,374,286,282,-1,374,282,375,-1,375,282,277,-1,375,277,376,-1,376,277,275,-1,376,275,377,-1,377,275,272,-1,377,272,378,-1,378,272,268,-1,378,268,379,-1,379,268,263,-1,379,263,380,-1,380,263,261,-1,380,261,344,-1,344,261,233,-1,344,233,237,-1,308,307,381,-1,300,301,382,-1,382,301,383,-1,255,314,384,-1,384,314,313,-1,384,313,385,-1,385,313,318,-1,385,318,319,-1,381,307,386,-1,307,312,386,-1,386,312,311,-1,386,311,384,-1,384,311,256,-1,384,256,255,-1,387,258,388,-1,388,258,306,-1,306,304,388,-1,388,304,303,-1,388,303,381,-1,381,303,310,-1,381,310,308,-1,301,302,383,-1,383,302,299,-1,383,299,387,-1,387,299,259,-1,387,259,258,-1,389,390,391,-1,392,393,394,-1,395,396,397,-1,398,382,383,-1,389,391,399,-1,400,401,402,-1,403,404,405,-1,405,404,406,-1,405,406,407,-1,407,406,408,-1,407,408,409,-1,409,408,410,-1,409,410,411,-1,411,410,412,-1,411,412,413,-1,413,412,414,-1,413,414,402,-1,402,414,415,-1,402,415,400,-1,396,398,397,-1,397,398,383,-1,397,383,416,-1,416,383,387,-1,416,387,417,-1,417,387,388,-1,417,388,418,-1,418,388,381,-1,418,381,419,-1,419,381,386,-1,419,386,420,-1,420,386,384,-1,420,384,421,-1,421,384,385,-1,401,399,402,-1,402,399,391,-1,402,391,413,-1,413,391,422,-1,413,422,411,-1,411,422,423,-1,411,423,409,-1,409,423,424,-1,409,424,407,-1,407,424,425,-1,407,425,405,-1,405,425,426,-1,405,426,403,-1,403,426,427,-1,390,392,391,-1,391,392,394,-1,391,394,422,-1,422,394,428,-1,422,428,423,-1,423,428,429,-1,423,429,424,-1,424,429,430,-1,424,430,425,-1,425,430,431,-1,425,431,426,-1,426,431,432,-1,426,432,427,-1,427,432,433,-1,393,395,394,-1,394,395,397,-1,394,397,428,-1,428,397,416,-1,428,416,429,-1,429,416,417,-1,429,417,430,-1,430,417,418,-1,430,418,431,-1,431,418,419,-1,431,419,432,-1,432,419,420,-1,432,420,433,-1,433,420,421,-1,434,400,415,-1,434,415,435,-1,435,415,414,-1,435,414,436,-1,436,414,412,-1,436,412,437,-1,437,412,410,-1,437,410,438,-1,438,410,408,-1,438,408,439,-1,439,408,406,-1,439,406,440,-1,440,406,404,-1,440,404,441,-1,442,443,444,-1,445,446,447,-1,448,449,450,-1,451,434,435,-1,442,444,452,-1,453,454,455,-1,456,457,458,-1,458,457,459,-1,458,459,460,-1,460,459,461,-1,460,461,462,-1,462,461,463,-1,462,463,464,-1,464,463,465,-1,464,465,466,-1,466,465,467,-1,466,467,455,-1,455,467,468,-1,455,468,453,-1,449,451,450,-1,450,451,435,-1,450,435,469,-1,469,435,436,-1,469,436,470,-1,470,436,437,-1,470,437,471,-1,471,437,438,-1,471,438,472,-1,472,438,439,-1,472,439,473,-1,473,439,440,-1,473,440,474,-1,474,440,441,-1,454,452,455,-1,455,452,444,-1,455,444,466,-1,466,444,475,-1,466,475,464,-1,464,475,476,-1,464,476,462,-1,462,476,477,-1,462,477,460,-1,460,477,478,-1,460,478,458,-1,458,478,479,-1,458,479,456,-1,456,479,480,-1,443,445,444,-1,444,445,447,-1,444,447,475,-1,475,447,481,-1,475,481,476,-1,476,481,482,-1,476,482,477,-1,477,482,483,-1,477,483,478,-1,478,483,484,-1,478,484,479,-1,479,484,485,-1,479,485,480,-1,480,485,486,-1,446,448,447,-1,447,448,450,-1,447,450,481,-1,481,450,469,-1,481,469,482,-1,482,469,470,-1,482,470,483,-1,483,470,471,-1,483,471,484,-1,484,471,472,-1,484,472,485,-1,485,472,473,-1,485,473,486,-1,486,473,474,-1,487,453,468,-1,487,468,488,-1,488,468,467,-1,488,467,489,-1,489,467,465,-1,489,465,490,-1,490,465,463,-1,490,463,491,-1,491,463,461,-1,491,461,492,-1,492,461,459,-1,492,459,493,-1,493,459,457,-1,493,457,494,-1,495,496,497,-1,498,499,500,-1,501,502,503,-1,504,487,488,-1,495,497,505,-1,506,507,508,-1,509,510,511,-1,511,510,512,-1,511,512,513,-1,513,512,514,-1,513,514,515,-1,515,514,516,-1,515,516,517,-1,517,516,518,-1,517,518,519,-1,519,518,520,-1,519,520,508,-1,508,520,521,-1,508,521,506,-1,502,504,503,-1,503,504,488,-1,503,488,522,-1,522,488,489,-1,522,489,523,-1,523,489,490,-1,523,490,524,-1,524,490,491,-1,524,491,525,-1,525,491,492,-1,525,492,526,-1,526,492,493,-1,526,493,527,-1,527,493,494,-1,507,505,508,-1,508,505,497,-1,508,497,519,-1,519,497,528,-1,519,528,517,-1,517,528,529,-1,517,529,515,-1,515,529,530,-1,515,530,513,-1,513,530,531,-1,513,531,511,-1,511,531,532,-1,511,532,509,-1,509,532,533,-1,496,498,497,-1,497,498,500,-1,497,500,528,-1,528,500,534,-1,528,534,529,-1,529,534,535,-1,529,535,530,-1,530,535,536,-1,530,536,531,-1,531,536,537,-1,531,537,532,-1,532,537,538,-1,532,538,533,-1,533,538,539,-1,499,501,500,-1,500,501,503,-1,500,503,534,-1,534,503,522,-1,534,522,535,-1,535,522,523,-1,535,523,536,-1,536,523,524,-1,536,524,537,-1,537,524,525,-1,537,525,538,-1,538,525,526,-1,538,526,539,-1,539,526,527,-1,540,506,521,-1,540,521,541,-1,541,521,520,-1,541,520,542,-1,542,520,518,-1,542,518,543,-1,543,518,516,-1,543,516,544,-1,544,516,514,-1,544,514,545,-1,545,514,512,-1,545,512,546,-1,546,512,510,-1,546,510,547,-1,548,549,550,-1,551,552,553,-1,554,555,556,-1,557,540,541,-1,548,550,558,-1,559,560,561,-1,562,563,564,-1,564,563,565,-1,564,565,566,-1,566,565,567,-1,566,567,568,-1,568,567,569,-1,568,569,570,-1,570,569,571,-1,570,571,572,-1,572,571,573,-1,572,573,561,-1,561,573,574,-1,561,574,559,-1,555,557,556,-1,556,557,541,-1,556,541,575,-1,575,541,542,-1,575,542,576,-1,576,542,543,-1,576,543,577,-1,577,543,544,-1,577,544,578,-1,578,544,545,-1,578,545,579,-1,579,545,546,-1,579,546,580,-1,580,546,547,-1,560,558,561,-1,561,558,550,-1,561,550,572,-1,572,550,581,-1,572,581,570,-1,570,581,582,-1,570,582,568,-1,568,582,583,-1,568,583,566,-1,566,583,584,-1,566,584,564,-1,564,584,585,-1,564,585,562,-1,562,585,586,-1,549,551,550,-1,550,551,553,-1,550,553,581,-1,581,553,587,-1,581,587,582,-1,582,587,588,-1,582,588,583,-1,583,588,589,-1,583,589,584,-1,584,589,590,-1,584,590,585,-1,585,590,591,-1,585,591,586,-1,586,591,592,-1,552,554,553,-1,553,554,556,-1,553,556,587,-1,587,556,575,-1,587,575,588,-1,588,575,576,-1,588,576,589,-1,589,576,577,-1,589,577,590,-1,590,577,578,-1,590,578,591,-1,591,578,579,-1,591,579,592,-1,592,579,580,-1,593,594,574,-1,574,594,559,-1,559,594,595,-1,559,595,596,-1,593,574,597,-1,597,574,573,-1,597,573,598,-1,598,573,599,-1,599,573,571,-1,599,571,600,-1,569,601,571,-1,571,601,602,-1,571,602,600,-1,603,604,567,-1,567,604,605,-1,567,605,569,-1,569,605,606,-1,569,606,601,-1,603,567,607,-1,607,567,565,-1,607,565,608,-1,609,610,563,-1,563,610,611,-1,563,611,565,-1,565,611,612,-1,565,612,608,-1,3,18,613,-1,610,609,614,-1,615,608,616,-1,616,608,612,-1,616,612,611,-1,607,617,603,-1,603,617,604,-1,599,600,618,-1,618,600,602,-1,605,619,606,-1,606,619,601,-1,620,597,598,-1,593,621,594,-1,594,621,595,-1,621,622,623,-1,596,595,624,-1,624,595,621,-1,624,621,625,-1,625,621,623,-1,626,627,628,-1,628,627,629,-1,628,629,622,-1,622,629,630,-1,622,630,623,-1,626,628,631,-1,631,628,632,-1,631,632,633,-1,633,632,634,-1,634,632,635,-1,634,635,636,-1,637,638,635,-1,635,638,639,-1,635,639,636,-1,640,641,642,-1,642,641,643,-1,642,643,637,-1,637,643,644,-1,637,644,638,-1,640,642,645,-1,645,642,646,-1,645,646,647,-1,647,646,648,-1,648,646,649,-1,648,649,650,-1,651,652,653,-1,651,653,649,-1,649,653,654,-1,649,654,650,-1,652,651,655,-1,655,651,656,-1,655,656,657,-1,23,22,656,-1,656,22,9,-1,9,7,656,-1,656,7,658,-1,656,658,657,-1,27,26,659,-1,659,26,25,-1,659,25,23,-1,1,0,660,-1,660,0,28,-1,660,28,27,-1,18,20,613,-1,613,20,21,-1,613,21,1,-1,10,17,661,-1,661,17,4,-1,661,4,3,-1,662,663,10,-1,15,13,663,-1,663,13,11,-1,663,11,10,-1,664,16,15,-1,15,663,664,-1,664,663,662,-1,664,662,665,-1,665,662,666,-1,665,666,667,-1,667,666,668,-1,667,668,669,-1,669,668,670,-1,669,670,671,-1,671,670,672,-1,671,672,673,-1,673,672,674,-1,673,674,675,-1,675,674,676,-1,675,676,677,-1,677,676,678,-1,677,678,679,-1,679,678,680,-1,679,680,681,-1,681,680,682,-1,681,682,683,-1,683,682,615,-1,683,615,684,-1,684,615,616,-1,684,616,614,-1,614,616,611,-1,614,611,610,-1,10,661,662,-1,662,661,685,-1,662,685,666,-1,666,685,686,-1,666,686,668,-1,668,686,687,-1,668,687,670,-1,670,687,688,-1,670,688,672,-1,672,688,689,-1,672,689,674,-1,674,689,690,-1,674,690,676,-1,676,690,691,-1,676,691,678,-1,678,691,692,-1,678,692,680,-1,680,692,693,-1,680,693,682,-1,682,693,617,-1,682,617,615,-1,615,617,607,-1,615,607,608,-1,3,613,661,-1,661,613,694,-1,661,694,685,-1,685,694,695,-1,685,695,686,-1,686,695,696,-1,686,696,687,-1,687,696,697,-1,687,697,688,-1,688,697,698,-1,688,698,689,-1,689,698,699,-1,689,699,690,-1,690,699,700,-1,690,700,691,-1,691,700,701,-1,691,701,692,-1,692,701,702,-1,692,702,693,-1,693,702,619,-1,693,619,617,-1,617,619,605,-1,617,605,604,-1,1,660,613,-1,613,660,703,-1,613,703,694,-1,694,703,704,-1,694,704,695,-1,695,704,705,-1,695,705,696,-1,696,705,706,-1,696,706,697,-1,697,706,707,-1,697,707,698,-1,698,707,708,-1,698,708,699,-1,699,708,709,-1,699,709,700,-1,700,709,710,-1,700,710,701,-1,701,710,711,-1,701,711,702,-1,702,711,618,-1,702,618,619,-1,619,618,602,-1,619,602,601,-1,27,659,660,-1,660,659,712,-1,660,712,703,-1,703,712,713,-1,703,713,704,-1,704,713,714,-1,704,714,705,-1,705,714,715,-1,705,715,706,-1,706,715,716,-1,706,716,707,-1,707,716,717,-1,707,717,708,-1,708,717,718,-1,708,718,709,-1,709,718,719,-1,709,719,710,-1,710,719,720,-1,710,720,711,-1,711,720,620,-1,711,620,618,-1,618,620,598,-1,618,598,599,-1,23,656,659,-1,659,656,651,-1,659,651,712,-1,712,651,649,-1,712,649,713,-1,713,649,646,-1,713,646,714,-1,714,646,642,-1,714,642,715,-1,715,642,637,-1,715,637,716,-1,716,637,635,-1,716,635,717,-1,717,635,632,-1,717,632,718,-1,718,632,628,-1,718,628,719,-1,719,628,622,-1,719,622,720,-1,720,622,621,-1,720,621,620,-1,620,621,593,-1,620,593,597,-1,
        ]
    }
}
Shape{
    appearance Appearance {
        material  Material 	{
            diffuseColor 1.0 1.0 1.0
            specularColor 0.5019607843137255 0.5019607843137255 0.5019607843137255
            ambientIntensity 1.0
            transparency 0.0
            shininess 0.5
        }
    }
    geometry IndexedFaceSet {
        ccw TRUE
        solid FALSE
        coord DEF co Coordinate {
            point [
                6.775 -3.38 6.0489, 6.775 -3.38 10.9489, 6.7609 -3.5475 10.9489, 5.775 -4.38 10.9489, 5.775 -4.38 10.6254, 5.9425 -4.3659 10.9489, 5.775 -4.38 10.2325, 5.775 -4.38 9.8829, 5.775 -4.38 6.0489, 5.8779 -4.3748 6.0489, 5.775 -4.38 9.432, 5.775 -4.38 9.5377, 6.6872 -3.7819 6.0489, 6.7084 -3.7388 6.0489, 6.6901 -3.7833 10.9489, 6.7583 -3.5628 6.0489, 6.7597 -3.5474 6.0489, 6.6273 -3.9034 6.0489, 6.5638 -3.9947 10.9489, 6.5607 -3.9923 6.0489, 6.5177 -4.0497 6.0489, 6.3897 -4.1688 10.9489, 6.3893 -4.1683 6.0489, 6.3827 -4.1743 6.0489, 6.1783 -4.2951 10.9489, 6.228 -4.2716 6.0489, 5.9418 -4.3622 6.0489, 6.0572 -4.3395 6.0489, 6.177 -4.2918 6.0489, -6.775 -3.38 6.0489, -6.7698 -3.4829 6.0489, -6.775 -3.38 10.9489, -6.7609 -3.5475 10.9489, -5.775 -4.38 9.432, -5.775 -4.38 9.5377, -5.9425 -4.3659 10.9489, -5.775 -4.38 9.8829, -5.775 -4.38 10.2325, -5.775 -4.38 10.6254, -5.775 -4.38 10.9489, -5.775 -4.38 6.0489, -5.9424 -4.3647 6.0489, -5.9578 -4.3633 6.0489, -6.1783 -4.2951 10.9489, -6.1338 -4.3134 6.0489, -6.1769 -4.2922 6.0489, -6.2984 -4.2323 6.0489, -6.3897 -4.1688 10.9489, -6.3873 -4.1657 6.0489, -6.4447 -4.1227 6.0489, -6.5638 -3.9947 10.9489, -6.5633 -3.9943 6.0489, -6.5693 -3.9877 6.0489, -6.6901 -3.7833 10.9489, -6.6666 -3.833 6.0489, -6.7572 -3.5468 6.0489, -6.7345 -3.6622 6.0489, -6.6868 -3.782 6.0489, -6.775 3.38 6.0489, -6.775 3.38 10.9489, -6.7609 3.5475 10.9489, -5.775 4.38 6.0489, -5.8779 4.3748 6.0489, -5.775 4.38 10.9489, -5.9425 4.3659 10.9489, -6.6872 3.7819 6.0489, -6.7084 3.7388 6.0489, -6.6901 3.7833 10.9489, -6.7583 3.5628 6.0489, -6.7597 3.5474 6.0489, -6.6273 3.9034 6.0489, -6.5638 3.9947 10.9489, -6.5607 3.9923 6.0489, -6.5177 4.0497 6.0489, -6.3897 4.1688 10.9489, -6.3893 4.1683 6.0489, -6.3827 4.1743 6.0489, -6.1783 4.2951 10.9489, -6.228 4.2716 6.0489, -5.9418 4.3622 6.0489, -6.0572 4.3395 6.0489, -6.177 4.2918 6.0489, 5.775 4.38 10.9489, 5.775 4.38 6.0489, 5.9425 4.3659 10.9489, 6.775 3.38 6.0489, 6.7698 3.4829 6.0489, 6.775 3.38 10.9489, 6.7609 3.5475 10.9489, 6.1769 4.2922 6.0489, 6.1338 4.3134 6.0489, 6.1783 4.2951 10.9489, 5.9578 4.3633 6.0489, 5.9424 4.3647 6.0489, 6.2984 4.2323 6.0489, 6.3897 4.1688 10.9489, 6.3873 4.1657 6.0489, 6.4447 4.1227 6.0489, 6.5638 3.9947 10.9489, 6.5633 3.9943 6.0489, 6.5693 3.9877 6.0489, 6.6901 3.7833 10.9489, 6.6666 3.833 6.0489, 6.7572 3.5468 6.0489, 6.7345 3.6622 6.0489, 6.6868 3.782 6.0489, 7.985 -1.4 11.6989, 7.985 -1.4 6.0489, 7.985 1.4 11.6989, 7.985 1.4 6.0489, -6.6665 -2.0 11.1442, -6.6355 -2.0 11.1488, -6.892 -2.0 11.6989, -6.7247 -2.0 11.1304, -6.7184 -2.0 11.133, -6.7052 -1.9999 11.1383, -7.385 -2.0 6.0489, -6.975 -2.0 6.0489, -7.385 -2.0 11.6989, -6.975 -2.0 10.9489, -6.9416 -2.0 10.981, -6.8162 -2.0 11.0832, -6.7841 -2.0 11.1062, -6.9411 -2.0 10.9814, -6.8906 -1.9999 11.0299, -6.8905 -1.9999 11.03, -6.7821 -2.0 11.107, -6.8881 -1.9999 11.0317, -6.8377 -2.0 11.0678, -6.7225 -2.0027 11.1306, -6.8944 -2.0171 10.9489, -6.8529 -2.0416 10.9489, -6.8512 -2.0393 10.9826, -6.8522 -2.0423 10.9489, -6.8177 -2.0764 10.9489, -6.8155 -2.0747 10.9826, -6.8173 -2.0771 10.9489, -6.7922 -2.1189 10.9489, -6.7896 -2.1177 10.9826, -6.6557 -2.2 11.1319, -6.659 -2.146 11.1325, -6.701 -2.1532 11.1073, -6.6121 -2.138 11.1463, -6.6068 -2.2 11.1462, -6.5807 -2.1326 11.1489, -6.575 -2.2 11.1489, -6.6085 -2.2 11.1461, -6.7328 -2.2 11.0718, -6.6979 -2.2 11.1067, -6.697 -2.2 11.1072, -6.758 -2.2 11.0296, -6.7578 -2.2 11.03, -6.7609 -2.1634 11.03, -6.7357 -2.1591 11.0725, -6.792 -2.1194 10.9489, -6.7779 -2.1663 10.9489, -6.775 -2.1658 10.9826, -6.7778 -2.1665 10.9489, -6.7721 -2.2 10.9826, -6.7722 -2.2 10.9824, -6.775 -2.2 10.9489, -6.8956 -2.0164 10.9489, -6.8945 -2.0138 10.9826, -6.9416 -2.003 10.9489, -6.9432 -2.0026 10.9489, -6.8888 -2.0007 11.03, -6.7565 -2.0283 11.1073, -6.7841 -2.05 11.0725, -6.6819 -2.07 11.1325, -6.6385 -2.0507 11.1463, -6.6094 -2.0378 11.1489, -6.6286 -1.9999 11.1489, -6.8424 -2.028 11.03, -6.8268 -2.0077 11.0725, -6.8042 -2.0658 11.03, -6.7765 -2.1119 11.03, -6.7531 -2.1015 11.0725, -6.721 -2.0873 11.1073, -6.1928 -2.4221 10.8489, -6.1928 -2.4221 6.3989, -6.1931 -2.4215 6.4026, -6.3093 -2.1021 10.9477, -6.265 -2.2238 10.897, -6.2491 -2.2675 10.8788, -6.1937 -2.4197 6.4064, -6.1954 -2.4151 6.4125, -6.4629 -1.68 11.2519, -6.2029 -2.3945 6.4287, -6.4629 -1.68 6.6989, -6.4106 -1.8238 6.6634, -6.3838 -1.8975 6.6453, -6.4193 -1.8 11.1583, -6.4151 -1.8116 11.1489, -6.3829 -1.9 11.0802, -6.3703 -1.9345 11.054, -6.2245 -2.335 6.4609, -6.2297 -2.3208 6.4687, -6.2307 -2.3181 6.47, -6.2719 -2.2048 6.5233, -6.2803 -2.1819 6.5324, -6.2846 -2.1699 6.5372, -6.3369 -2.0263 6.5943, -6.3829 -1.9 6.6444, -6.193 2.4218 6.4016, -6.1928 2.4221 6.3989, -6.1928 2.4221 10.8489, -6.1983 2.4072 6.4198, -6.1946 2.4172 6.4102, -6.1934 2.4205 6.405, -6.2801 2.1822 6.531, -6.2611 2.2346 6.5097, -6.2777 2.189 10.9114, -6.4629 1.68 6.6989, -6.2489 2.268 10.8789, -6.4107 1.8236 6.6633, -6.3829 1.9 6.6444, -6.3755 1.9203 6.6376, -6.2242 2.3359 6.461, -6.2233 2.3384 6.4598, -6.3065 2.1098 10.9439, -6.3672 1.9429 11.0478, -6.3829 1.9 11.0802, -6.4151 1.8116 11.1489, -6.4193 1.8 11.1583, -6.4629 1.68 11.2519, -6.337 2.026 6.5946, -6.2848 2.1693 6.5362, -6.2599 2.1667 6.461, -6.3497 1.9 6.6093, -6.2831 2.1694 6.5324, -6.2496 2.1844 6.3989, -6.2541 2.1658 6.3989, -6.2809 1.9 6.461, -6.275 1.9 6.3989, -6.3432 1.9 6.5988, -6.3063 1.9 6.5399, -6.3042 1.9 6.5335, -6.281 1.9 6.462, -6.3497 -1.9 6.6093, -6.2496 -2.1844 6.3989, -6.2541 -2.1658 6.3989, -6.2599 -2.1667 6.461, -6.2822 -2.1703 6.5338, -6.3042 -1.9 6.5335, -6.3063 -1.9 6.5399, -6.3432 -1.9 6.5988, -6.275 -1.9 6.3989, -6.2809 -1.9 6.461, -6.281 -1.9 6.462, -6.275 -1.9 4.0989, -6.275 0.4175 4.0989, -6.275 1.9 4.0989, -6.6121 2.138 11.1463, -6.5807 2.1326 11.1489, -6.575 2.2 11.1489, -6.7778 2.1665 10.9489, -6.7779 2.1663 10.9489, -6.775 2.1658 10.9826, -6.792 2.1194 10.9489, -6.7922 2.1189 10.9489, -6.7896 2.1177 10.9826, -6.8173 2.0771 10.9489, -6.8177 2.0764 10.9489, -6.8155 2.0747 10.9826, -6.9416 2.003 10.9489, -6.9432 2.0026 10.9489, -6.9411 2.0 10.9794, -6.975 2.0 10.9489, -6.8944 2.0171 10.9489, -6.8956 2.0164 10.9489, -6.8945 2.0138 10.9826, -6.8522 2.0423 10.9489, -6.8529 2.0416 10.9489, -6.8512 2.0393 10.9826, -6.775 2.2 10.9489, -6.7722 2.2 10.9824, -6.7721 2.2 10.9826, -6.7609 2.1634 11.03, -6.701 2.1532 11.1073, -6.7322 2.2 11.0724, -6.7357 2.1591 11.0725, -6.7328 2.2 11.0718, -6.758 2.2 11.0296, -6.659 2.146 11.1325, -6.6557 2.2 11.1319, -6.6979 2.2 11.1067, -6.6068 2.2 11.1462, -6.6085 2.2 11.1461, -6.6543 2.2 11.1323, -6.6286 1.9999 11.1489, -6.6094 2.0378 11.1489, -6.6355 2.0 11.1488, -6.6385 2.0507 11.1463, -6.666 2.0 11.1459, -6.674 2.0 11.1451, -6.6819 2.07 11.1325, -6.718 2.0 11.1324, -6.7248 2.0 11.1304, -6.7225 2.0028 11.1303, -6.7467 2.0 11.1241, -6.7565 2.0283 11.1073, -6.7841 2.05 11.0725, -6.8183 2.0 11.0832, -6.7823 2.0 11.1037, -6.8375 2.0 11.0722, -6.8268 2.0077 11.0725, -6.8391 2.0 11.0713, -6.8424 2.028 11.03, -6.9397 2.0 10.9807, -6.8903 2.0 11.0251, -6.8835 2.0 11.0313, -6.8042 2.0658 11.03, -6.721 2.0873 11.1073, -6.7531 2.1015 11.0725, -6.7765 2.1119 11.03, -7.985 1.4 6.0489, -7.985 1.4 11.6989, -7.9765 1.5005 11.6989, -7.385 2.0 6.0489, -7.4783 1.9928 6.0489, -7.385 2.0 11.6989, -7.4855 1.9915 11.6989, -7.934 1.642 11.6989, -7.9684 1.5407 6.0489, -7.9732 1.5001 6.0489, -7.8583 1.7688 11.6989, -7.9188 1.6741 6.0489, -7.9311 1.6409 6.0489, -7.7538 1.8733 11.6989, -7.8397 1.7916 6.0489, -7.856 1.7673 6.0489, -7.627 1.949 11.6989, -7.7349 1.8875 6.0489, -7.7523 1.8716 6.0489, -7.4853 1.9908 6.0489, -7.6146 1.9543 6.0489, -7.6263 1.9478 6.0489, 9.1874 1.7345 6.0489, 9.1382 1.9811 6.0489, 9.1107 2.0618 6.0489, 9.205 1.475 6.049, 7.9765 1.5005 6.0489, 9.1883 1.7301 6.0489, -7.8583 -1.7688 6.0489, -8.982 -2.3722 6.0489, -8.9423 -2.4526 6.0489, -9.0557 -2.2234 6.0489, -7.934 -1.642 6.0489, -9.1107 -2.0618 6.0489, 8.9423 2.4526 6.0489, 8.8047 2.6577 6.0489, 7.8583 1.7688 6.0489, 8.7997 2.6651 6.0489, 7.7538 1.8733 6.0489, 8.6339 2.8539 6.049, 7.627 1.949 6.0489, 7.934 1.642 6.0489, 9.0557 2.2234 6.0489, 8.982 2.3722 6.0489, 9.0575 -2.219 6.0489, 7.934 -1.642 6.0489, 8.9821 -2.3723 6.0489, 7.8583 -1.7688 6.0489, 8.9445 -2.4487 6.0489, 7.4855 -1.9915 6.0489, 7.1289 -4.3589 6.049, 7.627 -1.949 6.0489, 8.6339 -2.8539 6.049, 7.7538 -1.8733 6.0489, 8.8024 -2.6616 6.0489, 8.8049 -2.6579 6.0489, -8.8047 -2.6577 6.0489, -8.7997 -2.6651 6.0489, -7.7538 -1.8733 6.0489, -8.6339 -2.8539 6.049, -7.627 -1.949 6.0489, 8.5032 -0.8637 6.0489, 8.387 -0.6734 6.0489, -7.4855 -1.9915 6.0489, -7.1289 -4.3589 6.049, -9.1874 -1.7345 6.0489, -9.1382 -1.9811 6.0489, -9.0527 1.325 6.0489, -9.0013 1.3021 6.0489, -8.5032 0.8637 6.0489, -8.387 0.6734 6.0489, -8.9445 2.4487 6.0489, -8.9821 2.3723 6.0489, 9.205 -1.475 6.049, 9.205 -1.393 6.049, 9.0527 -1.325 6.0489, 9.0013 -1.3021 6.0489, 7.9765 -1.5005 6.0489, 8.8138 -1.1816 6.0489, -9.205 1.475 6.049, -9.205 1.393 6.049, -8.5458 0.9146 6.0489, -8.8138 1.1816 6.0489, -8.7762 1.1486 6.0489, -8.6464 1.0344 6.0489, 9.1106 -2.0618 6.0489, 9.1393 -1.9769 6.0489, 9.1871 -1.7345 6.0489, 9.1888 -1.7257 6.0489, 8.7762 -1.1486 6.0489, 8.6464 -1.0344 6.0489, 8.5458 -0.9146 6.0489, 8.3716 -0.6366 6.0489, 8.3009 -0.4679 6.0489, 8.2652 -0.3259 6.0489, 6.8179 -2.0777 6.0489, 6.8116 -2.0846 6.0489, 6.7924 -2.1196 6.0489, 7.385 -2.0 6.0489, -9.0575 2.219 6.0489, -9.1106 2.0618 6.0489, -9.1393 1.9769 6.0489, -9.1871 1.7345 6.0489, -9.1888 1.7257 6.0489, -8.3716 0.6366 6.0489, -8.3009 0.4679 6.0489, -8.2652 0.3259 6.0489, -8.6339 2.8539 6.049, -8.8024 2.6616 6.0489, -8.8049 2.6579 6.0489, 7.4855 1.9915 6.0489, 7.1289 4.3589 6.049, 7.385 2.0 6.0489, 8.2465 -0.2517 6.0489, 8.2253 -0.03 6.0489, 8.2269 -0.0001 6.0489, 8.2375 0.1927 6.0489, 8.2654 0.326 6.0489, 8.2831 0.4107 6.0489, 8.3609 0.6198 6.0489, -6.494 -4.7825 6.0489, -8.2465 0.2517 6.0489, -8.2253 0.03 6.0489, -7.985 -1.4 6.0489, -8.2269 0.0001 6.0489, -8.2375 -0.1927 6.0489, -8.2654 -0.326 6.0489, -7.1289 4.3589 6.049, 8.3705 0.637 6.0489, 8.4692 0.8144 6.0489, 8.5464 0.9143 6.0489, 6.975 -2.0 6.0489, 6.7902 -2.1235 6.0489, 6.7783 -2.1666 6.0489, 6.9416 -2.0035 6.0489, 6.933 -2.0044 6.0489, 6.8946 -2.0178 6.0489, 6.777 -2.1712 6.0489, 6.775 -2.2 6.0489, 6.9401 -4.5247 6.0489, 6.9327 -4.5297 6.0489, 6.7276 -4.6673 6.0489, 6.6472 -4.707 6.0489, -8.2831 -0.4107 6.0489, -8.3609 -0.6198 6.0489, -8.3705 -0.637 6.0489, 8.6056 0.9909 6.0489, 8.7667 1.1446 6.0489, 8.7747 1.1502 6.0489, 6.8862 -2.0208 6.0489, 6.8526 -2.043 6.0489, 6.8448 -2.0482 6.0489, -6.6473 -4.7071 6.0489, -6.7237 -4.6695 6.0489, -6.9329 -4.5299 6.0489, -6.9366 -4.5274 6.0489, -8.6056 -0.9909 6.0489, -7.9765 -1.5005 6.0489, -8.5464 -0.9143 6.0489, -8.4692 -0.8144 6.0489, -8.7667 -1.1446 6.0489, -8.7747 -1.1502 6.0489, -8.9494 -1.2727 6.0489, -9.205 -1.393 6.049, -9.205 -1.475 6.049, -9.1489 -1.3716 6.0489, -9.1883 -1.7301 6.0489, -9.0533 -1.3242 6.0489, -6.8179 2.0777 6.0489, -6.8116 2.0846 6.0489, -6.7924 2.1196 6.0489, 8.9494 1.2727 6.0489, 9.0533 1.3242 6.0489, 9.1489 1.3716 6.0489, 9.205 1.393 6.049, 5.75 -4.93 6.049, 6.0051 -4.9133 6.0489, 6.0095 -4.9124 6.0489, 6.2561 -4.8632 6.0489, 6.3368 -4.8357 6.0489, 6.4984 -4.7807 6.0489, -6.775 -2.2 6.0489, 6.494 4.7825 6.0489, -6.7785 -2.1666 6.0489, -6.7794 -2.158 6.0489, -6.7928 -2.1196 6.0489, -6.975 2.0 6.0489, -6.7902 2.1235 6.0489, -6.7783 2.1666 6.0489, -6.9416 2.0035 6.0489, -6.933 2.0044 6.0489, -6.8946 2.0178 6.0489, -6.777 2.1712 6.0489, -6.775 2.2 6.0489, -6.9401 4.5247 6.0489, -6.9327 4.5297 6.0489, -6.7276 4.6673 6.0489, -6.6472 4.707 6.0489, -6.3368 -4.8356 6.0489, -6.2519 -4.8643 6.0489, -6.0095 -4.9121 6.0489, -6.0007 -4.9138 6.0489, -5.75 -4.93 6.049, -3.4402 -4.38 6.0489, -6.8862 2.0208 6.0489, -6.8526 2.043 6.0489, -6.8448 2.0482 6.0489, 6.6473 4.7071 6.0489, 6.7237 4.6695 6.0489, 6.9329 4.5299 6.0489, 6.9366 4.5274 6.0489, 1.2318 -4.38 6.0489, 1.1475 -4.38 6.0489, 1.045 -4.38 6.0489, 0.8976 -4.38 6.0489, -6.7958 -2.1112 6.0489, -6.818 -2.0776 6.0489, -6.8232 -2.0698 6.0489, 6.3368 4.8356 6.0489, 6.2519 4.8643 6.0489, 6.0095 4.9121 6.0489, 6.0007 4.9138 6.0489, 5.75 4.93 6.049, -5.75 4.93 6.049, -6.0051 4.9133 6.0489, -6.0095 4.9124 6.0489, -6.2561 4.8632 6.0489, -6.3368 4.8357 6.0489, -6.4984 4.7807 6.0489, 0.8353 -4.38 6.0489, 0.7134 -4.38 6.0489, 0.4875 -4.38 6.0489, 0.4715 -4.38 6.0489, 0.2146 -4.38 6.0489, -6.8527 -2.0429 6.0489, -6.8596 -2.0366 6.0489, -6.8945 -2.0174 6.0489, -6.9462 -2.002 6.0489, -6.9416 -2.0033 6.0489, -6.8985 -2.0152 6.0489, 6.775 2.2 6.0489, 6.7785 2.1666 6.0489, 6.7794 2.158 6.0489, 6.7928 2.1196 6.0489, 6.7958 2.1112 6.0489, 6.818 2.0776 6.0489, 6.8232 2.0698 6.0489, 6.8527 2.0429 6.0489, 6.8596 2.0366 6.0489, 6.8945 2.0174 6.0489, 6.9462 2.002 6.0489, 6.975 2.0 6.0489, 6.9416 2.0033 6.0489, 6.8985 2.0152 6.0489, -7.985 -1.4 11.6989, -7.9765 -1.5005 11.6989, -7.934 -1.642 11.6989, -7.8583 -1.7688 11.6989, -7.7538 -1.8733 11.6989, -7.627 -1.949 11.6989, -7.4855 -1.9915 11.6989, -6.4165 -1.8242 11.1489, -6.7108 -1.8 11.7834, -6.4189 -1.8333 11.1489, -6.7127 -1.8297 11.7824, -6.7245 -1.8763 11.777, -6.4349 -1.8801 11.149, -6.7177 -1.8493 11.7802, -6.4274 -1.8664 11.149, -6.7171 -1.8471 11.7804, -6.7137 -1.8334 11.782, -6.7266 -1.8804 11.7761, -6.7383 -1.9037 11.7706, -6.4516 -1.9104 11.1489, -6.7425 -1.9119 11.7687, -6.745 -1.9169 11.7676, -6.4624 -1.9223 11.1489, -6.7495 -1.9225 11.7654, -6.4816 -1.9433 11.1489, -6.7705 -1.9484 11.7556, -6.5008 -1.9568 11.149, -6.7727 -1.9501 11.7545, -6.7813 -1.9567 11.7505, -6.5192 -1.9699 11.1492, -6.7836 -1.9585 11.7495, -6.5474 -1.9815 11.1491, -6.8083 -1.9774 11.738, -6.8193 -1.9818 11.7328, -6.8664 -1.9968 11.7109, -6.8618 -1.9963 11.713, -6.599 -1.9954 11.149, -6.852 -1.9951 11.7176, -6.571 -1.9912 11.1491, -6.827 -1.985 11.7292, -6.8239 -1.9837 11.7307, -7.025 -1.03 9.2489, -7.025 -1.58 9.2489, -7.025 -1.03 6.6989, -7.025 -1.58 6.6989, -6.4629 -1.58 6.6989, -6.4629 -1.58 11.2519, -6.4629 1.58 6.6989, -6.4629 1.58 11.2519, -7.025 1.58 9.2489, -7.025 1.03 9.2489, -7.025 1.58 6.6989, -7.025 1.03 6.6989, -6.8617 1.9968 11.7131, -6.8666 1.9973 11.7108, -6.892 2.0 11.6989, -6.8234 1.984 11.7309, -6.5475 1.9815 11.1491, -6.827 1.9853 11.7292, -6.5669 1.99 11.1491, -6.8579 1.9964 11.7149, -6.599 1.9953 11.149, -6.6268 1.9998 11.1489, -6.8191 1.9824 11.7329, -6.8142 1.9806 11.7352, -6.5135 1.9666 11.1491, -6.7835 1.9592 11.7495, -6.501 1.9567 11.1491, -6.7808 1.9574 11.7508, -6.7777 1.9552 11.7522, -6.773 1.95 11.7544, -6.4713 1.9336 11.1489, -6.7511 1.9257 11.7647, -6.4626 1.9223 11.1489, -6.7494 1.9227 11.7655, -6.7428 1.9115 11.7685, -6.441 1.8943 11.149, -6.7382 1.9037 11.7707, -6.73 1.8896 11.7745, -6.4349 1.8802 11.149, -6.727 1.8803 11.7759, -6.4222 1.851 11.1489, -6.717 1.8495 11.7805, -6.7141 1.8334 11.7818, -6.7108 1.8 11.7834, -6.7162 1.8472 11.7808, -6.7152 1.8443 11.7813, -6.419 1.8334 11.1489, -6.8537 -1.8 11.8952, -6.8682 -1.8 11.8966, -6.8638 -1.8415 11.8925, -6.781 -1.955 11.7594, -6.7166 -1.8 11.7933, -6.7247 -1.8142 11.8076, -6.7491 -1.8396 11.833, -6.7413 -1.8756 11.8065, -6.7413 -1.9076 11.7745, -6.775 -1.9296 11.7964, -6.827 -1.9842 11.7321, -6.8188 -1.9701 11.7745, -6.8638 -1.9936 11.7404, -6.892 -1.9972 11.7324, -6.892 -1.9943 11.7418, -6.8605 -1.9787 11.7831, -6.892 -1.983 11.7796, -6.892 -1.9578 11.8218, -6.8588 -1.9546 11.8214, -6.892 -1.9564 11.8232, -6.8588 -1.9225 11.8535, -6.892 -1.9229 11.8567, -6.8605 -1.8842 11.8776, -6.892 -1.8857 11.8789, -6.892 -1.8807 11.8819, -6.892 -1.8429 11.8932, -6.892 -1.8335 11.8961, -6.892 -1.8 11.8989, -6.7303 -1.8 11.8166, -6.7308 -1.8 11.8171, -6.7627 -1.8 11.851, -6.7642 -1.8017 11.8527, -6.7644 -1.8 11.8529, -6.7649 -1.8 11.8532, -6.8148 -1.9455 11.8124, -6.8148 -1.9135 11.8444, -6.8188 -1.8756 11.869, -6.8265 -1.8338 11.8848, -6.835 -1.8 11.889, -6.775 -1.8975 11.8285, -6.781 -1.8605 11.8539, -6.7927 -1.8203 11.8713, -6.8064 -1.8 11.8796, -6.7108 -1.58 11.7834, -7.025 -1.58 11.0689, -7.025 -1.03 11.0689, -7.025 -1.58 11.4989, -7.025 -1.03 11.4989, -7.585 -1.03 9.2489, -7.585 -1.03 6.6989, -7.585 -1.58 9.2489, -6.7303 -1.58 11.8166, -7.585 -1.58 11.0689, -7.2559 -1.58 11.8989, -6.892 -1.58 11.8989, -6.8537 -1.58 11.8952, -6.8064 -1.58 11.8796, -6.7644 -1.58 11.8529, -7.585 -1.03 11.0689, -6.892 1.58 11.8989, -7.2559 1.58 11.8989, -7.025 1.58 11.4989, -7.585 1.58 11.0689, -7.585 1.58 9.2489, -7.025 1.58 11.0689, -6.7108 1.58 11.7834, -6.7303 1.58 11.8166, -6.7644 1.58 11.8529, -6.8064 1.58 11.8796, -6.8537 1.58 11.8952, -7.585 1.03 9.2489, -7.585 1.03 6.6989, -7.025 1.03 11.0689, -7.585 1.03 11.0689, -7.025 1.03 11.4989, -6.8537 1.8 11.8952, -6.835 1.8 11.889, -6.8265 1.8338 11.8848, -6.7247 1.8142 11.8076, -6.7308 1.8 11.8171, -6.7303 1.8 11.8166, -6.7166 1.8 11.7933, -6.7649 1.8 11.8532, -6.7644 1.8 11.8529, -6.7642 1.8017 11.8527, -6.7627 1.8 11.851, -6.7491 1.8396 11.833, -6.892 1.8 11.8989, -6.8682 1.8 11.8966, -6.892 1.8335 11.8961, -6.8638 1.8415 11.8925, -6.892 1.8429 11.8932, -6.8605 1.8842 11.8776, -6.8605 1.9787 11.7831, -6.892 1.9578 11.8218, -6.8588 1.9546 11.8214, -6.892 1.9243 11.8553, -6.8588 1.9225 11.8535, -6.892 1.9229 11.8567, -6.892 1.8807 11.8819, -6.8638 1.9936 11.7404, -6.892 1.983 11.7796, -6.892 1.98 11.7846, -6.892 1.9972 11.7324, -6.892 1.9943 11.7418, -6.8188 1.9701 11.7745, -6.8265 1.9859 11.7327, -6.781 1.955 11.7594, -6.775 1.9296 11.7964, -6.7413 1.9076 11.7745, -6.7413 1.8756 11.8065, -6.8064 1.8 11.8796, -6.7927 1.8203 11.8713, -6.781 1.8605 11.8539, -6.775 1.8975 11.8285, -6.8188 1.8756 11.869, -6.8148 1.9135 11.8444, -6.8148 1.9455 11.8124, -7.385 1.8807 11.8819, -7.385 1.9972 11.7324, -7.385 1.8335 11.8961, -7.385 1.8 11.8989, -7.385 1.9578 11.8218, -7.385 1.9229 11.8567, -7.385 1.983 11.7796, -7.4829 1.7879 11.8989, -7.4517 1.7918 11.8989, -7.4576 1.8274 11.8961, -7.5454 1.7636 11.8989, -7.6293 1.7133 11.8989, -7.5753 1.7519 11.8989, -7.5598 1.7967 11.8961, -7.6987 1.6444 11.8989, -7.6562 1.694 11.8989, -7.6515 1.7419 11.8961, -7.7487 1.5602 11.8989, -7.7176 1.6224 11.8989, -7.7269 1.6665 11.8961, -7.7768 1.4664 11.8989, -7.7621 1.5334 11.8989, -7.7817 1.5748 11.8961, -7.785 1.4 11.8989, -7.7834 1.4365 11.8989, -7.8124 1.4726 11.8961, -7.9737 1.5 11.7324, -7.9822 1.4 11.7324, -7.9598 1.4977 11.7796, -7.968 1.4 11.7796, -7.9349 1.4934 11.8218, -7.9428 1.4 11.8218, -7.9005 1.4876 11.8567, -7.9079 1.4 11.8567, -7.8589 1.4805 11.8819, -7.8657 1.4 11.8819, -7.8185 1.4 11.8961, -7.4655 1.8739 11.8819, -7.4726 1.9155 11.8567, -7.4784 1.9499 11.8218, -7.4827 1.9748 11.7796, -7.485 1.9887 11.7324, -7.8248 1.5939 11.8819, -7.8635 1.6109 11.8567, -7.8954 1.625 11.8218, -7.9185 1.6351 11.7796, -7.9315 1.6409 11.7324, -7.7641 1.6955 11.8819, -7.7975 1.7214 11.8567, -7.8249 1.7428 11.8218, -7.8449 1.7584 11.7796, -7.856 1.7671 11.7324, -7.6805 1.7791 11.8819, -7.7064 1.8125 11.8567, -7.7278 1.8399 11.8218, -7.7434 1.8599 11.7796, -7.7521 1.871 11.7324, -7.5789 1.8398 11.8819, -7.5959 1.8785 11.8567, -7.61 1.9104 11.8218, -7.6201 1.9335 11.7796, -7.6258 1.9465 11.7324, -7.9822 -1.4 11.7324, -7.968 -1.4 11.7796, -7.9428 -1.4 11.8218, -7.9079 -1.4 11.8567, -7.8657 -1.4 11.8819, -7.8185 -1.4 11.8961, -7.785 -1.4 11.8989, -7.7729 -1.4979 11.8989, -7.7768 -1.4667 11.8989, -7.8124 -1.4726 11.8961, -7.7486 -1.5604 11.8989, -7.6983 -1.6443 11.8989, -7.7369 -1.5903 11.8989, -7.7817 -1.5748 11.8961, -7.6294 -1.7137 11.8989, -7.679 -1.6712 11.8989, -7.7269 -1.6665 11.8961, -7.5452 -1.7637 11.8989, -7.6074 -1.7326 11.8989, -7.6515 -1.7419 11.8961, -7.4514 -1.7918 11.8989, -7.5184 -1.7771 11.8989, -7.5598 -1.7967 11.8961, -7.385 -1.8 11.8989, -7.4215 -1.7984 11.8989, -7.4576 -1.8274 11.8961, -7.485 -1.9887 11.7324, -7.385 -1.9972 11.7324, -7.4827 -1.9748 11.7796, -7.385 -1.983 11.7796, -7.4784 -1.9499 11.8218, -7.385 -1.9578 11.8218, -7.4726 -1.9155 11.8567, -7.385 -1.9229 11.8567, -7.4655 -1.8739 11.8819, -7.385 -1.8807 11.8819, -7.385 -1.8335 11.8961, -7.8589 -1.4805 11.8819, -7.9005 -1.4876 11.8567, -7.9349 -1.4934 11.8218, -7.9598 -1.4977 11.7796, -7.9737 -1.5 11.7324, -7.5789 -1.8398 11.8819, -7.5959 -1.8785 11.8567, -7.61 -1.9104 11.8218, -7.6201 -1.9335 11.7796, -7.6258 -1.9465 11.7324, -7.6805 -1.7791 11.8819, -7.7064 -1.8125 11.8567, -7.7278 -1.8399 11.8218, -7.7434 -1.8599 11.7796, -7.7521 -1.871 11.7324, -7.7641 -1.6955 11.8819, -7.7975 -1.7214 11.8567, -7.8249 -1.7428 11.8218, -7.8449 -1.7584 11.7796, -7.856 -1.7671 11.7324, -7.8248 -1.5939 11.8819, -7.8635 -1.6109 11.8567, -7.8954 -1.625 11.8218, -7.9185 -1.6351 11.7796, -7.9315 -1.6409 11.7324, -7.2559 -1.03 11.8989, -7.585 -1.03 11.8989, -7.585 1.03 11.8989, -7.2559 1.03 11.8989
            ]
        }
        coordIndex [
            0,1,2,-1,3,4,5,-1,5,4,6,-1,5,6,7,-1,8,9,10,-1,10,9,5,-1,10,5,11,-1,11,5,7,-1,12,13,14,-1,14,13,15,-1,14,15,2,-1,2,15,16,-1,2,16,0,-1,12,14,17,-1,17,14,18,-1,17,18,19,-1,19,18,20,-1,20,18,21,-1,20,21,22,-1,22,21,23,-1,23,21,24,-1,23,24,25,-1,9,26,5,-1,5,26,27,-1,5,27,24,-1,24,27,28,-1,24,28,25,-1,29,30,31,-1,31,30,32,-1,33,34,35,-1,35,34,36,-1,36,37,35,-1,35,37,38,-1,35,38,39,-1,40,33,41,-1,41,33,35,-1,41,35,42,-1,42,35,43,-1,42,43,44,-1,44,43,45,-1,45,43,46,-1,46,43,47,-1,46,47,48,-1,48,47,49,-1,49,47,50,-1,49,50,51,-1,51,50,52,-1,52,50,53,-1,52,53,54,-1,30,55,32,-1,32,55,56,-1,32,56,53,-1,53,56,57,-1,53,57,54,-1,58,59,60,-1,61,62,63,-1,63,62,64,-1,65,66,67,-1,67,66,68,-1,67,68,60,-1,60,68,69,-1,60,69,58,-1,65,67,70,-1,70,67,71,-1,70,71,72,-1,72,71,73,-1,73,71,74,-1,73,74,75,-1,75,74,76,-1,76,74,77,-1,76,77,78,-1,62,79,64,-1,64,79,80,-1,64,80,77,-1,77,80,81,-1,77,81,78,-1,82,83,63,-1,63,83,61,-1,83,82,84,-1,85,86,87,-1,87,86,88,-1,89,90,91,-1,91,90,92,-1,91,92,84,-1,84,92,93,-1,84,93,83,-1,89,91,94,-1,94,91,95,-1,94,95,96,-1,96,95,97,-1,97,95,98,-1,97,98,99,-1,99,98,100,-1,100,98,101,-1,100,101,102,-1,86,103,88,-1,88,103,104,-1,88,104,101,-1,101,104,105,-1,101,105,102,-1,106,107,108,-1,108,107,109,-1,110,111,112,-1,113,114,112,-1,112,114,115,-1,112,115,110,-1,116,117,118,-1,118,117,119,-1,118,119,120,-1,121,122,118,-1,120,123,118,-1,118,123,124,-1,118,124,125,-1,118,122,112,-1,112,122,126,-1,112,126,113,-1,125,127,118,-1,118,127,128,-1,118,128,121,-1,115,114,129,-1,130,131,132,-1,133,134,135,-1,136,137,138,-1,139,140,141,-1,142,143,144,-1,144,143,145,-1,140,139,142,-1,142,139,146,-1,142,146,143,-1,147,148,141,-1,141,148,149,-1,141,149,139,-1,150,151,152,-1,152,151,147,-1,152,147,153,-1,153,147,141,-1,154,155,156,-1,156,155,157,-1,150,152,158,-1,158,152,156,-1,158,156,159,-1,159,156,157,-1,159,157,160,-1,161,162,163,-1,163,162,123,-1,163,123,164,-1,164,123,120,-1,164,120,119,-1,128,127,165,-1,165,127,125,-1,165,125,162,-1,162,125,124,-1,162,124,123,-1,114,113,129,-1,129,113,126,-1,129,126,166,-1,166,126,167,-1,168,169,110,-1,170,171,169,-1,169,171,111,-1,169,111,110,-1,161,130,162,-1,162,130,132,-1,162,132,165,-1,165,132,172,-1,165,172,128,-1,128,172,173,-1,128,173,121,-1,121,173,122,-1,131,133,132,-1,132,133,135,-1,132,135,172,-1,172,135,174,-1,172,174,173,-1,173,174,167,-1,173,167,122,-1,122,167,126,-1,134,136,135,-1,135,136,138,-1,135,138,174,-1,174,138,175,-1,174,175,167,-1,167,175,176,-1,167,176,166,-1,166,176,177,-1,166,177,129,-1,129,177,168,-1,129,168,115,-1,115,168,110,-1,137,154,138,-1,138,154,156,-1,138,156,175,-1,175,156,152,-1,175,152,176,-1,176,152,153,-1,176,153,177,-1,177,153,141,-1,177,141,168,-1,168,141,140,-1,168,140,169,-1,169,140,142,-1,169,142,170,-1,170,142,144,-1,178,179,180,-1,181,182,180,-1,180,182,183,-1,180,183,178,-1,184,185,186,-1,186,185,187,-1,188,186,189,-1,189,186,190,-1,184,186,180,-1,180,186,191,-1,180,191,192,-1,192,193,180,-1,180,193,194,-1,180,194,181,-1,187,195,186,-1,186,195,196,-1,186,196,197,-1,197,198,186,-1,186,198,199,-1,186,199,200,-1,200,201,186,-1,186,201,202,-1,186,202,190,-1,203,204,205,-1,206,207,205,-1,205,207,208,-1,205,208,203,-1,209,210,205,-1,211,212,213,-1,213,212,214,-1,213,214,205,-1,205,214,215,-1,205,215,216,-1,210,217,205,-1,205,217,218,-1,205,218,206,-1,211,219,212,-1,212,219,220,-1,212,220,221,-1,221,222,212,-1,212,222,223,-1,212,223,224,-1,216,225,205,-1,205,225,226,-1,205,226,209,-1,218,217,227,-1,216,215,228,-1,217,210,227,-1,227,210,209,-1,227,209,229,-1,229,209,226,-1,230,204,203,-1,203,208,230,-1,230,208,207,-1,230,207,206,-1,206,218,230,-1,230,218,227,-1,230,227,231,-1,231,227,232,-1,231,232,233,-1,216,228,225,-1,225,228,234,-1,225,234,226,-1,226,234,235,-1,226,235,229,-1,229,235,236,-1,229,236,227,-1,227,236,237,-1,227,237,232,-1,238,202,201,-1,239,240,241,-1,185,184,239,-1,239,184,180,-1,239,180,179,-1,198,197,241,-1,198,241,199,-1,199,241,242,-1,199,242,200,-1,197,196,241,-1,241,196,195,-1,241,195,239,-1,239,195,187,-1,239,187,185,-1,242,243,200,-1,200,243,244,-1,200,244,201,-1,201,244,245,-1,201,245,238,-1,240,246,241,-1,241,246,247,-1,241,247,242,-1,242,247,248,-1,242,248,243,-1,246,249,233,-1,233,249,250,-1,233,250,251,-1,252,253,254,-1,255,256,257,-1,258,259,260,-1,261,262,263,-1,264,265,266,-1,266,265,267,-1,268,269,270,-1,270,269,264,-1,271,272,273,-1,273,272,268,-1,274,255,275,-1,275,255,257,-1,275,257,276,-1,276,257,277,-1,278,279,280,-1,280,279,281,-1,280,281,277,-1,277,281,282,-1,277,282,276,-1,283,284,278,-1,278,284,285,-1,278,285,279,-1,254,286,252,-1,252,286,287,-1,252,287,283,-1,283,287,288,-1,283,288,284,-1,289,290,291,-1,291,290,292,-1,291,292,293,-1,293,292,294,-1,294,292,295,-1,294,295,296,-1,297,298,299,-1,299,298,300,-1,301,302,300,-1,300,302,303,-1,300,303,299,-1,304,305,306,-1,306,305,307,-1,264,266,270,-1,270,266,308,-1,270,308,309,-1,268,270,273,-1,273,270,309,-1,273,309,307,-1,307,309,310,-1,307,310,306,-1,304,302,305,-1,305,302,301,-1,305,301,307,-1,307,301,311,-1,307,311,273,-1,273,311,263,-1,273,263,271,-1,271,263,262,-1,297,296,298,-1,298,296,295,-1,298,295,300,-1,300,295,312,-1,300,312,301,-1,301,312,313,-1,301,313,311,-1,311,313,314,-1,311,314,263,-1,263,314,260,-1,263,260,261,-1,261,260,259,-1,290,253,292,-1,292,253,252,-1,292,252,295,-1,295,252,283,-1,295,283,312,-1,312,283,278,-1,312,278,313,-1,313,278,280,-1,313,280,314,-1,314,280,277,-1,314,277,260,-1,260,277,257,-1,260,257,258,-1,258,257,256,-1,315,316,317,-1,318,319,320,-1,320,319,321,-1,322,323,317,-1,317,323,324,-1,317,324,315,-1,325,326,322,-1,322,326,327,-1,322,327,323,-1,328,329,325,-1,325,329,330,-1,325,330,326,-1,331,332,328,-1,328,332,333,-1,328,333,329,-1,319,334,321,-1,321,334,335,-1,321,335,331,-1,331,335,336,-1,331,336,332,-1,337,338,339,-1,109,340,341,-1,341,340,342,-1,343,344,345,-1,344,343,346,-1,346,343,347,-1,346,347,348,-1,349,350,351,-1,351,350,352,-1,351,352,353,-1,353,352,354,-1,353,354,355,-1,342,337,341,-1,341,337,339,-1,341,339,356,-1,356,339,357,-1,356,357,351,-1,351,357,358,-1,351,358,349,-1,359,360,361,-1,361,360,362,-1,361,362,363,-1,364,365,366,-1,366,365,367,-1,366,367,368,-1,368,367,369,-1,368,369,362,-1,362,369,370,-1,362,370,363,-1,345,371,343,-1,343,371,372,-1,343,372,373,-1,373,372,374,-1,373,374,375,-1,376,377,107,-1,375,374,378,-1,378,374,379,-1,378,379,116,-1,380,381,348,-1,382,383,323,-1,384,385,315,-1,386,387,329,-1,388,389,390,-1,390,391,392,-1,392,391,393,-1,394,395,382,-1,384,315,396,-1,383,397,323,-1,323,397,398,-1,323,398,399,-1,359,400,360,-1,360,400,401,-1,360,401,392,-1,392,401,402,-1,392,402,390,-1,390,402,403,-1,390,403,388,-1,393,404,392,-1,392,404,405,-1,392,405,107,-1,107,405,406,-1,107,406,376,-1,377,407,107,-1,107,407,408,-1,107,408,409,-1,410,411,412,-1,16,365,0,-1,0,365,364,-1,0,364,413,-1,329,387,330,-1,330,387,414,-1,330,414,326,-1,326,414,415,-1,326,415,327,-1,327,415,416,-1,327,416,323,-1,323,416,417,-1,323,417,382,-1,382,417,418,-1,382,418,394,-1,385,419,315,-1,315,419,420,-1,315,420,421,-1,332,422,333,-1,333,422,423,-1,333,423,329,-1,329,423,424,-1,329,424,386,-1,355,354,425,-1,425,354,426,-1,425,426,427,-1,16,15,365,-1,365,15,13,-1,365,13,12,-1,396,315,399,-1,399,315,324,-1,399,324,323,-1,409,428,107,-1,107,428,429,-1,107,429,109,-1,109,429,430,-1,109,430,431,-1,431,432,109,-1,109,432,433,-1,109,433,434,-1,44,45,435,-1,421,436,315,-1,315,436,437,-1,315,437,438,-1,437,439,438,-1,438,439,440,-1,438,440,441,-1,332,336,422,-1,422,336,335,-1,422,335,442,-1,442,335,334,-1,442,334,319,-1,434,443,109,-1,109,443,444,-1,109,444,445,-1,446,412,413,-1,413,412,447,-1,413,447,448,-1,446,449,412,-1,412,449,450,-1,412,450,451,-1,448,452,413,-1,413,452,453,-1,413,453,0,-1,12,17,365,-1,365,17,19,-1,365,19,454,-1,454,19,20,-1,454,20,455,-1,455,20,22,-1,455,22,456,-1,456,22,23,-1,456,23,457,-1,457,23,25,-1,56,379,57,-1,57,379,54,-1,441,458,438,-1,438,458,459,-1,438,459,460,-1,445,461,109,-1,109,461,462,-1,109,462,463,-1,451,464,412,-1,412,464,465,-1,412,465,410,-1,410,465,466,-1,435,45,467,-1,467,45,46,-1,467,46,468,-1,468,46,48,-1,468,48,469,-1,469,48,49,-1,469,49,470,-1,470,49,51,-1,470,51,379,-1,379,51,52,-1,379,52,54,-1,471,472,473,-1,473,472,438,-1,473,438,474,-1,474,438,460,-1,471,475,472,-1,472,475,476,-1,472,476,477,-1,478,479,480,-1,480,479,481,-1,480,481,482,-1,483,484,485,-1,69,442,58,-1,58,442,319,-1,58,319,318,-1,463,486,109,-1,109,486,487,-1,109,487,340,-1,340,487,488,-1,340,488,489,-1,8,490,9,-1,9,490,491,-1,9,491,26,-1,26,491,492,-1,26,492,27,-1,27,492,493,-1,27,493,28,-1,28,493,494,-1,28,494,25,-1,25,494,495,-1,25,495,457,-1,348,347,380,-1,380,347,472,-1,380,472,481,-1,481,472,477,-1,481,477,482,-1,69,68,442,-1,442,68,66,-1,442,66,65,-1,56,55,379,-1,379,55,30,-1,379,30,116,-1,116,30,29,-1,116,29,496,-1,90,89,497,-1,496,498,116,-1,116,498,499,-1,116,499,500,-1,501,485,318,-1,318,485,502,-1,318,502,503,-1,501,504,485,-1,485,504,505,-1,485,505,506,-1,503,507,318,-1,318,507,508,-1,318,508,58,-1,65,70,442,-1,442,70,72,-1,442,72,509,-1,509,72,73,-1,509,73,510,-1,510,73,75,-1,510,75,511,-1,511,75,76,-1,511,76,512,-1,512,76,78,-1,104,426,105,-1,105,426,102,-1,435,513,44,-1,44,513,514,-1,44,514,42,-1,42,514,515,-1,42,515,41,-1,41,515,516,-1,41,516,40,-1,40,516,517,-1,40,517,518,-1,506,519,485,-1,485,519,520,-1,485,520,483,-1,483,520,521,-1,497,89,522,-1,522,89,94,-1,522,94,523,-1,523,94,96,-1,523,96,524,-1,524,96,97,-1,524,97,525,-1,525,97,99,-1,525,99,426,-1,426,99,100,-1,426,100,102,-1,8,526,490,-1,490,526,527,-1,490,527,517,-1,517,527,528,-1,517,528,529,-1,500,530,116,-1,116,530,531,-1,116,531,532,-1,497,533,90,-1,90,533,534,-1,90,534,92,-1,92,534,535,-1,92,535,93,-1,93,535,536,-1,93,536,83,-1,83,536,537,-1,83,537,61,-1,61,537,538,-1,61,538,62,-1,62,538,539,-1,62,539,79,-1,79,539,540,-1,79,540,80,-1,80,540,541,-1,80,541,81,-1,81,541,542,-1,81,542,78,-1,78,542,543,-1,78,543,512,-1,529,544,517,-1,517,544,545,-1,517,545,546,-1,546,547,517,-1,517,547,548,-1,517,548,518,-1,532,549,116,-1,116,549,550,-1,116,550,551,-1,552,117,553,-1,553,117,116,-1,553,116,554,-1,554,116,551,-1,104,103,426,-1,426,103,86,-1,426,86,427,-1,427,86,85,-1,427,85,555,-1,555,556,427,-1,427,556,557,-1,427,557,558,-1,558,559,427,-1,427,559,560,-1,427,560,561,-1,561,562,427,-1,427,562,563,-1,427,563,564,-1,565,566,567,-1,567,566,427,-1,567,427,568,-1,568,427,564,-1,569,438,472,-1,569,472,570,-1,570,472,347,-1,570,347,571,-1,571,347,343,-1,571,343,572,-1,572,343,373,-1,572,373,573,-1,573,373,375,-1,573,375,574,-1,574,375,378,-1,574,378,575,-1,575,378,116,-1,575,116,118,-1,192,191,576,-1,576,191,577,-1,576,577,578,-1,578,577,579,-1,580,581,582,-1,582,581,583,-1,582,583,584,-1,584,583,578,-1,584,578,585,-1,585,578,579,-1,580,586,581,-1,581,586,587,-1,581,587,588,-1,587,589,588,-1,588,589,590,-1,588,590,591,-1,591,590,592,-1,591,592,593,-1,593,592,594,-1,593,594,595,-1,594,596,595,-1,595,596,597,-1,595,597,598,-1,598,597,599,-1,598,599,600,-1,600,599,601,-1,600,601,602,-1,112,111,603,-1,603,111,171,-1,603,171,604,-1,604,171,605,-1,604,605,606,-1,606,605,607,-1,606,607,608,-1,608,607,600,-1,608,600,609,-1,609,600,602,-1,610,611,612,-1,612,611,613,-1,188,614,186,-1,186,614,615,-1,616,212,617,-1,617,212,224,-1,618,619,620,-1,620,619,621,-1,614,188,189,-1,214,212,616,-1,616,614,214,-1,214,614,189,-1,214,189,238,-1,238,189,190,-1,238,190,202,-1,246,233,247,-1,247,233,232,-1,247,232,248,-1,248,232,237,-1,248,237,243,-1,243,237,236,-1,243,236,244,-1,244,236,235,-1,244,235,245,-1,245,235,234,-1,245,234,238,-1,238,234,228,-1,238,228,214,-1,214,228,215,-1,622,289,623,-1,623,289,291,-1,623,291,624,-1,625,626,627,-1,627,626,628,-1,627,628,629,-1,629,628,630,-1,629,630,622,-1,622,630,631,-1,622,631,289,-1,625,632,626,-1,626,632,633,-1,626,633,634,-1,634,633,635,-1,634,635,636,-1,636,635,637,-1,637,638,636,-1,636,638,639,-1,636,639,640,-1,640,639,641,-1,640,641,642,-1,641,643,642,-1,642,643,644,-1,642,644,645,-1,644,646,645,-1,645,646,647,-1,645,647,648,-1,648,647,649,-1,648,649,650,-1,650,649,651,-1,652,653,223,-1,651,654,650,-1,650,654,655,-1,650,655,656,-1,656,655,652,-1,656,652,222,-1,222,652,223,-1,316,315,569,-1,569,315,438,-1,657,658,659,-1,601,599,660,-1,577,661,579,-1,579,661,662,-1,579,662,585,-1,585,662,584,-1,662,663,584,-1,584,663,664,-1,584,664,582,-1,582,664,580,-1,590,589,665,-1,665,589,587,-1,665,587,664,-1,664,587,586,-1,664,586,580,-1,599,597,660,-1,660,597,596,-1,660,596,666,-1,666,596,594,-1,666,594,592,-1,606,608,667,-1,667,608,609,-1,667,609,668,-1,668,609,602,-1,669,603,604,-1,112,603,670,-1,670,603,669,-1,670,669,671,-1,671,669,672,-1,671,672,673,-1,673,672,674,-1,674,672,675,-1,674,675,676,-1,676,675,677,-1,676,677,678,-1,678,677,679,-1,678,679,680,-1,680,679,681,-1,681,679,659,-1,681,659,682,-1,682,659,683,-1,683,659,658,-1,683,658,684,-1,661,685,662,-1,662,685,686,-1,662,686,663,-1,663,686,687,-1,663,687,688,-1,688,687,689,-1,688,689,690,-1,604,606,669,-1,669,606,667,-1,669,667,672,-1,672,667,668,-1,672,668,675,-1,675,668,691,-1,675,691,677,-1,677,691,692,-1,677,692,679,-1,679,692,693,-1,679,693,659,-1,659,693,694,-1,659,694,657,-1,657,694,695,-1,602,601,668,-1,668,601,660,-1,668,660,691,-1,691,660,666,-1,691,666,692,-1,692,666,696,-1,692,696,693,-1,693,696,697,-1,693,697,694,-1,694,697,698,-1,694,698,695,-1,695,698,699,-1,592,590,666,-1,666,590,665,-1,666,665,696,-1,696,665,664,-1,696,664,697,-1,697,664,663,-1,697,663,698,-1,698,663,688,-1,698,688,699,-1,699,688,690,-1,615,700,186,-1,186,700,577,-1,186,577,191,-1,701,702,703,-1,703,702,704,-1,705,610,706,-1,706,610,612,-1,610,705,611,-1,611,705,707,-1,708,700,703,-1,614,613,611,-1,707,709,611,-1,611,709,701,-1,611,701,614,-1,703,700,701,-1,701,700,615,-1,701,615,614,-1,710,711,703,-1,703,711,712,-1,712,713,703,-1,703,713,714,-1,703,714,708,-1,715,702,709,-1,709,702,701,-1,618,620,616,-1,716,717,718,-1,719,720,721,-1,721,720,618,-1,618,616,721,-1,721,616,617,-1,721,617,718,-1,617,722,718,-1,718,722,723,-1,718,723,724,-1,724,725,718,-1,718,725,726,-1,718,726,716,-1,619,618,727,-1,727,618,720,-1,619,727,621,-1,621,727,728,-1,614,616,621,-1,621,616,620,-1,613,614,612,-1,612,614,621,-1,612,621,706,-1,706,621,728,-1,721,729,719,-1,719,729,730,-1,729,721,731,-1,731,721,718,-1,722,617,653,-1,653,617,224,-1,653,224,223,-1,732,733,734,-1,653,652,735,-1,735,652,655,-1,735,655,654,-1,736,737,735,-1,735,737,738,-1,735,738,653,-1,739,740,741,-1,741,740,742,-1,741,742,743,-1,744,745,746,-1,746,745,747,-1,746,747,748,-1,748,747,749,-1,750,751,752,-1,752,751,753,-1,752,753,754,-1,754,753,755,-1,754,755,749,-1,749,755,756,-1,749,756,748,-1,757,758,750,-1,750,758,759,-1,750,759,751,-1,624,760,757,-1,757,760,761,-1,757,761,758,-1,629,622,757,-1,757,622,623,-1,757,623,624,-1,635,633,762,-1,762,633,632,-1,762,632,763,-1,763,632,625,-1,763,625,627,-1,638,637,764,-1,644,643,765,-1,765,643,641,-1,765,641,764,-1,764,641,639,-1,764,639,638,-1,646,766,647,-1,647,766,767,-1,647,767,649,-1,649,767,651,-1,651,767,654,-1,654,767,743,-1,654,743,735,-1,735,743,742,-1,735,742,736,-1,768,739,769,-1,769,739,741,-1,769,741,770,-1,770,741,743,-1,770,743,771,-1,771,743,767,-1,771,767,765,-1,765,767,766,-1,765,766,644,-1,644,766,646,-1,733,768,734,-1,734,768,769,-1,734,769,772,-1,772,769,770,-1,772,770,773,-1,773,770,771,-1,773,771,774,-1,774,771,765,-1,774,765,762,-1,762,765,764,-1,762,764,635,-1,635,764,637,-1,745,732,747,-1,747,732,734,-1,747,734,749,-1,749,734,772,-1,749,772,754,-1,754,772,773,-1,754,773,752,-1,752,773,774,-1,752,774,750,-1,750,774,762,-1,750,762,757,-1,757,762,763,-1,757,763,629,-1,629,763,627,-1,775,756,755,-1,624,320,776,-1,756,775,748,-1,748,775,777,-1,748,777,746,-1,746,777,778,-1,746,778,744,-1,753,779,755,-1,755,779,780,-1,755,780,775,-1,753,751,779,-1,779,751,759,-1,779,759,781,-1,759,758,781,-1,781,758,761,-1,781,761,776,-1,776,761,760,-1,776,760,624,-1,782,783,784,-1,782,784,785,-1,786,787,788,-1,789,790,791,-1,792,793,794,-1,795,796,797,-1,798,799,800,-1,317,316,801,-1,801,316,802,-1,801,802,803,-1,803,802,804,-1,803,804,805,-1,805,804,806,-1,805,806,807,-1,807,806,808,-1,807,808,809,-1,809,808,810,-1,809,810,800,-1,800,810,811,-1,800,811,798,-1,783,778,784,-1,784,778,777,-1,784,777,812,-1,812,777,775,-1,812,775,813,-1,813,775,780,-1,813,780,814,-1,814,780,779,-1,814,779,815,-1,815,779,781,-1,815,781,816,-1,816,781,776,-1,816,776,321,-1,321,776,320,-1,799,795,800,-1,800,795,797,-1,800,797,809,-1,809,797,817,-1,809,817,807,-1,807,817,818,-1,807,818,805,-1,805,818,819,-1,805,819,803,-1,803,819,820,-1,803,820,801,-1,801,820,821,-1,801,821,317,-1,317,821,322,-1,796,792,797,-1,797,792,794,-1,797,794,817,-1,817,794,822,-1,817,822,818,-1,818,822,823,-1,818,823,819,-1,819,823,824,-1,819,824,820,-1,820,824,825,-1,820,825,821,-1,821,825,826,-1,821,826,322,-1,322,826,325,-1,793,789,794,-1,794,789,791,-1,794,791,822,-1,822,791,827,-1,822,827,823,-1,823,827,828,-1,823,828,824,-1,824,828,829,-1,824,829,825,-1,825,829,830,-1,825,830,826,-1,826,830,831,-1,826,831,325,-1,325,831,328,-1,790,786,791,-1,791,786,788,-1,791,788,827,-1,827,788,832,-1,827,832,828,-1,828,832,833,-1,828,833,829,-1,829,833,834,-1,829,834,830,-1,830,834,835,-1,830,835,831,-1,831,835,836,-1,831,836,328,-1,328,836,331,-1,787,785,788,-1,788,785,784,-1,788,784,832,-1,832,784,812,-1,832,812,833,-1,833,812,813,-1,833,813,834,-1,834,813,814,-1,834,814,835,-1,835,814,815,-1,835,815,836,-1,836,815,816,-1,836,816,331,-1,331,816,321,-1,316,569,837,-1,316,837,802,-1,802,837,838,-1,802,838,804,-1,804,838,839,-1,804,839,806,-1,806,839,840,-1,806,840,808,-1,808,840,841,-1,808,841,810,-1,810,841,842,-1,810,842,811,-1,811,842,843,-1,811,843,798,-1,844,845,846,-1,844,846,847,-1,848,849,850,-1,851,852,853,-1,854,855,856,-1,857,858,859,-1,860,861,862,-1,575,118,863,-1,863,118,864,-1,863,864,865,-1,865,864,866,-1,865,866,867,-1,867,866,868,-1,867,868,869,-1,869,868,870,-1,869,870,871,-1,871,870,872,-1,871,872,862,-1,862,872,873,-1,862,873,860,-1,845,843,846,-1,846,843,842,-1,846,842,874,-1,874,842,841,-1,874,841,875,-1,875,841,840,-1,875,840,876,-1,876,840,839,-1,876,839,877,-1,877,839,838,-1,877,838,878,-1,878,838,837,-1,878,837,570,-1,570,837,569,-1,861,857,862,-1,862,857,859,-1,862,859,871,-1,871,859,879,-1,871,879,869,-1,869,879,880,-1,869,880,867,-1,867,880,881,-1,867,881,865,-1,865,881,882,-1,865,882,863,-1,863,882,883,-1,863,883,575,-1,575,883,574,-1,858,854,859,-1,859,854,856,-1,859,856,879,-1,879,856,884,-1,879,884,880,-1,880,884,885,-1,880,885,881,-1,881,885,886,-1,881,886,882,-1,882,886,887,-1,882,887,883,-1,883,887,888,-1,883,888,574,-1,574,888,573,-1,855,851,856,-1,856,851,853,-1,856,853,884,-1,884,853,889,-1,884,889,885,-1,885,889,890,-1,885,890,886,-1,886,890,891,-1,886,891,887,-1,887,891,892,-1,887,892,888,-1,888,892,893,-1,888,893,573,-1,573,893,572,-1,852,848,853,-1,853,848,850,-1,853,850,889,-1,889,850,894,-1,889,894,890,-1,890,894,895,-1,890,895,891,-1,891,895,896,-1,891,896,892,-1,892,896,897,-1,892,897,893,-1,893,897,898,-1,893,898,572,-1,572,898,571,-1,849,847,850,-1,850,847,846,-1,850,846,894,-1,894,846,874,-1,894,874,895,-1,895,874,875,-1,895,875,896,-1,896,875,876,-1,896,876,897,-1,897,876,877,-1,897,877,898,-1,898,877,878,-1,898,878,571,-1,571,878,570,-1,684,860,873,-1,872,682,873,-1,873,682,683,-1,873,683,684,-1,870,680,872,-1,872,680,681,-1,872,681,682,-1,674,676,870,-1,870,676,678,-1,870,678,680,-1,870,868,674,-1,674,868,866,-1,674,866,673,-1,673,866,671,-1,671,866,864,-1,671,864,670,-1,670,864,118,-1,670,118,112,-1,684,658,711,-1,711,658,712,-1,577,700,661,-1,661,700,708,-1,661,708,685,-1,685,708,686,-1,686,708,714,-1,686,714,687,-1,713,690,714,-1,714,690,689,-1,714,689,687,-1,658,657,712,-1,712,657,695,-1,712,695,713,-1,713,695,699,-1,713,699,690,-1,899,710,704,-1,704,710,703,-1,900,899,715,-1,715,899,704,-1,715,704,702,-1,709,707,715,-1,715,707,705,-1,720,719,727,-1,727,719,730,-1,901,900,730,-1,730,900,715,-1,730,715,727,-1,727,715,705,-1,727,705,728,-1,728,705,706,-1,902,901,731,-1,731,901,730,-1,731,730,729,-1,717,902,718,-1,718,902,731,-1,744,716,745,-1,745,716,726,-1,736,724,737,-1,737,724,723,-1,737,723,738,-1,738,723,722,-1,738,722,653,-1,736,742,724,-1,724,742,740,-1,724,740,725,-1,725,740,739,-1,739,768,725,-1,725,768,733,-1,725,733,726,-1,726,733,732,-1,726,732,745,-1,684,711,860,-1,860,711,710,-1,860,710,861,-1,844,847,899,-1,899,847,849,-1,899,849,848,-1,848,852,899,-1,899,852,851,-1,899,851,855,-1,902,717,783,-1,716,744,717,-1,717,744,778,-1,717,778,783,-1,855,854,899,-1,899,854,858,-1,899,858,710,-1,710,858,857,-1,710,857,861,-1,783,782,902,-1,902,782,785,-1,902,785,787,-1,787,786,902,-1,902,786,790,-1,902,790,789,-1,789,793,902,-1,902,793,792,-1,902,792,796,-1,796,795,902,-1,902,795,799,-1,902,799,901,-1,901,799,798,-1,901,798,900,-1,900,798,843,-1,900,843,899,-1,899,843,845,-1,899,845,844,-1,
        ]
    }
}
Shape{
    appearance Appearance {
        material  Material 	{
            diffuseColor 0.0 0.0 0.0
            specularColor 0.0 0.0 0.0
            ambientIntensity 0.0
            transparency 0.0
            shininess 0.5
        }
    }
    geometry IndexedFaceSet {
        ccw TRUE
        solid FALSE
        coord DEF co Coordinate {
            point [
                0.4646 -4.3839 9.9938, 0.4646 -4.3839 9.9634, 0.4646 -4.38 9.9938, 0.4646 -4.38 9.9634, 0.3583 -4.3839 9.9938, 0.3583 -4.38 9.9938, 0.3583 -4.3839 10.2303, 0.3583 -4.38 10.2303, 0.3239 -4.3839 10.2303, 0.3239 -4.38 10.2303, 0.3239 -4.3839 9.9634, 0.3239 -4.38 9.9634, 0.6015 -4.3839 9.9589, 0.6015 -4.38 9.9589, 0.6449 -4.38 9.9633, 0.6449 -4.3839 9.9633, 0.6754 -4.38 9.9744, 0.6754 -4.3839 9.9744, 0.6754 -4.3839 10.0074, 0.6754 -4.38 10.0074, 0.6481 -4.38 9.9953, 0.6481 -4.3839 9.9953, 0.6177 -4.38 9.9899, 0.6177 -4.3839 9.9899, 0.6065 -4.38 9.9896, 0.6065 -4.3839 9.9896, 0.5816 -4.38 9.9923, 0.5816 -4.3839 9.9923, 0.5623 -4.38 9.9993, 0.5623 -4.3839 9.9993, 0.5445 -4.38 10.0113, 0.5445 -4.3839 10.0113, 0.5379 -4.38 10.0177, 0.5379 -4.3839 10.0177, 0.5243 -4.38 10.0368, 0.5243 -4.3839 10.0368, 0.5159 -4.38 10.0586, 0.5159 -4.3839 10.0586, 0.5117 -4.38 10.0913, 0.5117 -4.3839 10.0913, 0.5117 -4.38 10.0938, 0.5117 -4.3839 10.0938, 0.5161 -4.38 10.1305, 0.5161 -4.3839 10.1305, 0.5251 -4.38 10.1536, 0.5251 -4.3839 10.1536, 0.538 -4.38 10.1721, 0.538 -4.3839 10.1721, 0.5398 -4.38 10.1741, 0.5398 -4.3839 10.1741, 0.5568 -4.38 10.1883, 0.5568 -4.3839 10.1883, 0.5776 -4.38 10.1984, 0.5776 -4.3839 10.1984, 0.6007 -4.38 10.2031, 0.6007 -4.3839 10.2031, 0.6125 -4.38 10.2037, 0.6125 -4.3839 10.2037, 0.6472 -4.38 10.1993, 0.6472 -4.3839 10.1993, 0.6754 -4.38 10.1878, 0.6754 -4.3839 10.1878, 0.6754 -4.3839 10.2239, 0.6754 -4.38 10.2239, 0.6121 -4.38 10.2348, 0.6121 -4.3839 10.2348, 0.6146 -4.3839 10.2348, 0.6491 -4.38 10.2317, 0.6491 -4.3839 10.2317, 0.6395 -4.38 10.2325, 0.6146 -4.38 10.2348, 0.5747 -4.3839 10.2304, 0.593 -4.38 10.2325, 0.5747 -4.38 10.2304, 0.5466 -4.38 10.2197, 0.5466 -4.3839 10.2197, 0.5206 -4.38 10.2017, 0.5206 -4.3839 10.2017, 0.5141 -4.38 10.1955, 0.5141 -4.3839 10.1955, 0.4939 -4.38 10.1687, 0.4939 -4.3839 10.1687, 0.4875 -4.38 10.1532, 0.4816 -4.3839 10.1388, 0.4816 -4.38 10.1388, 0.4759 -4.38 10.1036, 0.4759 -4.3839 10.1036, 0.4756 -4.38 10.0918, 0.4756 -4.3839 10.0918, 0.48 -4.38 10.0516, 0.4875 -4.38 10.0309, 0.4904 -4.3839 10.023, 0.48 -4.3839 10.0516, 0.4904 -4.38 10.023, 0.5058 -4.38 9.9998, 0.5058 -4.3839 9.9998, 0.5098 -4.38 9.9953, 0.5098 -4.3839 9.9953, 0.53 -4.38 9.9783, 0.53 -4.3839 9.9783, 0.555 -4.38 9.9661, 0.555 -4.3839 9.9661, 0.5836 -4.38 9.9598, 0.5836 -4.3839 9.9598, 0.8724 -4.3839 9.9938, 0.8724 -4.3839 9.9634, 0.8724 -4.38 9.9938, 0.8724 -4.38 9.9634, 0.7633 -4.38 9.9938, 0.7633 -4.3839 9.9938, 0.8353 -4.38 9.9938, 0.7633 -4.3839 10.0836, 0.7633 -4.38 10.0836, 0.8587 -4.38 10.0836, 0.8587 -4.3839 10.0836, 0.8353 -4.38 10.0836, 0.8587 -4.3839 10.1141, 0.8587 -4.38 10.1141, 0.7633 -4.38 10.1141, 0.7633 -4.3839 10.1141, 0.8353 -4.38 10.1141, 0.7633 -4.3839 10.1996, 0.7633 -4.38 10.1996, 0.8663 -4.38 10.1996, 0.8663 -4.3839 10.1996, 0.8353 -4.38 10.1996, 0.8663 -4.3839 10.2303, 0.8663 -4.38 10.2303, 0.7288 -4.38 10.2303, 0.7288 -4.3839 10.2303, 0.8353 -4.38 10.2303, 0.7288 -4.3839 9.9634, 0.7288 -4.38 9.9634, 0.8353 -4.38 9.9634, 1.1031 -4.3839 10.0841, 1.1391 -4.3839 10.0813, 1.1038 -4.3839 10.0993, 1.1401 -4.3839 10.1002, 1.1006 -4.3839 10.1299, 1.1357 -4.3839 10.1368, 1.0934 -4.3839 10.1501, 1.1258 -4.3839 10.1623, 1.0834 -4.3839 10.1655, 1.1093 -4.3839 10.1856, 1.0746 -4.3839 10.1745, 1.0998 -4.3839 10.1949, 1.0541 -4.3839 10.1879, 1.0712 -4.3839 10.2144, 1.0307 -4.3839 10.1961, 1.0389 -4.3839 10.226, 0.9975 -4.3839 10.1996, 0.9989 -4.3839 10.2303, 0.9572 -4.3839 10.1996, 0.9228 -4.3839 10.2303, 0.9572 -4.3839 9.9938, 0.9228 -4.3839 9.9634, 0.996 -4.3839 9.9938, 0.9962 -4.3839 9.9634, 1.033 -4.3839 9.9982, 1.0372 -4.3839 9.9678, 1.055 -4.3839 10.0068, 1.0685 -4.3839 9.979, 1.0722 -4.3839 10.0187, 1.0947 -4.3839 9.9962, 1.0753 -4.3839 10.0216, 1.0998 -4.3839 10.0008, 1.0893 -4.3839 10.0392, 1.1187 -4.3839 10.023, 1.0982 -4.3839 10.0593, 1.1322 -4.3839 10.0503, 0.9962 -4.38 9.9634, 0.9228 -4.38 9.9634, 1.0372 -4.38 9.9678, 1.045 -4.38 9.9706, 1.0685 -4.38 9.979, 1.0947 -4.38 9.9962, 1.0998 -4.38 10.0008, 1.1187 -4.38 10.023, 1.1322 -4.38 10.0503, 1.1391 -4.38 10.0813, 1.1401 -4.38 10.1002, 1.1357 -4.38 10.1368, 1.1258 -4.38 10.1623, 1.1093 -4.38 10.1856, 1.0998 -4.38 10.1949, 1.0712 -4.38 10.2144, 1.045 -4.38 10.2237, 1.0389 -4.38 10.226, 0.9989 -4.38 10.2303, 0.9228 -4.38 10.2303, 0.9975 -4.38 10.1996, 0.9572 -4.38 10.1996, 0.9572 -4.38 9.9938, 0.996 -4.38 9.9938, 1.0753 -4.38 10.0216, 1.0722 -4.38 10.0187, 1.055 -4.38 10.0068, 1.033 -4.38 9.9982, 1.1038 -4.38 10.0993, 1.1031 -4.38 10.0841, 1.0982 -4.38 10.0593, 1.0893 -4.38 10.0392, 1.0746 -4.38 10.1745, 1.0834 -4.38 10.1655, 1.0934 -4.38 10.1501, 1.1006 -4.38 10.1299, 1.0307 -4.38 10.1961, 1.0541 -4.38 10.1879
            ]
        }
        coordIndex [
            0,1,2,-1,2,1,3,-1,4,0,5,-1,5,0,2,-1,6,4,7,-1,7,4,5,-1,8,6,9,-1,9,6,7,-1,10,8,11,-1,11,8,9,-1,1,10,3,-1,3,10,11,-1,6,8,4,-1,4,8,10,-1,4,10,0,-1,0,10,1,-1,12,13,14,-1,12,14,15,-1,15,14,16,-1,15,16,17,-1,18,17,19,-1,19,17,16,-1,18,19,20,-1,18,20,21,-1,21,20,22,-1,21,22,23,-1,23,22,24,-1,23,24,25,-1,25,24,26,-1,25,26,27,-1,27,26,28,-1,27,28,29,-1,29,28,30,-1,29,30,31,-1,31,30,32,-1,31,32,33,-1,33,32,34,-1,33,34,35,-1,35,34,36,-1,35,36,37,-1,37,36,38,-1,37,38,39,-1,39,38,40,-1,39,40,41,-1,41,40,42,-1,41,42,43,-1,43,42,44,-1,43,44,45,-1,45,44,46,-1,45,46,47,-1,47,46,48,-1,47,48,49,-1,49,48,50,-1,49,50,51,-1,51,50,52,-1,51,52,53,-1,53,52,54,-1,53,54,55,-1,55,54,56,-1,55,56,57,-1,57,56,58,-1,57,58,59,-1,59,58,60,-1,59,60,61,-1,62,61,63,-1,63,61,60,-1,64,65,66,-1,62,63,67,-1,62,67,68,-1,68,67,69,-1,68,69,66,-1,66,69,70,-1,66,70,64,-1,71,65,72,-1,72,65,64,-1,72,73,71,-1,71,73,74,-1,71,74,75,-1,75,74,76,-1,75,76,77,-1,77,76,78,-1,77,78,79,-1,79,78,80,-1,79,80,81,-1,81,80,82,-1,81,82,83,-1,82,84,83,-1,83,84,85,-1,83,85,86,-1,86,85,87,-1,86,87,88,-1,88,87,89,-1,90,91,89,-1,89,91,92,-1,89,92,88,-1,90,93,91,-1,91,93,94,-1,91,94,95,-1,95,94,96,-1,95,96,97,-1,97,96,98,-1,97,98,99,-1,99,98,100,-1,99,100,101,-1,101,100,102,-1,101,102,103,-1,103,102,13,-1,103,13,12,-1,35,37,92,-1,92,37,88,-1,79,49,77,-1,77,49,51,-1,37,39,88,-1,88,39,41,-1,88,41,86,-1,86,41,43,-1,86,43,83,-1,83,43,81,-1,81,43,45,-1,81,45,79,-1,79,45,47,-1,79,47,49,-1,61,62,59,-1,59,62,68,-1,59,68,57,-1,57,68,66,-1,57,66,55,-1,55,66,65,-1,55,65,53,-1,53,65,71,-1,53,71,51,-1,51,71,75,-1,51,75,77,-1,17,18,15,-1,15,18,21,-1,15,21,12,-1,92,91,35,-1,35,91,95,-1,35,95,33,-1,33,95,97,-1,33,97,31,-1,31,97,99,-1,31,99,29,-1,29,99,101,-1,29,101,27,-1,27,101,103,-1,27,103,25,-1,25,103,12,-1,25,12,23,-1,23,12,21,-1,104,105,106,-1,106,105,107,-1,108,109,110,-1,110,109,104,-1,110,104,106,-1,111,109,112,-1,112,109,108,-1,113,114,115,-1,115,114,111,-1,115,111,112,-1,116,114,117,-1,117,114,113,-1,118,119,120,-1,120,119,116,-1,120,116,117,-1,121,119,122,-1,122,119,118,-1,123,124,125,-1,125,124,121,-1,125,121,122,-1,126,124,127,-1,127,124,123,-1,128,129,130,-1,130,129,126,-1,130,126,127,-1,131,129,132,-1,132,129,128,-1,107,105,133,-1,133,105,131,-1,133,131,132,-1,131,105,104,-1,104,109,131,-1,131,109,111,-1,131,111,129,-1,124,126,121,-1,121,126,129,-1,121,129,119,-1,119,129,111,-1,119,111,116,-1,116,111,114,-1,134,135,136,-1,136,135,137,-1,136,137,138,-1,138,137,139,-1,138,139,140,-1,140,139,141,-1,140,141,142,-1,142,141,143,-1,142,143,144,-1,144,143,145,-1,144,145,146,-1,146,145,147,-1,146,147,148,-1,148,147,149,-1,148,149,150,-1,150,149,151,-1,150,151,152,-1,152,151,153,-1,152,153,154,-1,154,153,155,-1,154,155,156,-1,156,155,157,-1,156,157,158,-1,158,157,159,-1,158,159,160,-1,160,159,161,-1,160,161,162,-1,162,161,163,-1,162,163,164,-1,164,163,165,-1,164,165,166,-1,166,165,167,-1,166,167,168,-1,168,167,169,-1,168,169,134,-1,134,169,135,-1,157,155,170,-1,170,155,171,-1,157,170,172,-1,157,172,159,-1,159,172,173,-1,159,173,161,-1,173,174,161,-1,161,174,175,-1,161,175,163,-1,163,175,176,-1,163,176,165,-1,165,176,177,-1,165,177,167,-1,167,177,178,-1,167,178,169,-1,169,178,179,-1,169,179,135,-1,135,179,180,-1,135,180,137,-1,137,180,181,-1,137,181,139,-1,139,181,182,-1,139,182,141,-1,141,182,183,-1,141,183,143,-1,143,183,184,-1,143,184,145,-1,145,184,185,-1,186,149,185,-1,185,149,147,-1,185,147,145,-1,186,187,149,-1,149,187,188,-1,149,188,151,-1,153,151,189,-1,189,151,188,-1,155,153,171,-1,171,153,189,-1,150,152,190,-1,190,152,191,-1,152,154,191,-1,191,154,192,-1,154,156,192,-1,192,156,193,-1,164,194,195,-1,164,195,162,-1,162,195,196,-1,162,196,160,-1,160,196,197,-1,160,197,158,-1,158,197,193,-1,158,193,156,-1,136,198,199,-1,136,199,134,-1,134,199,200,-1,134,200,168,-1,168,200,201,-1,168,201,166,-1,166,201,194,-1,166,194,164,-1,144,202,203,-1,144,203,142,-1,142,203,204,-1,142,204,140,-1,140,204,205,-1,140,205,138,-1,138,205,198,-1,138,198,136,-1,150,190,206,-1,150,206,148,-1,148,206,207,-1,148,207,146,-1,146,207,202,-1,146,202,144,-1,
        ]
    }
}
Shape{
    appearance Appearance {
        material  Material 	{
            diffuseColor 1.0 1.0 1.0
            specularColor 0.5019607843137255 0.5019607843137255 0.5019607843137255
            ambientIntensity 1.0
            transparency 0.0
            shininess 0.5
        }
    }
    geometry IndexedFaceSet {
        ccw TRUE
        solid FALSE
        coord DEF co Coordinate {
            point [
                0.9572 -4.38 10.1996, 0.9572 -4.38 9.9938, 0.9975 -4.38 10.1996, 0.996 -4.38 9.9938, 1.033 -4.38 9.9982, 1.055 -4.38 10.0068, 1.0722 -4.38 10.0187, 1.0753 -4.38 10.0216, 1.0893 -4.38 10.0392, 1.0982 -4.38 10.0593, 1.1031 -4.38 10.0841, 1.1038 -4.38 10.0993, 1.1006 -4.38 10.1299, 1.0934 -4.38 10.1501, 1.0834 -4.38 10.1655, 1.0746 -4.38 10.1745, 1.0307 -4.38 10.1961, 1.0541 -4.38 10.1879
            ]
        }
        coordIndex [
            0,1,2,-1,2,1,3,-1,2,3,4,-1,4,5,2,-1,2,5,6,-1,2,6,7,-1,7,8,2,-1,2,8,9,-1,2,9,10,-1,10,11,2,-1,2,11,12,-1,2,12,13,-1,13,14,2,-1,2,14,15,-1,2,15,16,-1,16,15,17,-1,
        ]
    }
}
Shape{
    appearance Appearance {
        material  Material 	{
            diffuseColor 0.0 0.0 0.0
            specularColor 0.0 0.0 0.0
            ambientIntensity 0.0
            transparency 0.0
            shininess 0.5
        }
    }
    geometry IndexedFaceSet {
        ccw TRUE
        solid FALSE
        coord DEF co Coordinate {
            point [
                1.2295 -4.3839 10.0665, 1.2186 -4.3839 10.0364, 1.3191 -4.3839 10.0665, 1.3297 -4.3839 10.0364, 1.2694 -4.3839 10.1775, 1.2565 -4.3839 10.2303, 1.1549 -4.3839 9.9634, 1.1929 -4.3839 9.9634, 1.2717 -4.3839 10.1854, 1.2738 -4.3839 10.1962, 1.2934 -4.3839 10.2303, 1.2746 -4.3839 10.1962, 1.2768 -4.3839 10.1849, 1.2788 -4.3839 10.1775, 1.395 -4.3839 9.9634, 1.357 -4.3839 9.9634, 1.2934 -4.38 10.2303, 1.395 -4.38 9.9634, 1.2565 -4.38 10.2303, 1.1549 -4.38 9.9634, 1.2318 -4.38 10.1653, 1.1929 -4.38 9.9634, 1.2186 -4.38 10.0364, 1.3297 -4.38 10.0364, 1.2318 -4.38 10.0364, 1.357 -4.38 9.9634, 1.2295 -4.38 10.0665, 1.3191 -4.38 10.0665, 1.2788 -4.38 10.1775, 1.2746 -4.38 10.1962, 1.2768 -4.38 10.1849, 1.2738 -4.38 10.1962, 1.2694 -4.38 10.1775, 1.2717 -4.38 10.1854
            ]
        }
        coordIndex [
            0,1,2,-1,2,1,3,-1,4,5,0,-1,0,5,6,-1,0,6,1,-1,1,6,7,-1,4,8,5,-1,5,8,9,-1,5,9,10,-1,10,9,11,-1,10,11,12,-1,12,13,10,-1,10,13,2,-1,10,2,14,-1,14,2,3,-1,14,3,15,-1,10,14,16,-1,16,14,17,-1,5,10,18,-1,18,10,16,-1,19,6,20,-1,20,6,5,-1,20,5,18,-1,7,6,21,-1,21,6,19,-1,1,7,22,-1,22,7,21,-1,23,3,24,-1,24,3,1,-1,24,1,22,-1,15,3,25,-1,25,3,23,-1,14,15,17,-1,17,15,25,-1,0,2,26,-1,26,2,27,-1,2,13,27,-1,27,13,28,-1,11,29,30,-1,11,30,12,-1,12,30,28,-1,12,28,13,-1,11,9,29,-1,29,9,31,-1,4,32,33,-1,4,33,8,-1,8,33,31,-1,8,31,9,-1,4,0,32,-1,32,0,26,-1,
        ]
    }
}
Shape{
    appearance Appearance {
        material  Material 	{
            diffuseColor 1.0 1.0 1.0
            specularColor 0.5019607843137255 0.5019607843137255 0.5019607843137255
            ambientIntensity 1.0
            transparency 0.0
            shininess 0.5
        }
    }
    geometry IndexedFaceSet {
        ccw TRUE
        solid FALSE
        coord DEF co Coordinate {
            point [
                1.2746 -4.38 10.1962, 1.2738 -4.38 10.1962, 1.2768 -4.38 10.1849, 1.2717 -4.38 10.1854, 1.2788 -4.38 10.1775, 1.2694 -4.38 10.1775, 1.3191 -4.38 10.0665, 1.2295 -4.38 10.0665
            ]
        }
        coordIndex [
            0,1,2,-1,2,1,3,-1,2,3,4,-1,4,3,5,-1,4,5,6,-1,6,5,7,-1,
        ]
    }
}
Shape{
    appearance Appearance {
        material  Material 	{
            diffuseColor 0.0 0.0 0.0
            specularColor 0.0 0.0 0.0
            ambientIntensity 0.0
            transparency 0.0
            shininess 0.5
        }
    }
    geometry IndexedFaceSet {
        ccw TRUE
        solid FALSE
        coord DEF co Coordinate {
            point [
                0.4674 -4.3839 9.5704, 0.4674 -4.3839 9.54, 0.4674 -4.38 9.5704, 0.4674 -4.38 9.54, 0.3583 -4.3839 9.5704, 0.3583 -4.38 9.5704, 0.3583 -4.3839 9.6602, 0.3583 -4.38 9.6602, 0.4538 -4.3839 9.6602, 0.4538 -4.38 9.6602, 0.4538 -4.3839 9.6907, 0.4538 -4.38 9.6907, 0.3583 -4.3839 9.6907, 0.3583 -4.38 9.6907, 0.3583 -4.3839 9.7762, 0.3583 -4.38 9.7762, 0.4614 -4.3839 9.7762, 0.4614 -4.38 9.7762, 0.4614 -4.3839 9.8069, 0.4614 -4.38 9.8069, 0.3239 -4.3839 9.8069, 0.3239 -4.38 9.8069, 0.3239 -4.3839 9.54, 0.3239 -4.38 9.54, 0.5379 -4.3839 9.6472, 0.5476 -4.3839 9.6219, 0.5563 -4.3839 9.6256, 0.6183 -4.3839 9.5694, 0.6192 -4.3839 9.5694, 0.617 -4.3839 9.6002, 0.6191 -4.3839 9.6151, 0.6526 -4.3839 9.6626, 0.6192 -4.3839 9.6173, 0.6192 -4.3839 9.6356, 0.6192 -4.3839 9.54, 0.6526 -4.3839 9.54, 0.5627 -4.3839 9.6532, 0.5745 -4.3839 9.6296, 0.6192 -4.3839 9.6611, 0.618 -4.3839 9.6759, 0.6501 -4.3839 9.6878, 0.6145 -4.3839 9.6878, 0.6448 -4.3839 9.7031, 0.6106 -4.3839 9.6947, 0.638 -4.3839 9.7139, 0.6056 -4.3839 9.7001, 0.6291 -4.3839 9.7224, 0.5996 -4.3839 9.7039, 0.618 -4.3839 9.7288, 0.5919 -4.3839 9.7066, 0.604 -4.3839 9.7331, 0.5806 -4.3839 9.7078, 0.5837 -4.3839 9.735, 0.5603 -4.3839 9.7057, 0.5521 -4.3839 9.7314, 0.5394 -4.3839 9.6984, 0.5269 -4.3839 9.7222, 0.5181 -4.3839 9.6847, 0.5181 -4.3839 9.7172, 0.6121 -4.3839 9.5883, 0.6048 -4.3839 9.5784, 0.6131 -4.3839 9.5615, 0.6006 -4.3839 9.5743, 0.6025 -4.3839 9.5501, 0.5912 -4.3839 9.568, 0.5907 -4.3839 9.5423, 0.5811 -4.3839 9.5643, 0.5771 -4.3839 9.5374, 0.5685 -4.3839 9.5629, 0.5599 -4.3839 9.5355, 0.5573 -4.3839 9.5642, 0.5399 -4.3839 9.5378, 0.5497 -4.3839 9.5669, 0.5271 -4.3839 9.5426, 0.543 -4.3839 9.5715, 0.5158 -4.3839 9.5505, 0.5402 -4.3839 9.5743, 0.5422 -4.3839 9.6179, 0.5235 -4.3839 9.6399, 0.5382 -4.3839 9.6129, 0.5131 -4.3839 9.6311, 0.5353 -4.3839 9.6067, 0.5064 -4.3839 9.6215, 0.5336 -4.3839 9.599, 0.5017 -4.3839 9.6098, 0.4995 -4.3839 9.5955, 0.5333 -4.3839 9.5937, 0.4994 -4.3839 9.591, 0.5342 -4.3839 9.5861, 0.5011 -4.3839 9.5758, 0.5364 -4.3839 9.58, 0.5051 -4.3839 9.5645, 0.5121 -4.3839 9.5543, 0.5837 -4.38 9.735, 0.5521 -4.38 9.7314, 0.5269 -4.38 9.7222, 0.5181 -4.38 9.7172, 0.5181 -4.38 9.6847, 0.5394 -4.38 9.6984, 0.5603 -4.38 9.7057, 0.5806 -4.38 9.7078, 0.5919 -4.38 9.7066, 0.5996 -4.38 9.7039, 0.6056 -4.38 9.7001, 0.6106 -4.38 9.6947, 0.6145 -4.38 9.6878, 0.618 -4.38 9.6759, 0.6192 -4.38 9.6611, 0.5627 -4.38 9.6532, 0.5379 -4.38 9.6472, 0.5235 -4.38 9.6399, 0.5131 -4.38 9.6311, 0.5064 -4.38 9.6215, 0.5017 -4.38 9.6098, 0.4995 -4.38 9.5955, 0.4994 -4.38 9.591, 0.5011 -4.38 9.5758, 0.5051 -4.38 9.5645, 0.5121 -4.38 9.5543, 0.5158 -4.38 9.5505, 0.5599 -4.38 9.5355, 0.5405 -4.38 9.5377, 0.5399 -4.38 9.5378, 0.5271 -4.38 9.5426, 0.5771 -4.38 9.5374, 0.5781 -4.38 9.5377, 0.5907 -4.38 9.5423, 0.6025 -4.38 9.5501, 0.6131 -4.38 9.5615, 0.6183 -4.38 9.5694, 0.6192 -4.38 9.5694, 0.6192 -4.38 9.54, 0.6526 -4.38 9.54, 0.6526 -4.38 9.6626, 0.6501 -4.38 9.6878, 0.6448 -4.38 9.7031, 0.638 -4.38 9.7139, 0.6291 -4.38 9.7224, 0.618 -4.38 9.7288, 0.604 -4.38 9.7331, 0.5422 -4.38 9.6179, 0.5476 -4.38 9.6219, 0.5563 -4.38 9.6256, 0.5745 -4.38 9.6296, 0.5333 -4.38 9.5937, 0.5336 -4.38 9.599, 0.5353 -4.38 9.6067, 0.5382 -4.38 9.6129, 0.543 -4.38 9.5715, 0.5402 -4.38 9.5743, 0.5364 -4.38 9.58, 0.5342 -4.38 9.5861, 0.5685 -4.38 9.5629, 0.5573 -4.38 9.5642, 0.5497 -4.38 9.5669, 0.6048 -4.38 9.5784, 0.6006 -4.38 9.5743, 0.5912 -4.38 9.568, 0.5811 -4.38 9.5643, 0.6192 -4.38 9.6173, 0.6191 -4.38 9.6151, 0.617 -4.38 9.6002, 0.6121 -4.38 9.5883, 0.6192 -4.38 9.6356
            ]
        }
        coordIndex [
            0,1,2,-1,2,1,3,-1,4,0,5,-1,5,0,2,-1,6,4,7,-1,7,4,5,-1,8,6,9,-1,9,6,7,-1,10,8,11,-1,11,8,9,-1,12,10,13,-1,13,10,11,-1,14,12,15,-1,15,12,13,-1,16,14,17,-1,17,14,15,-1,18,16,19,-1,19,16,17,-1,20,18,21,-1,21,18,19,-1,22,20,23,-1,23,20,21,-1,1,22,3,-1,3,22,23,-1,22,1,0,-1,0,4,22,-1,22,4,6,-1,22,6,20,-1,16,18,14,-1,14,18,20,-1,14,20,12,-1,12,20,6,-1,12,6,10,-1,10,6,8,-1,24,25,26,-1,27,28,29,-1,30,31,32,-1,32,31,33,-1,34,35,28,-1,28,35,31,-1,28,31,29,-1,29,31,30,-1,24,26,36,-1,36,26,37,-1,36,37,38,-1,37,33,38,-1,38,33,31,-1,38,31,39,-1,39,31,40,-1,39,40,41,-1,41,40,42,-1,41,42,43,-1,43,42,44,-1,43,44,45,-1,45,44,46,-1,45,46,47,-1,47,46,48,-1,47,48,49,-1,49,48,50,-1,49,50,51,-1,51,50,52,-1,51,52,53,-1,53,52,54,-1,53,54,55,-1,55,54,56,-1,55,56,57,-1,57,56,58,-1,29,59,27,-1,27,59,60,-1,27,60,61,-1,61,60,62,-1,61,62,63,-1,63,62,64,-1,63,64,65,-1,65,64,66,-1,65,66,67,-1,67,66,68,-1,67,68,69,-1,69,68,70,-1,69,70,71,-1,71,70,72,-1,71,72,73,-1,73,72,74,-1,73,74,75,-1,75,74,76,-1,25,24,77,-1,77,24,78,-1,77,78,79,-1,79,78,80,-1,79,80,81,-1,81,80,82,-1,81,82,83,-1,82,84,83,-1,83,84,85,-1,83,85,86,-1,86,85,87,-1,86,87,88,-1,88,87,89,-1,88,89,90,-1,90,89,91,-1,90,91,76,-1,76,91,92,-1,76,92,75,-1,52,93,94,-1,52,94,54,-1,54,94,95,-1,54,95,56,-1,56,95,96,-1,56,96,58,-1,57,58,97,-1,97,58,96,-1,57,97,98,-1,57,98,55,-1,55,98,99,-1,55,99,53,-1,53,99,100,-1,53,100,51,-1,51,100,101,-1,51,101,49,-1,49,101,102,-1,49,102,47,-1,47,102,103,-1,47,103,45,-1,45,103,104,-1,45,104,43,-1,43,104,105,-1,43,105,41,-1,41,105,106,-1,41,106,39,-1,39,106,107,-1,39,107,38,-1,36,38,108,-1,108,38,107,-1,36,108,109,-1,36,109,24,-1,24,109,110,-1,24,110,78,-1,78,110,111,-1,78,111,80,-1,80,111,112,-1,80,112,82,-1,82,112,113,-1,82,113,84,-1,84,113,114,-1,84,114,85,-1,85,114,115,-1,85,115,87,-1,87,115,116,-1,87,116,89,-1,89,116,117,-1,89,117,91,-1,91,117,118,-1,91,118,92,-1,92,118,119,-1,92,119,75,-1,120,69,121,-1,121,69,71,-1,121,71,122,-1,122,71,73,-1,122,73,123,-1,123,73,75,-1,123,75,119,-1,69,120,124,-1,69,124,67,-1,67,124,125,-1,67,125,65,-1,125,126,65,-1,65,126,127,-1,65,127,63,-1,63,127,128,-1,63,128,61,-1,61,128,129,-1,61,129,27,-1,28,27,130,-1,130,27,129,-1,34,28,131,-1,131,28,130,-1,35,34,132,-1,132,34,131,-1,31,35,133,-1,133,35,132,-1,31,133,134,-1,31,134,40,-1,40,134,135,-1,40,135,42,-1,42,135,136,-1,42,136,44,-1,44,136,137,-1,44,137,46,-1,46,137,138,-1,46,138,48,-1,48,138,139,-1,48,139,50,-1,50,139,93,-1,50,93,52,-1,77,140,141,-1,77,141,25,-1,25,141,142,-1,25,142,26,-1,26,142,143,-1,26,143,37,-1,86,144,145,-1,86,145,83,-1,83,145,146,-1,83,146,81,-1,81,146,147,-1,81,147,79,-1,79,147,140,-1,79,140,77,-1,74,148,149,-1,74,149,76,-1,76,149,150,-1,76,150,90,-1,90,150,151,-1,90,151,88,-1,88,151,144,-1,88,144,86,-1,68,152,153,-1,68,153,70,-1,70,153,154,-1,70,154,72,-1,72,154,148,-1,72,148,74,-1,60,155,156,-1,60,156,62,-1,62,156,157,-1,62,157,64,-1,64,157,158,-1,64,158,66,-1,66,158,152,-1,66,152,68,-1,32,159,160,-1,32,160,30,-1,30,160,161,-1,30,161,29,-1,29,161,162,-1,29,162,59,-1,59,162,155,-1,59,155,60,-1,32,33,159,-1,159,33,163,-1,33,37,163,-1,163,37,143,-1,
        ]
    }
}
Shape{
    appearance Appearance {
        material  Material 	{
            diffuseColor 1.0 1.0 1.0
            specularColor 0.5019607843137255 0.5019607843137255 0.5019607843137255
            ambientIntensity 1.0
            transparency 0.0
            shininess 0.5
        }
    }
    geometry IndexedFaceSet {
        ccw TRUE
        solid FALSE
        coord DEF co Coordinate {
            point [
                0.6192 -4.38 9.6356, 0.5745 -4.38 9.6296, 0.6192 -4.38 9.6173, 0.5563 -4.38 9.6256, 0.5476 -4.38 9.6219, 0.5422 -4.38 9.6179, 0.6191 -4.38 9.6151, 0.617 -4.38 9.6002, 0.5382 -4.38 9.6129, 0.6121 -4.38 9.5883, 0.5402 -4.38 9.5743, 0.543 -4.38 9.5715, 0.6006 -4.38 9.5743, 0.5364 -4.38 9.58, 0.5912 -4.38 9.568, 0.5811 -4.38 9.5643, 0.5685 -4.38 9.5629, 0.5353 -4.38 9.6067, 0.5336 -4.38 9.599, 0.6048 -4.38 9.5784, 0.5333 -4.38 9.5937, 0.5342 -4.38 9.5861, 0.5497 -4.38 9.5669, 0.5573 -4.38 9.5642
            ]
        }
        coordIndex [
            0,1,2,-1,2,1,3,-1,3,4,2,-1,2,4,5,-1,2,5,6,-1,6,5,7,-1,7,5,8,-1,7,8,9,-1,10,11,12,-1,10,12,13,-1,14,12,15,-1,15,12,16,-1,8,17,9,-1,9,17,18,-1,9,18,19,-1,19,18,20,-1,19,20,12,-1,12,20,21,-1,12,21,13,-1,11,22,12,-1,12,22,23,-1,12,23,16,-1,
        ]
    }
}
Shape{
    appearance Appearance {
        material  Material 	{
            diffuseColor 0.0 0.0 0.0
            specularColor 0.0 0.0 0.0
            ambientIntensity 0.0
            transparency 0.0
            shininess 0.5
        }
    }
    geometry IndexedFaceSet {
        ccw TRUE
        solid FALSE
        coord DEF co Coordinate {
            point [
                0.7529 -4.3839 9.5628, 0.7529 -4.38 9.5628, 0.7319 -4.38 9.5652, 0.7134 -4.38 9.5722, 0.711 -4.3839 9.5731, 0.7319 -4.3839 9.5652, 0.711 -4.38 9.5731, 0.6979 -4.38 9.5812, 0.6979 -4.3839 9.5812, 0.6979 -4.3839 9.5466, 0.6979 -4.38 9.5466, 0.7218 -4.3839 9.5383, 0.7134 -4.38 9.5413, 0.7496 -4.38 9.5355, 0.7496 -4.3839 9.5355, 0.7276 -4.38 9.5377, 0.7218 -4.38 9.5383, 0.7771 -4.3839 9.5384, 0.7709 -4.38 9.5377, 0.7771 -4.38 9.5384, 0.7953 -4.38 9.5448, 0.7953 -4.3839 9.5448, 0.8052 -4.38 9.5506, 0.8052 -4.3839 9.5506, 0.8147 -4.38 9.559, 0.8147 -4.3839 9.559, 0.8209 -4.38 9.5678, 0.8209 -4.3839 9.5678, 0.8251 -4.38 9.5784, 0.8251 -4.3839 9.5784, 0.8266 -4.38 9.5918, 0.8266 -4.3839 9.5918, 0.8253 -4.38 9.6043, 0.8253 -4.3839 9.6043, 0.8217 -4.38 9.6141, 0.8217 -4.3839 9.6141, 0.8155 -4.38 9.6233, 0.8155 -4.3839 9.6233, 0.8075 -4.38 9.6304, 0.8075 -4.3839 9.6304, 0.7853 -4.38 9.6428, 0.7853 -4.3839 9.6428, 0.7723 -4.38 9.648, 0.7723 -4.3839 9.648, 0.7516 -4.38 9.657, 0.7516 -4.3839 9.657, 0.7399 -4.38 9.6644, 0.7399 -4.3839 9.6644, 0.7366 -4.38 9.668, 0.7366 -4.3839 9.668, 0.7342 -4.38 9.6725, 0.7342 -4.3839 9.6725, 0.7329 -4.38 9.6777, 0.7329 -4.3839 9.6777, 0.7326 -4.38 9.6821, 0.7326 -4.3839 9.6821, 0.7332 -4.38 9.6875, 0.7332 -4.3839 9.6875, 0.7348 -4.38 9.692, 0.7348 -4.3839 9.692, 0.7377 -4.38 9.6962, 0.7377 -4.3839 9.6962, 0.7427 -4.38 9.7007, 0.7427 -4.3839 9.7007, 0.7502 -4.38 9.7047, 0.7502 -4.3839 9.7047, 0.7592 -4.38 9.7071, 0.7592 -4.3839 9.7071, 0.7691 -4.38 9.7078, 0.7691 -4.3839 9.7078, 0.791 -4.38 9.7053, 0.791 -4.3839 9.7053, 0.8099 -4.38 9.6984, 0.8099 -4.3839 9.6984, 0.8175 -4.38 9.694, 0.8175 -4.3839 9.694, 0.8175 -4.3839 9.7265, 0.8175 -4.38 9.7265, 0.7908 -4.38 9.7337, 0.7908 -4.3839 9.7337, 0.7723 -4.38 9.735, 0.7723 -4.3839 9.735, 0.7478 -4.38 9.7323, 0.7478 -4.3839 9.7323, 0.7294 -4.38 9.7257, 0.7294 -4.3839 9.7257, 0.7195 -4.38 9.7198, 0.7195 -4.3839 9.7198, 0.7096 -4.3839 9.7109, 0.7134 -4.38 9.7143, 0.7096 -4.38 9.7109, 0.7034 -4.38 9.7019, 0.7034 -4.3839 9.7019, 0.6994 -4.38 9.6911, 0.6994 -4.3839 9.6911, 0.6981 -4.38 9.6791, 0.6981 -4.3839 9.6791, 0.6995 -4.38 9.6662, 0.6995 -4.3839 9.6662, 0.7032 -4.38 9.656, 0.7032 -4.3839 9.656, 0.7076 -4.38 9.649, 0.7076 -4.3839 9.649, 0.7487 -4.38 9.6237, 0.7487 -4.3839 9.6237, 0.7288 -4.3839 9.6329, 0.7131 -4.38 9.6433, 0.7131 -4.3839 9.6433, 0.7134 -4.38 9.6431, 0.7288 -4.38 9.6329, 0.7707 -4.38 9.6146, 0.7707 -4.3839 9.6146, 0.7837 -4.38 9.6067, 0.7837 -4.3839 9.6067, 0.7879 -4.38 9.6023, 0.7879 -4.3839 9.6023, 0.7905 -4.38 9.5979, 0.7905 -4.3839 9.5979, 0.792 -4.38 9.5927, 0.792 -4.3839 9.5927, 0.7923 -4.38 9.5885, 0.7923 -4.3839 9.5885, 0.7916 -4.38 9.5822, 0.7916 -4.3839 9.5822, 0.7899 -4.38 9.5774, 0.7899 -4.3839 9.5774, 0.787 -4.38 9.5731, 0.787 -4.3839 9.5731, 0.7832 -4.38 9.5697, 0.7832 -4.3839 9.5697, 0.7801 -4.38 9.5678, 0.7801 -4.3839 9.5678, 0.7715 -4.38 9.5647, 0.7715 -4.3839 9.5647, 0.7544 -4.38 9.5628, 0.7544 -4.3839 9.5628, 0.9924 -4.3839 9.7306, 1.027 -4.3839 9.7306, 0.9924 -4.38 9.7306, 1.027 -4.38 9.7306, 0.9403 -4.3839 9.587, 0.9403 -4.38 9.587, 0.9377 -4.38 9.5782, 0.9377 -4.3839 9.5782, 0.9362 -4.38 9.5716, 0.9362 -4.3839 9.5716, 0.9353 -4.3839 9.5716, 0.9353 -4.38 9.5716, 0.9312 -4.3839 9.5873, 0.9312 -4.38 9.5873, 0.8814 -4.38 9.7306, 0.8814 -4.3839 9.7306, 0.8976 -4.38 9.6842, 0.844 -4.3839 9.7306, 0.844 -4.38 9.7306, 0.9188 -4.38 9.5404, 0.9188 -4.3839 9.5404, 0.8976 -4.38 9.5944, 0.9041 -4.38 9.5057, 0.9041 -4.3839 9.5057, 0.9177 -4.38 9.5377, 0.8976 -4.38 9.4937, 0.8976 -4.3839 9.4937, 0.8976 -4.38 9.4937, 0.8914 -4.3839 9.4867, 0.8914 -4.38 9.4867, 0.8852 -4.38 9.4825, 0.8852 -4.3839 9.4825, 0.8779 -4.38 9.4797, 0.8779 -4.3839 9.4797, 0.8699 -4.38 9.4788, 0.8699 -4.3839 9.4788, 0.8578 -4.38 9.4804, 0.8578 -4.3839 9.4804, 0.8509 -4.38 9.4827, 0.8509 -4.3839 9.4827, 0.8509 -4.3839 9.4529, 0.8509 -4.38 9.4529, 0.8651 -4.38 9.4504, 0.8651 -4.3839 9.4504, 0.8725 -4.38 9.4502, 0.8725 -4.3839 9.4502, 0.886 -4.38 9.4517, 0.886 -4.3839 9.4517, 0.8976 -4.38 9.4561, 0.8992 -4.3839 9.4568, 0.8992 -4.38 9.4568, 0.9109 -4.38 9.4649, 0.9109 -4.3839 9.4649, 0.9131 -4.38 9.467, 0.9131 -4.3839 9.467, 0.9254 -4.38 9.4817, 0.9254 -4.3839 9.4817, 0.9405 -4.38 9.5112, 0.9405 -4.3839 9.5112, 0.951 -4.38 9.5377, 1.2066 -4.3839 9.5704, 1.2066 -4.3839 9.54, 1.2066 -4.38 9.5704, 1.2066 -4.38 9.54, 1.0975 -4.38 9.5704, 1.0975 -4.3839 9.5704, 1.1475 -4.38 9.5704, 1.0975 -4.3839 9.6602, 1.0975 -4.38 9.6602, 1.1929 -4.38 9.6602, 1.1929 -4.3839 9.6602, 1.1475 -4.38 9.6602, 1.1929 -4.3839 9.6907, 1.1929 -4.38 9.6907, 1.0975 -4.38 9.6907, 1.0975 -4.3839 9.6907, 1.1475 -4.38 9.6907, 1.0975 -4.3839 9.7762, 1.0975 -4.38 9.7762, 1.2005 -4.38 9.7762, 1.2005 -4.3839 9.7762, 1.1475 -4.38 9.7762, 1.2005 -4.3839 9.8069, 1.2005 -4.38 9.8069, 1.063 -4.38 9.8069, 1.063 -4.3839 9.8069, 1.1475 -4.38 9.8069, 1.063 -4.3839 9.54, 1.063 -4.38 9.54, 1.1475 -4.38 9.54, 1.4374 -4.3839 9.6607, 1.4733 -4.3839 9.6579, 1.4381 -4.3839 9.6759, 1.4743 -4.3839 9.6768, 1.4348 -4.3839 9.7065, 1.4699 -4.3839 9.7134, 1.4276 -4.3839 9.7267, 1.4601 -4.3839 9.7389, 1.4176 -4.3839 9.7421, 1.4436 -4.3839 9.7622, 1.4088 -4.3839 9.7511, 1.4341 -4.3839 9.7715, 1.3883 -4.3839 9.7645, 1.4054 -4.3839 9.7909, 1.3649 -4.3839 9.7727, 1.3731 -4.3839 9.8025, 1.3318 -4.3839 9.7762, 1.3331 -4.3839 9.8069, 1.2915 -4.3839 9.7762, 1.257 -4.3839 9.8069, 1.2915 -4.3839 9.5704, 1.257 -4.3839 9.54, 1.3302 -4.3839 9.5704, 1.3304 -4.3839 9.54, 1.3672 -4.3839 9.5748, 1.3715 -4.3839 9.5444, 1.3892 -4.3839 9.5834, 1.4027 -4.3839 9.5556, 1.4064 -4.3839 9.5953, 1.4289 -4.3839 9.5728, 1.4096 -4.3839 9.5982, 1.4341 -4.3839 9.5774, 1.4235 -4.3839 9.6158, 1.453 -4.3839 9.5995, 1.4325 -4.3839 9.6358, 1.4665 -4.3839 9.6269, 1.3304 -4.38 9.54, 1.257 -4.38 9.54, 1.3715 -4.38 9.5444, 1.4027 -4.38 9.5556, 1.4289 -4.38 9.5728, 1.4341 -4.38 9.5774, 1.453 -4.38 9.5995, 1.4665 -4.38 9.6269, 1.4733 -4.38 9.6579, 1.4743 -4.38 9.6768, 1.4699 -4.38 9.7134, 1.4601 -4.38 9.7389, 1.4436 -4.38 9.7622, 1.4341 -4.38 9.7715, 1.4054 -4.38 9.7909, 1.3731 -4.38 9.8025, 1.3331 -4.38 9.8069, 1.257 -4.38 9.8069, 1.3318 -4.38 9.7762, 1.2915 -4.38 9.7762, 1.2915 -4.38 9.5704, 1.3302 -4.38 9.5704, 1.4096 -4.38 9.5982, 1.4064 -4.38 9.5953, 1.3892 -4.38 9.5834, 1.3672 -4.38 9.5748, 1.4381 -4.38 9.6759, 1.4374 -4.38 9.6607, 1.4325 -4.38 9.6358, 1.4235 -4.38 9.6158, 1.4088 -4.38 9.7511, 1.4176 -4.38 9.7421, 1.4276 -4.38 9.7267, 1.4348 -4.38 9.7065, 1.3649 -4.38 9.7727, 1.3883 -4.38 9.7645
            ]
        }
        coordIndex [
            0,1,2,-1,3,4,2,-1,2,4,5,-1,2,5,0,-1,3,6,4,-1,4,6,7,-1,4,7,8,-1,9,8,10,-1,10,8,7,-1,9,10,11,-1,11,10,12,-1,13,14,15,-1,15,14,11,-1,15,11,16,-1,16,11,12,-1,14,13,17,-1,17,13,18,-1,18,19,17,-1,17,19,20,-1,17,20,21,-1,21,20,22,-1,21,22,23,-1,23,22,24,-1,23,24,25,-1,25,24,26,-1,25,26,27,-1,27,26,28,-1,27,28,29,-1,29,28,30,-1,29,30,31,-1,31,30,32,-1,31,32,33,-1,33,32,34,-1,33,34,35,-1,35,34,36,-1,35,36,37,-1,37,36,38,-1,37,38,39,-1,39,38,40,-1,39,40,41,-1,41,40,42,-1,41,42,43,-1,43,42,44,-1,43,44,45,-1,45,44,46,-1,45,46,47,-1,47,46,48,-1,47,48,49,-1,49,48,50,-1,49,50,51,-1,51,50,52,-1,51,52,53,-1,53,52,54,-1,53,54,55,-1,55,54,56,-1,55,56,57,-1,57,56,58,-1,57,58,59,-1,59,58,60,-1,59,60,61,-1,61,60,62,-1,61,62,63,-1,63,62,64,-1,63,64,65,-1,65,64,66,-1,65,66,67,-1,67,66,68,-1,67,68,69,-1,69,68,70,-1,69,70,71,-1,71,70,72,-1,71,72,73,-1,73,72,74,-1,73,74,75,-1,76,75,77,-1,77,75,74,-1,76,77,78,-1,76,78,79,-1,79,78,80,-1,79,80,81,-1,81,80,82,-1,81,82,83,-1,83,82,84,-1,83,84,85,-1,85,84,86,-1,85,86,87,-1,87,86,88,-1,88,86,89,-1,89,90,88,-1,88,90,91,-1,88,91,92,-1,92,91,93,-1,92,93,94,-1,94,93,95,-1,94,95,96,-1,96,95,97,-1,96,97,98,-1,98,97,99,-1,98,99,100,-1,100,99,101,-1,100,101,102,-1,103,104,105,-1,102,101,106,-1,102,106,107,-1,107,106,108,-1,107,108,105,-1,105,108,109,-1,105,109,103,-1,104,103,110,-1,104,110,111,-1,111,110,112,-1,111,112,113,-1,113,112,114,-1,113,114,115,-1,115,114,116,-1,115,116,117,-1,117,116,118,-1,117,118,119,-1,119,118,120,-1,119,120,121,-1,121,120,122,-1,121,122,123,-1,123,122,124,-1,123,124,125,-1,125,124,126,-1,125,126,127,-1,127,126,128,-1,127,128,129,-1,129,128,130,-1,129,130,131,-1,131,130,132,-1,131,132,133,-1,133,132,134,-1,133,134,135,-1,135,134,1,-1,135,1,0,-1,61,63,85,-1,85,63,83,-1,111,43,104,-1,104,43,45,-1,21,23,127,-1,127,23,25,-1,127,25,125,-1,125,25,27,-1,125,27,123,-1,123,27,29,-1,123,29,121,-1,121,29,31,-1,121,31,119,-1,119,31,33,-1,119,33,117,-1,117,33,35,-1,117,35,115,-1,115,35,37,-1,115,37,113,-1,113,37,39,-1,113,39,111,-1,111,39,41,-1,111,41,43,-1,14,0,11,-1,11,0,5,-1,11,5,9,-1,9,5,4,-1,9,4,8,-1,63,65,83,-1,83,65,67,-1,83,67,81,-1,81,67,69,-1,81,69,79,-1,79,69,71,-1,79,71,76,-1,76,71,73,-1,76,73,75,-1,127,129,21,-1,21,129,131,-1,21,131,17,-1,17,131,133,-1,17,133,14,-1,14,133,135,-1,14,135,0,-1,85,87,61,-1,61,87,88,-1,61,88,59,-1,59,88,92,-1,59,92,57,-1,57,92,94,-1,57,94,55,-1,55,94,96,-1,55,96,53,-1,53,96,98,-1,53,98,51,-1,51,98,100,-1,51,100,49,-1,49,100,102,-1,49,102,47,-1,47,102,107,-1,47,107,45,-1,45,107,105,-1,45,105,104,-1,136,137,138,-1,138,137,139,-1,140,136,141,-1,141,136,138,-1,140,141,142,-1,140,142,143,-1,143,142,144,-1,143,144,145,-1,146,145,147,-1,147,145,144,-1,148,146,149,-1,149,146,147,-1,150,151,152,-1,152,151,148,-1,152,148,149,-1,153,151,154,-1,154,151,150,-1,155,156,157,-1,157,156,153,-1,157,153,154,-1,158,159,160,-1,160,159,156,-1,160,156,155,-1,159,158,161,-1,159,161,162,-1,162,161,163,-1,162,163,164,-1,163,165,164,-1,164,165,166,-1,164,166,167,-1,167,166,168,-1,167,168,169,-1,169,168,170,-1,169,170,171,-1,171,170,172,-1,171,172,173,-1,173,172,174,-1,173,174,175,-1,176,175,177,-1,177,175,174,-1,176,177,178,-1,176,178,179,-1,179,178,180,-1,179,180,181,-1,181,180,182,-1,181,182,183,-1,183,182,184,-1,183,184,185,-1,184,186,185,-1,185,186,187,-1,185,187,188,-1,188,187,189,-1,188,189,190,-1,190,189,191,-1,190,191,192,-1,192,191,193,-1,192,193,194,-1,139,137,195,-1,195,137,194,-1,195,194,193,-1,143,145,194,-1,137,136,194,-1,194,136,140,-1,194,140,143,-1,151,153,148,-1,148,153,156,-1,148,156,146,-1,192,162,190,-1,190,162,164,-1,175,176,173,-1,173,176,179,-1,173,179,171,-1,171,179,181,-1,171,181,169,-1,169,181,183,-1,169,183,167,-1,167,183,185,-1,167,185,164,-1,164,185,188,-1,164,188,190,-1,145,146,194,-1,194,146,156,-1,194,156,192,-1,192,156,159,-1,192,159,162,-1,196,197,198,-1,198,197,199,-1,200,201,202,-1,202,201,196,-1,202,196,198,-1,203,201,204,-1,204,201,200,-1,205,206,207,-1,207,206,203,-1,207,203,204,-1,208,206,209,-1,209,206,205,-1,210,211,212,-1,212,211,208,-1,212,208,209,-1,213,211,214,-1,214,211,210,-1,215,216,217,-1,217,216,213,-1,217,213,214,-1,218,216,219,-1,219,216,215,-1,220,221,222,-1,222,221,218,-1,222,218,219,-1,223,221,224,-1,224,221,220,-1,199,197,225,-1,225,197,223,-1,225,223,224,-1,223,197,196,-1,196,201,223,-1,223,201,203,-1,223,203,221,-1,216,218,213,-1,213,218,221,-1,213,221,211,-1,211,221,203,-1,211,203,208,-1,208,203,206,-1,226,227,228,-1,228,227,229,-1,228,229,230,-1,230,229,231,-1,230,231,232,-1,232,231,233,-1,232,233,234,-1,234,233,235,-1,234,235,236,-1,236,235,237,-1,236,237,238,-1,238,237,239,-1,238,239,240,-1,240,239,241,-1,240,241,242,-1,242,241,243,-1,242,243,244,-1,244,243,245,-1,244,245,246,-1,246,245,247,-1,246,247,248,-1,248,247,249,-1,248,249,250,-1,250,249,251,-1,250,251,252,-1,252,251,253,-1,252,253,254,-1,254,253,255,-1,254,255,256,-1,256,255,257,-1,256,257,258,-1,258,257,259,-1,258,259,260,-1,260,259,261,-1,260,261,226,-1,226,261,227,-1,249,247,262,-1,262,247,263,-1,249,262,264,-1,249,264,251,-1,251,264,265,-1,251,265,253,-1,253,265,266,-1,253,266,255,-1,255,266,267,-1,255,267,257,-1,257,267,268,-1,257,268,259,-1,259,268,269,-1,259,269,261,-1,261,269,270,-1,261,270,227,-1,227,270,271,-1,227,271,229,-1,229,271,272,-1,229,272,231,-1,231,272,273,-1,231,273,233,-1,233,273,274,-1,233,274,235,-1,235,274,275,-1,235,275,237,-1,237,275,276,-1,237,276,239,-1,239,276,277,-1,239,277,241,-1,241,277,278,-1,241,278,243,-1,245,243,279,-1,279,243,278,-1,247,245,263,-1,263,245,279,-1,242,244,280,-1,280,244,281,-1,244,246,281,-1,281,246,282,-1,246,248,282,-1,282,248,283,-1,256,284,285,-1,256,285,254,-1,254,285,286,-1,254,286,252,-1,252,286,287,-1,252,287,250,-1,250,287,283,-1,250,283,248,-1,228,288,289,-1,228,289,226,-1,226,289,290,-1,226,290,260,-1,260,290,291,-1,260,291,258,-1,258,291,284,-1,258,284,256,-1,236,292,293,-1,236,293,234,-1,234,293,294,-1,234,294,232,-1,232,294,295,-1,232,295,230,-1,230,295,288,-1,230,288,228,-1,242,280,296,-1,242,296,240,-1,240,296,297,-1,240,297,238,-1,238,297,292,-1,238,292,236,-1,
        ]
    }
}
Shape{
    appearance Appearance {
        material  Material 	{
            diffuseColor 1.0 1.0 1.0
            specularColor 0.5019607843137255 0.5019607843137255 0.5019607843137255
            ambientIntensity 1.0
            transparency 0.0
            shininess 0.5
        }
    }
    geometry IndexedFaceSet {
        ccw TRUE
        solid FALSE
        coord DEF co Coordinate {
            point [
                1.2915 -4.38 9.7762, 1.2915 -4.38 9.5704, 1.3318 -4.38 9.7762, 1.3302 -4.38 9.5704, 1.3672 -4.38 9.5748, 1.3892 -4.38 9.5834, 1.4064 -4.38 9.5953, 1.4096 -4.38 9.5982, 1.4235 -4.38 9.6158, 1.4325 -4.38 9.6358, 1.4374 -4.38 9.6607, 1.4381 -4.38 9.6759, 1.4348 -4.38 9.7065, 1.4276 -4.38 9.7267, 1.4176 -4.38 9.7421, 1.4088 -4.38 9.7511, 1.3649 -4.38 9.7727, 1.3883 -4.38 9.7645
            ]
        }
        coordIndex [
            0,1,2,-1,2,1,3,-1,2,3,4,-1,4,5,2,-1,2,5,6,-1,2,6,7,-1,7,8,2,-1,2,8,9,-1,2,9,10,-1,10,11,2,-1,2,11,12,-1,2,12,13,-1,13,14,2,-1,2,14,15,-1,2,15,16,-1,16,15,17,-1,
        ]
    }
}
Shape{
    appearance Appearance {
        material  Material 	{
            diffuseColor 0.0 0.0 0.0
            specularColor 0.0 0.0 0.0
            ambientIntensity 0.0
            transparency 0.0
            shininess 0.5
        }
    }
    geometry IndexedFaceSet {
        ccw TRUE
        solid FALSE
        coord DEF co Coordinate {
            point [
                1.5638 -4.3839 9.6431, 1.5528 -4.3839 9.613, 1.6533 -4.3839 9.6431, 1.664 -4.3839 9.613, 1.6037 -4.3839 9.7541, 1.5908 -4.3839 9.8069, 1.4891 -4.3839 9.54, 1.5272 -4.3839 9.54, 1.606 -4.3839 9.762, 1.608 -4.3839 9.7727, 1.6276 -4.3839 9.8069, 1.6088 -4.3839 9.7727, 1.611 -4.3839 9.7615, 1.613 -4.3839 9.7541, 1.7293 -4.3839 9.54, 1.6912 -4.3839 9.54, 1.6276 -4.38 9.8069, 1.7293 -4.38 9.54, 1.5908 -4.38 9.8069, 1.4891 -4.38 9.54, 1.5272 -4.38 9.54, 1.5528 -4.38 9.613, 1.664 -4.38 9.613, 1.6912 -4.38 9.54, 1.5638 -4.38 9.6431, 1.6533 -4.38 9.6431, 1.613 -4.38 9.7541, 1.6088 -4.38 9.7727, 1.611 -4.38 9.7615, 1.608 -4.38 9.7727, 1.6037 -4.38 9.7541, 1.606 -4.38 9.762
            ]
        }
        coordIndex [
            0,1,2,-1,2,1,3,-1,4,5,0,-1,0,5,6,-1,0,6,1,-1,1,6,7,-1,4,8,5,-1,5,8,9,-1,5,9,10,-1,10,9,11,-1,10,11,12,-1,12,13,10,-1,10,13,2,-1,10,2,14,-1,14,2,3,-1,14,3,15,-1,10,14,16,-1,16,14,17,-1,5,10,18,-1,18,10,16,-1,6,5,19,-1,19,5,18,-1,7,6,20,-1,20,6,19,-1,1,7,21,-1,21,7,20,-1,3,1,22,-1,22,1,21,-1,15,3,23,-1,23,3,22,-1,14,15,17,-1,17,15,23,-1,0,2,24,-1,24,2,25,-1,2,13,25,-1,25,13,26,-1,11,27,28,-1,11,28,12,-1,12,28,26,-1,12,26,13,-1,11,9,27,-1,27,9,29,-1,4,30,31,-1,4,31,8,-1,8,31,29,-1,8,29,9,-1,4,0,30,-1,30,0,24,-1,
        ]
    }
}
Shape{
    appearance Appearance {
        material  Material 	{
            diffuseColor 1.0 1.0 1.0
            specularColor 0.5019607843137255 0.5019607843137255 0.5019607843137255
            ambientIntensity 1.0
            transparency 0.0
            shininess 0.5
        }
    }
    geometry IndexedFaceSet {
        ccw TRUE
        solid FALSE
        coord DEF co Coordinate {
            point [
                1.6088 -4.38 9.7727, 1.608 -4.38 9.7727, 1.611 -4.38 9.7615, 1.606 -4.38 9.762, 1.613 -4.38 9.7541, 1.6037 -4.38 9.7541, 1.6533 -4.38 9.6431, 1.5638 -4.38 9.6431
            ]
        }
        coordIndex [
            0,1,2,-1,2,1,3,-1,2,3,4,-1,4,3,5,-1,4,5,6,-1,6,5,7,-1,
        ]
    }
}
Shape{
    appearance Appearance {
        material  Material 	{
            diffuseColor 0.0 0.0 0.0
            specularColor 0.0 0.0 0.0
            ambientIntensity 0.0
            transparency 0.0
            shininess 0.5
        }
    }
    geometry IndexedFaceSet {
        ccw TRUE
        solid FALSE
        coord DEF co Coordinate {
            point [
                -0.7942 -4.3839 9.4421, -0.872 -4.3839 9.67, -0.8305 -4.3839 9.4711, -0.8576 -4.3839 9.5067, -0.2382 -4.3839 9.763, -0.297 -4.3839 9.8635, -0.5038 -4.3839 9.6225, -0.5513 -4.3839 9.7307, -0.5038 -4.3839 9.6036, -0.5723 -4.3839 9.4579, -0.5051 -4.3839 9.5813, -0.5399 -4.3839 9.4925, -0.5169 -4.3839 9.5346, -0.0921 -4.3839 9.9341, -0.0625 -4.3839 9.9138, 0.0344 -4.3839 9.9789, 0.0732 -4.3839 9.9249, -0.0382 -4.3839 9.8863, 0.0965 -4.3839 9.867, -0.0211 -4.3839 9.8531, 0.1053 -4.3839 9.8047, -0.7149 -4.3839 10.0161, -0.6955 -4.3839 10.0059, -0.7543 -4.3839 10.1444, -0.6664 -4.3839 10.0661, -0.7154 -4.3839 10.1897, -0.6238 -4.3839 10.1169, -0.6708 -4.3839 10.2279, -0.5732 -4.3839 10.1538, -0.6246 -4.3839 10.2565, -0.9077 -4.3839 9.6911, -0.8981 -4.3839 9.5501, -0.8739 -4.3839 9.5428, -0.7329 -4.3839 9.5379, -0.7158 -4.3839 9.5305, -0.7511 -4.3839 9.4225, -0.6987 -4.3839 9.5277, -0.7065 -4.3839 9.4142, -0.6955 -4.3839 9.5277, -0.6936 -4.3839 9.4138, -0.6765 -4.3839 9.5301, -0.6536 -4.3839 9.4181, -0.66 -4.3839 9.5367, -0.6108 -4.3839 9.4329, -0.6456 -4.3839 9.547, -0.6353 -4.3839 9.5586, -0.6265 -4.3839 9.5749, -0.1755 -4.3839 9.9508, -0.1604 -4.3839 9.9508, -0.0826 -4.3839 10.0533, -0.1253 -4.3839 9.9466, -0.0736 -4.3839 10.0503, -0.0171 -4.3839 10.0223, 0.0351 -4.3839 9.6244, -0.0564 -4.3839 9.6966, -0.0164 -4.3839 9.5808, -0.0852 -4.3839 9.6746, -0.0743 -4.3839 9.5524, -0.1192 -4.3839 9.66, -0.1376 -4.3839 9.539, -0.149 -4.3839 9.6548, -0.2496 -4.3839 9.539, -0.2344 -4.3839 9.6548, -0.2602 -4.3839 9.5408, -0.7576 -4.3839 10.0302, -0.7761 -4.3839 10.147, -0.7961 -4.3839 10.0343, -0.798 -4.3839 10.1482, -0.8184 -4.3839 10.033, -0.8729 -4.3839 10.1389, -0.865 -4.3839 10.0213, -0.9432 -4.3839 10.1116, -0.9071 -4.3839 9.9982, -1.0035 -4.3839 10.0691, -0.9417 -4.3839 9.9658, -1.0162 -4.3839 10.0571, -0.9667 -4.3839 9.9273, -1.062 -4.3839 9.9984, -0.9816 -4.3839 9.8846, -0.7658 -4.3839 9.5784, -0.7583 -4.3839 9.5625, -0.7474 -4.3839 9.549, -0.7693 -4.3839 9.5962, -0.7684 -4.3839 9.6147, -0.8693 -4.3839 9.6767, -0.7628 -4.3839 9.6326, -0.8475 -4.3839 9.7157, -0.753 -4.3839 9.6483, -0.8152 -4.3839 9.7505, -0.7455 -4.3839 9.6562, -0.7756 -4.3839 9.7763, -0.7306 -4.3839 9.6667, -0.7333 -4.3839 9.791, -0.7141 -4.3839 9.6733, -0.6936 -4.3839 9.7952, -0.6955 -4.3839 9.6757, -0.6651 -4.3839 9.7931, -0.6797 -4.3839 9.6739, -0.6198 -4.3839 9.7805, -0.6621 -4.3839 9.6676, -0.5804 -4.3839 9.7579, -0.6468 -4.3839 9.6573, -0.6346 -4.3839 9.6437, -0.6263 -4.3839 9.6281, -0.622 -4.3839 9.6105, -0.622 -4.3839 9.5932, -0.013 -4.3839 9.8164, -0.0123 -4.3839 9.8028, 0.0967 -4.3839 9.7372, -0.0166 -4.3839 9.7672, 0.0729 -4.3839 9.6771, -0.0293 -4.3839 9.7333, -0.0499 -4.3839 9.7035, -0.185 -4.3839 10.2032, -0.2599 -4.3839 10.1166, -0.1224 -4.3839 10.1308, -0.2169 -4.3839 10.0656, -0.1875 -4.3839 10.0045, -0.5371 -4.3839 10.2903, -0.5113 -4.3839 10.179, -0.4431 -4.3839 10.3019, -0.4412 -4.3839 10.188, -0.3649 -4.3839 10.2937, -0.3766 -4.3839 10.18, -0.2697 -4.3839 10.2601, -0.3171 -4.3839 10.1572, -0.2638 -4.3839 10.1201, -0.2439 -4.3839 9.6566, -0.2895 -4.3839 9.5589, -0.2851 -4.3839 9.5545, -1.0922 -4.3839 9.93, -1.1049 -4.3839 9.8587, -0.9858 -4.3839 9.8446, -1.1054 -4.3839 9.8408, -0.9829 -4.3839 9.8114, -1.0961 -4.3839 9.7661, -0.9682 -4.3839 9.7651, -1.0689 -4.3839 9.6955, -0.9428 -4.3839 9.7246, -1.0257 -4.3839 9.6339, -0.9666 -4.3839 9.5835, -0.2382 -4.3839 9.6553, -0.2728 -4.3839 9.5457, -0.3046 -4.3839 9.5979, -0.3028 -4.3839 9.5837, -0.2978 -4.3839 9.5709, -0.2605 -4.3839 9.6548, -0.2735 -4.3839 9.6497, -0.3041 -4.3839 9.6054, -0.2852 -4.3839 9.6414, -0.293 -4.3839 9.6327, -0.3003 -4.3839 9.6198, -0.2458 -4.3839 9.6567, 0.1053 -4.38 9.8047, 0.0965 -4.38 9.867, 0.0902 -4.38 9.8829, 0.0732 -4.38 9.9249, 0.0344 -4.38 9.9789, -0.0171 -4.38 10.0223, -0.0736 -4.38 10.0503, -0.0826 -4.38 10.0533, -0.1224 -4.38 10.1308, -0.185 -4.38 10.2032, -0.2286 -4.38 10.2325, -0.2697 -4.38 10.2601, -0.3649 -4.38 10.2937, -0.4431 -4.38 10.3019, -0.5371 -4.38 10.2903, -0.6246 -4.38 10.2565, -0.6633 -4.38 10.2325, -0.6708 -4.38 10.2279, -0.7154 -4.38 10.1897, -0.7543 -4.38 10.1444, -0.7761 -4.38 10.147, -0.798 -4.38 10.1482, -0.8729 -4.38 10.1389, -0.9432 -4.38 10.1116, -1.0035 -4.38 10.0691, -1.0162 -4.38 10.0571, -1.1054 -4.38 9.8408, -1.062 -4.38 9.9984, -1.0922 -4.38 9.93, -1.1006 -4.38 9.8829, -1.1049 -4.38 9.8587, -1.0961 -4.38 9.7661, -1.0689 -4.38 9.6955, -1.0257 -4.38 9.6339, -0.9666 -4.38 9.5835, -0.8981 -4.38 9.5501, -0.8739 -4.38 9.5428, -0.8716 -4.38 9.5377, -0.8576 -4.38 9.5067, -0.8305 -4.38 9.4711, -0.7942 -4.38 9.4421, -0.7719 -4.38 9.432, -0.7511 -4.38 9.4225, -0.7065 -4.38 9.4142, -0.6936 -4.38 9.4138, -0.5038 -4.38 9.6036, -0.6536 -4.38 9.4181, -0.6135 -4.38 9.432, -0.6108 -4.38 9.4329, -0.5723 -4.38 9.4579, -0.5399 -4.38 9.4925, -0.5169 -4.38 9.5346, -0.5161 -4.38 9.5377, -0.5051 -4.38 9.5813, -0.5038 -4.38 9.6225, -0.2382 -4.38 9.763, -0.297 -4.38 9.8635, -0.5513 -4.38 9.7307, -0.5804 -4.38 9.7579, -0.6198 -4.38 9.7805, -0.6651 -4.38 9.7931, -0.6936 -4.38 9.7952, -0.7333 -4.38 9.791, -0.7756 -4.38 9.7763, -0.8152 -4.38 9.7505, -0.8475 -4.38 9.7157, -0.8693 -4.38 9.6767, -0.872 -4.38 9.67, -0.9077 -4.38 9.6911, -0.9428 -4.38 9.7246, -0.9682 -4.38 9.7651, -0.9829 -4.38 9.8114, -0.9858 -4.38 9.8446, -0.9817 -4.38 9.8829, -0.9816 -4.38 9.8846, -0.9667 -4.38 9.9273, -0.9417 -4.38 9.9658, -0.9071 -4.38 9.9982, -0.865 -4.38 10.0213, -0.8184 -4.38 10.033, -0.7961 -4.38 10.0343, -0.7576 -4.38 10.0302, -0.7149 -4.38 10.0161, -0.6955 -4.38 10.0059, -0.6664 -4.38 10.0661, -0.6238 -4.38 10.1169, -0.5732 -4.38 10.1538, -0.5113 -4.38 10.179, -0.4412 -4.38 10.188, -0.3766 -4.38 10.18, -0.3171 -4.38 10.1572, -0.2638 -4.38 10.1201, -0.2599 -4.38 10.1166, -0.2169 -4.38 10.0656, -0.1875 -4.38 10.0045, -0.1755 -4.38 9.9508, -0.1604 -4.38 9.9508, -0.1253 -4.38 9.9466, -0.0921 -4.38 9.9341, -0.0625 -4.38 9.9138, -0.0382 -4.38 9.8863, -0.0364 -4.38 9.8829, -0.0211 -4.38 9.8531, -0.013 -4.38 9.8164, -0.0123 -4.38 9.8028, -0.0166 -4.38 9.7672, -0.0293 -4.38 9.7333, -0.0499 -4.38 9.7035, -0.0564 -4.38 9.6966, -0.0852 -4.38 9.6746, -0.1192 -4.38 9.66, -0.149 -4.38 9.6548, -0.2344 -4.38 9.6548, -0.2382 -4.38 9.6553, -0.2439 -4.38 9.6566, -0.2458 -4.38 9.6567, -0.2605 -4.38 9.6548, -0.2735 -4.38 9.6497, -0.2852 -4.38 9.6414, -0.293 -4.38 9.6327, -0.3003 -4.38 9.6198, -0.3041 -4.38 9.6054, -0.3046 -4.38 9.5979, -0.3028 -4.38 9.5837, -0.2978 -4.38 9.5709, -0.2895 -4.38 9.5589, -0.2851 -4.38 9.5545, -0.2728 -4.38 9.5457, -0.2602 -4.38 9.5408, -0.2496 -4.38 9.539, -0.1376 -4.38 9.539, -0.0743 -4.38 9.5524, -0.0164 -4.38 9.5808, 0.0351 -4.38 9.6244, 0.0729 -4.38 9.6771, 0.0967 -4.38 9.7372, -0.6955 -4.38 9.6757, -0.6797 -4.38 9.6739, -0.6621 -4.38 9.6676, -0.6468 -4.38 9.6573, -0.6346 -4.38 9.6437, -0.6263 -4.38 9.6281, -0.622 -4.38 9.6105, -0.622 -4.38 9.5932, -0.6265 -4.38 9.5749, -0.6353 -4.38 9.5586, -0.6456 -4.38 9.547, -0.66 -4.38 9.5367, -0.6765 -4.38 9.5301, -0.6955 -4.38 9.5277, -0.6987 -4.38 9.5277, -0.7158 -4.38 9.5305, -0.7329 -4.38 9.5379, -0.7474 -4.38 9.549, -0.7583 -4.38 9.5625, -0.7658 -4.38 9.5784, -0.7693 -4.38 9.5962, -0.7684 -4.38 9.6147, -0.7628 -4.38 9.6326, -0.753 -4.38 9.6483, -0.7455 -4.38 9.6562, -0.7306 -4.38 9.6667, -0.7141 -4.38 9.6733
            ]
        }
        coordIndex [
            0,1,2,-1,2,1,3,-1,4,5,6,-1,6,5,7,-1,6,7,8,-1,8,7,9,-1,8,9,10,-1,10,9,11,-1,10,11,12,-1,13,14,15,-1,15,14,16,-1,16,14,17,-1,16,17,18,-1,18,17,19,-1,18,19,20,-1,21,22,23,-1,23,22,24,-1,23,24,25,-1,25,24,26,-1,25,26,27,-1,27,26,28,-1,27,28,29,-1,30,31,1,-1,1,31,32,-1,1,32,3,-1,33,0,34,-1,34,0,35,-1,34,35,36,-1,36,35,37,-1,36,37,38,-1,38,37,39,-1,38,39,40,-1,40,39,41,-1,40,41,42,-1,42,41,43,-1,42,43,44,-1,44,43,9,-1,44,9,45,-1,45,9,46,-1,47,48,49,-1,49,48,50,-1,49,50,51,-1,51,50,13,-1,51,13,52,-1,52,13,15,-1,53,54,55,-1,55,54,56,-1,55,56,57,-1,57,56,58,-1,57,58,59,-1,59,58,60,-1,59,60,61,-1,61,60,62,-1,61,62,63,-1,21,23,64,-1,64,23,65,-1,64,65,66,-1,66,65,67,-1,66,67,68,-1,68,67,69,-1,68,69,70,-1,70,69,71,-1,70,71,72,-1,72,71,73,-1,72,73,74,-1,74,73,75,-1,74,75,76,-1,76,75,77,-1,76,77,78,-1,79,1,80,-1,80,1,0,-1,80,0,81,-1,81,0,33,-1,79,82,1,-1,1,82,83,-1,1,83,84,-1,84,83,85,-1,84,85,86,-1,86,85,87,-1,86,87,88,-1,88,87,89,-1,88,89,90,-1,90,89,91,-1,90,91,92,-1,92,91,93,-1,92,93,94,-1,94,93,95,-1,94,95,96,-1,96,95,97,-1,96,97,98,-1,98,97,99,-1,98,99,100,-1,100,99,101,-1,100,101,7,-1,7,101,102,-1,102,103,7,-1,7,103,104,-1,7,104,9,-1,9,104,105,-1,9,105,46,-1,19,106,20,-1,20,106,107,-1,20,107,108,-1,108,107,109,-1,108,109,110,-1,110,109,111,-1,110,111,53,-1,53,111,112,-1,53,112,54,-1,113,114,115,-1,115,114,116,-1,115,116,49,-1,49,116,117,-1,49,117,47,-1,29,28,118,-1,118,28,119,-1,118,119,120,-1,120,119,121,-1,120,121,122,-1,122,121,123,-1,122,123,124,-1,124,123,125,-1,124,125,113,-1,113,125,126,-1,113,126,114,-1,127,128,129,-1,77,130,78,-1,78,130,131,-1,78,131,132,-1,132,131,133,-1,132,133,134,-1,134,133,135,-1,134,135,136,-1,136,135,137,-1,136,137,138,-1,138,137,139,-1,138,139,30,-1,30,139,140,-1,30,140,31,-1,62,141,63,-1,63,141,127,-1,63,127,142,-1,142,127,129,-1,143,144,127,-1,127,144,145,-1,127,145,128,-1,146,147,148,-1,147,149,148,-1,148,149,150,-1,148,150,151,-1,143,127,148,-1,148,127,152,-1,148,152,146,-1,20,153,154,-1,20,154,18,-1,18,154,155,-1,18,155,16,-1,155,156,16,-1,16,156,157,-1,16,157,15,-1,15,157,158,-1,15,158,52,-1,52,158,159,-1,52,159,51,-1,51,159,160,-1,51,160,49,-1,49,160,161,-1,49,161,115,-1,115,161,162,-1,115,162,113,-1,124,113,163,-1,163,113,162,-1,163,164,124,-1,124,164,165,-1,124,165,122,-1,122,165,166,-1,122,166,120,-1,120,166,167,-1,120,167,118,-1,118,167,168,-1,118,168,29,-1,29,168,27,-1,27,168,169,-1,27,169,170,-1,27,170,171,-1,27,171,25,-1,25,171,172,-1,25,172,23,-1,23,172,173,-1,23,173,65,-1,65,173,174,-1,65,174,67,-1,67,174,175,-1,67,175,69,-1,69,175,176,-1,69,176,71,-1,71,176,177,-1,71,177,73,-1,73,177,178,-1,73,178,75,-1,179,133,131,-1,75,178,180,-1,75,180,77,-1,77,180,181,-1,77,181,130,-1,130,181,182,-1,130,182,131,-1,131,182,183,-1,131,183,179,-1,133,179,184,-1,133,184,135,-1,135,184,185,-1,135,185,137,-1,137,185,186,-1,137,186,139,-1,139,186,187,-1,139,187,140,-1,140,187,188,-1,140,188,31,-1,31,188,189,-1,31,189,32,-1,32,189,190,-1,32,190,3,-1,190,191,3,-1,3,191,192,-1,3,192,2,-1,2,192,193,-1,2,193,0,-1,0,193,194,-1,0,194,35,-1,194,195,35,-1,35,195,196,-1,35,196,37,-1,37,196,197,-1,37,197,39,-1,198,8,10,-1,39,197,199,-1,200,43,199,-1,199,43,41,-1,199,41,39,-1,200,201,43,-1,43,201,202,-1,43,202,9,-1,9,202,203,-1,9,203,11,-1,11,203,204,-1,11,204,12,-1,12,204,205,-1,12,205,10,-1,10,205,206,-1,10,206,198,-1,6,8,207,-1,207,8,198,-1,4,6,208,-1,208,6,207,-1,5,4,209,-1,209,4,208,-1,7,5,210,-1,210,5,209,-1,7,210,211,-1,7,211,100,-1,100,211,212,-1,100,212,98,-1,98,212,213,-1,98,213,96,-1,96,213,214,-1,96,214,94,-1,94,214,215,-1,94,215,92,-1,92,215,216,-1,92,216,90,-1,90,216,217,-1,90,217,88,-1,88,217,218,-1,88,218,86,-1,86,218,219,-1,86,219,84,-1,84,219,220,-1,84,220,1,-1,1,220,221,-1,1,221,30,-1,30,221,222,-1,30,222,138,-1,138,222,223,-1,138,223,136,-1,136,223,224,-1,136,224,134,-1,134,224,225,-1,134,225,132,-1,225,226,132,-1,132,226,78,-1,226,227,78,-1,78,227,228,-1,78,228,76,-1,76,228,229,-1,76,229,74,-1,74,229,230,-1,74,230,72,-1,72,230,231,-1,72,231,70,-1,70,231,232,-1,70,232,68,-1,68,232,233,-1,68,233,66,-1,66,233,234,-1,66,234,64,-1,64,234,235,-1,64,235,21,-1,21,235,236,-1,21,236,22,-1,22,236,237,-1,22,237,24,-1,24,237,238,-1,24,238,26,-1,26,238,239,-1,26,239,28,-1,28,239,240,-1,28,240,119,-1,119,240,241,-1,119,241,121,-1,121,241,242,-1,121,242,123,-1,123,242,243,-1,123,243,125,-1,125,243,244,-1,125,244,126,-1,126,244,245,-1,126,245,114,-1,114,245,246,-1,114,246,116,-1,116,246,247,-1,116,247,117,-1,117,247,248,-1,117,248,47,-1,48,47,249,-1,249,47,248,-1,48,249,250,-1,48,250,50,-1,50,250,251,-1,50,251,13,-1,13,251,252,-1,13,252,14,-1,14,252,253,-1,14,253,17,-1,17,253,254,-1,17,254,19,-1,254,255,19,-1,19,255,256,-1,19,256,106,-1,106,256,257,-1,106,257,107,-1,107,257,258,-1,107,258,109,-1,109,258,259,-1,109,259,111,-1,111,259,260,-1,111,260,112,-1,112,260,261,-1,112,261,54,-1,54,261,262,-1,54,262,56,-1,56,262,263,-1,56,263,58,-1,58,263,264,-1,58,264,60,-1,62,60,265,-1,265,60,264,-1,62,265,266,-1,62,266,141,-1,141,266,267,-1,141,267,127,-1,127,267,268,-1,127,268,152,-1,152,268,269,-1,152,269,146,-1,146,269,270,-1,146,270,147,-1,147,270,271,-1,147,271,149,-1,149,271,272,-1,149,272,150,-1,150,272,273,-1,150,273,151,-1,151,273,274,-1,151,274,148,-1,148,274,275,-1,148,275,143,-1,143,275,276,-1,143,276,144,-1,144,276,277,-1,144,277,145,-1,145,277,278,-1,145,278,128,-1,128,278,279,-1,128,279,129,-1,129,279,280,-1,129,280,142,-1,142,280,281,-1,142,281,63,-1,63,281,282,-1,63,282,61,-1,59,61,283,-1,283,61,282,-1,59,283,284,-1,59,284,57,-1,57,284,285,-1,57,285,55,-1,55,285,286,-1,55,286,53,-1,53,286,287,-1,53,287,110,-1,110,287,288,-1,110,288,108,-1,108,288,153,-1,108,153,20,-1,95,289,290,-1,95,290,97,-1,97,290,291,-1,97,291,99,-1,99,291,292,-1,99,292,101,-1,101,292,293,-1,101,293,102,-1,102,293,294,-1,102,294,103,-1,103,294,295,-1,103,295,104,-1,104,295,296,-1,104,296,105,-1,105,296,297,-1,105,297,46,-1,46,297,298,-1,46,298,45,-1,45,298,299,-1,45,299,44,-1,44,299,300,-1,44,300,42,-1,42,300,301,-1,42,301,40,-1,40,301,302,-1,40,302,38,-1,38,302,303,-1,38,303,36,-1,36,303,304,-1,36,304,34,-1,34,304,305,-1,34,305,33,-1,33,305,306,-1,33,306,81,-1,81,306,307,-1,81,307,80,-1,80,307,308,-1,80,308,79,-1,79,308,309,-1,79,309,82,-1,82,309,310,-1,82,310,83,-1,83,310,311,-1,83,311,85,-1,85,311,312,-1,85,312,87,-1,87,312,313,-1,87,313,89,-1,89,313,314,-1,89,314,91,-1,91,314,315,-1,91,315,93,-1,93,315,289,-1,93,289,95,-1,
        ]
    }
}
Shape{
    appearance Appearance {
        material  Material 	{
            diffuseColor 1.0 1.0 1.0
            specularColor 0.5019607843137255 0.5019607843137255 0.5019607843137255
            ambientIntensity 1.0
            transparency 0.0
            shininess 0.5
        }
    }
    geometry IndexedFaceSet {
        ccw TRUE
        solid FALSE
        coord DEF co Coordinate {
            point [
                -0.6987 -4.38 9.5277, -0.7455 -4.38 9.6562, -0.753 -4.38 9.6483, -0.6765 -4.38 9.5301, -0.66 -4.38 9.5367, -0.6797 -4.38 9.6739, -0.6955 -4.38 9.6757, -0.7141 -4.38 9.6733, -0.7306 -4.38 9.6667, -0.7658 -4.38 9.5784, -0.7583 -4.38 9.5625, -0.7474 -4.38 9.549, -0.6955 -4.38 9.5277, -0.7628 -4.38 9.6326, -0.7684 -4.38 9.6147, -0.7693 -4.38 9.5962, -0.7329 -4.38 9.5379, -0.7158 -4.38 9.5305, -0.6456 -4.38 9.547, -0.6353 -4.38 9.5586, -0.6265 -4.38 9.5749, -0.622 -4.38 9.5932, -0.622 -4.38 9.6105, -0.6263 -4.38 9.6281, -0.6346 -4.38 9.6437, -0.6468 -4.38 9.6573, -0.6621 -4.38 9.6676
            ]
        }
        coordIndex [
            0,1,2,-1,3,4,5,-1,6,7,0,-1,0,7,8,-1,0,8,1,-1,9,10,2,-1,2,10,11,-1,6,0,5,-1,5,0,12,-1,5,12,3,-1,13,14,2,-1,2,14,15,-1,2,15,9,-1,11,16,2,-1,2,16,17,-1,2,17,0,-1,4,18,5,-1,5,18,19,-1,5,19,20,-1,20,21,5,-1,5,21,22,-1,5,22,23,-1,23,24,5,-1,5,24,25,-1,5,25,26,-1,
        ]
    }
}