#VRML V2.0 utf8
# 3D model generated by easyeda2kicad.py (https://github.com/uPesy/easyeda2kicad.py)

Shape{
    appearance Appearance {
        material  Material 	{
            diffuseColor 0.25098039215686274 0.25098039215686274 0.25098039215686274
            specularColor 0.12549019607843137 0.12549019607843137 0.12549019607843137
            ambientIntensity 0.251
            transparency 0.0
            shininess 0.5
        }
    }
    geometry IndexedFaceSet {
        ccw TRUE
        solid FALSE
        coord DEF co Coordinate {
            point [
                3.1496 -1.0216 0.0, 0.1575 -4.7618 0.0, 3.1496 1.4587 0.0, 0.1575 -2.2815 0.0, -3.1496 -1.0216 0.0, -0.1575 -2.2815 0.0, -0.1575 -4.7618 0.0, 5.0197 -4.8012 0.0, 3.4646 -1.0216 0.0, 5.0197 5.2382 0.0, 3.4646 1.4587 0.0, 1.2402 3.6831 0.0, -1.2402 3.6831 0.0, -5.0197 5.2382 0.0, -5.0197 -4.8012 0.0, 1.2402 3.3681 0.0, -1.2402 3.3681 0.0, -3.1496 1.4587 0.0, -3.4646 1.4587 0.0, -3.4646 -1.0216 0.0, 5.0197 5.2382 3.1496, 5.0197 -4.8012 3.1496, -5.0197 5.2382 3.1496, -5.0197 -4.8012 3.1496
            ]
        }
        coordIndex [
            0,1,2,-1,2,1,3,-1,2,3,4,-1,4,3,5,-1,4,5,6,-1,7,8,9,-1,9,8,10,-1,9,10,2,-1,11,12,13,-1,0,8,1,-1,1,8,7,-1,1,7,6,-1,6,7,14,-1,6,14,4,-1,13,9,11,-1,11,9,2,-1,11,2,15,-1,15,2,4,-1,15,4,16,-1,16,4,17,-1,16,17,18,-1,12,16,13,-1,13,16,18,-1,13,18,14,-1,14,18,19,-1,14,19,4,-1,20,21,9,-1,9,21,7,-1,22,20,13,-1,13,20,9,-1,23,22,14,-1,14,22,13,-1,21,23,7,-1,7,23,14,-1,22,23,20,-1,20,23,21,-1,
        ]
    }
}
Shape{
    appearance Appearance {
        material  Material 	{
            diffuseColor 0.7529411764705882 0.7529411764705882 0.7529411764705882
            specularColor 0.3764705882352941 0.3764705882352941 0.3764705882352941
            ambientIntensity 0.7529
            transparency 0.0
            shininess 0.5
        }
    }
    geometry IndexedFaceSet {
        ccw TRUE
        solid FALSE
        coord DEF co Coordinate {
            point [
                -0.1575 -3.3445 -1.3878, -0.1575 -3.2711 -1.3315, -0.1575 -2.2815 -1.7716, -0.1575 -3.2148 -1.2581, -0.1575 -4.7618 0.0, -0.1575 -3.8639 -0.9893, -0.1575 -4.7618 -1.7716, -0.1575 -3.876 -1.081, -0.1575 -3.8639 -1.1727, -0.1575 -3.8285 -1.2581, -0.1575 -3.7722 -1.3315, -0.1575 -3.6988 -1.3878, -0.1575 -3.6133 -1.4232, -0.1575 -3.5216 -1.4353, -0.1575 -3.4299 -1.4232, -0.1575 -3.1794 -1.1727, -0.1575 -3.1673 -1.081, -0.1575 -2.2815 0.0, -0.1575 -3.1794 -0.9893, -0.1575 -3.2148 -0.9038, -0.1575 -3.2711 -0.8304, -0.1575 -3.6133 -0.7387, -0.1575 -3.6988 -0.7741, -0.1575 -3.3445 -0.7741, -0.1575 -3.4299 -0.7387, -0.1575 -3.5216 -0.7266, -0.1575 -3.7722 -0.8304, -0.1575 -3.8285 -0.9038, 0.1575 -2.2815 -1.7716, 0.1575 -2.2815 0.0, 0.1575 -3.1794 -1.1727, 0.1575 -3.2148 -1.2581, 0.1575 -3.2711 -1.3315, 0.1575 -3.3445 -1.3878, 0.1575 -3.6988 -1.3878, 0.1575 -3.7722 -1.3315, 0.1575 -4.7618 -1.7716, 0.1575 -3.8639 -0.9893, 0.1575 -4.7618 0.0, 0.1575 -3.876 -1.081, 0.1575 -3.8285 -1.2581, 0.1575 -3.8639 -1.1727, 0.1575 -3.3445 -0.7741, 0.1575 -3.2711 -0.8304, 0.1575 -3.2148 -0.9038, 0.1575 -3.1794 -0.9893, 0.1575 -3.1673 -1.081, 0.1575 -3.4299 -1.4232, 0.1575 -3.5216 -1.4353, 0.1575 -3.6133 -1.4232, 0.1575 -3.8285 -0.9038, 0.1575 -3.7722 -0.8304, 0.1575 -3.6988 -0.7741, 0.1575 -3.6133 -0.7387, 0.1575 -3.5216 -0.7266, 0.1575 -3.4299 -0.7387, -0.1047 -4.7091 -1.9685, -0.1047 -2.3342 -1.9685, 0.1047 -4.7091 -1.9685, 0.1047 -2.3342 -1.9685, -3.4646 0.5254 -0.9038, -3.4646 0.4691 -0.8304, -3.4646 1.4587 0.0, -3.4646 0.0414 -0.7741, -3.4646 -0.032 -0.8304, -3.4646 -1.0216 0.0, -3.4646 0.1268 -0.7387, -3.4646 0.3957 -0.7741, -3.4646 0.3102 -0.7387, -3.4646 0.2185 -0.7266, -3.4646 -0.0883 -0.9038, -3.4646 -0.1237 -0.9893, -3.4646 -1.0216 -1.7716, -3.4646 -0.1358 -1.081, -3.4646 -0.1237 -1.1727, -3.4646 0.5608 -1.1727, -3.4646 0.5728 -1.081, -3.4646 1.4587 -1.7716, -3.4646 -0.0883 -1.2581, -3.4646 -0.032 -1.3315, -3.4646 0.0414 -1.3878, -3.4646 0.1268 -1.4232, -3.4646 0.2185 -1.4353, -3.4646 0.3102 -1.4232, -3.4646 0.3957 -1.3878, -3.4646 0.5608 -0.9893, -3.4646 0.4691 -1.3315, -3.4646 0.5254 -1.2581, -3.1496 1.4587 -1.7716, -3.1496 1.4587 0.0, -3.1496 0.1268 -1.4232, -3.1496 -1.0216 -1.7716, -3.1496 0.2185 -1.4353, -3.1496 0.0414 -1.3878, -3.1496 -0.032 -1.3315, -3.1496 -0.0883 -1.2581, -3.1496 -0.1237 -0.9893, -3.1496 -1.0216 0.0, -3.1496 -0.1358 -1.081, -3.1496 -0.1237 -1.1727, -3.1496 0.3957 -0.7741, -3.1496 0.4691 -0.8304, -3.1496 -0.0883 -0.9038, -3.1496 -0.032 -0.8304, -3.1496 0.0414 -0.7741, -3.1496 0.1268 -0.7387, -3.1496 0.2185 -0.7266, -3.1496 0.3102 -0.7387, -3.1496 0.5728 -1.081, -3.1496 0.5608 -0.9893, -3.1496 0.5254 -0.9038, -3.1496 0.5608 -1.1727, -3.1496 0.5254 -1.2581, -3.1496 0.4691 -1.3315, -3.1496 0.3957 -1.3878, -3.1496 0.3102 -1.4232, -3.4118 -0.9689 -1.9685, -3.4118 1.4059 -1.9685, -3.2024 -0.9689 -1.9685, -3.2024 1.4059 -1.9685, 3.1496 0.5254 -0.9038, 3.1496 0.4691 -0.8304, 3.1496 1.4587 0.0, 3.1496 0.1268 -0.7387, 3.1496 0.0414 -0.7741, 3.1496 -1.0216 0.0, 3.1496 -0.032 -0.8304, 3.1496 -0.0883 -0.9038, 3.1496 -0.1237 -0.9893, 3.1496 -1.0216 -1.7716, 3.1496 -0.1358 -1.081, 3.1496 -0.1237 -1.1727, 3.1496 0.3957 -0.7741, 3.1496 0.3102 -0.7387, 3.1496 0.2185 -0.7266, 3.1496 -0.0883 -1.2581, 3.1496 -0.032 -1.3315, 3.1496 0.0414 -1.3878, 3.1496 0.3957 -1.3878, 3.1496 0.4691 -1.3315, 3.1496 1.4587 -1.7716, 3.1496 0.5254 -1.2581, 3.1496 0.1268 -1.4232, 3.1496 0.2185 -1.4353, 3.1496 0.3102 -1.4232, 3.1496 0.5608 -1.1727, 3.1496 0.5728 -1.081, 3.1496 0.5608 -0.9893, 3.4646 1.4587 -1.7716, 3.4646 1.4587 0.0, 3.4646 0.0414 -1.3878, 3.4646 -0.032 -1.3315, 3.4646 -1.0216 -1.7716, 3.4646 -0.0883 -1.2581, 3.4646 -0.1237 -0.9893, 3.4646 -1.0216 0.0, 3.4646 -0.1358 -1.081, 3.4646 -0.1237 -1.1727, 3.4646 0.5608 -1.1727, 3.4646 0.5254 -1.2581, 3.4646 0.4691 -1.3315, 3.4646 0.3957 -1.3878, 3.4646 0.3102 -1.4232, 3.4646 0.2185 -1.4353, 3.4646 0.1268 -1.4232, 3.4646 0.3957 -0.7741, 3.4646 0.4691 -0.8304, 3.4646 -0.0883 -0.9038, 3.4646 -0.032 -0.8304, 3.4646 0.0414 -0.7741, 3.4646 0.5254 -0.9038, 3.4646 0.5608 -0.9893, 3.4646 0.5728 -1.081, 3.4646 0.1268 -0.7387, 3.4646 0.2185 -0.7266, 3.4646 0.3102 -0.7387, 3.2024 -0.9689 -1.9685, 3.2024 1.4059 -1.9685, 3.4118 -0.9689 -1.9685, 3.4118 1.4059 -1.9685, -1.2402 3.3681 -1.7716, -1.2402 3.3681 0.0, -1.2402 3.6831 -1.7716, -1.2402 3.6831 0.0, 0.3069 3.6831 -1.0522, 0.2505 3.6831 -0.9788, 1.2402 3.6831 0.0, 0.1772 3.6831 -1.5362, 0.2505 3.6831 -1.4799, 1.2402 3.6831 -1.7716, 0.3069 3.6831 -1.4065, -0.0917 3.6831 -0.8871, -0.1772 3.6831 -0.9225, -0.2505 3.6831 -0.9788, 0.1772 3.6831 -0.9225, 0.0917 3.6831 -0.8871, 0.0 3.6831 -0.875, -0.3069 3.6831 -1.0522, -0.3423 3.6831 -1.1377, -0.3543 3.6831 -1.2294, -0.3423 3.6831 -1.3211, 0.3423 3.6831 -1.3211, 0.3543 3.6831 -1.2294, 0.3423 3.6831 -1.1377, -0.3069 3.6831 -1.4065, -0.2505 3.6831 -1.4799, -0.1772 3.6831 -1.5362, -0.0917 3.6831 -1.5716, 0.0 3.6831 -1.5837, 0.0917 3.6831 -1.5716, 1.2402 3.3681 -1.7716, 1.2402 3.3681 0.0, -0.0917 3.3681 -1.5716, 0.0 3.3681 -1.5837, -0.1772 3.3681 -1.5362, -0.2505 3.3681 -1.4799, -0.3069 3.3681 -1.4065, -0.1772 3.3681 -0.9225, -0.2505 3.3681 -0.9788, -0.3069 3.3681 -1.0522, 0.1772 3.3681 -0.9225, 0.2505 3.3681 -0.9788, -0.3423 3.3681 -1.3211, -0.3543 3.3681 -1.2294, -0.3423 3.3681 -1.1377, -0.0917 3.3681 -0.8871, 0.0 3.3681 -0.875, 0.0917 3.3681 -0.8871, 0.3069 3.3681 -1.0522, 0.3423 3.3681 -1.1377, 0.3543 3.3681 -1.2294, 0.3423 3.3681 -1.3211, 0.3069 3.3681 -1.4065, 0.2505 3.3681 -1.4799, 0.1772 3.3681 -1.5362, 0.0917 3.3681 -1.5716, -1.1874 3.4209 -1.9685, -1.1874 3.6303 -1.9685, 1.1874 3.4209 -1.9685, 1.1874 3.6303 -1.9685
            ]
        }
        coordIndex [
            0,1,2,-1,2,1,3,-1,4,5,6,-1,6,5,7,-1,6,7,8,-1,8,9,6,-1,6,9,10,-1,6,10,11,-1,11,12,6,-1,6,12,13,-1,6,13,2,-1,2,13,14,-1,2,14,0,-1,3,15,2,-1,2,15,16,-1,2,16,17,-1,16,18,17,-1,17,18,19,-1,17,19,20,-1,4,21,22,-1,20,23,17,-1,17,23,24,-1,17,24,4,-1,4,24,25,-1,4,25,21,-1,22,26,4,-1,4,26,27,-1,4,27,5,-1,2,17,28,-1,28,17,29,-1,30,31,28,-1,28,31,32,-1,28,32,33,-1,34,35,36,-1,37,38,39,-1,39,38,36,-1,35,40,36,-1,36,40,41,-1,36,41,39,-1,29,42,43,-1,43,44,29,-1,29,44,45,-1,29,45,28,-1,28,45,46,-1,28,46,30,-1,33,47,28,-1,28,47,48,-1,28,48,36,-1,36,48,49,-1,36,49,34,-1,37,50,38,-1,38,50,51,-1,38,51,52,-1,52,53,38,-1,38,53,54,-1,38,54,29,-1,29,54,55,-1,29,55,42,-1,36,38,6,-1,6,38,4,-1,56,57,58,-1,58,57,59,-1,60,61,62,-1,63,64,65,-1,63,65,66,-1,61,67,62,-1,62,67,68,-1,62,68,65,-1,65,68,69,-1,65,69,66,-1,64,70,65,-1,65,70,71,-1,65,71,72,-1,72,71,73,-1,72,73,74,-1,75,76,77,-1,74,78,72,-1,72,78,79,-1,72,79,80,-1,80,81,72,-1,72,81,82,-1,72,82,77,-1,77,82,83,-1,77,83,84,-1,77,76,62,-1,62,76,85,-1,62,85,60,-1,84,86,77,-1,77,86,87,-1,77,87,75,-1,77,62,88,-1,88,62,89,-1,90,91,92,-1,92,91,88,-1,90,93,91,-1,91,93,94,-1,91,94,95,-1,96,97,98,-1,98,97,91,-1,98,91,99,-1,99,91,95,-1,100,101,89,-1,96,102,97,-1,97,102,103,-1,97,103,104,-1,104,105,97,-1,97,105,106,-1,97,106,89,-1,89,106,107,-1,89,107,100,-1,108,88,109,-1,109,88,89,-1,109,89,110,-1,110,89,101,-1,108,111,88,-1,88,111,112,-1,88,112,113,-1,113,114,88,-1,88,114,115,-1,88,115,92,-1,91,97,72,-1,72,97,65,-1,116,117,118,-1,118,117,119,-1,120,121,122,-1,123,124,125,-1,125,124,126,-1,126,127,125,-1,125,127,128,-1,125,128,129,-1,129,128,130,-1,129,130,131,-1,121,132,122,-1,122,132,133,-1,122,133,125,-1,125,133,134,-1,125,134,123,-1,131,135,129,-1,129,135,136,-1,129,136,137,-1,138,139,140,-1,140,139,141,-1,137,142,129,-1,129,142,143,-1,129,143,140,-1,140,143,144,-1,140,144,138,-1,141,145,140,-1,140,145,146,-1,140,146,122,-1,122,146,147,-1,122,147,120,-1,140,122,148,-1,148,122,149,-1,150,151,152,-1,152,151,153,-1,154,155,156,-1,156,155,152,-1,156,152,157,-1,157,152,153,-1,158,159,148,-1,148,159,160,-1,148,160,161,-1,161,162,148,-1,148,162,163,-1,148,163,152,-1,152,163,164,-1,152,164,150,-1,165,166,149,-1,154,167,155,-1,155,167,168,-1,155,168,169,-1,166,170,149,-1,149,170,171,-1,149,171,148,-1,148,171,172,-1,148,172,158,-1,169,173,155,-1,155,173,174,-1,155,174,149,-1,149,174,175,-1,149,175,165,-1,152,155,129,-1,129,155,125,-1,176,177,178,-1,178,177,179,-1,180,181,182,-1,182,181,183,-1,184,185,186,-1,187,188,189,-1,189,188,190,-1,191,192,183,-1,183,192,193,-1,185,194,186,-1,186,194,195,-1,186,195,183,-1,183,195,196,-1,183,196,191,-1,193,197,183,-1,183,197,198,-1,183,198,182,-1,182,198,199,-1,182,199,200,-1,190,201,189,-1,189,201,202,-1,189,202,186,-1,186,202,203,-1,186,203,184,-1,200,204,182,-1,182,204,205,-1,182,205,206,-1,206,207,182,-1,182,207,208,-1,182,208,189,-1,189,208,209,-1,189,209,187,-1,189,186,210,-1,210,186,211,-1,212,180,213,-1,213,180,210,-1,212,214,180,-1,180,214,215,-1,180,215,216,-1,217,181,218,-1,218,181,219,-1,220,221,211,-1,216,222,180,-1,180,222,223,-1,180,223,181,-1,181,223,224,-1,181,224,219,-1,217,225,181,-1,181,225,226,-1,181,226,211,-1,211,226,227,-1,211,227,220,-1,221,228,211,-1,211,228,229,-1,211,229,210,-1,210,229,230,-1,230,231,210,-1,210,231,232,-1,210,232,233,-1,233,234,210,-1,210,234,235,-1,210,235,213,-1,236,237,238,-1,238,237,239,-1,189,239,182,-1,182,239,237,-1,210,238,189,-1,189,238,239,-1,236,180,237,-1,237,180,182,-1,180,236,210,-1,210,236,238,-1,28,59,2,-1,2,59,57,-1,36,58,28,-1,28,58,59,-1,56,6,57,-1,57,6,2,-1,6,56,36,-1,36,56,58,-1,88,119,77,-1,77,119,117,-1,91,118,88,-1,88,118,119,-1,116,72,117,-1,117,72,77,-1,72,116,91,-1,91,116,118,-1,148,179,140,-1,140,179,177,-1,152,178,148,-1,148,178,179,-1,176,129,177,-1,177,129,140,-1,129,176,152,-1,152,176,178,-1,226,196,227,-1,227,196,195,-1,227,195,220,-1,220,195,194,-1,220,194,221,-1,221,194,185,-1,221,185,228,-1,228,185,184,-1,228,184,229,-1,229,184,203,-1,229,203,230,-1,230,203,202,-1,230,202,231,-1,231,202,201,-1,231,201,232,-1,232,201,190,-1,232,190,233,-1,233,190,188,-1,233,188,234,-1,234,188,187,-1,234,187,235,-1,235,187,209,-1,235,209,213,-1,213,209,208,-1,213,208,212,-1,212,208,207,-1,212,207,214,-1,214,207,206,-1,214,206,215,-1,215,206,205,-1,215,205,216,-1,216,205,204,-1,216,204,222,-1,222,204,200,-1,222,200,223,-1,223,200,199,-1,223,199,224,-1,224,199,198,-1,224,198,219,-1,219,198,197,-1,219,197,218,-1,218,197,193,-1,218,193,217,-1,217,193,192,-1,217,192,225,-1,225,192,191,-1,225,191,226,-1,226,191,196,-1,156,130,154,-1,154,130,128,-1,154,128,167,-1,167,128,127,-1,167,127,168,-1,168,127,126,-1,168,126,169,-1,169,126,124,-1,169,124,173,-1,173,124,123,-1,173,123,174,-1,174,123,134,-1,174,134,175,-1,175,134,133,-1,175,133,165,-1,165,133,132,-1,165,132,166,-1,166,132,121,-1,166,121,170,-1,170,121,120,-1,170,120,171,-1,171,120,147,-1,171,147,172,-1,172,147,146,-1,172,146,158,-1,158,146,145,-1,158,145,159,-1,159,145,141,-1,159,141,160,-1,160,141,139,-1,160,139,161,-1,161,139,138,-1,161,138,162,-1,162,138,144,-1,162,144,163,-1,163,144,143,-1,163,143,164,-1,164,143,142,-1,164,142,150,-1,150,142,137,-1,150,137,151,-1,151,137,136,-1,151,136,153,-1,153,136,135,-1,153,135,157,-1,157,135,131,-1,157,131,156,-1,156,131,130,-1,98,73,96,-1,96,73,71,-1,96,71,102,-1,102,71,70,-1,102,70,103,-1,103,70,64,-1,103,64,104,-1,104,64,63,-1,104,63,105,-1,105,63,66,-1,105,66,106,-1,106,66,69,-1,106,69,107,-1,107,69,68,-1,107,68,100,-1,100,68,67,-1,100,67,101,-1,101,67,61,-1,101,61,110,-1,110,61,60,-1,110,60,109,-1,109,60,85,-1,109,85,108,-1,108,85,76,-1,108,76,111,-1,111,76,75,-1,111,75,112,-1,112,75,87,-1,112,87,113,-1,113,87,86,-1,113,86,114,-1,114,86,84,-1,114,84,115,-1,115,84,83,-1,115,83,92,-1,92,83,82,-1,92,82,90,-1,90,82,81,-1,90,81,93,-1,93,81,80,-1,93,80,94,-1,94,80,79,-1,94,79,95,-1,95,79,78,-1,95,78,99,-1,99,78,74,-1,99,74,98,-1,98,74,73,-1,39,7,37,-1,37,7,5,-1,37,5,50,-1,50,5,27,-1,50,27,51,-1,51,27,26,-1,51,26,52,-1,52,26,22,-1,52,22,53,-1,53,22,21,-1,53,21,54,-1,54,21,25,-1,54,25,55,-1,55,25,24,-1,55,24,42,-1,42,24,23,-1,42,23,43,-1,43,23,20,-1,43,20,44,-1,44,20,19,-1,44,19,45,-1,45,19,18,-1,45,18,46,-1,46,18,16,-1,46,16,30,-1,30,16,15,-1,30,15,31,-1,31,15,3,-1,31,3,32,-1,32,3,1,-1,32,1,33,-1,33,1,0,-1,33,0,47,-1,47,0,14,-1,47,14,48,-1,48,14,13,-1,48,13,49,-1,49,13,12,-1,49,12,34,-1,34,12,11,-1,34,11,35,-1,35,11,10,-1,35,10,40,-1,40,10,9,-1,40,9,41,-1,41,9,8,-1,41,8,39,-1,39,8,7,-1,
        ]
    }
}
Shape{
    appearance Appearance {
        material  Material 	{
            diffuseColor 0.25098039215686274 0.25098039215686274 0.25098039215686274
            specularColor 0.12549019607843137 0.12549019607843137 0.12549019607843137
            ambientIntensity 0.251
            transparency 0.0
            shininess 0.5
        }
    }
    geometry IndexedFaceSet {
        ccw TRUE
        solid FALSE
        coord DEF co Coordinate {
            point [
                -2.8549 -4.8012 7.5384, -2.8549 -4.8012 7.4327, -2.598 -4.8012 7.4327, -2.8549 -4.8012 7.9618, -2.8549 -4.8012 7.8836, -2.598 -4.8012 7.8836, -2.496 -4.8012 8.2308, -2.4759 -4.8012 8.2332, -2.582 -4.8012 8.2332, -2.3062 -4.8012 8.2003, -2.3062 -4.8012 8.1149, -2.2342 -4.8012 8.1149, -1.7125 -4.8012 7.9641, -1.7398 -4.8012 8.0371, -1.8377 -4.8012 8.0371, -2.2899 -4.8012 7.5397, -2.3008 -4.8012 7.5384, -2.2342 -4.8012 7.5384, -2.3518 -4.8012 7.54, -2.3562 -4.8012 7.5416, -2.3562 -4.8012 7.5384, -1.972 -4.8012 7.7769, -1.972 -4.8012 7.6915, -1.922 -4.8012 7.6915, -3.0862 -4.8012 8.0228, -3.0348 -4.8012 7.9793, -2.8549 -4.8012 8.2332, -3.2966 -4.8012 8.2332, -3.2545 -4.8012 8.2039, -3.1878 -4.8012 8.1253, -3.1521 -4.8012 8.054, -3.1427 -4.8012 8.0509, -3.5126 -4.8012 8.3026, -3.4207 -4.8012 8.2912, -2.8549 -4.8012 8.7402, -3.3267 -4.8012 8.2543, -3.5963 -4.8012 8.2935, -4.4398 -4.8012 8.7402, -3.6845 -4.8012 8.2622, -3.7326 -4.8012 8.2332, -4.4398 -4.8012 8.2332, -3.7403 -4.8012 8.2286, -4.4398 -4.8012 7.9618, -4.1479 -4.8012 7.9618, -4.1313 -4.8012 7.9994, -4.0857 -4.8012 8.0578, -3.942 -4.8012 8.1397, -3.8675 -4.8012 8.1489, -3.7849 -4.8012 8.1904, -3.8457 -4.8012 8.1477, -3.8238 -4.8012 8.1451, -4.0727 -4.8012 8.0701, -4.0123 -4.8012 8.1125, -3.9434 -4.8012 7.5436, -3.9685 -4.8012 7.5511, -4.4398 -4.8012 7.5384, -4.0369 -4.8012 7.5848, -4.0952 -4.8012 7.6346, -4.1386 -4.8012 7.6967, -4.1657 -4.8012 7.7673, -4.4398 -4.8012 7.8836, -4.1749 -4.8012 7.8415, -4.1743 -4.8012 7.8598, -4.1701 -4.8012 7.8836, -4.1616 -4.8012 7.9311, -3.859 -4.8012 7.44, -3.8961 -4.8012 7.468, -4.4398 -4.8012 7.4327, -3.9244 -4.8012 7.5029, -3.941 -4.8012 7.5384, -4.4398 -4.8012 3.1496, -3.8152 -4.8012 7.4216, -3.8416 -4.8012 7.4327, -3.6845 -4.8012 7.4327, -3.7172 -4.8012 7.4202, -2.8549 -4.8012 3.1496, -3.7631 -4.8012 7.4145, -3.7704 -4.8012 7.4147, -3.5853 -4.8012 7.5384, -3.5854 -4.8012 7.5378, -3.6079 -4.8012 7.4955, -3.6371 -4.8012 7.4627, -3.6749 -4.8012 7.4364, -2.9729 -4.8012 7.8673, -2.9642 -4.8012 7.8054, -3.343 -4.8012 7.6504, -3.33 -4.8012 7.6555, -3.3077 -4.8012 7.7637, -3.0344 -4.8012 7.6252, -3.0861 -4.8012 7.5814, -3.6208 -4.8012 7.7314, -3.3665 -4.8012 7.8643, -3.6539 -4.8012 7.7616, -3.6942 -4.8012 7.7832, -3.3547 -4.8012 7.6421, -2.9968 -4.8012 7.6776, -3.0828 -4.8012 7.8201, -3.0917 -4.8012 7.8565, -3.1062 -4.8012 7.8836, -4.0506 -4.8012 7.8836, -2.9729 -4.8012 7.7377, -3.3153 -4.8012 7.6574, -3.3134 -4.8012 7.6573, -3.3077 -4.8012 7.656, -4.0395 -4.8012 7.7697, -4.0168 -4.8012 7.7311, -3.9205 -4.8012 7.7115, -3.9828 -4.8012 7.6962, -3.9415 -4.8012 7.6707, -3.8503 -4.8012 7.7743, -3.8891 -4.8012 7.7474, -4.0553 -4.8012 7.8453, -4.0531 -4.8012 7.8161, -3.8084 -4.8012 7.7904, -3.7631 -4.8012 7.7959, -3.74 -4.8012 7.7946, -3.3741 -4.8012 7.5986, -3.3736 -4.8012 7.6061, -3.5733 -4.8012 7.6233, -3.3698 -4.8012 7.6205, -3.3625 -4.8012 7.6335, -3.1204 -4.8012 7.7032, -3.0995 -4.8012 7.7328, -3.0864 -4.8012 7.7666, -3.0819 -4.8012 7.8035, -3.3298 -4.8012 7.5415, -3.3423 -4.8012 7.5464, -3.3546 -4.8012 7.5552, -3.359 -4.8012 7.5597, -3.3673 -4.8012 7.5716, -3.3723 -4.8012 7.5845, -3.5744 -4.8012 7.5846, -3.5733 -4.8012 7.6043, -3.144 -4.8012 7.5531, -3.2071 -4.8012 7.5398, -3.3191 -4.8012 7.5398, -3.3039 -4.8012 7.6555, -3.2185 -4.8012 7.6555, -3.1845 -4.8012 7.662, -3.151 -4.8012 7.6775, -3.1229 -4.8012 7.7004, -3.2451 -4.8012 7.9515, -4.0334 -4.8012 7.9335, -4.0497 -4.8012 7.8912, -3.2299 -4.8012 7.9515, -3.1093 -4.8012 7.8893, -3.1312 -4.8012 7.9138, -3.1607 -4.8012 7.9343, -3.1938 -4.8012 7.9471, -3.2859 -4.8012 8.0655, -3.3287 -4.8012 8.1166, -3.765 -4.8012 8.0066, -3.3336 -4.8012 8.1211, -3.3869 -4.8012 8.1581, -3.736 -4.8012 8.0666, -4.0137 -4.8012 7.9618, -3.7786 -4.8012 8.014, -3.2473 -4.8012 7.9618, -3.2566 -4.8012 8.0043, -3.8212 -4.8012 8.0296, -3.8656 -4.8012 8.035, -3.8852 -4.8012 8.034, -3.6935 -4.8012 8.1174, -3.4464 -4.8012 8.1808, -3.6425 -4.8012 8.1546, -3.5107 -4.8012 8.1887, -3.5805 -4.8012 8.1798, -3.9321 -4.8012 8.0229, -3.9744 -4.8012 8.0005, -4.0071 -4.8012 7.9713, -3.0223 -4.8012 7.9618, -2.9961 -4.8012 7.9253, -2.9794 -4.8012 7.8836, -1.869 -4.8012 7.8076, -1.869 -4.8012 7.7769, -1.8377 -4.8012 7.8836, -1.8629 -4.8012 7.5711, -1.8377 -4.8012 7.5384, -1.8629 -4.8012 7.5407, -1.922 -4.8012 7.5384, -1.972 -4.8012 7.5711, -1.922 -4.8012 7.5711, -1.972 -4.8012 7.6609, -1.922 -4.8012 7.6609, -1.8766 -4.8012 7.6609, -1.8766 -4.8012 7.6915, -1.922 -4.8012 7.7769, -1.922 -4.8012 7.5407, -2.0065 -4.8012 7.5407, -2.0245 -4.8012 7.5384, -2.0065 -4.8012 7.8076, -2.5559 -4.8012 7.6323, -2.5515 -4.8012 7.6855, -2.5628 -4.8012 7.6229, -2.5676 -4.8012 7.6113, -2.4169 -4.8012 7.5407, -2.4503 -4.8012 7.5407, -2.491 -4.8012 7.5384, -2.3716 -4.8012 7.5819, -2.4169 -4.8012 7.6634, -2.3716 -4.8012 7.5474, -2.582 -4.8012 7.5384, -2.5643 -4.8012 7.5652, -2.5684 -4.8012 7.5764, -2.5197 -4.8012 7.7316, -2.582 -4.8012 7.8836, -2.5445 -4.8012 7.7219, -2.5515 -4.8012 7.7179, -2.4776 -4.8012 7.7073, -2.489 -4.8012 7.7085, -2.5068 -4.8012 7.6539, -2.4503 -4.8012 7.5702, -2.4512 -4.8012 7.5702, -2.4591 -4.8012 7.5588, -2.582 -4.8012 7.4327, -2.529 -4.8012 7.5384, -2.5296 -4.8012 7.5385, -2.5424 -4.8012 7.5433, -2.5453 -4.8012 7.6411, -2.5305 -4.8012 7.6483, -2.5285 -4.8012 7.6999, -2.5075 -4.8012 7.7067, -2.47 -4.8012 7.5484, -2.4777 -4.8012 7.5436, -2.5537 -4.8012 7.5512, -2.5574 -4.8012 7.5549, -2.3661 -4.8012 7.7026, -2.4399 -4.8012 7.7228, -2.4311 -4.8012 7.7141, -2.5701 -4.8012 7.5917, -2.5699 -4.8012 7.5971, -2.3577 -4.8012 7.5734, -2.3562 -4.8012 7.5728, -2.3562 -4.8012 7.6438, -2.3701 -4.8012 7.6918, -2.4858 -4.8012 7.7357, -2.4647 -4.8012 7.7337, -2.4508 -4.8012 7.7293, -2.4503 -4.8012 7.6619, -2.4515 -4.8012 7.6766, -2.455 -4.8012 7.6885, -2.4589 -4.8012 7.6954, -2.4192 -4.8012 7.6874, -2.37 -4.8012 7.6669, -2.4243 -4.8012 7.703, -2.3714 -4.8012 7.6799, -2.4639 -4.8012 7.7008, -2.4699 -4.8012 7.7046, -2.3565 -4.8012 7.644, -2.3619 -4.8012 7.6497, -2.3663 -4.8012 7.6567, -2.3387 -4.8012 7.5384, -2.3562 -4.8012 7.4327, -2.3199 -4.8012 7.5362, -2.252 -4.8012 7.7272, -2.252 -4.8012 7.6947, -2.3599 -4.8012 7.7116, -2.3562 -4.8012 7.715, -2.3562 -4.8012 7.8836, -2.35 -4.8012 7.7205, -2.3387 -4.8012 7.7271, -2.2445 -4.8012 7.5791, -2.2486 -4.8012 7.5685, -2.2548 -4.8012 7.5597, -2.32 -4.8012 7.7334, -2.2972 -4.8012 7.7357, -2.2342 -4.8012 7.8836, -2.2737 -4.8012 7.7336, -2.2541 -4.8012 7.6241, -2.2478 -4.8012 7.6148, -2.2442 -4.8012 7.605, -2.2429 -4.8012 7.5925, -2.2644 -4.8012 7.5513, -2.2723 -4.8012 7.5465, -2.3004 -4.8012 7.7085, -2.3103 -4.8012 7.7078, -2.3369 -4.8012 7.6829, -2.3193 -4.8012 7.7054, -2.3268 -4.8012 7.7014, -2.3366 -4.8012 7.6784, -2.3353 -4.8012 7.6732, -2.3329 -4.8012 7.6687, -2.3296 -4.8012 7.6651, -2.3179 -4.8012 7.6578, -2.2795 -4.8012 7.7063, -2.2972 -4.8012 7.6488, -2.2606 -4.8012 7.6996, -2.2842 -4.8012 7.6435, -2.262 -4.8012 7.6312, -2.3318 -4.8012 7.697, -2.3347 -4.8012 7.6927, -2.3363 -4.8012 7.6882, -2.3367 -4.8012 7.5657, -2.3208 -4.8012 7.6245, -2.3407 -4.8012 7.6336, -2.3166 -4.8012 7.5635, -2.3151 -4.8012 7.5635, -2.2988 -4.8012 7.6153, -2.298 -4.8012 7.5654, -2.2772 -4.8012 7.5893, -2.2775 -4.8012 7.5934, -2.2894 -4.8012 7.5686, -2.2863 -4.8012 7.5704, -2.2825 -4.8012 7.5738, -2.2796 -4.8012 7.5781, -2.2779 -4.8012 7.5829, -2.279 -4.8012 7.5986, -2.2816 -4.8012 7.6031, -2.2858 -4.8012 7.6074, -1.6745 -4.8012 7.9641, -1.8377 -4.8012 7.9618, 4.7047 -4.8012 7.9618, 4.7047 -4.8012 8.2332, -1.7761 -4.8012 8.231, -1.8377 -4.8012 8.2332, -1.8509 -4.8012 8.0371, -1.8766 -4.8012 7.9641, -1.922 -4.8012 7.9618, -1.9146 -4.8012 7.9641, -1.922 -4.8012 8.2332, -1.8377 -4.8012 8.1661, -1.813 -4.8012 8.231, -2.0245 -4.8012 7.9618, -2.028 -4.8012 7.9696, -2.0733 -4.8012 7.9641, -2.0706 -4.8012 8.231, -2.0245 -4.8012 8.2332, -2.1719 -4.8012 8.2332, -2.1719 -4.8012 7.9618, -2.1467 -4.8012 7.9641, -2.1467 -4.8012 8.231, -1.9367 -4.8012 8.0527, -1.9499 -4.8012 8.0251, -1.9603 -4.8012 8.1865, -1.9438 -4.8012 8.1632, -1.9697 -4.8012 8.0015, -1.9976 -4.8012 7.9815, -2.0245 -4.8012 7.971, -1.9697 -4.8012 8.1957, -2.0298 -4.8012 8.2265, -2.0245 -4.8012 8.2245, -1.9976 -4.8012 8.2147, -1.9339 -4.8012 8.1377, -1.9294 -4.8012 8.101, -1.9302 -4.8012 8.0839, -2.2342 -4.8012 8.2332, -2.2032 -4.8012 8.231, -2.2342 -4.8012 8.231, -2.3062 -4.8012 7.9945, -2.2342 -4.8012 7.9945, -2.3062 -4.8012 8.0843, -2.2342 -4.8012 8.0843, -2.2108 -4.8012 8.0843, -2.1972 -4.8012 7.9945, -2.2108 -4.8012 8.1149, -2.2032 -4.8012 8.2003, -2.2342 -4.8012 8.2003, -2.3407 -4.8012 7.9641, -2.3562 -4.8012 7.9618, -2.2342 -4.8012 7.9618, -2.1972 -4.8012 7.9641, -2.2342 -4.8012 7.9641, -2.3407 -4.8012 8.231, -2.3562 -4.8012 8.2332, -2.4287 -4.8012 8.2332, -2.4224 -4.8012 8.2327, -2.3941 -4.8012 8.2246, -2.3941 -4.8012 8.1886, -2.3941 -4.8012 8.0082, -2.3941 -4.8012 7.9751, -2.3987 -4.8012 7.9729, -2.4273 -4.8012 7.9635, -2.4445 -4.8012 7.9618, -2.4242 -4.8012 8.2005, -2.457 -4.8012 8.2044, -2.3971 -4.8012 8.1902, -2.4702 -4.8012 8.2037, -2.493 -4.8012 8.1987, -2.5137 -4.8012 8.1884, -2.5534 -4.8012 8.1312, -2.5578 -4.8012 8.0945, -2.463 -4.8012 7.9903, -2.5298 -4.8012 8.1748, -2.5315 -4.8012 8.1728, -2.4204 -4.8012 7.9964, -2.4506 -4.8012 7.9908, -2.5444 -4.8012 8.1543, -2.5573 -4.8012 8.0818, -2.5526 -4.8012 8.0557, -2.5436 -4.8012 8.0346, -2.5316 -4.8012 8.0184, -2.5237 -4.8012 8.0109, -2.4858 -4.8012 7.9926, -2.5056 -4.8012 7.9992, -2.3562 -4.8012 8.7402, -2.4574 -4.8012 8.2355, -2.5748 -4.8012 8.1709, -2.5554 -4.8012 8.1962, -2.5488 -4.8012 8.2025, -2.5239 -4.8012 8.22, -2.582 -4.8012 8.0319, -2.5887 -4.8012 8.049, -2.598 -4.8012 7.9618, -2.594 -4.8012 8.0925, -2.5935 -4.8012 8.1064, -2.598 -4.8012 8.2332, -2.5874 -4.8012 8.1413, -2.582 -4.8012 8.1539, -2.5383 -4.8012 7.9782, -2.5597 -4.8012 7.996, -2.582 -4.8012 7.9618, -2.5619 -4.8012 7.9984, -2.5778 -4.8012 8.0212, -2.468 -4.8012 7.9596, -2.4842 -4.8012 7.9604, -2.4914 -4.8012 7.9618, -2.5131 -4.8012 7.9663, -2.491 -4.8012 7.5384, -2.5096 -4.8012 7.5362, -2.0771 -4.8012 7.7313, -2.0425 -4.8012 7.7313, -2.0245 -4.8012 7.8836, -1.922 -4.8012 7.8076, -1.922 -4.8012 7.8836, -2.1185 -4.8012 7.5384, -2.1383 -4.8012 7.588, -2.1342 -4.8012 7.5723, -2.1333 -4.8012 7.5723, -2.1719 -4.8012 7.8836, -2.1719 -4.8012 7.6849, -2.1292 -4.8012 7.5878, -2.1318 -4.8012 7.5789, -2.1719 -4.8012 7.5384, -2.1719 -4.8012 7.5952, -2.2255 -4.8012 7.7313, -2.1881 -4.8012 7.7313, -2.1507 -4.8012 7.5411, -2.1518 -4.8012 7.5384, -2.1654 -4.8012 7.5064, -2.2342 -4.8012 7.4327, -2.2186 -4.8012 7.4536, -2.2186 -4.8012 7.4834, -2.1783 -4.8012 7.4873, -2.172 -4.8012 7.4942, -2.1719 -4.8012 7.4944, -2.2117 -4.8012 7.4811, -2.1996 -4.8012 7.4796, -2.1719 -4.8012 7.4569, -2.1835 -4.8012 7.4525, -2.1719 -4.8012 7.4327, -2.197 -4.8012 7.4509, -2.2044 -4.8012 7.4512, -2.1911 -4.8012 7.4806, -2.1838 -4.8012 7.4835, -2.129 -4.8012 7.5119, -2.1441 -4.8012 7.4824, -2.0245 -4.8012 7.4327, -2.1564 -4.8012 7.4677, -2.1586 -4.8012 7.4656, -2.1703 -4.8012 7.4575, -4.7047 -4.8012 3.1496, -4.7047 -4.8012 7.4327, -4.7047 -4.8012 7.5384, -4.7047 -4.8012 7.8836, -4.7047 -4.8012 7.9618, -4.7047 -4.8012 8.2332, -4.7047 -4.8012 8.7402, -2.6049 -4.8012 7.9945, -2.6049 -4.8012 7.9641, -2.7456 -4.8012 7.9641, -2.7112 -4.8012 8.231, -2.7112 -4.8012 7.9945, -2.7456 -4.8012 8.231, -2.598 -4.8012 7.5384, -2.6021 -4.8012 7.5407, -2.7456 -4.8012 7.5407, -2.6021 -4.8012 7.5711, -2.6081 -4.8012 7.7769, -2.7112 -4.8012 7.6609, -2.7112 -4.8012 7.5711, -2.6157 -4.8012 7.6609, -2.6157 -4.8012 7.6915, -2.7112 -4.8012 7.6915, -2.7112 -4.8012 7.7769, -2.7456 -4.8012 7.8076, -2.6081 -4.8012 7.8076, -2.582 -4.8012 8.7402, -2.598 -4.8012 8.7402, -2.2342 -4.8012 8.7402, -2.1719 -4.8012 8.7402, -2.0245 -4.8012 8.7402, -1.922 -4.8012 8.7402, -1.8377 -4.8012 8.7402, 4.7047 -4.8012 8.7402, 4.7047 -4.8012 7.8836, -1.3783 -4.8012 7.5407, -1.4055 -4.8012 7.6137, -1.5167 -4.8012 7.6137, -1.5423 -4.8012 7.5407, -1.5804 -4.8012 7.5407, -1.8125 -4.8012 7.8076, -1.8125 -4.8012 7.5407, -1.7391 -4.8012 7.5407, -1.4787 -4.8012 7.8076, -1.4419 -4.8012 7.8076, -1.3402 -4.8012 7.5407, 4.7047 -4.8012 7.5384, -1.6156 -4.8012 7.6017, -1.6355 -4.8012 7.5781, -1.6633 -4.8012 7.5581, -1.6938 -4.8012 7.5462, -1.6355 -4.8012 7.7722, -1.626 -4.8012 7.763, -1.6095 -4.8012 7.7398, -1.5996 -4.8012 7.7143, -1.7364 -4.8012 7.8076, -1.6956 -4.8012 7.8031, -1.6634 -4.8012 7.7913, -1.5952 -4.8012 7.6775, -1.596 -4.8012 7.6605, -1.6025 -4.8012 7.6293, -1.922 -4.8012 7.4327, -1.8377 -4.8012 7.4327, 4.7047 -4.8012 7.4327, -2.598 -4.8012 3.1496, -2.582 -4.8012 3.1496, -2.3562 -4.8012 3.1496, -2.2342 -4.8012 3.1496, -2.1719 -4.8012 3.1496, -2.0245 -4.8012 3.1496, -1.922 -4.8012 3.1496, -1.8377 -4.8012 3.1496, 4.7047 -4.8012 3.1496, 5.0197 4.9232 8.7402, 5.0197 -4.4862 8.7402, 5.0197 4.9232 3.1496, 5.0197 -4.4862 3.1496, -4.7047 5.2382 8.7402, 4.7047 5.2382 8.7402, -4.7047 5.2382 3.1496, 4.7047 5.2382 3.1496, -5.0197 4.9232 3.1496, -5.0197 -4.4862 3.1496, -5.0197 4.9232 8.7402, -5.0197 -4.4862 8.7402, -4.7047 -4.4862 9.0551, 4.7047 -4.4862 9.0551, -4.7047 4.9232 9.0551, 4.7047 4.9232 9.0551, -5.009 -4.5677 3.1496, 4.7862 5.2275 3.1496, 4.8622 5.196 3.1496, 4.9274 5.146 3.1496, 5.009 5.0048 3.1496, 4.9775 5.0807 3.1496, -4.8622 -4.759 3.1496, -4.9274 -4.7089 3.1496, -4.9775 -4.6437 3.1496, 4.8622 -4.759 3.1496, 4.9274 -4.7089 3.1496, 5.009 -4.5677 3.1496, 4.9775 -4.6437 3.1496, -4.7862 5.2275 3.1496, -5.009 5.0048 3.1496, -4.9775 5.0807 3.1496, -4.9274 5.146 3.1496, 4.7862 -4.7904 3.1496, -4.7862 -4.7904 3.1496, -4.8622 5.196 3.1496, 5.009 5.0048 8.7402, 4.9775 5.0807 8.7402, 4.9274 5.146 8.7402, 4.8622 5.196 8.7402, 4.7862 5.2275 8.7402, 4.7862 -4.4862 9.0444, 4.7862 4.9232 9.0444, 4.8622 -4.4862 9.0129, 4.8622 4.9232 9.0129, 4.9274 -4.4862 8.9629, 4.9274 4.9232 8.9629, 4.9775 -4.4862 8.8976, 4.9775 4.9232 8.8976, 5.009 -4.4862 8.8217, 5.009 4.9232 8.8217, 4.7862 -4.7904 8.7402, 4.8622 -4.759 8.7402, 4.9274 -4.7089 8.7402, 4.9775 -4.6437 8.7402, 5.009 -4.5677 8.7402, 4.7047 5.2275 8.8217, 4.7835 5.2171 8.8217, 4.7835 5.0596 9.0129, 4.7455 4.9938 9.0444, 4.7624 4.9809 9.0444, 4.7835 4.9443 9.0444, 4.7258 5.002 9.0444, 4.7455 5.0754 9.0129, 4.7624 5.1384 8.9629, 4.7047 5.0048 9.0444, 4.8161 5.0346 9.0129, 4.7753 4.964 9.0444, 4.8411 5.002 9.0129, 4.8568 4.964 9.0129, 4.7047 5.0807 9.0129, 4.7047 5.146 8.9629, 4.7047 5.196 8.8976, 4.8161 5.1161 8.9629, 4.8622 5.0807 8.9629, 4.8976 5.0346 8.9629, 4.9198 4.9809 8.9629, 4.7753 5.1867 8.8976, 4.8411 5.1595 8.8976, 4.8976 5.1161 8.8976, 4.9409 5.0596 8.8976, 4.9682 4.9938 8.8976, 4.8568 5.1867 8.8217, 4.9198 5.1384 8.8217, 4.9682 5.0754 8.8217, 4.9986 5.002 8.8217, 4.9986 -4.5649 8.8217, 4.8411 -4.5649 9.0129, 4.7753 -4.527 9.0444, 4.7624 -4.5438 9.0444, 4.7047 -4.5677 9.0444, 4.7258 -4.5649 9.0444, 4.7835 -4.5073 9.0444, 4.8568 -4.527 9.0129, 4.9198 -4.5438 8.9629, 4.8161 -4.5976 9.0129, 4.7455 -4.5568 9.0444, 4.7835 -4.6226 9.0129, 4.7455 -4.6383 9.0129, 4.7047 -4.6437 9.0129, 4.8976 -4.5976 8.9629, 4.8622 -4.6437 8.9629, 4.8161 -4.6791 8.9629, 4.7624 -4.7013 8.9629, 4.7047 -4.7089 8.9629, 4.9682 -4.5568 8.8976, 4.9409 -4.6226 8.8976, 4.8976 -4.6791 8.8976, 4.8411 -4.7224 8.8976, 4.7753 -4.7497 8.8976, 4.7047 -4.759 8.8976, 4.9682 -4.6383 8.8217, 4.9198 -4.7013 8.8217, 4.8568 -4.7497 8.8217, 4.7835 -4.7801 8.8217, 4.7047 -4.7904 8.8217, -4.7862 5.2275 8.7402, -4.8622 5.196 8.7402, -4.9274 5.146 8.7402, -4.9775 5.0807 8.7402, -5.009 5.0048 8.7402, -4.7047 5.0048 9.0444, -4.7047 5.0807 9.0129, -4.7047 5.146 8.9629, -4.7047 5.196 8.8976, -4.7047 5.2275 8.8217, -4.7047 -4.5677 9.0444, -4.7047 -4.6437 9.0129, -4.7047 -4.7089 8.9629, -4.7047 -4.759 8.8976, -4.7047 -4.7904 8.8217, -5.009 -4.5677 8.7402, -4.9775 -4.6437 8.7402, -4.9274 -4.7089 8.7402, -4.8622 -4.759 8.7402, -4.7862 -4.7904 8.7402, -5.009 4.9232 8.8217, -4.9986 5.002 8.8217, -4.8411 5.002 9.0129, -4.7753 4.964 9.0444, -4.7624 4.9809 9.0444, -4.7258 5.002 9.0444, -4.7835 4.9443 9.0444, -4.8568 4.964 9.0129, -4.9198 4.9809 8.9629, -4.7862 4.9232 9.0444, -4.8161 5.0346 9.0129, -4.7455 4.9938 9.0444, -4.7835 5.0596 9.0129, -4.7455 5.0754 9.0129, -4.8622 4.9232 9.0129, -4.9274 4.9232 8.9629, -4.9775 4.9232 8.8976, -4.8976 5.0346 8.9629, -4.8622 5.0807 8.9629, -4.8161 5.1161 8.9629, -4.7624 5.1384 8.9629, -4.9682 4.9938 8.8976, -4.9409 5.0596 8.8976, -4.8976 5.1161 8.8976, -4.8411 5.1595 8.8976, -4.7753 5.1867 8.8976, -4.9682 5.0754 8.8217, -4.9198 5.1384 8.8217, -4.8568 5.1867 8.8217, -4.7835 5.2171 8.8217, -4.7835 -4.7801 8.8217, -4.7835 -4.6226 9.0129, -4.7455 -4.5568 9.0444, -4.7624 -4.5438 9.0444, -4.7862 -4.4862 9.0444, -4.7835 -4.5073 9.0444, -4.7258 -4.5649 9.0444, -4.7455 -4.6383 9.0129, -4.7624 -4.7013 8.9629, -4.8161 -4.5976 9.0129, -4.7753 -4.527 9.0444, -4.8411 -4.5649 9.0129, -4.8568 -4.527 9.0129, -4.8622 -4.4862 9.0129, -4.8161 -4.6791 8.9629, -4.8622 -4.6437 8.9629, -4.8976 -4.5976 8.9629, -4.9198 -4.5438 8.9629, -4.9274 -4.4862 8.9629, -4.7753 -4.7497 8.8976, -4.8411 -4.7224 8.8976, -4.8976 -4.6791 8.8976, -4.9409 -4.6226 8.8976, -4.9682 -4.5568 8.8976, -4.9775 -4.4862 8.8976, -4.8568 -4.7497 8.8217, -4.9198 -4.7013 8.8217, -4.9682 -4.6383 8.8217, -4.9986 -4.5649 8.8217, -5.009 -4.4862 8.8217
            ]
        }
        coordIndex [
            0,1,2,-1,3,4,5,-1,6,7,8,-1,9,10,11,-1,12,13,14,-1,15,16,17,-1,18,19,20,-1,21,22,23,-1,24,25,26,-1,26,25,3,-1,27,28,26,-1,26,28,29,-1,29,30,26,-1,26,30,31,-1,26,31,24,-1,32,33,34,-1,34,33,35,-1,32,34,36,-1,36,34,37,-1,36,37,38,-1,38,37,39,-1,39,37,40,-1,39,40,41,-1,42,43,40,-1,40,43,44,-1,40,44,45,-1,40,46,41,-1,41,46,47,-1,41,47,48,-1,48,47,49,-1,48,49,50,-1,45,51,40,-1,40,51,52,-1,40,52,46,-1,53,54,55,-1,55,54,56,-1,55,56,57,-1,57,58,55,-1,55,58,59,-1,55,59,60,-1,60,59,61,-1,61,62,60,-1,60,62,63,-1,60,63,42,-1,42,63,64,-1,42,64,43,-1,65,66,67,-1,67,66,68,-1,67,68,55,-1,55,68,69,-1,55,69,53,-1,70,71,67,-1,67,71,72,-1,67,72,65,-1,73,74,75,-1,75,74,76,-1,75,76,70,-1,70,76,77,-1,70,77,71,-1,0,78,1,-1,1,78,79,-1,1,79,80,-1,80,81,1,-1,1,81,82,-1,1,82,73,-1,83,84,4,-1,85,86,87,-1,88,89,0,-1,90,91,92,-1,92,91,93,-1,85,87,94,-1,88,0,95,-1,96,97,91,-1,91,97,98,-1,91,98,99,-1,4,84,0,-1,0,84,100,-1,0,100,95,-1,86,101,87,-1,87,101,102,-1,87,102,103,-1,104,105,106,-1,106,105,107,-1,106,107,108,-1,109,99,110,-1,110,99,111,-1,110,111,106,-1,106,111,112,-1,106,112,104,-1,109,113,99,-1,99,113,114,-1,99,114,91,-1,91,114,115,-1,91,115,93,-1,116,117,118,-1,118,117,119,-1,118,119,87,-1,87,119,120,-1,87,120,94,-1,121,122,87,-1,87,122,123,-1,87,123,91,-1,91,123,124,-1,91,124,96,-1,125,126,78,-1,78,126,127,-1,78,127,128,-1,128,129,78,-1,78,129,130,-1,78,130,131,-1,131,130,116,-1,131,116,132,-1,132,116,118,-1,89,133,0,-1,0,133,134,-1,0,134,78,-1,78,134,135,-1,78,135,125,-1,103,136,87,-1,87,136,137,-1,87,137,138,-1,138,139,87,-1,87,139,140,-1,87,140,121,-1,141,142,143,-1,143,99,141,-1,141,99,98,-1,141,98,144,-1,144,98,145,-1,145,146,144,-1,144,146,147,-1,144,147,148,-1,149,150,151,-1,150,152,151,-1,151,152,153,-1,151,153,154,-1,155,151,156,-1,142,141,155,-1,155,141,157,-1,155,157,151,-1,151,157,158,-1,151,158,149,-1,156,159,155,-1,155,159,160,-1,155,160,161,-1,154,153,162,-1,162,153,163,-1,162,163,164,-1,164,163,165,-1,164,165,166,-1,167,168,161,-1,161,168,169,-1,161,169,155,-1,25,170,3,-1,3,170,171,-1,3,171,4,-1,4,171,172,-1,4,172,83,-1,173,174,175,-1,175,174,176,-1,175,176,177,-1,177,176,178,-1,177,178,179,-1,180,181,182,-1,182,181,183,-1,183,181,184,-1,184,181,176,-1,184,176,185,-1,185,176,174,-1,185,174,23,-1,23,174,186,-1,23,186,21,-1,178,187,179,-1,179,187,188,-1,179,188,189,-1,189,188,190,-1,191,192,193,-1,193,192,194,-1,195,196,197,-1,198,199,200,-1,200,199,195,-1,200,195,19,-1,201,202,203,-1,204,205,206,-1,206,205,207,-1,208,209,210,-1,211,212,196,-1,196,212,213,-1,214,215,201,-1,201,215,216,-1,201,216,217,-1,191,218,192,-1,192,218,219,-1,192,219,220,-1,220,219,210,-1,220,210,221,-1,221,210,209,-1,213,222,196,-1,196,222,223,-1,196,223,197,-1,217,224,201,-1,201,224,225,-1,201,225,202,-1,226,227,228,-1,203,229,201,-1,201,229,230,-1,201,230,205,-1,205,230,194,-1,205,194,207,-1,207,194,192,-1,231,232,233,-1,226,228,234,-1,204,235,205,-1,205,235,236,-1,205,236,237,-1,238,239,210,-1,210,239,240,-1,210,240,241,-1,242,199,243,-1,231,233,198,-1,228,244,234,-1,234,244,242,-1,234,242,245,-1,245,242,243,-1,241,246,210,-1,210,246,247,-1,210,247,208,-1,233,248,198,-1,198,248,249,-1,198,249,199,-1,199,249,250,-1,199,250,243,-1,18,20,251,-1,251,20,252,-1,251,252,253,-1,254,255,17,-1,256,257,258,-1,258,257,259,-1,258,259,260,-1,261,262,17,-1,17,262,263,-1,260,264,258,-1,258,264,265,-1,258,265,266,-1,266,265,267,-1,266,267,254,-1,268,269,255,-1,255,269,270,-1,255,270,17,-1,17,270,271,-1,17,271,261,-1,263,272,17,-1,17,272,273,-1,17,273,15,-1,274,275,276,-1,276,275,277,-1,276,277,278,-1,276,279,274,-1,274,279,280,-1,274,280,281,-1,281,282,274,-1,274,282,283,-1,274,283,284,-1,284,283,285,-1,284,285,286,-1,286,285,287,-1,286,287,255,-1,255,287,288,-1,255,288,268,-1,289,290,278,-1,278,290,291,-1,278,291,276,-1,292,293,232,-1,232,293,294,-1,232,294,233,-1,292,295,293,-1,293,295,296,-1,293,296,297,-1,297,296,298,-1,297,299,300,-1,298,301,297,-1,297,301,302,-1,297,302,303,-1,303,304,297,-1,297,304,305,-1,297,305,299,-1,300,306,297,-1,297,306,307,-1,297,307,308,-1,309,12,310,-1,311,312,313,-1,313,312,314,-1,12,14,310,-1,310,14,315,-1,310,315,316,-1,317,318,319,-1,319,318,320,-1,319,320,314,-1,314,320,321,-1,314,321,313,-1,322,323,324,-1,325,326,327,-1,322,324,328,-1,328,324,329,-1,328,329,327,-1,327,329,330,-1,327,330,325,-1,331,332,317,-1,333,334,319,-1,332,335,317,-1,317,335,336,-1,317,336,322,-1,322,336,337,-1,322,337,323,-1,333,319,338,-1,325,339,326,-1,326,339,340,-1,326,340,319,-1,319,340,341,-1,319,341,338,-1,334,342,319,-1,319,342,343,-1,319,343,317,-1,317,343,344,-1,317,344,331,-1,327,345,346,-1,346,345,347,-1,348,349,350,-1,350,349,351,-1,351,349,352,-1,352,349,353,-1,352,353,354,-1,354,353,355,-1,354,355,11,-1,11,355,356,-1,11,356,9,-1,357,358,359,-1,346,355,327,-1,327,355,353,-1,327,353,328,-1,328,353,360,-1,328,360,359,-1,359,360,361,-1,359,361,357,-1,347,345,362,-1,362,345,363,-1,362,363,357,-1,364,365,363,-1,363,365,366,-1,363,366,367,-1,368,369,358,-1,369,370,358,-1,358,370,371,-1,358,371,372,-1,373,374,368,-1,357,363,358,-1,358,363,367,-1,358,367,368,-1,368,367,375,-1,368,375,373,-1,374,376,368,-1,368,376,377,-1,368,377,378,-1,379,380,381,-1,378,382,368,-1,368,382,383,-1,368,383,384,-1,384,383,385,-1,385,383,381,-1,381,383,386,-1,381,386,379,-1,380,387,381,-1,381,387,388,-1,381,388,389,-1,389,390,381,-1,381,390,391,-1,381,391,392,-1,392,391,393,-1,394,395,364,-1,8,396,397,-1,397,398,8,-1,8,398,399,-1,8,399,6,-1,400,401,402,-1,403,404,405,-1,405,404,406,-1,405,406,8,-1,8,406,407,-1,8,407,396,-1,408,409,410,-1,410,409,411,-1,410,411,412,-1,413,414,205,-1,205,414,415,-1,205,415,410,-1,410,415,416,-1,410,416,408,-1,227,226,237,-1,237,226,256,-1,237,256,205,-1,205,256,258,-1,205,258,413,-1,19,195,20,-1,20,195,197,-1,20,197,252,-1,252,197,417,-1,252,417,214,-1,214,417,418,-1,214,418,215,-1,419,420,421,-1,173,175,422,-1,422,175,423,-1,422,423,190,-1,190,423,421,-1,190,421,189,-1,189,421,420,-1,189,420,424,-1,425,426,427,-1,421,428,419,-1,419,428,429,-1,419,429,430,-1,430,429,425,-1,430,425,431,-1,431,425,427,-1,432,433,17,-1,17,433,434,-1,254,17,266,-1,266,17,434,-1,266,434,428,-1,428,434,435,-1,428,435,429,-1,436,433,437,-1,437,433,432,-1,437,432,438,-1,439,440,441,-1,442,443,432,-1,432,443,444,-1,432,444,438,-1,253,252,16,-1,16,252,439,-1,16,439,17,-1,17,439,441,-1,17,441,432,-1,432,441,445,-1,432,445,446,-1,447,448,449,-1,449,448,450,-1,449,450,439,-1,439,450,451,-1,439,451,440,-1,446,452,432,-1,432,452,453,-1,432,453,442,-1,454,455,456,-1,454,456,424,-1,455,457,456,-1,456,457,458,-1,456,458,449,-1,449,458,459,-1,449,459,447,-1,460,70,461,-1,461,70,67,-1,461,67,462,-1,462,67,55,-1,462,55,463,-1,463,55,60,-1,463,60,464,-1,464,60,42,-1,464,42,465,-1,465,42,40,-1,465,40,466,-1,466,40,37,-1,467,468,402,-1,402,468,469,-1,470,405,26,-1,401,403,402,-1,402,403,405,-1,402,405,467,-1,467,405,470,-1,467,470,471,-1,5,402,3,-1,3,402,469,-1,3,469,26,-1,26,469,472,-1,26,472,470,-1,473,474,475,-1,474,473,476,-1,476,473,5,-1,476,5,477,-1,478,479,480,-1,480,479,476,-1,480,476,481,-1,481,476,477,-1,481,477,482,-1,482,477,483,-1,2,473,0,-1,0,473,475,-1,0,475,4,-1,4,475,484,-1,4,484,5,-1,5,484,485,-1,5,485,477,-1,395,394,7,-1,7,394,486,-1,7,486,8,-1,8,486,487,-1,8,487,405,-1,405,487,34,-1,405,34,26,-1,26,34,35,-1,26,35,27,-1,2,214,473,-1,473,214,201,-1,473,201,5,-1,5,201,205,-1,5,205,402,-1,402,205,410,-1,402,410,400,-1,400,410,412,-1,175,317,423,-1,423,317,322,-1,423,322,421,-1,421,322,328,-1,421,328,428,-1,428,328,359,-1,428,359,266,-1,266,359,358,-1,266,358,258,-1,258,358,372,-1,258,372,413,-1,364,363,394,-1,394,363,345,-1,394,345,488,-1,488,345,327,-1,488,327,489,-1,489,327,326,-1,489,326,490,-1,490,326,319,-1,490,319,491,-1,491,319,314,-1,491,314,492,-1,492,314,312,-1,492,312,493,-1,313,309,311,-1,311,309,310,-1,311,310,494,-1,495,496,497,-1,498,499,177,-1,500,175,501,-1,501,175,177,-1,501,177,502,-1,502,177,499,-1,175,503,504,-1,497,498,495,-1,495,498,177,-1,495,177,505,-1,505,177,506,-1,505,506,504,-1,504,506,494,-1,504,494,175,-1,175,494,310,-1,175,310,317,-1,317,310,316,-1,317,316,318,-1,499,507,508,-1,508,509,499,-1,499,509,510,-1,499,510,502,-1,511,512,503,-1,503,512,513,-1,503,513,514,-1,500,515,175,-1,175,515,516,-1,175,516,503,-1,503,516,517,-1,503,517,511,-1,514,518,503,-1,503,518,519,-1,503,519,499,-1,499,519,520,-1,499,520,507,-1,424,456,189,-1,189,456,521,-1,189,521,179,-1,179,521,522,-1,179,522,177,-1,177,522,523,-1,177,523,506,-1,73,75,1,-1,1,75,524,-1,1,524,2,-1,2,524,525,-1,2,525,214,-1,214,525,526,-1,214,526,252,-1,252,526,527,-1,252,527,439,-1,439,527,528,-1,439,528,449,-1,449,528,529,-1,449,529,456,-1,456,529,530,-1,456,530,521,-1,521,530,531,-1,521,531,522,-1,522,531,532,-1,522,532,523,-1,533,534,535,-1,535,534,536,-1,537,538,539,-1,539,538,540,-1,541,542,543,-1,543,542,544,-1,545,546,547,-1,547,546,548,-1,540,532,539,-1,539,532,460,-1,549,542,460,-1,550,551,535,-1,535,551,552,-1,535,552,553,-1,553,552,554,-1,555,556,557,-1,558,536,559,-1,559,536,560,-1,559,560,561,-1,460,542,539,-1,539,542,541,-1,539,541,562,-1,563,564,565,-1,558,566,536,-1,536,566,532,-1,536,532,535,-1,535,532,540,-1,535,540,550,-1,549,460,557,-1,557,460,567,-1,557,567,555,-1,563,565,541,-1,541,565,568,-1,541,568,562,-1,533,535,553,-1,533,553,569,-1,569,553,554,-1,569,554,570,-1,570,554,552,-1,570,552,571,-1,571,552,551,-1,571,551,572,-1,572,551,550,-1,572,550,573,-1,573,550,540,-1,573,540,538,-1,548,546,574,-1,548,574,575,-1,575,574,576,-1,575,576,577,-1,577,576,578,-1,577,578,579,-1,579,578,580,-1,579,580,581,-1,581,580,582,-1,581,582,583,-1,583,582,534,-1,583,534,533,-1,493,532,566,-1,493,566,584,-1,584,566,558,-1,584,558,585,-1,585,558,559,-1,585,559,586,-1,586,559,561,-1,586,561,587,-1,587,561,560,-1,587,560,588,-1,588,560,536,-1,588,536,534,-1,538,589,590,-1,591,592,593,-1,548,575,594,-1,593,592,548,-1,595,548,592,-1,595,592,596,-1,596,592,591,-1,596,591,597,-1,598,548,595,-1,599,600,601,-1,601,600,594,-1,601,594,602,-1,602,594,575,-1,602,575,577,-1,598,595,603,-1,603,595,596,-1,603,596,604,-1,604,596,597,-1,604,597,605,-1,606,599,607,-1,607,599,601,-1,607,601,608,-1,608,601,602,-1,608,602,609,-1,609,602,577,-1,609,577,579,-1,610,606,611,-1,611,606,607,-1,611,607,612,-1,612,607,608,-1,612,608,613,-1,613,608,609,-1,613,609,614,-1,614,609,579,-1,614,579,581,-1,589,610,590,-1,590,610,611,-1,590,611,615,-1,615,611,612,-1,615,612,616,-1,616,612,613,-1,616,613,617,-1,617,613,614,-1,617,614,618,-1,618,614,581,-1,618,581,583,-1,538,590,573,-1,573,590,615,-1,573,615,572,-1,572,615,616,-1,572,616,571,-1,571,616,617,-1,571,617,570,-1,570,617,618,-1,570,618,569,-1,569,618,583,-1,569,583,533,-1,600,548,594,-1,589,605,610,-1,610,605,597,-1,610,597,606,-1,606,597,591,-1,606,591,599,-1,599,591,593,-1,599,593,600,-1,600,593,548,-1,534,582,619,-1,620,621,622,-1,546,623,624,-1,622,621,546,-1,625,546,621,-1,625,621,626,-1,626,621,620,-1,626,620,627,-1,574,546,625,-1,628,629,630,-1,630,629,624,-1,630,624,631,-1,631,624,623,-1,631,623,632,-1,574,625,576,-1,576,625,626,-1,576,626,578,-1,578,626,627,-1,578,627,580,-1,633,628,634,-1,634,628,630,-1,634,630,635,-1,635,630,631,-1,635,631,636,-1,636,631,632,-1,636,632,637,-1,638,633,639,-1,639,633,634,-1,639,634,640,-1,640,634,635,-1,640,635,641,-1,641,635,636,-1,641,636,642,-1,642,636,637,-1,642,637,643,-1,582,638,619,-1,619,638,639,-1,619,639,644,-1,644,639,640,-1,644,640,645,-1,645,640,641,-1,645,641,646,-1,646,641,642,-1,646,642,647,-1,647,642,643,-1,647,643,648,-1,534,619,588,-1,588,619,644,-1,588,644,587,-1,587,644,645,-1,587,645,586,-1,586,645,646,-1,586,646,585,-1,585,646,647,-1,585,647,584,-1,584,647,648,-1,584,648,493,-1,629,546,624,-1,582,580,638,-1,638,580,627,-1,638,627,633,-1,633,627,620,-1,633,620,628,-1,628,620,622,-1,628,622,629,-1,629,622,546,-1,537,539,562,-1,537,562,649,-1,649,562,568,-1,649,568,650,-1,650,568,565,-1,650,565,651,-1,651,565,564,-1,651,564,652,-1,652,564,563,-1,652,563,653,-1,653,563,541,-1,653,541,543,-1,547,548,598,-1,547,598,654,-1,654,598,603,-1,654,603,655,-1,655,603,604,-1,655,604,656,-1,656,604,605,-1,656,605,657,-1,657,605,589,-1,657,589,658,-1,658,589,538,-1,658,538,537,-1,546,545,659,-1,546,659,623,-1,623,659,660,-1,623,660,632,-1,632,660,661,-1,632,661,637,-1,637,661,662,-1,637,662,643,-1,643,662,663,-1,643,663,648,-1,648,663,466,-1,648,466,493,-1,544,542,549,-1,544,549,664,-1,664,549,557,-1,664,557,665,-1,665,557,556,-1,665,556,666,-1,666,556,555,-1,666,555,667,-1,667,555,567,-1,667,567,668,-1,668,567,460,-1,668,460,466,-1,543,669,670,-1,671,672,673,-1,547,654,674,-1,673,672,547,-1,675,547,672,-1,675,672,676,-1,676,672,671,-1,676,671,677,-1,678,547,675,-1,679,680,681,-1,681,680,674,-1,681,674,682,-1,682,674,654,-1,682,654,655,-1,678,675,683,-1,683,675,676,-1,683,676,684,-1,684,676,677,-1,684,677,685,-1,686,679,687,-1,687,679,681,-1,687,681,688,-1,688,681,682,-1,688,682,689,-1,689,682,655,-1,689,655,656,-1,690,686,691,-1,691,686,687,-1,691,687,692,-1,692,687,688,-1,692,688,693,-1,693,688,689,-1,693,689,694,-1,694,689,656,-1,694,656,657,-1,669,690,670,-1,670,690,691,-1,670,691,695,-1,695,691,692,-1,695,692,696,-1,696,692,693,-1,696,693,697,-1,697,693,694,-1,697,694,698,-1,698,694,657,-1,698,657,658,-1,543,670,653,-1,653,670,695,-1,653,695,652,-1,652,695,696,-1,652,696,651,-1,651,696,697,-1,651,697,650,-1,650,697,698,-1,650,698,649,-1,649,698,658,-1,649,658,537,-1,680,547,674,-1,669,685,690,-1,690,685,677,-1,690,677,686,-1,686,677,671,-1,686,671,679,-1,679,671,673,-1,679,673,680,-1,680,673,547,-1,466,663,699,-1,700,701,702,-1,545,703,704,-1,702,701,545,-1,705,545,701,-1,705,701,706,-1,706,701,700,-1,706,700,707,-1,659,545,705,-1,708,709,710,-1,710,709,704,-1,710,704,711,-1,711,704,703,-1,711,703,712,-1,659,705,660,-1,660,705,706,-1,660,706,661,-1,661,706,707,-1,661,707,662,-1,713,708,714,-1,714,708,710,-1,714,710,715,-1,715,710,711,-1,715,711,716,-1,716,711,712,-1,716,712,717,-1,718,713,719,-1,719,713,714,-1,719,714,720,-1,720,714,715,-1,720,715,721,-1,721,715,716,-1,721,716,722,-1,722,716,717,-1,722,717,723,-1,663,718,699,-1,699,718,719,-1,699,719,724,-1,724,719,720,-1,724,720,725,-1,725,720,721,-1,725,721,726,-1,726,721,722,-1,726,722,727,-1,727,722,723,-1,727,723,728,-1,466,699,668,-1,668,699,724,-1,668,724,667,-1,667,724,725,-1,667,725,666,-1,666,725,726,-1,666,726,665,-1,665,726,727,-1,665,727,664,-1,664,727,728,-1,664,728,544,-1,709,545,704,-1,663,662,718,-1,718,662,707,-1,718,707,713,-1,713,707,700,-1,713,700,708,-1,708,700,702,-1,708,702,709,-1,709,702,545,-1,545,547,678,-1,545,678,703,-1,703,678,683,-1,703,683,712,-1,712,683,684,-1,712,684,717,-1,717,684,685,-1,717,685,723,-1,723,685,669,-1,723,669,728,-1,728,669,543,-1,728,543,544,-1,
        ]
    }
}
Shape{
    appearance Appearance {
        material  Material 	{
            diffuseColor 1.0 1.0 1.0
            specularColor 0.5019607843137255 0.5019607843137255 0.5019607843137255
            ambientIntensity 1.0
            transparency 0.0
            shininess 0.5
        }
    }
    geometry IndexedFaceSet {
        ccw TRUE
        solid FALSE
        coord DEF co Coordinate {
            point [
                -2.6049 -4.8051 7.9945, -2.6049 -4.8051 7.9641, -2.6049 -4.8012 7.9945, -2.6049 -4.8012 7.9641, -2.7112 -4.8051 7.9945, -2.7112 -4.8012 7.9945, -2.7112 -4.8051 8.231, -2.7112 -4.8012 8.231, -2.7456 -4.8051 8.231, -2.7456 -4.8012 8.231, -2.7456 -4.8051 7.9641, -2.7456 -4.8012 7.9641, -2.4273 -4.8051 7.9635, -2.468 -4.8051 7.9596, -2.4445 -4.8012 7.9618, -2.468 -4.8012 7.9596, -2.4273 -4.8012 7.9635, -2.3987 -4.8012 7.9729, -2.3987 -4.8051 7.9729, -2.3941 -4.8012 7.9751, -2.3941 -4.8051 7.9751, -2.3941 -4.8051 8.0082, -2.3941 -4.8012 8.0082, -2.4204 -4.8012 7.9964, -2.4204 -4.8051 7.9964, -2.4506 -4.8012 7.9908, -2.4506 -4.8051 7.9908, -2.463 -4.8012 7.9903, -2.463 -4.8051 7.9903, -2.4858 -4.8012 7.9926, -2.4858 -4.8051 7.9926, -2.5056 -4.8012 7.9992, -2.5056 -4.8051 7.9992, -2.5237 -4.8012 8.0109, -2.5237 -4.8051 8.0109, -2.5316 -4.8012 8.0184, -2.5316 -4.8051 8.0184, -2.5436 -4.8012 8.0346, -2.5436 -4.8051 8.0346, -2.5526 -4.8012 8.0557, -2.5526 -4.8051 8.0557, -2.5573 -4.8012 8.0818, -2.5573 -4.8051 8.0818, -2.5578 -4.8012 8.0945, -2.5578 -4.8051 8.0945, -2.5534 -4.8012 8.1312, -2.5534 -4.8051 8.1312, -2.5444 -4.8012 8.1543, -2.5444 -4.8051 8.1543, -2.5315 -4.8012 8.1728, -2.5315 -4.8051 8.1728, -2.5298 -4.8012 8.1748, -2.5298 -4.8051 8.1748, -2.5137 -4.8012 8.1884, -2.5137 -4.8051 8.1884, -2.493 -4.8012 8.1987, -2.493 -4.8051 8.1987, -2.4702 -4.8012 8.2037, -2.4702 -4.8051 8.2037, -2.457 -4.8012 8.2044, -2.457 -4.8051 8.2044, -2.4242 -4.8012 8.2005, -2.4242 -4.8051 8.2005, -2.3971 -4.8012 8.1902, -2.3971 -4.8051 8.1902, -2.3941 -4.8012 8.1886, -2.3941 -4.8051 8.1886, -2.3941 -4.8051 8.2246, -2.3941 -4.8012 8.2246, -2.4574 -4.8012 8.2355, -2.4574 -4.8051 8.2355, -2.4287 -4.8012 8.2332, -2.4224 -4.8051 8.2327, -2.4224 -4.8012 8.2327, -2.4759 -4.8012 8.2332, -2.496 -4.8051 8.2308, -2.496 -4.8012 8.2308, -2.5239 -4.8012 8.22, -2.5239 -4.8051 8.22, -2.5488 -4.8012 8.2025, -2.5488 -4.8051 8.2025, -2.5554 -4.8012 8.1962, -2.5554 -4.8051 8.1962, -2.5748 -4.8012 8.1709, -2.5748 -4.8051 8.1709, -2.582 -4.8012 8.1539, -2.5874 -4.8051 8.1413, -2.5874 -4.8012 8.1413, -2.5935 -4.8012 8.1064, -2.5935 -4.8051 8.1064, -2.594 -4.8012 8.0925, -2.594 -4.8051 8.0925, -2.5887 -4.8012 8.049, -2.582 -4.8012 8.0319, -2.5778 -4.8051 8.0212, -2.5887 -4.8051 8.049, -2.5778 -4.8012 8.0212, -2.5619 -4.8012 7.9984, -2.5619 -4.8051 7.9984, -2.5597 -4.8012 7.996, -2.5597 -4.8051 7.996, -2.5131 -4.8012 7.9663, -2.5383 -4.8051 7.9782, -2.5383 -4.8012 7.9782, -2.4914 -4.8012 7.9618, -2.4842 -4.8051 7.9604, -2.5131 -4.8051 7.9663, -2.4842 -4.8012 7.9604, -2.1972 -4.8051 7.9945, -2.1972 -4.8051 7.9641, -2.1972 -4.8012 7.9945, -2.1972 -4.8012 7.9641, -2.3062 -4.8012 7.9945, -2.3062 -4.8051 7.9945, -2.2342 -4.8012 7.9945, -2.3062 -4.8051 8.0843, -2.3062 -4.8012 8.0843, -2.2108 -4.8012 8.0843, -2.2108 -4.8051 8.0843, -2.2342 -4.8012 8.0843, -2.2108 -4.8051 8.1149, -2.2108 -4.8012 8.1149, -2.3062 -4.8012 8.1149, -2.3062 -4.8051 8.1149, -2.2342 -4.8012 8.1149, -2.3062 -4.8051 8.2003, -2.3062 -4.8012 8.2003, -2.2032 -4.8012 8.2003, -2.2032 -4.8051 8.2003, -2.2342 -4.8012 8.2003, -2.2032 -4.8051 8.231, -2.2032 -4.8012 8.231, -2.3407 -4.8012 8.231, -2.3407 -4.8051 8.231, -2.2342 -4.8012 8.231, -2.3407 -4.8051 7.9641, -2.3407 -4.8012 7.9641, -2.2342 -4.8012 7.9641, -1.9697 -4.8051 8.0015, -1.9973 -4.8051 8.0195, -1.9976 -4.8051 7.9815, -2.0145 -4.8051 8.0075, -2.028 -4.8051 7.9696, -2.0365 -4.8051 7.9989, -2.0733 -4.8051 7.9641, -2.0735 -4.8051 7.9945, -2.1467 -4.8051 7.9641, -2.1123 -4.8051 7.9945, -2.1467 -4.8051 8.231, -2.1123 -4.8051 8.2003, -2.0706 -4.8051 8.231, -2.072 -4.8051 8.2003, -2.0685 -4.8051 8.2003, -2.0298 -4.8051 8.2265, -2.0346 -4.8051 8.1957, -1.9976 -4.8051 8.2147, -2.012 -4.8051 8.1869, -1.9697 -4.8051 8.1957, -1.9949 -4.8051 8.1752, -1.9603 -4.8051 8.1865, -1.9875 -4.8051 8.1679, -1.9438 -4.8051 8.1632, -1.9772 -4.8051 8.1529, -1.9339 -4.8051 8.1377, -1.9696 -4.8051 8.1334, -1.9294 -4.8051 8.101, -1.9657 -4.8051 8.1, -1.9302 -4.8051 8.0839, -1.9668 -4.8051 8.0811, -1.9367 -4.8051 8.0527, -1.9723 -4.8051 8.0571, -1.9499 -4.8051 8.0251, -1.9817 -4.8051 8.0375, -1.9942 -4.8051 8.0224, -2.0733 -4.8012 7.9641, -2.1467 -4.8012 7.9641, -1.9697 -4.8012 8.0015, -2.028 -4.8012 7.9696, -2.0245 -4.8012 7.971, -1.9976 -4.8012 7.9815, -1.9499 -4.8012 8.0251, -1.9367 -4.8012 8.0527, -1.9302 -4.8012 8.0839, -1.9294 -4.8012 8.101, -1.9339 -4.8012 8.1377, -1.9438 -4.8012 8.1632, -1.9603 -4.8012 8.1865, -1.9697 -4.8012 8.1957, -1.9976 -4.8012 8.2147, -2.0245 -4.8012 8.2245, -2.0298 -4.8012 8.2265, -2.0706 -4.8012 8.231, -2.1467 -4.8012 8.231, -2.072 -4.8012 8.2003, -2.1123 -4.8012 8.2003, -2.1123 -4.8012 7.9945, -2.0735 -4.8012 7.9945, -1.9942 -4.8012 8.0224, -1.9973 -4.8012 8.0195, -2.0145 -4.8012 8.0075, -2.0365 -4.8012 7.9989, -1.9657 -4.8012 8.1, -1.9668 -4.8012 8.0811, -1.9723 -4.8012 8.0571, -1.9817 -4.8012 8.0375, -1.9949 -4.8012 8.1752, -1.9875 -4.8012 8.1679, -1.9772 -4.8012 8.1529, -1.9696 -4.8012 8.1334, -2.0685 -4.8012 8.2003, -2.0346 -4.8012 8.1957, -2.012 -4.8012 8.1869
            ]
        }
        coordIndex [
            0,1,2,-1,2,1,3,-1,4,0,5,-1,5,0,2,-1,6,4,7,-1,7,4,5,-1,8,6,9,-1,9,6,7,-1,10,8,11,-1,11,8,9,-1,1,10,3,-1,3,10,11,-1,6,8,4,-1,4,8,10,-1,4,10,0,-1,0,10,1,-1,12,13,14,-1,14,13,15,-1,14,16,12,-1,12,16,17,-1,12,17,18,-1,18,17,19,-1,18,19,20,-1,21,20,22,-1,22,20,19,-1,21,22,23,-1,21,23,24,-1,24,23,25,-1,24,25,26,-1,26,25,27,-1,26,27,28,-1,28,27,29,-1,28,29,30,-1,30,29,31,-1,30,31,32,-1,32,31,33,-1,32,33,34,-1,34,33,35,-1,34,35,36,-1,36,35,37,-1,36,37,38,-1,38,37,39,-1,38,39,40,-1,40,39,41,-1,40,41,42,-1,42,41,43,-1,42,43,44,-1,44,43,45,-1,44,45,46,-1,46,45,47,-1,46,47,48,-1,48,47,49,-1,48,49,50,-1,50,49,51,-1,50,51,52,-1,52,51,53,-1,52,53,54,-1,54,53,55,-1,54,55,56,-1,56,55,57,-1,56,57,58,-1,58,57,59,-1,58,59,60,-1,60,59,61,-1,60,61,62,-1,62,61,63,-1,62,63,64,-1,64,63,65,-1,64,65,66,-1,67,66,68,-1,68,66,65,-1,69,70,71,-1,71,70,72,-1,71,72,73,-1,73,72,67,-1,73,67,68,-1,70,69,74,-1,70,74,75,-1,74,76,75,-1,75,76,77,-1,75,77,78,-1,78,77,79,-1,78,79,80,-1,80,79,81,-1,80,81,82,-1,82,81,83,-1,82,83,84,-1,84,83,85,-1,84,85,86,-1,85,87,86,-1,86,87,88,-1,86,88,89,-1,89,88,90,-1,89,90,91,-1,91,90,92,-1,93,94,92,-1,92,94,95,-1,92,95,91,-1,93,96,94,-1,94,96,97,-1,94,97,98,-1,98,97,99,-1,98,99,100,-1,101,102,103,-1,103,102,100,-1,103,100,99,-1,104,105,101,-1,101,105,106,-1,101,106,102,-1,104,107,105,-1,105,107,15,-1,105,15,13,-1,54,56,75,-1,46,48,84,-1,84,48,82,-1,75,56,70,-1,91,44,89,-1,89,44,46,-1,89,46,86,-1,86,46,84,-1,56,58,70,-1,70,58,60,-1,70,60,72,-1,72,60,62,-1,72,62,67,-1,67,62,64,-1,67,64,66,-1,20,21,18,-1,18,21,24,-1,18,24,12,-1,12,24,26,-1,12,26,13,-1,13,26,28,-1,13,28,105,-1,105,28,30,-1,105,30,106,-1,106,30,32,-1,106,32,102,-1,102,32,34,-1,102,34,100,-1,100,34,36,-1,100,36,98,-1,98,36,38,-1,98,38,94,-1,94,38,95,-1,95,38,40,-1,95,40,91,-1,91,40,42,-1,91,42,44,-1,48,50,82,-1,82,50,52,-1,82,52,80,-1,80,52,54,-1,80,54,78,-1,78,54,75,-1,108,109,110,-1,110,109,111,-1,112,113,114,-1,114,113,108,-1,114,108,110,-1,115,113,116,-1,116,113,112,-1,117,118,119,-1,119,118,115,-1,119,115,116,-1,120,118,121,-1,121,118,117,-1,122,123,124,-1,124,123,120,-1,124,120,121,-1,125,123,126,-1,126,123,122,-1,127,128,129,-1,129,128,125,-1,129,125,126,-1,130,128,131,-1,131,128,127,-1,132,133,134,-1,134,133,130,-1,134,130,131,-1,135,133,136,-1,136,133,132,-1,111,109,137,-1,137,109,135,-1,137,135,136,-1,135,109,108,-1,108,113,135,-1,135,113,115,-1,135,115,133,-1,128,130,125,-1,125,130,133,-1,125,133,123,-1,123,133,115,-1,123,115,120,-1,120,115,118,-1,138,139,140,-1,140,139,141,-1,140,141,142,-1,142,141,143,-1,142,143,144,-1,144,143,145,-1,144,145,146,-1,146,145,147,-1,146,147,148,-1,148,147,149,-1,148,149,150,-1,149,151,150,-1,150,151,152,-1,150,152,153,-1,153,152,154,-1,153,154,155,-1,155,154,156,-1,155,156,157,-1,157,156,158,-1,157,158,159,-1,159,158,160,-1,159,160,161,-1,161,160,162,-1,161,162,163,-1,163,162,164,-1,163,164,165,-1,165,164,166,-1,165,166,167,-1,167,166,168,-1,167,168,169,-1,169,168,170,-1,169,170,171,-1,171,170,172,-1,171,172,138,-1,138,172,173,-1,138,173,139,-1,144,146,174,-1,174,146,175,-1,176,138,140,-1,144,174,177,-1,144,177,142,-1,142,177,178,-1,142,178,140,-1,140,178,179,-1,140,179,176,-1,138,176,180,-1,138,180,171,-1,171,180,181,-1,171,181,169,-1,169,181,182,-1,169,182,167,-1,167,182,183,-1,167,183,165,-1,165,183,184,-1,165,184,163,-1,163,184,185,-1,163,185,161,-1,161,185,186,-1,161,186,159,-1,159,186,187,-1,159,187,157,-1,157,187,188,-1,189,153,188,-1,188,153,155,-1,188,155,157,-1,189,190,153,-1,153,190,191,-1,153,191,150,-1,148,150,192,-1,192,150,191,-1,146,148,175,-1,175,148,192,-1,151,149,193,-1,193,149,194,-1,149,147,194,-1,194,147,195,-1,147,145,195,-1,195,145,196,-1,173,197,198,-1,173,198,139,-1,139,198,199,-1,139,199,141,-1,141,199,200,-1,141,200,143,-1,143,200,196,-1,143,196,145,-1,166,201,202,-1,166,202,168,-1,168,202,203,-1,168,203,170,-1,170,203,204,-1,170,204,172,-1,172,204,197,-1,172,197,173,-1,158,205,206,-1,158,206,160,-1,160,206,207,-1,160,207,162,-1,162,207,208,-1,162,208,164,-1,164,208,201,-1,164,201,166,-1,151,193,209,-1,151,209,152,-1,152,209,210,-1,152,210,154,-1,154,210,211,-1,154,211,156,-1,156,211,205,-1,156,205,158,-1,
        ]
    }
}
Shape{
    appearance Appearance {
        material  Material 	{
            diffuseColor 0.25098039215686274 0.25098039215686274 0.25098039215686274
            specularColor 0.12549019607843137 0.12549019607843137 0.12549019607843137
            ambientIntensity 0.251
            transparency 0.0
            shininess 0.5
        }
    }
    geometry IndexedFaceSet {
        ccw TRUE
        solid FALSE
        coord DEF co Coordinate {
            point [
                -2.1123 -4.8012 8.2003, -2.1123 -4.8012 7.9945, -2.072 -4.8012 8.2003, -2.0735 -4.8012 7.9945, -2.0685 -4.8012 8.2003, -2.0365 -4.8012 7.9989, -2.0145 -4.8012 8.0075, -1.9973 -4.8012 8.0195, -1.9942 -4.8012 8.0224, -1.9817 -4.8012 8.0375, -1.9657 -4.8012 8.1, -1.9949 -4.8012 8.1752, -1.9668 -4.8012 8.0811, -2.012 -4.8012 8.1869, -1.9723 -4.8012 8.0571, -2.0346 -4.8012 8.1957, -1.9696 -4.8012 8.1334, -1.9772 -4.8012 8.1529, -1.9875 -4.8012 8.1679
            ]
        }
        coordIndex [
            0,1,2,-1,2,1,3,-1,2,3,4,-1,4,3,5,-1,4,5,6,-1,6,7,4,-1,4,7,8,-1,4,8,9,-1,10,11,12,-1,12,11,13,-1,9,14,4,-1,4,14,12,-1,4,12,15,-1,15,12,13,-1,16,17,10,-1,10,17,18,-1,10,18,11,-1,
        ]
    }
}
Shape{
    appearance Appearance {
        material  Material 	{
            diffuseColor 1.0 1.0 1.0
            specularColor 0.5019607843137255 0.5019607843137255 0.5019607843137255
            ambientIntensity 1.0
            transparency 0.0
            shininess 0.5
        }
    }
    geometry IndexedFaceSet {
        ccw TRUE
        solid FALSE
        coord DEF co Coordinate {
            point [
                -1.84 -4.8051 8.0673, -1.8509 -4.8051 8.0371, -1.7504 -4.8051 8.0673, -1.7398 -4.8051 8.0371, -1.8001 -4.8051 8.1782, -1.813 -4.8051 8.231, -1.9146 -4.8051 7.9641, -1.8766 -4.8051 7.9641, -1.7978 -4.8051 8.1862, -1.7957 -4.8051 8.1969, -1.7761 -4.8051 8.231, -1.7949 -4.8051 8.1969, -1.7927 -4.8051 8.1856, -1.7907 -4.8051 8.1782, -1.6745 -4.8051 7.9641, -1.7125 -4.8051 7.9641, -1.7761 -4.8012 8.231, -1.6745 -4.8012 7.9641, -1.813 -4.8012 8.231, -1.9146 -4.8012 7.9641, -1.8377 -4.8012 8.1661, -1.8766 -4.8012 7.9641, -1.8509 -4.8012 8.0371, -1.7398 -4.8012 8.0371, -1.8377 -4.8012 8.0371, -1.7125 -4.8012 7.9641, -1.84 -4.8012 8.0673, -1.7504 -4.8012 8.0673, -1.7907 -4.8012 8.1782, -1.7949 -4.8012 8.1969, -1.7927 -4.8012 8.1856, -1.7957 -4.8012 8.1969, -1.8001 -4.8012 8.1782, -1.7978 -4.8012 8.1862
            ]
        }
        coordIndex [
            0,1,2,-1,2,1,3,-1,4,5,0,-1,0,5,6,-1,0,6,1,-1,1,6,7,-1,4,8,5,-1,5,8,9,-1,5,9,10,-1,10,9,11,-1,10,11,12,-1,12,13,10,-1,10,13,2,-1,10,2,14,-1,14,2,3,-1,14,3,15,-1,10,14,16,-1,16,14,17,-1,5,10,18,-1,18,10,16,-1,19,6,20,-1,20,6,5,-1,20,5,18,-1,7,6,21,-1,21,6,19,-1,1,7,22,-1,22,7,21,-1,23,3,24,-1,24,3,1,-1,24,1,22,-1,15,3,25,-1,25,3,23,-1,14,15,17,-1,17,15,25,-1,0,2,26,-1,26,2,27,-1,2,13,27,-1,27,13,28,-1,11,29,30,-1,11,30,12,-1,12,30,28,-1,12,28,13,-1,11,9,29,-1,29,9,31,-1,4,32,33,-1,4,33,8,-1,8,33,31,-1,8,31,9,-1,4,0,32,-1,32,0,26,-1,
        ]
    }
}
Shape{
    appearance Appearance {
        material  Material 	{
            diffuseColor 0.25098039215686274 0.25098039215686274 0.25098039215686274
            specularColor 0.12549019607843137 0.12549019607843137 0.12549019607843137
            ambientIntensity 0.251
            transparency 0.0
            shininess 0.5
        }
    }
    geometry IndexedFaceSet {
        ccw TRUE
        solid FALSE
        coord DEF co Coordinate {
            point [
                -1.7949 -4.8012 8.1969, -1.7957 -4.8012 8.1969, -1.7927 -4.8012 8.1856, -1.7978 -4.8012 8.1862, -1.7907 -4.8012 8.1782, -1.8001 -4.8012 8.1782, -1.7504 -4.8012 8.0673, -1.84 -4.8012 8.0673
            ]
        }
        coordIndex [
            0,1,2,-1,2,1,3,-1,2,3,4,-1,4,3,5,-1,4,5,6,-1,6,5,7,-1,
        ]
    }
}
Shape{
    appearance Appearance {
        material  Material 	{
            diffuseColor 1.0 1.0 1.0
            specularColor 0.5019607843137255 0.5019607843137255 0.5019607843137255
            ambientIntensity 1.0
            transparency 0.0
            shininess 0.5
        }
    }
    geometry IndexedFaceSet {
        ccw TRUE
        solid FALSE
        coord DEF co Coordinate {
            point [
                -2.6021 -4.8051 7.5711, -2.6021 -4.8051 7.5407, -2.6021 -4.8012 7.5711, -2.6021 -4.8012 7.5407, -2.7112 -4.8051 7.5711, -2.7112 -4.8012 7.5711, -2.7112 -4.8051 7.6609, -2.7112 -4.8012 7.6609, -2.6157 -4.8051 7.6609, -2.6157 -4.8012 7.6609, -2.6157 -4.8051 7.6915, -2.6157 -4.8012 7.6915, -2.7112 -4.8051 7.6915, -2.7112 -4.8012 7.6915, -2.7112 -4.8051 7.7769, -2.7112 -4.8012 7.7769, -2.6081 -4.8051 7.7769, -2.6081 -4.8012 7.7769, -2.6081 -4.8051 7.8076, -2.6081 -4.8012 7.8076, -2.7456 -4.8051 7.8076, -2.7456 -4.8012 7.8076, -2.7456 -4.8051 7.5407, -2.7456 -4.8012 7.5407, -2.4503 -4.8051 7.5702, -2.4503 -4.8051 7.5407, -2.4169 -4.8051 7.5407, -2.4169 -4.8051 7.6634, -2.4525 -4.8051 7.6009, -2.4512 -4.8051 7.5702, -2.5342 -4.8051 7.6074, -2.5313 -4.8051 7.6136, -2.5559 -4.8051 7.6323, -2.5453 -4.8051 7.6411, -2.4503 -4.8051 7.6363, -2.4503 -4.8051 7.6181, -2.4504 -4.8051 7.6158, -2.5515 -4.8051 7.7179, -2.5515 -4.8051 7.6855, -2.5445 -4.8051 7.7219, -2.5285 -4.8051 7.6999, -2.5197 -4.8051 7.7316, -2.5075 -4.8051 7.7067, -2.4858 -4.8051 7.7357, -2.489 -4.8051 7.7085, -2.4647 -4.8051 7.7337, -2.4776 -4.8051 7.7073, -2.4508 -4.8051 7.7293, -2.4699 -4.8051 7.7046, -2.4399 -4.8051 7.7228, -2.4639 -4.8051 7.7008, -2.4311 -4.8051 7.7141, -2.4589 -4.8051 7.6954, -2.4243 -4.8051 7.703, -2.455 -4.8051 7.6885, -2.4192 -4.8051 7.6874, -2.4515 -4.8051 7.6766, -2.4503 -4.8051 7.6619, -2.4574 -4.8051 7.589, -2.4647 -4.8051 7.5792, -2.4591 -4.8051 7.5588, -2.4689 -4.8051 7.5751, -2.47 -4.8051 7.5484, -2.4783 -4.8051 7.5687, -2.4777 -4.8051 7.5436, -2.4885 -4.8051 7.565, -2.491 -4.8051 7.5384, -2.501 -4.8051 7.5636, -2.5096 -4.8051 7.5362, -2.5123 -4.8051 7.5649, -2.5296 -4.8051 7.5385, -2.5198 -4.8051 7.5677, -2.5424 -4.8051 7.5433, -2.5265 -4.8051 7.5722, -2.5537 -4.8051 7.5512, -2.5293 -4.8051 7.5751, -2.495 -4.8051 7.6303, -2.5068 -4.8051 7.6539, -2.5172 -4.8051 7.6248, -2.5305 -4.8051 7.6483, -2.5243 -4.8051 7.6211, -2.5273 -4.8051 7.6186, -2.5628 -4.8051 7.6229, -2.5676 -4.8051 7.6113, -2.5359 -4.8051 7.5998, -2.5699 -4.8051 7.5971, -2.5362 -4.8051 7.5944, -2.5701 -4.8051 7.5917, -2.5353 -4.8051 7.5868, -2.5684 -4.8051 7.5764, -2.5331 -4.8051 7.5807, -2.5643 -4.8051 7.5652, -2.5574 -4.8051 7.5549, -2.4858 -4.8012 7.7357, -2.5197 -4.8012 7.7316, -2.5445 -4.8012 7.7219, -2.5515 -4.8012 7.7179, -2.5515 -4.8012 7.6855, -2.5285 -4.8012 7.6999, -2.5075 -4.8012 7.7067, -2.489 -4.8012 7.7085, -2.4776 -4.8012 7.7073, -2.4699 -4.8012 7.7046, -2.4639 -4.8012 7.7008, -2.4589 -4.8012 7.6954, -2.455 -4.8012 7.6885, -2.4515 -4.8012 7.6766, -2.4503 -4.8012 7.6619, -2.5068 -4.8012 7.6539, -2.5305 -4.8012 7.6483, -2.5453 -4.8012 7.6411, -2.5559 -4.8012 7.6323, -2.5628 -4.8012 7.6229, -2.5676 -4.8012 7.6113, -2.5699 -4.8012 7.5971, -2.5701 -4.8012 7.5917, -2.5684 -4.8012 7.5764, -2.5643 -4.8012 7.5652, -2.5574 -4.8012 7.5549, -2.5537 -4.8012 7.5512, -2.5096 -4.8012 7.5362, -2.529 -4.8012 7.5384, -2.5296 -4.8012 7.5385, -2.5424 -4.8012 7.5433, -2.491 -4.8012 7.5384, -2.491 -4.8012 7.5384, -2.4777 -4.8012 7.5436, -2.47 -4.8012 7.5484, -2.4591 -4.8012 7.5588, -2.4512 -4.8012 7.5702, -2.4503 -4.8012 7.5702, -2.4503 -4.8012 7.5407, -2.4169 -4.8012 7.5407, -2.4169 -4.8012 7.6634, -2.4192 -4.8012 7.6874, -2.4243 -4.8012 7.703, -2.4311 -4.8012 7.7141, -2.4399 -4.8012 7.7228, -2.4508 -4.8012 7.7293, -2.4647 -4.8012 7.7337, -2.5273 -4.8012 7.6186, -2.5243 -4.8012 7.6211, -2.5172 -4.8012 7.6248, -2.495 -4.8012 7.6303, -2.5362 -4.8012 7.5944, -2.5359 -4.8012 7.5998, -2.5342 -4.8012 7.6074, -2.5313 -4.8012 7.6136, -2.5265 -4.8012 7.5722, -2.5293 -4.8012 7.5751, -2.5331 -4.8012 7.5807, -2.5353 -4.8012 7.5868, -2.501 -4.8012 7.5636, -2.5123 -4.8012 7.5649, -2.5198 -4.8012 7.5677, -2.4647 -4.8012 7.5792, -2.4689 -4.8012 7.5751, -2.4783 -4.8012 7.5687, -2.4885 -4.8012 7.565, -2.4503 -4.8012 7.6181, -2.4504 -4.8012 7.6158, -2.4525 -4.8012 7.6009, -2.4574 -4.8012 7.589, -2.4503 -4.8012 7.6363
            ]
        }
        coordIndex [
            0,1,2,-1,2,1,3,-1,4,0,5,-1,5,0,2,-1,6,4,7,-1,7,4,5,-1,8,6,9,-1,9,6,7,-1,10,8,11,-1,11,8,9,-1,12,10,13,-1,13,10,11,-1,14,12,15,-1,15,12,13,-1,16,14,17,-1,17,14,15,-1,18,16,19,-1,19,16,17,-1,20,18,21,-1,21,18,19,-1,22,20,23,-1,23,20,21,-1,1,22,3,-1,3,22,23,-1,22,1,0,-1,0,4,22,-1,22,4,6,-1,22,6,20,-1,16,18,14,-1,14,18,20,-1,14,20,12,-1,12,20,6,-1,12,6,10,-1,10,6,8,-1,24,25,26,-1,26,27,24,-1,24,27,28,-1,24,28,29,-1,30,31,32,-1,32,31,33,-1,34,35,27,-1,27,35,36,-1,27,36,28,-1,37,38,39,-1,39,38,40,-1,39,40,41,-1,41,40,42,-1,41,42,43,-1,43,42,44,-1,43,44,45,-1,45,44,46,-1,45,46,47,-1,47,46,48,-1,47,48,49,-1,49,48,50,-1,49,50,51,-1,51,50,52,-1,51,52,53,-1,53,52,54,-1,53,54,55,-1,55,54,56,-1,55,56,57,-1,28,58,29,-1,29,58,59,-1,29,59,60,-1,60,59,61,-1,60,61,62,-1,62,61,63,-1,62,63,64,-1,64,63,65,-1,64,65,66,-1,66,65,67,-1,66,67,68,-1,68,67,69,-1,68,69,70,-1,70,69,71,-1,70,71,72,-1,72,71,73,-1,72,73,74,-1,74,73,75,-1,27,55,34,-1,34,55,57,-1,34,57,76,-1,76,57,77,-1,76,77,78,-1,78,77,79,-1,78,79,80,-1,80,79,33,-1,80,33,81,-1,81,33,31,-1,32,82,30,-1,30,82,83,-1,30,83,84,-1,84,83,85,-1,84,85,86,-1,86,85,87,-1,86,87,88,-1,88,87,89,-1,88,89,90,-1,90,89,91,-1,90,91,75,-1,75,91,92,-1,75,92,74,-1,43,93,94,-1,43,94,41,-1,41,94,95,-1,41,95,39,-1,39,95,96,-1,39,96,37,-1,38,37,97,-1,97,37,96,-1,38,97,98,-1,38,98,40,-1,40,98,99,-1,40,99,42,-1,42,99,100,-1,42,100,44,-1,44,100,101,-1,44,101,46,-1,46,101,102,-1,46,102,48,-1,48,102,103,-1,48,103,50,-1,50,103,104,-1,50,104,52,-1,52,104,105,-1,52,105,54,-1,54,105,106,-1,54,106,56,-1,56,106,107,-1,56,107,57,-1,77,57,108,-1,108,57,107,-1,77,108,109,-1,77,109,79,-1,79,109,110,-1,79,110,33,-1,33,110,111,-1,33,111,32,-1,32,111,112,-1,32,112,82,-1,82,112,113,-1,82,113,83,-1,83,113,114,-1,83,114,85,-1,85,114,115,-1,85,115,87,-1,87,115,116,-1,87,116,89,-1,89,116,117,-1,89,117,91,-1,91,117,118,-1,91,118,92,-1,92,118,119,-1,92,119,74,-1,120,68,121,-1,121,68,70,-1,121,70,122,-1,122,70,72,-1,122,72,123,-1,123,72,74,-1,123,74,119,-1,68,120,124,-1,68,124,66,-1,66,124,125,-1,66,125,64,-1,125,126,64,-1,64,126,127,-1,64,127,62,-1,62,127,128,-1,62,128,60,-1,60,128,129,-1,60,129,29,-1,24,29,130,-1,130,29,129,-1,25,24,131,-1,131,24,130,-1,26,25,132,-1,132,25,131,-1,27,26,133,-1,133,26,132,-1,27,133,134,-1,27,134,55,-1,55,134,135,-1,55,135,53,-1,53,135,136,-1,53,136,51,-1,51,136,137,-1,51,137,49,-1,49,137,138,-1,49,138,47,-1,47,138,139,-1,47,139,45,-1,45,139,93,-1,45,93,43,-1,81,140,141,-1,81,141,80,-1,80,141,142,-1,80,142,78,-1,78,142,143,-1,78,143,76,-1,86,144,145,-1,86,145,84,-1,84,145,146,-1,84,146,30,-1,30,146,147,-1,30,147,31,-1,31,147,140,-1,31,140,81,-1,73,148,149,-1,73,149,75,-1,75,149,150,-1,75,150,90,-1,90,150,151,-1,90,151,88,-1,88,151,144,-1,88,144,86,-1,67,152,153,-1,67,153,69,-1,69,153,154,-1,69,154,71,-1,71,154,148,-1,71,148,73,-1,59,155,156,-1,59,156,61,-1,61,156,157,-1,61,157,63,-1,63,157,158,-1,63,158,65,-1,65,158,152,-1,65,152,67,-1,35,159,160,-1,35,160,36,-1,36,160,161,-1,36,161,28,-1,28,161,162,-1,28,162,58,-1,58,162,155,-1,58,155,59,-1,35,34,159,-1,159,34,163,-1,34,76,163,-1,163,76,143,-1,
        ]
    }
}
Shape{
    appearance Appearance {
        material  Material 	{
            diffuseColor 0.25098039215686274 0.25098039215686274 0.25098039215686274
            specularColor 0.12549019607843137 0.12549019607843137 0.12549019607843137
            ambientIntensity 0.251
            transparency 0.0
            shininess 0.5
        }
    }
    geometry IndexedFaceSet {
        ccw TRUE
        solid FALSE
        coord DEF co Coordinate {
            point [
                -2.4504 -4.8012 7.6158, -2.4503 -4.8012 7.6181, -2.5273 -4.8012 7.6186, -2.4503 -4.8012 7.6363, -2.495 -4.8012 7.6303, -2.5172 -4.8012 7.6248, -2.5243 -4.8012 7.6211, -2.4525 -4.8012 7.6009, -2.5313 -4.8012 7.6136, -2.4574 -4.8012 7.589, -2.5293 -4.8012 7.5751, -2.5265 -4.8012 7.5722, -2.4689 -4.8012 7.5751, -2.5331 -4.8012 7.5807, -2.4783 -4.8012 7.5687, -2.4885 -4.8012 7.565, -2.501 -4.8012 7.5636, -2.5342 -4.8012 7.6074, -2.5359 -4.8012 7.5998, -2.4647 -4.8012 7.5792, -2.5362 -4.8012 7.5944, -2.5353 -4.8012 7.5868, -2.5198 -4.8012 7.5677, -2.5123 -4.8012 7.5649
            ]
        }
        coordIndex [
            0,1,2,-1,1,3,4,-1,4,5,1,-1,1,5,6,-1,1,6,2,-1,0,2,7,-1,7,2,8,-1,7,8,9,-1,10,11,12,-1,10,12,13,-1,14,12,15,-1,15,12,16,-1,8,17,9,-1,9,17,18,-1,9,18,19,-1,19,18,20,-1,19,20,12,-1,12,20,21,-1,12,21,13,-1,11,22,12,-1,12,22,23,-1,12,23,16,-1,
        ]
    }
}
Shape{
    appearance Appearance {
        material  Material 	{
            diffuseColor 1.0 1.0 1.0
            specularColor 0.5019607843137255 0.5019607843137255 0.5019607843137255
            ambientIntensity 1.0
            transparency 0.0
            shininess 0.5
        }
    }
    geometry IndexedFaceSet {
        ccw TRUE
        solid FALSE
        coord DEF co Coordinate {
            point [
                -2.3716 -4.8012 7.5819, -2.3716 -4.8051 7.5819, -2.3577 -4.8051 7.5734, -2.3166 -4.8051 7.5635, -2.3166 -4.8012 7.5635, -2.3367 -4.8012 7.5657, -2.3367 -4.8051 7.5657, -2.3562 -4.8012 7.5728, -2.3577 -4.8012 7.5734, -2.3716 -4.8051 7.5474, -2.3716 -4.8012 7.5474, -2.3518 -4.8051 7.54, -2.3562 -4.8012 7.5416, -2.3199 -4.8012 7.5362, -2.3199 -4.8051 7.5362, -2.3387 -4.8012 7.5384, -2.3518 -4.8012 7.54, -2.2899 -4.8051 7.5397, -2.3008 -4.8012 7.5384, -2.2899 -4.8012 7.5397, -2.2723 -4.8012 7.5465, -2.2723 -4.8051 7.5465, -2.2644 -4.8012 7.5513, -2.2644 -4.8051 7.5513, -2.2548 -4.8012 7.5597, -2.2548 -4.8051 7.5597, -2.2486 -4.8012 7.5685, -2.2486 -4.8051 7.5685, -2.2445 -4.8012 7.5791, -2.2445 -4.8051 7.5791, -2.2429 -4.8012 7.5925, -2.2429 -4.8051 7.5925, -2.2442 -4.8012 7.605, -2.2442 -4.8051 7.605, -2.2478 -4.8012 7.6148, -2.2478 -4.8051 7.6148, -2.2541 -4.8012 7.6241, -2.2541 -4.8051 7.6241, -2.262 -4.8012 7.6312, -2.262 -4.8051 7.6312, -2.2842 -4.8012 7.6435, -2.2842 -4.8051 7.6435, -2.2972 -4.8012 7.6488, -2.2972 -4.8051 7.6488, -2.3179 -4.8012 7.6578, -2.3179 -4.8051 7.6578, -2.3296 -4.8012 7.6651, -2.3296 -4.8051 7.6651, -2.3329 -4.8012 7.6687, -2.3329 -4.8051 7.6687, -2.3353 -4.8012 7.6732, -2.3353 -4.8051 7.6732, -2.3366 -4.8012 7.6784, -2.3366 -4.8051 7.6784, -2.3369 -4.8012 7.6829, -2.3369 -4.8051 7.6829, -2.3363 -4.8012 7.6882, -2.3363 -4.8051 7.6882, -2.3347 -4.8012 7.6927, -2.3347 -4.8051 7.6927, -2.3318 -4.8012 7.697, -2.3318 -4.8051 7.697, -2.3268 -4.8012 7.7014, -2.3268 -4.8051 7.7014, -2.3193 -4.8012 7.7054, -2.3193 -4.8051 7.7054, -2.3103 -4.8012 7.7078, -2.3103 -4.8051 7.7078, -2.3004 -4.8012 7.7085, -2.3004 -4.8051 7.7085, -2.2795 -4.8012 7.7063, -2.2795 -4.8051 7.7063, -2.2606 -4.8012 7.6996, -2.2606 -4.8051 7.6996, -2.252 -4.8012 7.6947, -2.252 -4.8051 7.6947, -2.252 -4.8051 7.7272, -2.252 -4.8012 7.7272, -2.2737 -4.8012 7.7336, -2.2737 -4.8051 7.7336, -2.2972 -4.8012 7.7357, -2.2972 -4.8051 7.7357, -2.32 -4.8012 7.7334, -2.32 -4.8051 7.7334, -2.3387 -4.8012 7.7271, -2.3387 -4.8051 7.7271, -2.35 -4.8012 7.7205, -2.35 -4.8051 7.7205, -2.3599 -4.8051 7.7116, -2.3562 -4.8012 7.715, -2.3599 -4.8012 7.7116, -2.3661 -4.8012 7.7026, -2.3661 -4.8051 7.7026, -2.3701 -4.8012 7.6918, -2.3701 -4.8051 7.6918, -2.3714 -4.8012 7.6799, -2.3714 -4.8051 7.6799, -2.37 -4.8012 7.6669, -2.37 -4.8051 7.6669, -2.3663 -4.8012 7.6567, -2.3663 -4.8051 7.6567, -2.3619 -4.8012 7.6497, -2.3619 -4.8051 7.6497, -2.3208 -4.8012 7.6245, -2.3208 -4.8051 7.6245, -2.3407 -4.8051 7.6336, -2.3565 -4.8012 7.644, -2.3565 -4.8051 7.644, -2.3562 -4.8012 7.6438, -2.3407 -4.8012 7.6336, -2.2988 -4.8012 7.6153, -2.2988 -4.8051 7.6153, -2.2858 -4.8012 7.6074, -2.2858 -4.8051 7.6074, -2.2816 -4.8012 7.6031, -2.2816 -4.8051 7.6031, -2.279 -4.8012 7.5986, -2.279 -4.8051 7.5986, -2.2775 -4.8012 7.5934, -2.2775 -4.8051 7.5934, -2.2772 -4.8012 7.5893, -2.2772 -4.8051 7.5893, -2.2779 -4.8012 7.5829, -2.2779 -4.8051 7.5829, -2.2796 -4.8012 7.5781, -2.2796 -4.8051 7.5781, -2.2825 -4.8012 7.5738, -2.2825 -4.8051 7.5738, -2.2863 -4.8012 7.5704, -2.2863 -4.8051 7.5704, -2.2894 -4.8012 7.5686, -2.2894 -4.8051 7.5686, -2.298 -4.8012 7.5654, -2.298 -4.8051 7.5654, -2.3151 -4.8012 7.5635, -2.3151 -4.8051 7.5635, -2.0771 -4.8051 7.7313, -2.0425 -4.8051 7.7313, -2.0771 -4.8012 7.7313, -2.0425 -4.8012 7.7313, -2.1292 -4.8051 7.5878, -2.1292 -4.8012 7.5878, -2.1318 -4.8012 7.5789, -2.1318 -4.8051 7.5789, -2.1333 -4.8012 7.5723, -2.1333 -4.8051 7.5723, -2.1342 -4.8051 7.5723, -2.1342 -4.8012 7.5723, -2.1383 -4.8051 7.588, -2.1383 -4.8012 7.588, -2.1881 -4.8012 7.7313, -2.1881 -4.8051 7.7313, -2.1719 -4.8012 7.6849, -2.2255 -4.8051 7.7313, -2.2255 -4.8012 7.7313, -2.1507 -4.8012 7.5411, -2.1507 -4.8051 7.5411, -2.1719 -4.8012 7.5952, -2.1654 -4.8012 7.5064, -2.1654 -4.8051 7.5064, -2.1518 -4.8012 7.5384, -2.1719 -4.8012 7.4944, -2.172 -4.8051 7.4942, -2.172 -4.8012 7.4942, -2.1783 -4.8012 7.4873, -2.1783 -4.8051 7.4873, -2.1838 -4.8012 7.4835, -2.1838 -4.8051 7.4835, -2.1911 -4.8012 7.4806, -2.1911 -4.8051 7.4806, -2.1996 -4.8012 7.4796, -2.1996 -4.8051 7.4796, -2.2117 -4.8012 7.4811, -2.2117 -4.8051 7.4811, -2.2186 -4.8012 7.4834, -2.2186 -4.8051 7.4834, -2.2186 -4.8051 7.4536, -2.2186 -4.8012 7.4536, -2.2044 -4.8012 7.4512, -2.2044 -4.8051 7.4512, -2.197 -4.8012 7.4509, -2.197 -4.8051 7.4509, -2.1835 -4.8012 7.4525, -2.1835 -4.8051 7.4525, -2.1719 -4.8012 7.4569, -2.1703 -4.8051 7.4575, -2.1703 -4.8012 7.4575, -2.1586 -4.8012 7.4656, -2.1586 -4.8051 7.4656, -2.1564 -4.8012 7.4677, -2.1564 -4.8051 7.4677, -2.1441 -4.8012 7.4824, -2.1441 -4.8051 7.4824, -2.129 -4.8012 7.5119, -2.129 -4.8051 7.5119, -2.1185 -4.8012 7.5384, -1.8629 -4.8051 7.5711, -1.8629 -4.8051 7.5407, -1.8629 -4.8012 7.5711, -1.8629 -4.8012 7.5407, -1.972 -4.8012 7.5711, -1.972 -4.8051 7.5711, -1.922 -4.8012 7.5711, -1.972 -4.8051 7.6609, -1.972 -4.8012 7.6609, -1.8766 -4.8012 7.6609, -1.8766 -4.8051 7.6609, -1.922 -4.8012 7.6609, -1.8766 -4.8051 7.6915, -1.8766 -4.8012 7.6915, -1.972 -4.8012 7.6915, -1.972 -4.8051 7.6915, -1.922 -4.8012 7.6915, -1.972 -4.8051 7.7769, -1.972 -4.8012 7.7769, -1.869 -4.8012 7.7769, -1.869 -4.8051 7.7769, -1.922 -4.8012 7.7769, -1.869 -4.8051 7.8076, -1.869 -4.8012 7.8076, -2.0065 -4.8012 7.8076, -2.0065 -4.8051 7.8076, -1.922 -4.8012 7.8076, -2.0065 -4.8051 7.5407, -2.0065 -4.8012 7.5407, -1.922 -4.8012 7.5407, -1.6355 -4.8051 7.5781, -1.663 -4.8051 7.5961, -1.6633 -4.8051 7.5581, -1.6803 -4.8051 7.5841, -1.6938 -4.8051 7.5462, -1.7023 -4.8051 7.5755, -1.7391 -4.8051 7.5407, -1.7393 -4.8051 7.5711, -1.8125 -4.8051 7.5407, -1.778 -4.8051 7.5711, -1.8125 -4.8051 7.8076, -1.778 -4.8051 7.7769, -1.7364 -4.8051 7.8076, -1.7377 -4.8051 7.7769, -1.7343 -4.8051 7.7768, -1.6956 -4.8051 7.8031, -1.7004 -4.8051 7.7723, -1.6634 -4.8051 7.7913, -1.6777 -4.8051 7.7635, -1.6355 -4.8051 7.7722, -1.6607 -4.8051 7.7518, -1.626 -4.8051 7.763, -1.6533 -4.8051 7.7445, -1.6095 -4.8051 7.7398, -1.6429 -4.8051 7.7295, -1.5996 -4.8051 7.7143, -1.6354 -4.8051 7.71, -1.5952 -4.8051 7.6775, -1.6314 -4.8051 7.6766, -1.596 -4.8051 7.6605, -1.6325 -4.8051 7.6577, -1.6025 -4.8051 7.6293, -1.638 -4.8051 7.6337, -1.6156 -4.8051 7.6017, -1.6475 -4.8051 7.6141, -1.6599 -4.8051 7.5989, -1.7391 -4.8012 7.5407, -1.8125 -4.8012 7.5407, -1.6938 -4.8012 7.5462, -1.6633 -4.8012 7.5581, -1.6355 -4.8012 7.5781, -1.6156 -4.8012 7.6017, -1.6025 -4.8012 7.6293, -1.596 -4.8012 7.6605, -1.5952 -4.8012 7.6775, -1.5996 -4.8012 7.7143, -1.6095 -4.8012 7.7398, -1.626 -4.8012 7.763, -1.6355 -4.8012 7.7722, -1.6634 -4.8012 7.7913, -1.6956 -4.8012 7.8031, -1.7364 -4.8012 7.8076, -1.8125 -4.8012 7.8076, -1.7377 -4.8012 7.7769, -1.778 -4.8012 7.7769, -1.778 -4.8012 7.5711, -1.7393 -4.8012 7.5711, -1.6599 -4.8012 7.5989, -1.663 -4.8012 7.5961, -1.6803 -4.8012 7.5841, -1.7023 -4.8012 7.5755, -1.6314 -4.8012 7.6766, -1.6325 -4.8012 7.6577, -1.638 -4.8012 7.6337, -1.6475 -4.8012 7.6141, -1.6607 -4.8012 7.7518, -1.6533 -4.8012 7.7445, -1.6429 -4.8012 7.7295, -1.6354 -4.8012 7.71, -1.7343 -4.8012 7.7768, -1.7004 -4.8012 7.7723, -1.6777 -4.8012 7.7635
            ]
        }
        coordIndex [
            0,1,2,-1,3,4,5,-1,3,5,6,-1,6,5,7,-1,6,7,2,-1,2,7,8,-1,2,8,0,-1,9,1,10,-1,10,1,0,-1,9,10,11,-1,11,10,12,-1,13,14,15,-1,15,14,11,-1,15,11,16,-1,16,11,12,-1,14,13,17,-1,17,13,18,-1,18,19,17,-1,17,19,20,-1,17,20,21,-1,21,20,22,-1,21,22,23,-1,23,22,24,-1,23,24,25,-1,25,24,26,-1,25,26,27,-1,27,26,28,-1,27,28,29,-1,29,28,30,-1,29,30,31,-1,31,30,32,-1,31,32,33,-1,33,32,34,-1,33,34,35,-1,35,34,36,-1,35,36,37,-1,37,36,38,-1,37,38,39,-1,39,38,40,-1,39,40,41,-1,41,40,42,-1,41,42,43,-1,43,42,44,-1,43,44,45,-1,45,44,46,-1,45,46,47,-1,47,46,48,-1,47,48,49,-1,49,48,50,-1,49,50,51,-1,51,50,52,-1,51,52,53,-1,53,52,54,-1,53,54,55,-1,55,54,56,-1,55,56,57,-1,57,56,58,-1,57,58,59,-1,59,58,60,-1,59,60,61,-1,61,60,62,-1,61,62,63,-1,63,62,64,-1,63,64,65,-1,65,64,66,-1,65,66,67,-1,67,66,68,-1,67,68,69,-1,69,68,70,-1,69,70,71,-1,71,70,72,-1,71,72,73,-1,73,72,74,-1,73,74,75,-1,76,75,77,-1,77,75,74,-1,76,77,78,-1,76,78,79,-1,79,78,80,-1,79,80,81,-1,81,80,82,-1,81,82,83,-1,83,82,84,-1,83,84,85,-1,85,84,86,-1,85,86,87,-1,87,86,88,-1,88,86,89,-1,89,90,88,-1,88,90,91,-1,88,91,92,-1,92,91,93,-1,92,93,94,-1,94,93,95,-1,94,95,96,-1,96,95,97,-1,96,97,98,-1,98,97,99,-1,98,99,100,-1,100,99,101,-1,100,101,102,-1,103,104,105,-1,102,101,106,-1,102,106,107,-1,107,106,108,-1,107,108,105,-1,105,108,109,-1,105,109,103,-1,104,103,110,-1,104,110,111,-1,111,110,112,-1,111,112,113,-1,113,112,114,-1,113,114,115,-1,115,114,116,-1,115,116,117,-1,117,116,118,-1,117,118,119,-1,119,118,120,-1,119,120,121,-1,121,120,122,-1,121,122,123,-1,123,122,124,-1,123,124,125,-1,125,124,126,-1,125,126,127,-1,127,126,128,-1,127,128,129,-1,129,128,130,-1,129,130,131,-1,131,130,132,-1,131,132,133,-1,133,132,134,-1,133,134,135,-1,135,134,4,-1,135,4,3,-1,61,63,85,-1,85,63,83,-1,111,43,104,-1,104,43,45,-1,21,23,127,-1,127,23,25,-1,127,25,125,-1,125,25,27,-1,125,27,123,-1,123,27,29,-1,123,29,121,-1,121,29,31,-1,121,31,119,-1,119,31,33,-1,119,33,117,-1,117,33,35,-1,117,35,115,-1,115,35,37,-1,115,37,113,-1,113,37,39,-1,113,39,111,-1,111,39,41,-1,111,41,43,-1,14,3,11,-1,11,3,6,-1,11,6,9,-1,9,6,2,-1,9,2,1,-1,63,65,83,-1,83,65,67,-1,83,67,81,-1,81,67,69,-1,81,69,79,-1,79,69,71,-1,79,71,76,-1,76,71,73,-1,76,73,75,-1,127,129,21,-1,21,129,131,-1,21,131,17,-1,17,131,133,-1,17,133,14,-1,14,133,135,-1,14,135,3,-1,85,87,61,-1,61,87,88,-1,61,88,59,-1,59,88,92,-1,59,92,57,-1,57,92,94,-1,57,94,55,-1,55,94,96,-1,55,96,53,-1,53,96,98,-1,53,98,51,-1,51,98,100,-1,51,100,49,-1,49,100,102,-1,49,102,47,-1,47,102,107,-1,47,107,45,-1,45,107,105,-1,45,105,104,-1,136,137,138,-1,138,137,139,-1,140,136,141,-1,141,136,138,-1,140,141,142,-1,140,142,143,-1,143,142,144,-1,143,144,145,-1,146,145,147,-1,147,145,144,-1,148,146,149,-1,149,146,147,-1,150,151,152,-1,152,151,148,-1,152,148,149,-1,153,151,154,-1,154,151,150,-1,155,156,157,-1,157,156,153,-1,157,153,154,-1,158,159,160,-1,160,159,156,-1,160,156,155,-1,158,161,159,-1,159,161,162,-1,161,163,162,-1,162,163,164,-1,162,164,165,-1,165,164,166,-1,165,166,167,-1,167,166,168,-1,167,168,169,-1,169,168,170,-1,169,170,171,-1,171,170,172,-1,171,172,173,-1,173,172,174,-1,173,174,175,-1,176,175,177,-1,177,175,174,-1,176,177,178,-1,176,178,179,-1,179,178,180,-1,179,180,181,-1,181,180,182,-1,181,182,183,-1,183,182,184,-1,183,184,185,-1,184,186,185,-1,185,186,187,-1,185,187,188,-1,188,187,189,-1,188,189,190,-1,190,189,191,-1,190,191,192,-1,192,191,193,-1,192,193,194,-1,139,137,195,-1,195,137,194,-1,195,194,193,-1,143,145,194,-1,137,136,194,-1,194,136,140,-1,194,140,143,-1,151,153,148,-1,148,153,156,-1,148,156,146,-1,175,176,173,-1,173,176,179,-1,173,179,171,-1,171,179,181,-1,171,181,169,-1,169,181,183,-1,169,183,167,-1,167,183,185,-1,167,185,165,-1,145,146,194,-1,194,146,156,-1,194,156,192,-1,156,159,192,-1,192,159,162,-1,192,162,190,-1,190,162,165,-1,190,165,188,-1,188,165,185,-1,196,197,198,-1,198,197,199,-1,200,201,202,-1,202,201,196,-1,202,196,198,-1,203,201,204,-1,204,201,200,-1,205,206,207,-1,207,206,203,-1,207,203,204,-1,208,206,209,-1,209,206,205,-1,210,211,212,-1,212,211,208,-1,212,208,209,-1,213,211,214,-1,214,211,210,-1,215,216,217,-1,217,216,213,-1,217,213,214,-1,218,216,219,-1,219,216,215,-1,220,221,222,-1,222,221,218,-1,222,218,219,-1,223,221,224,-1,224,221,220,-1,199,197,225,-1,225,197,223,-1,225,223,224,-1,223,197,196,-1,196,201,223,-1,223,201,203,-1,223,203,221,-1,216,218,213,-1,213,218,221,-1,213,221,211,-1,211,221,203,-1,211,203,208,-1,208,203,206,-1,226,227,228,-1,228,227,229,-1,228,229,230,-1,230,229,231,-1,230,231,232,-1,232,231,233,-1,232,233,234,-1,234,233,235,-1,234,235,236,-1,236,235,237,-1,236,237,238,-1,237,239,238,-1,238,239,240,-1,238,240,241,-1,241,240,242,-1,241,242,243,-1,243,242,244,-1,243,244,245,-1,245,244,246,-1,245,246,247,-1,247,246,248,-1,247,248,249,-1,249,248,250,-1,249,250,251,-1,251,250,252,-1,251,252,253,-1,253,252,254,-1,253,254,255,-1,255,254,256,-1,255,256,257,-1,257,256,258,-1,257,258,259,-1,259,258,260,-1,259,260,226,-1,226,260,261,-1,226,261,227,-1,232,234,262,-1,262,234,263,-1,232,262,264,-1,232,264,230,-1,230,264,265,-1,230,265,228,-1,228,265,266,-1,228,266,226,-1,226,266,267,-1,226,267,259,-1,259,267,268,-1,259,268,257,-1,257,268,269,-1,257,269,255,-1,255,269,270,-1,255,270,253,-1,253,270,271,-1,253,271,251,-1,251,271,272,-1,251,272,249,-1,249,272,273,-1,249,273,247,-1,247,273,274,-1,247,274,245,-1,245,274,275,-1,245,275,243,-1,243,275,276,-1,243,276,241,-1,241,276,277,-1,241,277,238,-1,236,238,278,-1,278,238,277,-1,234,236,263,-1,263,236,278,-1,239,237,279,-1,279,237,280,-1,237,235,280,-1,280,235,281,-1,235,233,281,-1,281,233,282,-1,261,283,284,-1,261,284,227,-1,227,284,285,-1,227,285,229,-1,229,285,286,-1,229,286,231,-1,231,286,282,-1,231,282,233,-1,254,287,288,-1,254,288,256,-1,256,288,289,-1,256,289,258,-1,258,289,290,-1,258,290,260,-1,260,290,283,-1,260,283,261,-1,246,291,292,-1,246,292,248,-1,248,292,293,-1,248,293,250,-1,250,293,294,-1,250,294,252,-1,252,294,287,-1,252,287,254,-1,239,279,295,-1,239,295,240,-1,240,295,296,-1,240,296,242,-1,242,296,297,-1,242,297,244,-1,244,297,291,-1,244,291,246,-1,
        ]
    }
}
Shape{
    appearance Appearance {
        material  Material 	{
            diffuseColor 0.25098039215686274 0.25098039215686274 0.25098039215686274
            specularColor 0.12549019607843137 0.12549019607843137 0.12549019607843137
            ambientIntensity 0.251
            transparency 0.0
            shininess 0.5
        }
    }
    geometry IndexedFaceSet {
        ccw TRUE
        solid FALSE
        coord DEF co Coordinate {
            point [
                -1.778 -4.8012 7.7769, -1.778 -4.8012 7.5711, -1.7377 -4.8012 7.7769, -1.7393 -4.8012 7.5711, -1.7343 -4.8012 7.7768, -1.7023 -4.8012 7.5755, -1.6803 -4.8012 7.5841, -1.663 -4.8012 7.5961, -1.6599 -4.8012 7.5989, -1.6475 -4.8012 7.6141, -1.6314 -4.8012 7.6766, -1.6607 -4.8012 7.7518, -1.6325 -4.8012 7.6577, -1.6777 -4.8012 7.7635, -1.638 -4.8012 7.6337, -1.7004 -4.8012 7.7723, -1.6354 -4.8012 7.71, -1.6429 -4.8012 7.7295, -1.6533 -4.8012 7.7445
            ]
        }
        coordIndex [
            0,1,2,-1,2,1,3,-1,2,3,4,-1,4,3,5,-1,4,5,6,-1,6,7,4,-1,4,7,8,-1,4,8,9,-1,10,11,12,-1,12,11,13,-1,9,14,4,-1,4,14,12,-1,4,12,15,-1,15,12,13,-1,16,17,10,-1,10,17,18,-1,10,18,11,-1,
        ]
    }
}
Shape{
    appearance Appearance {
        material  Material 	{
            diffuseColor 1.0 1.0 1.0
            specularColor 0.5019607843137255 0.5019607843137255 0.5019607843137255
            ambientIntensity 1.0
            transparency 0.0
            shininess 0.5
        }
    }
    geometry IndexedFaceSet {
        ccw TRUE
        solid FALSE
        coord DEF co Coordinate {
            point [
                -1.5058 -4.8051 7.6438, -1.5167 -4.8051 7.6137, -1.4162 -4.8051 7.6438, -1.4055 -4.8051 7.6137, -1.4658 -4.8051 7.7548, -1.4787 -4.8051 7.8076, -1.5804 -4.8051 7.5407, -1.5423 -4.8051 7.5407, -1.4635 -4.8051 7.7627, -1.4615 -4.8051 7.7735, -1.4419 -4.8051 7.8076, -1.4607 -4.8051 7.7735, -1.4585 -4.8051 7.7622, -1.4565 -4.8051 7.7548, -1.3402 -4.8051 7.5407, -1.3783 -4.8051 7.5407, -1.4419 -4.8012 7.8076, -1.3402 -4.8012 7.5407, -1.4787 -4.8012 7.8076, -1.5804 -4.8012 7.5407, -1.5423 -4.8012 7.5407, -1.5167 -4.8012 7.6137, -1.4055 -4.8012 7.6137, -1.3783 -4.8012 7.5407, -1.5058 -4.8012 7.6438, -1.4162 -4.8012 7.6438, -1.4565 -4.8012 7.7548, -1.4607 -4.8012 7.7735, -1.4585 -4.8012 7.7622, -1.4615 -4.8012 7.7735, -1.4658 -4.8012 7.7548, -1.4635 -4.8012 7.7627
            ]
        }
        coordIndex [
            0,1,2,-1,2,1,3,-1,4,5,0,-1,0,5,6,-1,0,6,1,-1,1,6,7,-1,4,8,5,-1,5,8,9,-1,5,9,10,-1,10,9,11,-1,10,11,12,-1,12,13,10,-1,10,13,2,-1,10,2,14,-1,14,2,3,-1,14,3,15,-1,10,14,16,-1,16,14,17,-1,5,10,18,-1,18,10,16,-1,6,5,19,-1,19,5,18,-1,7,6,20,-1,20,6,19,-1,1,7,21,-1,21,7,20,-1,3,1,22,-1,22,1,21,-1,15,3,23,-1,23,3,22,-1,14,15,17,-1,17,15,23,-1,0,2,24,-1,24,2,25,-1,2,13,25,-1,25,13,26,-1,11,27,28,-1,11,28,12,-1,12,28,26,-1,12,26,13,-1,11,9,27,-1,27,9,29,-1,4,30,31,-1,4,31,8,-1,8,31,29,-1,8,29,9,-1,4,0,30,-1,30,0,24,-1,
        ]
    }
}
Shape{
    appearance Appearance {
        material  Material 	{
            diffuseColor 0.25098039215686274 0.25098039215686274 0.25098039215686274
            specularColor 0.12549019607843137 0.12549019607843137 0.12549019607843137
            ambientIntensity 0.251
            transparency 0.0
            shininess 0.5
        }
    }
    geometry IndexedFaceSet {
        ccw TRUE
        solid FALSE
        coord DEF co Coordinate {
            point [
                -1.4607 -4.8012 7.7735, -1.4615 -4.8012 7.7735, -1.4585 -4.8012 7.7622, -1.4635 -4.8012 7.7627, -1.4565 -4.8012 7.7548, -1.4658 -4.8012 7.7548, -1.4162 -4.8012 7.6438, -1.5058 -4.8012 7.6438
            ]
        }
        coordIndex [
            0,1,2,-1,2,1,3,-1,2,3,4,-1,4,3,5,-1,4,5,6,-1,6,5,7,-1,
        ]
    }
}
Shape{
    appearance Appearance {
        material  Material 	{
            diffuseColor 1.0 1.0 1.0
            specularColor 0.5019607843137255 0.5019607843137255 0.5019607843137255
            ambientIntensity 1.0
            transparency 0.0
            shininess 0.5
        }
    }
    geometry IndexedFaceSet {
        ccw TRUE
        solid FALSE
        coord DEF co Coordinate {
            point [
                -3.9244 -4.8051 7.5029, -3.8961 -4.8051 7.468, -3.9415 -4.8051 7.6707, -3.9744 -4.8051 8.0005, -3.9321 -4.8051 8.0229, -3.942 -4.8051 8.1397, -3.6079 -4.8051 7.4955, -3.5854 -4.8051 7.5378, -3.5744 -4.8051 7.5846, -3.8238 -4.8051 8.1451, -3.765 -4.8051 8.0066, -3.736 -4.8051 8.0666, -3.9828 -4.8051 7.6962, -3.9685 -4.8051 7.5511, -3.9434 -4.8051 7.5436, -3.8675 -4.8051 8.1489, -3.3077 -4.8051 7.7637, -3.3665 -4.8051 7.8643, -3.5733 -4.8051 7.6233, -3.6208 -4.8051 7.7314, -3.5733 -4.8051 7.6043, -3.6749 -4.8051 7.4364, -3.6371 -4.8051 7.4627, -3.814 -4.8051 7.547, -3.7988 -4.8051 7.5366, -3.859 -4.8051 7.44, -3.7812 -4.8051 7.5302, -3.6968 -4.8051 7.6312, -3.6919 -4.8051 7.6139, -3.6913 -4.8051 7.5955, -3.6954 -4.8051 7.5772, -3.704 -4.8051 7.5606, -3.2451 -4.8051 7.9515, -3.2299 -4.8051 7.9515, -3.1521 -4.8051 8.054, -3.1938 -4.8051 7.9471, -3.1427 -4.8051 8.0509, -3.1607 -4.8051 7.9343, -3.0862 -4.8051 8.0228, -3.0348 -4.8051 7.9793, -3.7849 -4.8051 8.1904, -3.6935 -4.8051 8.1174, -3.7403 -4.8051 8.2286, -3.6425 -4.8051 8.1546, -3.6845 -4.8051 8.2622, -3.8852 -4.8051 8.034, -3.8656 -4.8051 8.035, -3.8457 -4.8051 8.1477, -3.8212 -4.8051 8.0296, -3.7786 -4.8051 8.014, -3.8385 -4.8051 7.5938, -3.8343 -4.8051 7.5763, -3.8261 -4.8051 7.5607, -3.8152 -4.8051 7.4216, -3.7704 -4.8051 7.4147, -3.765 -4.8051 7.5284, -3.7631 -4.8051 7.4145, -3.7472 -4.8051 7.5305, -3.7172 -4.8051 7.4202, -3.7307 -4.8051 7.5368, -3.7161 -4.8051 7.5469, -3.0344 -4.8051 7.6252, -3.1229 -4.8051 7.7004, -3.0861 -4.8051 7.5814, -3.151 -4.8051 7.6775, -3.144 -4.8051 7.5531, -3.1845 -4.8051 7.662, -3.2071 -4.8051 7.5398, -3.2185 -4.8051 7.6555, -3.3191 -4.8051 7.5398, -3.3039 -4.8051 7.6555, -3.3298 -4.8051 7.5415, -3.1312 -4.8051 7.9138, -3.1093 -4.8051 7.8893, -2.9961 -4.8051 7.9253, -3.0917 -4.8051 7.8565, -2.9729 -4.8051 7.8673, -3.0828 -4.8051 7.8201, -2.9642 -4.8051 7.8054, -3.0819 -4.8051 7.8035, -2.9729 -4.8051 7.7377, -3.0864 -4.8051 7.7666, -2.9968 -4.8051 7.6776, -3.0995 -4.8051 7.7328, -3.1204 -4.8051 7.7032, -3.2545 -4.8051 8.2039, -3.3287 -4.8051 8.1166, -3.1878 -4.8051 8.1253, -3.2859 -4.8051 8.0655, -3.2566 -4.8051 8.0043, -4.0497 -4.8051 7.8912, -4.1743 -4.8051 7.8598, -4.0553 -4.8051 7.8453, -4.1749 -4.8051 7.8415, -4.0531 -4.8051 7.8161, -4.1657 -4.8051 7.7673, -4.0395 -4.8051 7.7697, -4.1386 -4.8051 7.6967, -4.0168 -4.8051 7.7311, -4.0952 -4.8051 7.6346, -4.0369 -4.8051 7.5848, -3.8384 -4.8051 7.6123, -3.8335 -4.8051 7.6304, -3.9205 -4.8051 7.7115, -3.8244 -4.8051 7.6466, -3.8891 -4.8051 7.7474, -3.8142 -4.8051 7.6576, -3.8503 -4.8051 7.7743, -3.7993 -4.8051 7.6679, -3.8084 -4.8051 7.7904, -3.7826 -4.8051 7.6742, -3.7631 -4.8051 7.7959, -3.765 -4.8051 7.6764, -3.74 -4.8051 7.7946, -3.7518 -4.8051 7.6752, -3.6942 -4.8051 7.7832, -3.7339 -4.8051 7.6695, -3.6539 -4.8051 7.7616, -3.7183 -4.8051 7.6597, -3.7056 -4.8051 7.6465, -3.5963 -4.8051 8.2935, -3.5805 -4.8051 8.1798, -3.5126 -4.8051 8.3026, -3.5107 -4.8051 8.1887, -3.4207 -4.8051 8.2912, -3.4464 -4.8051 8.1808, -3.3267 -4.8051 8.2543, -3.3869 -4.8051 8.1581, -3.3336 -4.8051 8.1211, -4.0123 -4.8051 8.1125, -4.0727 -4.8051 8.0701, -4.0071 -4.8051 7.9713, -4.0857 -4.8051 8.0578, -4.0334 -4.8051 7.9335, -4.1313 -4.8051 7.9994, -4.1616 -4.8051 7.9311, -3.3134 -4.8051 7.6573, -3.359 -4.8051 7.5597, -3.3546 -4.8051 7.5552, -3.3077 -4.8051 7.656, -3.3423 -4.8051 7.5464, -3.3741 -4.8051 7.5986, -3.3723 -4.8051 7.5845, -3.3673 -4.8051 7.5716, -3.33 -4.8051 7.6555, -3.343 -4.8051 7.6504, -3.3736 -4.8051 7.6061, -3.3547 -4.8051 7.6421, -3.3625 -4.8051 7.6335, -3.3698 -4.8051 7.6205, -3.3153 -4.8051 7.6574, -2.9642 -4.8012 7.8054, -2.9729 -4.8012 7.8673, -3.0223 -4.8012 7.9618, -2.9794 -4.8012 7.8836, -2.9961 -4.8012 7.9253, -3.0348 -4.8012 7.9793, -3.0862 -4.8012 8.0228, -3.1427 -4.8012 8.0509, -3.1521 -4.8012 8.054, -3.1878 -4.8012 8.1253, -3.2545 -4.8012 8.2039, -3.2966 -4.8012 8.2332, -3.3267 -4.8012 8.2543, -3.4207 -4.8012 8.2912, -3.5126 -4.8012 8.3026, -3.5963 -4.8012 8.2935, -3.6845 -4.8012 8.2622, -3.7326 -4.8012 8.2332, -3.7403 -4.8012 8.2286, -3.7849 -4.8012 8.1904, -3.8238 -4.8012 8.1451, -3.8457 -4.8012 8.1477, -3.8675 -4.8012 8.1489, -3.942 -4.8012 8.1397, -4.0123 -4.8012 8.1125, -4.0727 -4.8012 8.0701, -4.0857 -4.8012 8.0578, -4.1749 -4.8012 7.8415, -4.1313 -4.8012 7.9994, -4.1479 -4.8012 7.9618, -4.1616 -4.8012 7.9311, -4.1701 -4.8012 7.8836, -4.1743 -4.8012 7.8598, -4.1657 -4.8012 7.7673, -4.1386 -4.8012 7.6967, -4.0952 -4.8012 7.6346, -4.0369 -4.8012 7.5848, -3.9685 -4.8012 7.5511, -3.9434 -4.8012 7.5436, -3.941 -4.8012 7.5384, -3.9244 -4.8012 7.5029, -3.8961 -4.8012 7.468, -3.859 -4.8012 7.44, -3.8416 -4.8012 7.4327, -3.8152 -4.8012 7.4216, -3.7704 -4.8012 7.4147, -3.7631 -4.8012 7.4145, -3.5733 -4.8012 7.6043, -3.7172 -4.8012 7.4202, -3.6845 -4.8012 7.4327, -3.6749 -4.8012 7.4364, -3.6371 -4.8012 7.4627, -3.6079 -4.8012 7.4955, -3.5854 -4.8012 7.5378, -3.5853 -4.8012 7.5384, -3.5744 -4.8012 7.5846, -3.5733 -4.8012 7.6233, -3.3077 -4.8012 7.7637, -3.3665 -4.8012 7.8643, -3.6208 -4.8012 7.7314, -3.6539 -4.8012 7.7616, -3.6942 -4.8012 7.7832, -3.74 -4.8012 7.7946, -3.7631 -4.8012 7.7959, -3.8084 -4.8012 7.7904, -3.8503 -4.8012 7.7743, -3.8891 -4.8012 7.7474, -3.9205 -4.8012 7.7115, -3.9415 -4.8012 7.6707, -3.9828 -4.8012 7.6962, -4.0168 -4.8012 7.7311, -4.0395 -4.8012 7.7697, -4.0531 -4.8012 7.8161, -4.0553 -4.8012 7.8453, -4.0506 -4.8012 7.8836, -4.0497 -4.8012 7.8912, -4.0334 -4.8012 7.9335, -4.0137 -4.8012 7.9618, -4.0071 -4.8012 7.9713, -3.9744 -4.8012 8.0005, -3.9321 -4.8012 8.0229, -3.8852 -4.8012 8.034, -3.8656 -4.8012 8.035, -3.8212 -4.8012 8.0296, -3.7786 -4.8012 8.014, -3.765 -4.8012 8.0066, -3.736 -4.8012 8.0666, -3.6935 -4.8012 8.1174, -3.6425 -4.8012 8.1546, -3.5805 -4.8012 8.1798, -3.5107 -4.8012 8.1887, -3.4464 -4.8012 8.1808, -3.3869 -4.8012 8.1581, -3.3336 -4.8012 8.1211, -3.3287 -4.8012 8.1166, -3.2859 -4.8012 8.0655, -3.2566 -4.8012 8.0043, -3.2473 -4.8012 7.9618, -3.2451 -4.8012 7.9515, -3.2299 -4.8012 7.9515, -3.1938 -4.8012 7.9471, -3.1607 -4.8012 7.9343, -3.1312 -4.8012 7.9138, -3.1093 -4.8012 7.8893, -3.1062 -4.8012 7.8836, -3.0917 -4.8012 7.8565, -3.0828 -4.8012 7.8201, -3.0819 -4.8012 7.8035, -3.0864 -4.8012 7.7666, -3.0995 -4.8012 7.7328, -3.1204 -4.8012 7.7032, -3.1229 -4.8012 7.7004, -3.151 -4.8012 7.6775, -3.1845 -4.8012 7.662, -3.2185 -4.8012 7.6555, -3.3039 -4.8012 7.6555, -3.3077 -4.8012 7.656, -3.3134 -4.8012 7.6573, -3.3153 -4.8012 7.6574, -3.33 -4.8012 7.6555, -3.343 -4.8012 7.6504, -3.3547 -4.8012 7.6421, -3.3625 -4.8012 7.6335, -3.3698 -4.8012 7.6205, -3.3736 -4.8012 7.6061, -3.3741 -4.8012 7.5986, -3.3723 -4.8012 7.5845, -3.3673 -4.8012 7.5716, -3.359 -4.8012 7.5597, -3.3546 -4.8012 7.5552, -3.3423 -4.8012 7.5464, -3.3298 -4.8012 7.5415, -3.3191 -4.8012 7.5398, -3.2071 -4.8012 7.5398, -3.144 -4.8012 7.5531, -3.0861 -4.8012 7.5814, -3.0344 -4.8012 7.6252, -2.9968 -4.8012 7.6776, -2.9729 -4.8012 7.7377, -3.765 -4.8012 7.6764, -3.7518 -4.8012 7.6752, -3.7339 -4.8012 7.6695, -3.7183 -4.8012 7.6597, -3.7056 -4.8012 7.6465, -3.6968 -4.8012 7.6312, -3.6919 -4.8012 7.6139, -3.6913 -4.8012 7.5955, -3.6954 -4.8012 7.5772, -3.704 -4.8012 7.5606, -3.7161 -4.8012 7.5469, -3.7307 -4.8012 7.5368, -3.7472 -4.8012 7.5305, -3.765 -4.8012 7.5284, -3.7812 -4.8012 7.5302, -3.7988 -4.8012 7.5366, -3.814 -4.8012 7.547, -3.8261 -4.8012 7.5607, -3.8343 -4.8012 7.5763, -3.8385 -4.8012 7.5938, -3.8384 -4.8012 7.6123, -3.8335 -4.8012 7.6304, -3.8244 -4.8012 7.6466, -3.8142 -4.8012 7.6576, -3.7993 -4.8012 7.6679, -3.7826 -4.8012 7.6742
            ]
        }
        coordIndex [
            0,1,2,-1,3,4,5,-1,6,7,8,-1,9,10,11,-1,12,13,2,-1,2,13,14,-1,2,14,0,-1,5,4,15,-1,16,17,18,-1,18,17,19,-1,18,19,20,-1,20,19,21,-1,20,21,8,-1,8,21,22,-1,8,22,6,-1,23,1,24,-1,24,1,25,-1,24,25,26,-1,27,28,19,-1,19,28,29,-1,19,29,21,-1,21,29,30,-1,21,30,31,-1,32,33,34,-1,34,33,35,-1,34,35,36,-1,36,35,37,-1,36,37,38,-1,38,37,39,-1,9,11,40,-1,40,11,41,-1,40,41,42,-1,42,41,43,-1,42,43,44,-1,4,45,15,-1,15,45,46,-1,15,46,47,-1,47,46,48,-1,47,48,9,-1,9,48,49,-1,9,49,10,-1,50,2,51,-1,51,2,1,-1,51,1,52,-1,52,1,23,-1,25,53,26,-1,26,53,54,-1,26,54,55,-1,55,54,56,-1,55,56,57,-1,57,56,58,-1,57,58,59,-1,59,58,21,-1,59,21,60,-1,60,21,31,-1,61,62,63,-1,63,62,64,-1,63,64,65,-1,65,64,66,-1,65,66,67,-1,67,66,68,-1,67,68,69,-1,69,68,70,-1,69,70,71,-1,37,72,39,-1,39,72,73,-1,39,73,74,-1,74,73,75,-1,74,75,76,-1,76,75,77,-1,76,77,78,-1,78,77,79,-1,78,79,80,-1,80,79,81,-1,80,81,82,-1,82,81,83,-1,82,83,61,-1,61,83,84,-1,61,84,62,-1,85,86,87,-1,87,86,88,-1,87,88,34,-1,34,88,89,-1,34,89,32,-1,90,91,92,-1,92,91,93,-1,92,93,94,-1,94,93,95,-1,94,95,96,-1,96,95,97,-1,96,97,98,-1,98,97,99,-1,98,99,12,-1,12,99,100,-1,12,100,13,-1,50,101,2,-1,2,101,102,-1,2,102,103,-1,103,102,104,-1,103,104,105,-1,105,104,106,-1,105,106,107,-1,107,106,108,-1,107,108,109,-1,109,108,110,-1,109,110,111,-1,111,110,112,-1,111,112,113,-1,113,112,114,-1,113,114,115,-1,115,114,116,-1,115,116,117,-1,117,116,118,-1,117,118,19,-1,19,118,119,-1,19,119,27,-1,44,43,120,-1,120,43,121,-1,120,121,122,-1,122,121,123,-1,122,123,124,-1,124,123,125,-1,124,125,126,-1,126,125,127,-1,126,127,85,-1,85,127,128,-1,85,128,86,-1,5,129,3,-1,3,129,130,-1,3,130,131,-1,131,130,132,-1,131,132,133,-1,133,132,134,-1,133,134,90,-1,90,134,135,-1,90,135,91,-1,136,137,138,-1,70,139,71,-1,71,139,136,-1,71,136,140,-1,140,136,138,-1,141,142,136,-1,136,142,143,-1,136,143,137,-1,144,145,146,-1,145,147,146,-1,146,147,148,-1,146,148,149,-1,141,136,146,-1,146,136,150,-1,146,150,144,-1,78,151,152,-1,153,39,74,-1,78,152,76,-1,76,152,154,-1,76,154,74,-1,74,154,155,-1,74,155,153,-1,153,156,39,-1,39,156,157,-1,39,157,38,-1,38,157,158,-1,38,158,36,-1,36,158,159,-1,36,159,34,-1,34,159,160,-1,34,160,87,-1,87,160,161,-1,87,161,85,-1,126,85,162,-1,162,85,161,-1,162,163,126,-1,126,163,164,-1,126,164,124,-1,124,164,165,-1,124,165,122,-1,122,165,166,-1,122,166,120,-1,120,166,167,-1,120,167,44,-1,44,167,42,-1,42,167,168,-1,42,168,169,-1,42,169,170,-1,42,170,40,-1,40,170,171,-1,40,171,9,-1,9,171,172,-1,9,172,47,-1,47,172,173,-1,47,173,15,-1,15,173,174,-1,15,174,5,-1,5,174,175,-1,5,175,129,-1,129,175,176,-1,129,176,130,-1,130,176,177,-1,130,177,132,-1,178,93,91,-1,132,177,179,-1,132,179,134,-1,134,179,180,-1,134,180,135,-1,180,181,135,-1,135,181,182,-1,135,182,91,-1,91,182,183,-1,91,183,178,-1,93,178,184,-1,93,184,95,-1,95,184,185,-1,95,185,97,-1,97,185,186,-1,97,186,99,-1,99,186,187,-1,99,187,100,-1,100,187,188,-1,100,188,13,-1,13,188,189,-1,13,189,14,-1,14,189,190,-1,14,190,0,-1,190,191,0,-1,0,191,192,-1,0,192,1,-1,1,192,193,-1,1,193,25,-1,25,193,194,-1,25,194,53,-1,194,195,53,-1,53,195,196,-1,53,196,54,-1,54,196,197,-1,54,197,56,-1,198,20,8,-1,56,197,199,-1,200,21,199,-1,199,21,58,-1,199,58,56,-1,200,201,21,-1,21,201,202,-1,21,202,22,-1,22,202,203,-1,22,203,6,-1,6,203,204,-1,6,204,7,-1,7,204,205,-1,7,205,8,-1,8,205,206,-1,8,206,198,-1,18,20,207,-1,207,20,198,-1,16,18,208,-1,208,18,207,-1,17,16,209,-1,209,16,208,-1,19,17,210,-1,210,17,209,-1,19,210,211,-1,19,211,117,-1,117,211,212,-1,117,212,115,-1,115,212,213,-1,115,213,113,-1,113,213,214,-1,113,214,111,-1,111,214,215,-1,111,215,109,-1,109,215,216,-1,109,216,107,-1,107,216,217,-1,107,217,105,-1,105,217,218,-1,105,218,103,-1,103,218,219,-1,103,219,2,-1,2,219,220,-1,2,220,12,-1,12,220,221,-1,12,221,98,-1,98,221,222,-1,98,222,96,-1,96,222,223,-1,96,223,94,-1,94,223,224,-1,94,224,92,-1,90,92,224,-1,224,225,90,-1,90,225,226,-1,90,226,227,-1,228,131,227,-1,227,131,133,-1,227,133,90,-1,228,229,131,-1,131,229,230,-1,131,230,3,-1,3,230,231,-1,3,231,4,-1,4,231,232,-1,4,232,45,-1,45,232,233,-1,45,233,46,-1,46,233,234,-1,46,234,48,-1,48,234,235,-1,48,235,49,-1,49,235,236,-1,49,236,10,-1,10,236,237,-1,10,237,11,-1,11,237,238,-1,11,238,41,-1,41,238,239,-1,41,239,43,-1,43,239,240,-1,43,240,121,-1,121,240,241,-1,121,241,123,-1,123,241,242,-1,123,242,125,-1,125,242,243,-1,125,243,127,-1,127,243,244,-1,127,244,128,-1,128,244,245,-1,128,245,86,-1,86,245,246,-1,86,246,88,-1,88,246,247,-1,88,247,89,-1,89,247,32,-1,32,247,248,-1,32,248,249,-1,33,32,250,-1,250,32,249,-1,33,250,251,-1,33,251,35,-1,35,251,252,-1,35,252,37,-1,37,252,253,-1,37,253,72,-1,72,253,254,-1,72,254,73,-1,73,254,255,-1,73,255,75,-1,255,256,75,-1,75,256,257,-1,75,257,77,-1,77,257,258,-1,77,258,79,-1,79,258,259,-1,79,259,81,-1,81,259,260,-1,81,260,83,-1,83,260,261,-1,83,261,84,-1,84,261,262,-1,84,262,62,-1,62,262,263,-1,62,263,64,-1,64,263,264,-1,64,264,66,-1,66,264,265,-1,66,265,68,-1,70,68,266,-1,266,68,265,-1,70,266,267,-1,70,267,139,-1,139,267,268,-1,139,268,136,-1,136,268,269,-1,136,269,150,-1,150,269,270,-1,150,270,144,-1,144,270,271,-1,144,271,145,-1,145,271,272,-1,145,272,147,-1,147,272,273,-1,147,273,148,-1,148,273,274,-1,148,274,149,-1,149,274,275,-1,149,275,146,-1,146,275,276,-1,146,276,141,-1,141,276,277,-1,141,277,142,-1,142,277,278,-1,142,278,143,-1,143,278,279,-1,143,279,137,-1,137,279,280,-1,137,280,138,-1,138,280,281,-1,138,281,140,-1,140,281,282,-1,140,282,71,-1,71,282,283,-1,71,283,69,-1,67,69,284,-1,284,69,283,-1,67,284,285,-1,67,285,65,-1,65,285,286,-1,65,286,63,-1,63,286,287,-1,63,287,61,-1,61,287,288,-1,61,288,82,-1,82,288,289,-1,82,289,80,-1,80,289,151,-1,80,151,78,-1,112,290,291,-1,112,291,114,-1,114,291,292,-1,114,292,116,-1,116,292,293,-1,116,293,118,-1,118,293,294,-1,118,294,119,-1,119,294,295,-1,119,295,27,-1,27,295,296,-1,27,296,28,-1,28,296,297,-1,28,297,29,-1,29,297,298,-1,29,298,30,-1,30,298,299,-1,30,299,31,-1,31,299,300,-1,31,300,60,-1,60,300,301,-1,60,301,59,-1,59,301,302,-1,59,302,57,-1,57,302,303,-1,57,303,55,-1,55,303,304,-1,55,304,26,-1,26,304,305,-1,26,305,24,-1,24,305,306,-1,24,306,23,-1,23,306,307,-1,23,307,52,-1,52,307,308,-1,52,308,51,-1,51,308,309,-1,51,309,50,-1,50,309,310,-1,50,310,101,-1,101,310,311,-1,101,311,102,-1,102,311,312,-1,102,312,104,-1,104,312,313,-1,104,313,106,-1,106,313,314,-1,106,314,108,-1,108,314,315,-1,108,315,110,-1,110,315,290,-1,110,290,112,-1,
        ]
    }
}
Shape{
    appearance Appearance {
        material  Material 	{
            diffuseColor 0.25098039215686274 0.25098039215686274 0.25098039215686274
            specularColor 0.12549019607843137 0.12549019607843137 0.12549019607843137
            ambientIntensity 0.251
            transparency 0.0
            shininess 0.5
        }
    }
    geometry IndexedFaceSet {
        ccw TRUE
        solid FALSE
        coord DEF co Coordinate {
            point [
                -3.7472 -4.8012 7.5305, -3.7518 -4.8012 7.6752, -3.765 -4.8012 7.5284, -3.765 -4.8012 7.6764, -3.7826 -4.8012 7.6742, -3.7993 -4.8012 7.6679, -3.8142 -4.8012 7.6576, -3.8244 -4.8012 7.6466, -3.7161 -4.8012 7.5469, -3.7056 -4.8012 7.6465, -3.7183 -4.8012 7.6597, -3.8343 -4.8012 7.5763, -3.8261 -4.8012 7.5607, -3.814 -4.8012 7.547, -3.7307 -4.8012 7.5368, -3.7339 -4.8012 7.6695, -3.7988 -4.8012 7.5366, -3.7812 -4.8012 7.5302, -3.8335 -4.8012 7.6304, -3.8384 -4.8012 7.6123, -3.8385 -4.8012 7.5938, -3.6954 -4.8012 7.5772, -3.6913 -4.8012 7.5955, -3.704 -4.8012 7.5606, -3.6919 -4.8012 7.6139, -3.6968 -4.8012 7.6312
            ]
        }
        coordIndex [
            0,1,2,-1,2,1,3,-1,2,3,4,-1,4,5,2,-1,2,5,6,-1,2,6,7,-1,8,9,10,-1,11,12,7,-1,7,12,13,-1,0,14,1,-1,1,14,8,-1,1,8,15,-1,15,8,10,-1,13,16,7,-1,7,16,17,-1,7,17,2,-1,18,19,7,-1,7,19,20,-1,7,20,11,-1,21,22,23,-1,23,22,24,-1,23,24,8,-1,8,24,25,-1,8,25,9,-1,
        ]
    }
}